Warning: You are sending unauthenticated requests to the HF Hub. Please set a HF_TOKEN to enable higher rate limits and faster downloads.
Generating train split:   0%|          | 0/50000 [00:00<?, ? examples/s]Generating train split:   0%|          | 100/50000 [00:00<02:15, 367.73 examples/s]Generating train split:  51%|█████     | 25600/50000 [00:00<00:00, 65050.43 examples/s]Generating train split: 100%|██████████| 50000/50000 [00:00<00:00, 90030.36 examples/s]
Generating test split:   0%|          | 0/10000 [00:00<?, ? examples/s]Generating test split: 100%|██████████| 10000/10000 [00:00<00:00, 255701.91 examples/s]
[W909 10:02:17.850253261 Utils.hpp:166] Warning: Environment variable NCCL_BLOCKING_WAIT is deprecated; use TORCH_NCCL_BLOCKING_WAIT instead (function operator())
[W909 10:02:17.850276061 Utils.hpp:137] Warning: Environment variable NCCL_ASYNC_ERROR_HANDLING is deprecated; use TORCH_NCCL_ASYNC_ERROR_HANDLING instead (function operator())
[rank10]:[W909 10:02:21.359245770 ProcessGroupNCCL.cpp:4215] Warning: An unbatched P2P op (send/recv) was called on this ProcessGroup with size 16.  In lazy initialization mode, this will result in a new 2-rank NCCL communicator to be created. (function operator())
ip-10-239-1-184:56:56 [0] NCCL INFO ENV/Plugin: Could not find: libnccl-env.so
ip-10-239-1-184:56:56 [0] NCCL INFO cudaDriverVersion 13020
ip-10-239-1-184:56:56 [0] NCCL INFO NCCL_SOCKET_IFNAME set to ens5
ip-10-239-1-184:56:56 [0] NCCL INFO NCCL version 2.29.7+cuda13.2
ip-10-239-1-184:56:56 [0] NCCL INFO NCCL git version stable b81d6a5a3
ip-10-239-1-184:56:56 [0] NCCL INFO NET/Plugin: Could not find: libnccl-net.so
ip-10-239-1-184:56:56 [0] NCCL INFO transport/net_ib/init.cc:396 -> 3
ip-10-239-1-184:56:56 [0] NCCL INFO Failed to initialize NET plugin IB
ip-10-239-1-184:56:56 [0] NCCL INFO NET/Socket : Using [0]ens5:10.239.1.184<0>
ip-10-239-1-184:56:56 [0] NCCL INFO Initialized NET plugin Socket
ip-10-239-1-184:56:56 [0] NCCL INFO Could not get speed from /sys/class/net/ens5/speed. Defaulting to 10 Gbps.
ip-10-239-1-184:56:56 [0] NCCL INFO Assigned NET plugin Socket to comm
ip-10-239-1-184:56:56 [0] NCCL INFO GIN/Plugin: Could not find: libnccl-gin.so

[2026-09-09 10:02:21] ip-10-239-1-184:56:56 [0] misc/ibvwrap.cc:173 NCCL WARN lib wrapper not initialized.
ip-10-239-1-184:56:56 [0] NCCL INFO transport/net_ib/gdr.cc:56 -> 3
ip-10-239-1-184:56:56 [0] NCCL INFO Unable to use GIN: Peermem is not supported, nor DMA-BUF.
ip-10-239-1-184:56:56 [0] NCCL INFO Unable to use GIN: Peermem is not supported, nor DMA-BUF.
ip-10-239-1-184:56:56 [0] NCCL INFO Failed to initialize any GIN plugin
ip-10-239-1-184:56:56 [0] NCCL INFO Using network Socket
ip-10-239-1-184:56:56 [0] NCCL INFO [Rank 1] ncclCommInitRankConfig comm 0x63331d57ebc0 rank 1 nranks 2 cudaDev 0 nvmlDev 0 busId 1e0 commId 0xb06ec3e6a4ca9eb0 - Init START
ip-10-239-1-184:56:56 [0] NCCL INFO RAS client listening socket at 127.0.0.1<28028>
ip-10-239-1-184:56:56 [0] NCCL INFO Topology detection : could not read /sys/devices/pci0000:00/0000:00:1e.0/../max_link_speed, ignoring
ip-10-239-1-184:56:56 [0] NCCL INFO Topology detection : could not read /sys/devices/pci0000:00/0000:00:1e.0/../max_link_width, ignoring
ip-10-239-1-184:56:56 [0] NCCL INFO Topology detection : could not read /sys/devices/system/node/node-1/cpumap, ignoring
ip-10-239-1-184:56:56 [0] NCCL INFO TOPO/NET : Importing network plugins to topology
ip-10-239-1-184:56:56 [0] NCCL INFO Could not get speed from /sys/class/net/ens5/speed. Defaulting to 10 Gbps.
ip-10-239-1-184:56:56 [0] NCCL INFO Topology detection : could not read /sys/devices/pci0000:00/0000:00:05.0/../max_link_speed, ignoring
ip-10-239-1-184:56:56 [0] NCCL INFO Topology detection : could not read /sys/devices/pci0000:00/0000:00:05.0/../max_link_width, ignoring
ip-10-239-1-184:56:56 [0] NCCL INFO Topology detection : could not read /sys/devices/system/node/node-1/cpumap, ignoring
ip-10-239-1-184:56:56 [0] NCCL INFO NET/Socket : GPU Direct RDMA Disabled for HCA 0 'ens5'
ip-10-239-1-184:56:56 [0] NCCL INFO ncclTopoPopulateNics : Filled ens5 in topo with pciPath=/sys/devices/pci0000:00/0000:00:05.0 net=1 gin=(null) keep=1 coll=(null)
ip-10-239-1-184:56:56 [0] NCCL INFO KV Convert to int : could not find value of 'Unknown' in dictionary, falling back to 60
ip-10-239-1-184:56:56 [0] NCCL INFO === System : maxBw 1.2 totalBw 24.0 ===
ip-10-239-1-184:56:56 [0] NCCL INFO CPU/0-ffffffffffffff (1/2/-1)
ip-10-239-1-184:56:56 [0] NCCL INFO + PCI[24.0] - GPU/0-1e0 (1)
ip-10-239-1-184:56:56 [0] NCCL INFO + PCI[12.0] - NIC/0-50
ip-10-239-1-184:56:56 [0] NCCL INFO               + NET[1.2] - NET/0-0 (0/0/0/1.250000)
ip-10-239-1-184:56:56 [0] NCCL INFO ==========================================
ip-10-239-1-184:56:56 [0] NCCL INFO GPU/0-1e0 :GPU/0-1e0 (0/5000.0/LOC) CPU/0-ffffffffffffff (1/24.0/PHB) NET/0-0 (3/1.2/PHB) 
ip-10-239-1-184:56:56 [0] NCCL INFO NET/0-0 :GPU/0-1e0 (3/1.2/PHB) CPU/0-ffffffffffffff (2/1.2/PHB) NET/0-0 (0/5000.0/LOC) 
ip-10-239-1-184:56:56 [0] NCCL INFO ncclTopoGetCpuAffinity: Affinity for GPU 0 is empty, ignoring. (GPU affinity =  ; CPU affinity = 0-3).
ip-10-239-1-184:56:56 [0] NCCL INFO Pattern 4, crossNic 0, nChannels 1, bw 1.200000/1.200000, type LOC/PHB, sameChannels 1
ip-10-239-1-184:56:56 [0] NCCL INFO  0 : NET/0-0 GPU/0-1e0 NET/0-0
ip-10-239-1-184:56:56 [0] NCCL INFO Pattern 3, crossNic 0, nChannels 1, bw 2.400000/1.200000, type LOC/PHB, sameChannels 1
ip-10-239-1-184:56:56 [0] NCCL INFO  0 : NET/0-0 GPU/0-1e0 NET/0-0
ip-10-239-1-184:56:56 [0] NCCL INFO Could not get speed from /sys/class/net/ens5/speed. Defaulting to 10 Gbps.
ip-10-239-1-184:56:56 [0] NCCL INFO comm 0x63331d57ebc0 rank 1 nRanks 2 nNodes 2 localRanks 1 localRank 0 MNNVL 0
ip-10-239-1-184:56:56 [0] NCCL INFO Tree 0 : 0 -> 1 -> -1/-1/-1
ip-10-239-1-184:56:56 [0] NCCL INFO Tree 1 : -1 -> 1 -> 0/-1/-1
ip-10-239-1-184:56:56 [0] NCCL INFO Ring 00 : 0 -> 1 -> 0
ip-10-239-1-184:56:56 [0] NCCL INFO Ring 01 : 0 -> 1 -> 0
ip-10-239-1-184:56:56 [0] NCCL INFO Trees [0] -1/-1/-1->1->0 [1] 0/-1/-1->1->-1
ip-10-239-1-184:56:56 [0] NCCL INFO P2P Chunksize set to 131072
ip-10-239-1-184:56:56 [0] NCCL INFO PROFILER/Plugin: Could not find: libnccl-profiler.so
ip-10-239-1-184:56:56 [0] NCCL INFO Check P2P Type isAllDirectP2p 1 directMode 0 isAllCudaP2p 1
ip-10-239-1-184:56:56 [0] NCCL INFO ncclP2pSchedule: group size used is 1
ip-10-239-1-184:56:100 [0] NCCL INFO [Proxy Service] Device 0 CPU core 1
ip-10-239-1-184:56:101 [0] NCCL INFO [Proxy Service UDS] Device 0 CPU core 0
ip-10-239-1-184:56:56 [0] NCCL INFO TUNER/Plugin: Could not find: libnccl-tuner.so
ip-10-239-1-184:56:56 [0] NCCL INFO threadThresholds 8/8/64 | 16/8/64 | 512 | 512
ip-10-239-1-184:56:56 [0] NCCL INFO 2 coll channels, 2 collnet channels, 0 nvls channels, 2 p2p channels, 1 p2p channels per peer
ip-10-239-1-184:56:56 [0] NCCL INFO Symmetric VA size=24GB
ip-10-239-1-184:56:56 [0] NCCL INFO Symmetric memory is not supported. cuMemEnable 1, globalGinSupport 0, globalNicFused 0 cuMemGdrSupport 1
ip-10-239-1-184:56:56 [0] NCCL INFO ncclCommInitRankConfig comm 0x63331d57ebc0 rank 1 nranks 2 cudaDev 0 nvmlDev 0 busId 1e0 commId 0xb06ec3e6a4ca9eb0 - Init COMPLETE
ip-10-239-1-184:56:56 [0] NCCL INFO Init timings - ncclCommInitRankConfig: rank 1 nranks 2 total 0.80 (kernels 0.18, alloc 0.02, bootstrap 0.42, allgathers 0.17, topo 0.00, graphs 0.00, connections 0.00, rest 0.00)
ip-10-239-1-184:56:100 [0] NCCL INFO New proxy recv connection 0 from local rank 0, transport 2
ip-10-239-1-184:56:102 [0] NCCL INFO [Proxy Progress] Device 0 CPU core 2
ip-10-239-1-184:56:56 [0] NCCL INFO Connected to proxy localRank 0 -> connection 0x7c44c0004fa0
ip-10-239-1-184:56:100 [0] NCCL INFO Could not get speed from /sys/class/net/ens5/speed. Defaulting to 10 Gbps.
ip-10-239-1-184:56:100 [0] NCCL INFO NET/Socket: Using 2 threads and 8 sockets per thread
ip-10-239-1-184:56:56 [0] NCCL INFO Channel 01/1 : 0[0] -> 1[0] [receive] via NET/Socket/0/Shared
[rank10]:[W909 10:02:28.799437664 ProcessGroupNCCL.cpp:4215] Warning: An unbatched P2P op (send/recv) was called on this ProcessGroup with size 16.  In lazy initialization mode, this will result in a new 2-rank NCCL communicator to be created. (function operator())
ip-10-239-1-184:56:100 [0] NCCL INFO New proxy send connection 1 from local rank 0, transport 2
ip-10-239-1-184:56:56 [0] NCCL INFO Connected to proxy localRank 0 -> connection 0x7c44c0005028
ip-10-239-1-184:56:100 [0] NCCL INFO Could not get speed from /sys/class/net/ens5/speed. Defaulting to 10 Gbps.
ip-10-239-1-184:56:56 [0] NCCL INFO Channel 01/1 : 1[0] -> 0[0] [send] via NET/Socket/0/Shared
ip-10-239-1-184:56:56 [0] NCCL INFO Initialized NET plugin Socket
ip-10-239-1-184:56:56 [0] NCCL INFO Could not get speed from /sys/class/net/ens5/speed. Defaulting to 10 Gbps.
ip-10-239-1-184:56:56 [0] NCCL INFO Assigned NET plugin Socket to comm
ip-10-239-1-184:56:56 [0] NCCL INFO Failed to initialize any GIN plugin
ip-10-239-1-184:56:56 [0] NCCL INFO Using network Socket
ip-10-239-1-184:56:56 [0] NCCL INFO [Rank 10] ncclCommInitRankConfig comm 0x6333216f6220 rank 10 nranks 16 cudaDev 0 nvmlDev 0 busId 1e0 commId 0xb52e73f562d9812f - Init START
ip-10-239-1-184:56:56 [0] NCCL INFO Topology detection : could not read /sys/devices/pci0000:00/0000:00:1e.0/../max_link_speed, ignoring
ip-10-239-1-184:56:56 [0] NCCL INFO Topology detection : could not read /sys/devices/pci0000:00/0000:00:1e.0/../max_link_width, ignoring
ip-10-239-1-184:56:56 [0] NCCL INFO Topology detection : could not read /sys/devices/system/node/node-1/cpumap, ignoring
ip-10-239-1-184:56:56 [0] NCCL INFO TOPO/NET : Importing network plugins to topology
ip-10-239-1-184:56:56 [0] NCCL INFO Could not get speed from /sys/class/net/ens5/speed. Defaulting to 10 Gbps.
ip-10-239-1-184:56:56 [0] NCCL INFO Topology detection : could not read /sys/devices/pci0000:00/0000:00:05.0/../max_link_speed, ignoring
ip-10-239-1-184:56:56 [0] NCCL INFO Topology detection : could not read /sys/devices/pci0000:00/0000:00:05.0/../max_link_width, ignoring
ip-10-239-1-184:56:56 [0] NCCL INFO Topology detection : could not read /sys/devices/system/node/node-1/cpumap, ignoring
ip-10-239-1-184:56:56 [0] NCCL INFO NET/Socket : GPU Direct RDMA Disabled for HCA 0 'ens5'
ip-10-239-1-184:56:56 [0] NCCL INFO ncclTopoPopulateNics : Filled ens5 in topo with pciPath=/sys/devices/pci0000:00/0000:00:05.0 net=1 gin=(null) keep=1 coll=(null)
ip-10-239-1-184:56:56 [0] NCCL INFO KV Convert to int : could not find value of 'Unknown' in dictionary, falling back to 60
ip-10-239-1-184:56:56 [0] NCCL INFO === System : maxBw 1.2 totalBw 24.0 ===
ip-10-239-1-184:56:56 [0] NCCL INFO CPU/0-ffffffffffffff (1/2/-1)
ip-10-239-1-184:56:56 [0] NCCL INFO + PCI[24.0] - GPU/0-1e0 (10)
ip-10-239-1-184:56:56 [0] NCCL INFO + PCI[12.0] - NIC/0-50
ip-10-239-1-184:56:56 [0] NCCL INFO               + NET[1.2] - NET/0-0 (0/0/0/1.250000)
ip-10-239-1-184:56:56 [0] NCCL INFO ==========================================
ip-10-239-1-184:56:56 [0] NCCL INFO GPU/0-1e0 :GPU/0-1e0 (0/5000.0/LOC) CPU/0-ffffffffffffff (1/24.0/PHB) NET/0-0 (3/1.2/PHB) 
ip-10-239-1-184:56:56 [0] NCCL INFO NET/0-0 :GPU/0-1e0 (3/1.2/PHB) CPU/0-ffffffffffffff (2/1.2/PHB) NET/0-0 (0/5000.0/LOC) 
ip-10-239-1-184:56:56 [0] NCCL INFO ncclTopoGetCpuAffinity: Affinity for GPU 0 is empty, ignoring. (GPU affinity =  ; CPU affinity = 0-3).
ip-10-239-1-184:56:56 [0] NCCL INFO Pattern 4, crossNic 0, nChannels 1, bw 1.200000/1.200000, type LOC/PHB, sameChannels 1
ip-10-239-1-184:56:56 [0] NCCL INFO  0 : NET/0-0 GPU/0-1e0 NET/0-0
ip-10-239-1-184:56:56 [0] NCCL INFO Pattern 3, crossNic 0, nChannels 1, bw 2.400000/1.200000, type LOC/PHB, sameChannels 1
ip-10-239-1-184:56:56 [0] NCCL INFO  0 : NET/0-0 GPU/0-1e0 NET/0-0
ip-10-239-1-184:56:56 [0] NCCL INFO Could not get speed from /sys/class/net/ens5/speed. Defaulting to 10 Gbps.
ip-10-239-1-184:56:56 [0] NCCL INFO comm 0x6333216f6220 rank 10 nRanks 16 nNodes 16 localRanks 1 localRank 0 MNNVL 0
ip-10-239-1-184:56:56 [0] NCCL INFO Tree 0 : 12 -> 10 -> 9/11/-1
ip-10-239-1-184:56:56 [0] NCCL INFO Tree 1 : 9 -> 10 -> -1/-1/-1
ip-10-239-1-184:56:56 [0] NCCL INFO Ring 00 : 9 -> 10 -> 11
ip-10-239-1-184:56:56 [0] NCCL INFO Ring 01 : 9 -> 10 -> 11
ip-10-239-1-184:56:56 [0] NCCL INFO Trees [0] 9/11/-1->10->12 [1] -1/-1/-1->10->9
ip-10-239-1-184:56:56 [0] NCCL INFO P2P Chunksize set to 131072
ip-10-239-1-184:56:56 [0] NCCL INFO Check P2P Type isAllDirectP2p 1 directMode 0 isAllCudaP2p 1
ip-10-239-1-184:56:56 [0] NCCL INFO ncclP2pSchedule: group size used is 1
ip-10-239-1-184:56:107 [0] NCCL INFO [Proxy Service] Device 0 CPU core 2
ip-10-239-1-184:56:108 [0] NCCL INFO [Proxy Service UDS] Device 0 CPU core 3
ip-10-239-1-184:56:56 [0] NCCL INFO threadThresholds 8/8/64 | 128/8/64 | 512 | 512
ip-10-239-1-184:56:56 [0] NCCL INFO 2 coll channels, 2 collnet channels, 0 nvls channels, 2 p2p channels, 1 p2p channels per peer
ip-10-239-1-184:56:56 [0] NCCL INFO Symmetric VA size=24GB
ip-10-239-1-184:56:56 [0] NCCL INFO Symmetric memory is not supported. cuMemEnable 1, globalGinSupport 0, globalNicFused 0 cuMemGdrSupport 1
ip-10-239-1-184:56:56 [0] NCCL INFO ncclCommInitRankConfig comm 0x6333216f6220 rank 10 nranks 16 cudaDev 0 nvmlDev 0 busId 1e0 commId 0xb52e73f562d9812f - Init COMPLETE
ip-10-239-1-184:56:56 [0] NCCL INFO Init timings - ncclCommInitRankConfig: rank 10 nranks 16 total 33.49 (kernels 0.00, alloc 0.00, bootstrap 30.36, allgathers 3.12, topo 0.00, graphs 0.00, connections 0.00, rest 0.00)
ip-10-239-1-184:56:107 [0] NCCL INFO New proxy recv connection 0 from local rank 0, transport 2
ip-10-239-1-184:56:109 [0] NCCL INFO [Proxy Progress] Device 0 CPU core 0
ip-10-239-1-184:56:56 [0] NCCL INFO Connected to proxy localRank 0 -> connection 0x7c4484004f70
ip-10-239-1-184:56:107 [0] NCCL INFO Could not get speed from /sys/class/net/ens5/speed. Defaulting to 10 Gbps.
ip-10-239-1-184:56:107 [0] NCCL INFO NET/Socket: Using 2 threads and 8 sockets per thread
ip-10-239-1-184:56:56 [0] NCCL INFO Channel 00/0 : 9[0] -> 10[0] [receive] via NET/Socket/0
ip-10-239-1-184:56:107 [0] NCCL INFO New proxy recv connection 1 from local rank 0, transport 2
ip-10-239-1-184:56:56 [0] NCCL INFO Connected to proxy localRank 0 -> connection 0x7c4484004ff8
ip-10-239-1-184:56:107 [0] NCCL INFO Could not get speed from /sys/class/net/ens5/speed. Defaulting to 10 Gbps.
ip-10-239-1-184:56:107 [0] NCCL INFO NET/Socket: Using 2 threads and 8 sockets per thread
ip-10-239-1-184:56:56 [0] NCCL INFO Channel 01/0 : 9[0] -> 10[0] [receive] via NET/Socket/0
ip-10-239-1-184:56:107 [0] NCCL INFO New proxy send connection 2 from local rank 0, transport 2
ip-10-239-1-184:56:56 [0] NCCL INFO Connected to proxy localRank 0 -> connection 0x7c4484005080
ip-10-239-1-184:56:107 [0] NCCL INFO Could not get speed from /sys/class/net/ens5/speed. Defaulting to 10 Gbps.
ip-10-239-1-184:56:56 [0] NCCL INFO Channel 00/0 : 10[0] -> 11[0] [send] via NET/Socket/0
ip-10-239-1-184:56:107 [0] NCCL INFO New proxy send connection 3 from local rank 0, transport 2
ip-10-239-1-184:56:56 [0] NCCL INFO Connected to proxy localRank 0 -> connection 0x7c4484005108
ip-10-239-1-184:56:107 [0] NCCL INFO Could not get speed from /sys/class/net/ens5/speed. Defaulting to 10 Gbps.
ip-10-239-1-184:56:56 [0] NCCL INFO Channel 00/0 : 10[0] -> 12[0] [send] via NET/Socket/0
ip-10-239-1-184:56:107 [0] NCCL INFO New proxy recv connection 4 from local rank 0, transport 2
ip-10-239-1-184:56:56 [0] NCCL INFO Connected to proxy localRank 0 -> connection 0x7c4484005190
ip-10-239-1-184:56:107 [0] NCCL INFO Could not get speed from /sys/class/net/ens5/speed. Defaulting to 10 Gbps.
ip-10-239-1-184:56:107 [0] NCCL INFO NET/Socket: Using 2 threads and 8 sockets per thread
ip-10-239-1-184:56:56 [0] NCCL INFO Channel 00/0 : 12[0] -> 10[0] [receive] via NET/Socket/0
ip-10-239-1-184:56:107 [0] NCCL INFO New proxy recv connection 5 from local rank 0, transport 2
ip-10-239-1-184:56:56 [0] NCCL INFO Connected to proxy localRank 0 -> connection 0x7c4484005218
ip-10-239-1-184:56:107 [0] NCCL INFO Could not get speed from /sys/class/net/ens5/speed. Defaulting to 10 Gbps.
ip-10-239-1-184:56:107 [0] NCCL INFO NET/Socket: Using 2 threads and 8 sockets per thread
ip-10-239-1-184:56:56 [0] NCCL INFO Channel 00/0 : 11[0] -> 10[0] [receive] via NET/Socket/0
ip-10-239-1-184:56:107 [0] NCCL INFO New proxy send connection 6 from local rank 0, transport 2
ip-10-239-1-184:56:56 [0] NCCL INFO Connected to proxy localRank 0 -> connection 0x7c44840052a0
ip-10-239-1-184:56:107 [0] NCCL INFO Could not get speed from /sys/class/net/ens5/speed. Defaulting to 10 Gbps.
ip-10-239-1-184:56:56 [0] NCCL INFO Channel 00/0 : 10[0] -> 9[0] [send] via NET/Socket/0
ip-10-239-1-184:56:107 [0] NCCL INFO New proxy send connection 7 from local rank 0, transport 2
ip-10-239-1-184:56:56 [0] NCCL INFO Connected to proxy localRank 0 -> connection 0x7c4484005328
ip-10-239-1-184:56:107 [0] NCCL INFO Could not get speed from /sys/class/net/ens5/speed. Defaulting to 10 Gbps.
ip-10-239-1-184:56:56 [0] NCCL INFO Channel 01/0 : 10[0] -> 9[0] [send] via NET/Socket/0
ip-10-239-1-184:56:56 [0] NCCL INFO Connected all trees
ip-10-239-1-184:56:56 [0] NCCL INFO Initialized NET plugin Socket
ip-10-239-1-184:56:56 [0] NCCL INFO Could not get speed from /sys/class/net/ens5/speed. Defaulting to 10 Gbps.
ip-10-239-1-184:56:56 [0] NCCL INFO Assigned NET plugin Socket to comm
ip-10-239-1-184:56:56 [0] NCCL INFO Failed to initialize any GIN plugin
ip-10-239-1-184:56:56 [0] NCCL INFO Using network Socket
ip-10-239-1-184:56:56 [0] NCCL INFO [Rank 1] ncclCommInitRankConfig comm 0x633321a982e0 rank 1 nranks 2 cudaDev 0 nvmlDev 0 busId 1e0 commId 0xea6084526fb6fe93 - Init START
ip-10-239-1-184:56:56 [0] NCCL INFO Topology detection : could not read /sys/devices/pci0000:00/0000:00:1e.0/../max_link_speed, ignoring
ip-10-239-1-184:56:56 [0] NCCL INFO Topology detection : could not read /sys/devices/pci0000:00/0000:00:1e.0/../max_link_width, ignoring
ip-10-239-1-184:56:56 [0] NCCL INFO Topology detection : could not read /sys/devices/system/node/node-1/cpumap, ignoring
ip-10-239-1-184:56:56 [0] NCCL INFO TOPO/NET : Importing network plugins to topology
ip-10-239-1-184:56:56 [0] NCCL INFO Could not get speed from /sys/class/net/ens5/speed. Defaulting to 10 Gbps.
ip-10-239-1-184:56:56 [0] NCCL INFO Topology detection : could not read /sys/devices/pci0000:00/0000:00:05.0/../max_link_speed, ignoring
ip-10-239-1-184:56:56 [0] NCCL INFO Topology detection : could not read /sys/devices/pci0000:00/0000:00:05.0/../max_link_width, ignoring
ip-10-239-1-184:56:56 [0] NCCL INFO Topology detection : could not read /sys/devices/system/node/node-1/cpumap, ignoring
ip-10-239-1-184:56:56 [0] NCCL INFO NET/Socket : GPU Direct RDMA Disabled for HCA 0 'ens5'
ip-10-239-1-184:56:56 [0] NCCL INFO ncclTopoPopulateNics : Filled ens5 in topo with pciPath=/sys/devices/pci0000:00/0000:00:05.0 net=1 gin=(null) keep=1 coll=(null)
ip-10-239-1-184:56:56 [0] NCCL INFO KV Convert to int : could not find value of 'Unknown' in dictionary, falling back to 60
ip-10-239-1-184:56:56 [0] NCCL INFO === System : maxBw 1.2 totalBw 24.0 ===
ip-10-239-1-184:56:56 [0] NCCL INFO CPU/0-ffffffffffffff (1/2/-1)
ip-10-239-1-184:56:56 [0] NCCL INFO + PCI[24.0] - GPU/0-1e0 (1)
ip-10-239-1-184:56:56 [0] NCCL INFO + PCI[12.0] - NIC/0-50
ip-10-239-1-184:56:56 [0] NCCL INFO               + NET[1.2] - NET/0-0 (0/0/0/1.250000)
ip-10-239-1-184:56:56 [0] NCCL INFO ==========================================
ip-10-239-1-184:56:56 [0] NCCL INFO GPU/0-1e0 :GPU/0-1e0 (0/5000.0/LOC) CPU/0-ffffffffffffff (1/24.0/PHB) NET/0-0 (3/1.2/PHB) 
ip-10-239-1-184:56:56 [0] NCCL INFO NET/0-0 :GPU/0-1e0 (3/1.2/PHB) CPU/0-ffffffffffffff (2/1.2/PHB) NET/0-0 (0/5000.0/LOC) 
ip-10-239-1-184:56:56 [0] NCCL INFO ncclTopoGetCpuAffinity: Affinity for GPU 0 is empty, ignoring. (GPU affinity =  ; CPU affinity = 0-3).
ip-10-239-1-184:56:56 [0] NCCL INFO Pattern 4, crossNic 0, nChannels 1, bw 1.200000/1.200000, type LOC/PHB, sameChannels 1
ip-10-239-1-184:56:56 [0] NCCL INFO  0 : NET/0-0 GPU/0-1e0 NET/0-0
ip-10-239-1-184:56:56 [0] NCCL INFO Pattern 3, crossNic 0, nChannels 1, bw 2.400000/1.200000, type LOC/PHB, sameChannels 1
ip-10-239-1-184:56:56 [0] NCCL INFO  0 : NET/0-0 GPU/0-1e0 NET/0-0
ip-10-239-1-184:56:56 [0] NCCL INFO Could not get speed from /sys/class/net/ens5/speed. Defaulting to 10 Gbps.
ip-10-239-1-184:56:56 [0] NCCL INFO comm 0x633321a982e0 rank 1 nRanks 2 nNodes 2 localRanks 1 localRank 0 MNNVL 0
ip-10-239-1-184:56:56 [0] NCCL INFO Tree 0 : 0 -> 1 -> -1/-1/-1
ip-10-239-1-184:56:56 [0] NCCL INFO Tree 1 : -1 -> 1 -> 0/-1/-1
ip-10-239-1-184:56:56 [0] NCCL INFO Ring 00 : 0 -> 1 -> 0
ip-10-239-1-184:56:56 [0] NCCL INFO Ring 01 : 0 -> 1 -> 0
ip-10-239-1-184:56:56 [0] NCCL INFO Trees [0] -1/-1/-1->1->0 [1] 0/-1/-1->1->-1
ip-10-239-1-184:56:56 [0] NCCL INFO P2P Chunksize set to 131072
ip-10-239-1-184:56:56 [0] NCCL INFO Check P2P Type isAllDirectP2p 1 directMode 0 isAllCudaP2p 1
ip-10-239-1-184:56:56 [0] NCCL INFO ncclP2pSchedule: group size used is 1
ip-10-239-1-184:56:110 [0] NCCL INFO [Proxy Service] Device 0 CPU core 3
ip-10-239-1-184:56:111 [0] NCCL INFO [Proxy Service UDS] Device 0 CPU core 3
ip-10-239-1-184:56:56 [0] NCCL INFO threadThresholds 8/8/64 | 16/8/64 | 512 | 512
ip-10-239-1-184:56:56 [0] NCCL INFO 2 coll channels, 2 collnet channels, 0 nvls channels, 2 p2p channels, 1 p2p channels per peer
ip-10-239-1-184:56:56 [0] NCCL INFO Symmetric VA size=24GB
ip-10-239-1-184:56:56 [0] NCCL INFO Symmetric memory is not supported. cuMemEnable 1, globalGinSupport 0, globalNicFused 0 cuMemGdrSupport 1
ip-10-239-1-184:56:56 [0] NCCL INFO ncclCommInitRankConfig comm 0x633321a982e0 rank 1 nranks 2 cudaDev 0 nvmlDev 0 busId 1e0 commId 0xea6084526fb6fe93 - Init COMPLETE
ip-10-239-1-184:56:56 [0] NCCL INFO Init timings - ncclCommInitRankConfig: rank 1 nranks 2 total 0.60 (kernels 0.00, alloc 0.00, bootstrap 0.42, allgathers 0.17, topo 0.01, graphs 0.00, connections 0.00, rest 0.00)
ip-10-239-1-184:56:110 [0] NCCL INFO New proxy recv connection 0 from local rank 0, transport 2
ip-10-239-1-184:56:112 [0] NCCL INFO [Proxy Progress] Device 0 CPU core 1
ip-10-239-1-184:56:56 [0] NCCL INFO Connected to proxy localRank 0 -> connection 0x7c4460004f70
ip-10-239-1-184:56:110 [0] NCCL INFO Could not get speed from /sys/class/net/ens5/speed. Defaulting to 10 Gbps.
ip-10-239-1-184:56:110 [0] NCCL INFO NET/Socket: Using 2 threads and 8 sockets per thread
ip-10-239-1-184:56:56 [0] NCCL INFO Channel 01/1 : 0[0] -> 1[0] [receive] via NET/Socket/0/Shared
ip-10-239-1-184:56:110 [0] NCCL INFO New proxy send connection 1 from local rank 0, transport 2
ip-10-239-1-184:56:56 [0] NCCL INFO Connected to proxy localRank 0 -> connection 0x7c4460004ff8
ip-10-239-1-184:56:110 [0] NCCL INFO Could not get speed from /sys/class/net/ens5/speed. Defaulting to 10 Gbps.
ip-10-239-1-184:56:56 [0] NCCL INFO Channel 01/1 : 1[0] -> 0[0] [send] via NET/Socket/0/Shared
ip-10-239-1-184:56:56 [0] NCCL INFO Initialized NET plugin Socket
ip-10-239-1-184:56:56 [0] NCCL INFO Could not get speed from /sys/class/net/ens5/speed. Defaulting to 10 Gbps.
ip-10-239-1-184:56:56 [0] NCCL INFO Assigned NET plugin Socket to comm
ip-10-239-1-184:56:56 [0] NCCL INFO Failed to initialize any GIN plugin
ip-10-239-1-184:56:56 [0] NCCL INFO Using network Socket
ip-10-239-1-184:56:56 [0] NCCL INFO [Rank 0] ncclCommInitRankConfig comm 0x633321c20d30 rank 0 nranks 2 cudaDev 0 nvmlDev 0 busId 1e0 commId 0x324f3f77ea052dc9 - Init START
ip-10-239-1-184:56:56 [0] NCCL INFO Topology detection : could not read /sys/devices/pci0000:00/0000:00:1e.0/../max_link_speed, ignoring
ip-10-239-1-184:56:56 [0] NCCL INFO Topology detection : could not read /sys/devices/pci0000:00/0000:00:1e.0/../max_link_width, ignoring
ip-10-239-1-184:56:56 [0] NCCL INFO Topology detection : could not read /sys/devices/system/node/node-1/cpumap, ignoring
ip-10-239-1-184:56:56 [0] NCCL INFO TOPO/NET : Importing network plugins to topology
ip-10-239-1-184:56:56 [0] NCCL INFO Could not get speed from /sys/class/net/ens5/speed. Defaulting to 10 Gbps.
ip-10-239-1-184:56:56 [0] NCCL INFO Topology detection : could not read /sys/devices/pci0000:00/0000:00:05.0/../max_link_speed, ignoring
ip-10-239-1-184:56:56 [0] NCCL INFO Topology detection : could not read /sys/devices/pci0000:00/0000:00:05.0/../max_link_width, ignoring
ip-10-239-1-184:56:56 [0] NCCL INFO Topology detection : could not read /sys/devices/system/node/node-1/cpumap, ignoring
ip-10-239-1-184:56:56 [0] NCCL INFO NET/Socket : GPU Direct RDMA Disabled for HCA 0 'ens5'
ip-10-239-1-184:56:56 [0] NCCL INFO ncclTopoPopulateNics : Filled ens5 in topo with pciPath=/sys/devices/pci0000:00/0000:00:05.0 net=1 gin=(null) keep=1 coll=(null)
ip-10-239-1-184:56:56 [0] NCCL INFO KV Convert to int : could not find value of 'Unknown' in dictionary, falling back to 60
ip-10-239-1-184:56:56 [0] NCCL INFO === System : maxBw 1.2 totalBw 24.0 ===
ip-10-239-1-184:56:56 [0] NCCL INFO CPU/0-ffffffffffffff (1/2/-1)
ip-10-239-1-184:56:56 [0] NCCL INFO + PCI[24.0] - GPU/0-1e0 (0)
ip-10-239-1-184:56:56 [0] NCCL INFO + PCI[12.0] - NIC/0-50
ip-10-239-1-184:56:56 [0] NCCL INFO               + NET[1.2] - NET/0-0 (0/0/0/1.250000)
ip-10-239-1-184:56:56 [0] NCCL INFO ==========================================
ip-10-239-1-184:56:56 [0] NCCL INFO GPU/0-1e0 :GPU/0-1e0 (0/5000.0/LOC) CPU/0-ffffffffffffff (1/24.0/PHB) NET/0-0 (3/1.2/PHB) 
ip-10-239-1-184:56:56 [0] NCCL INFO NET/0-0 :GPU/0-1e0 (3/1.2/PHB) CPU/0-ffffffffffffff (2/1.2/PHB) NET/0-0 (0/5000.0/LOC) 
ip-10-239-1-184:56:56 [0] NCCL INFO ncclTopoGetCpuAffinity: Affinity for GPU 0 is empty, ignoring. (GPU affinity =  ; CPU affinity = 0-3).
ip-10-239-1-184:56:56 [0] NCCL INFO Pattern 4, crossNic 0, nChannels 1, bw 1.200000/1.200000, type LOC/PHB, sameChannels 1
ip-10-239-1-184:56:56 [0] NCCL INFO  0 : NET/0-0 GPU/0-1e0 NET/0-0
ip-10-239-1-184:56:56 [0] NCCL INFO Pattern 3, crossNic 0, nChannels 1, bw 2.400000/1.200000, type LOC/PHB, sameChannels 1
ip-10-239-1-184:56:56 [0] NCCL INFO  0 : NET/0-0 GPU/0-1e0 NET/0-0
ip-10-239-1-184:56:56 [0] NCCL INFO Could not get speed from /sys/class/net/ens5/speed. Defaulting to 10 Gbps.
ip-10-239-1-184:56:56 [0] NCCL INFO comm 0x633321c20d30 rank 0 nRanks 2 nNodes 2 localRanks 1 localRank 0 MNNVL 0
ip-10-239-1-184:56:56 [0] NCCL INFO Tree 0 : -1 -> 0 -> 1/-1/-1
ip-10-239-1-184:56:56 [0] NCCL INFO Tree 1 : 1 -> 0 -> -1/-1/-1
ip-10-239-1-184:56:56 [0] NCCL INFO Channel 00/02 : 0 1
ip-10-239-1-184:56:56 [0] NCCL INFO Channel 01/02 : 0 1
ip-10-239-1-184:56:56 [0] NCCL INFO Ring 00 : 1 -> 0 -> 1
ip-10-239-1-184:56:56 [0] NCCL INFO Ring 01 : 1 -> 0 -> 1
ip-10-239-1-184:56:56 [0] NCCL INFO Trees [0] 1/-1/-1->0->-1 [1] -1/-1/-1->0->1
ip-10-239-1-184:56:56 [0] NCCL INFO P2P Chunksize set to 131072
ip-10-239-1-184:56:56 [0] NCCL INFO Check P2P Type isAllDirectP2p 1 directMode 0 isAllCudaP2p 1
ip-10-239-1-184:56:56 [0] NCCL INFO ncclP2pSchedule: group size used is 1
ip-10-239-1-184:56:118 [0] NCCL INFO [Proxy Service] Device 0 CPU core 2
ip-10-239-1-184:56:119 [0] NCCL INFO [Proxy Service UDS] Device 0 CPU core 2
ip-10-239-1-184:56:56 [0] NCCL INFO threadThresholds 8/8/64 | 16/8/64 | 512 | 512
ip-10-239-1-184:56:56 [0] NCCL INFO 2 coll channels, 2 collnet channels, 0 nvls channels, 2 p2p channels, 1 p2p channels per peer
ip-10-239-1-184:56:56 [0] NCCL INFO Symmetric VA size=24GB
ip-10-239-1-184:56:56 [0] NCCL INFO Symmetric memory is not supported. cuMemEnable 1, globalGinSupport 0, globalNicFused 0 cuMemGdrSupport 1
ip-10-239-1-184:56:56 [0] NCCL INFO CC Off, workFifoBytes 1048576
ip-10-239-1-184:56:56 [0] NCCL INFO ncclCommInitRankConfig comm 0x633321c20d30 rank 0 nranks 2 cudaDev 0 nvmlDev 0 busId 1e0 commId 0x324f3f77ea052dc9 - Init COMPLETE
ip-10-239-1-184:56:56 [0] NCCL INFO Init timings - ncclCommInitRankConfig: rank 0 nranks 2 total 0.22 (kernels 0.00, alloc 0.00, bootstrap 0.21, allgathers 0.00, topo 0.01, graphs 0.00, connections 0.00, rest 0.00)
ip-10-239-1-184:56:118 [0] NCCL INFO New proxy send connection 0 from local rank 0, transport 2
ip-10-239-1-184:56:120 [0] NCCL INFO [Proxy Progress] Device 0 CPU core 3
ip-10-239-1-184:56:56 [0] NCCL INFO Connected to proxy localRank 0 -> connection 0x7c4448004f70
ip-10-239-1-184:56:118 [0] NCCL INFO Could not get speed from /sys/class/net/ens5/speed. Defaulting to 10 Gbps.
ip-10-239-1-184:56:56 [0] NCCL INFO Channel 01/1 : 0[0] -> 1[0] [send] via NET/Socket/0/Shared
ip-10-239-1-184:56:118 [0] NCCL INFO New proxy recv connection 1 from local rank 0, transport 2
ip-10-239-1-184:56:56 [0] NCCL INFO Connected to proxy localRank 0 -> connection 0x7c4448004ff8
ip-10-239-1-184:56:118 [0] NCCL INFO Could not get speed from /sys/class/net/ens5/speed. Defaulting to 10 Gbps.
ip-10-239-1-184:56:118 [0] NCCL INFO NET/Socket: Using 2 threads and 8 sockets per thread
ip-10-239-1-184:56:56 [0] NCCL INFO Channel 01/1 : 1[0] -> 0[0] [receive] via NET/Socket/0/Shared
ip-10-239-1-184:56:56 [0] NCCL INFO Initialized NET plugin Socket
ip-10-239-1-184:56:56 [0] NCCL INFO Could not get speed from /sys/class/net/ens5/speed. Defaulting to 10 Gbps.
ip-10-239-1-184:56:56 [0] NCCL INFO Assigned NET plugin Socket to comm
ip-10-239-1-184:56:56 [0] NCCL INFO Failed to initialize any GIN plugin
ip-10-239-1-184:56:56 [0] NCCL INFO Using network Socket
ip-10-239-1-184:56:56 [0] NCCL INFO [Rank 1] ncclCommInitRankConfig comm 0x633321f75e00 rank 1 nranks 2 cudaDev 0 nvmlDev 0 busId 1e0 commId 0x515f37dd107db220 - Init START
ip-10-239-1-184:56:56 [0] NCCL INFO Topology detection : could not read /sys/devices/pci0000:00/0000:00:1e.0/../max_link_speed, ignoring
ip-10-239-1-184:56:56 [0] NCCL INFO Topology detection : could not read /sys/devices/pci0000:00/0000:00:1e.0/../max_link_width, ignoring
ip-10-239-1-184:56:56 [0] NCCL INFO Topology detection : could not read /sys/devices/system/node/node-1/cpumap, ignoring
ip-10-239-1-184:56:56 [0] NCCL INFO TOPO/NET : Importing network plugins to topology
ip-10-239-1-184:56:56 [0] NCCL INFO Could not get speed from /sys/class/net/ens5/speed. Defaulting to 10 Gbps.
ip-10-239-1-184:56:56 [0] NCCL INFO Topology detection : could not read /sys/devices/pci0000:00/0000:00:05.0/../max_link_speed, ignoring
ip-10-239-1-184:56:56 [0] NCCL INFO Topology detection : could not read /sys/devices/pci0000:00/0000:00:05.0/../max_link_width, ignoring
ip-10-239-1-184:56:56 [0] NCCL INFO Topology detection : could not read /sys/devices/system/node/node-1/cpumap, ignoring
ip-10-239-1-184:56:56 [0] NCCL INFO NET/Socket : GPU Direct RDMA Disabled for HCA 0 'ens5'
ip-10-239-1-184:56:56 [0] NCCL INFO ncclTopoPopulateNics : Filled ens5 in topo with pciPath=/sys/devices/pci0000:00/0000:00:05.0 net=1 gin=(null) keep=1 coll=(null)
ip-10-239-1-184:56:56 [0] NCCL INFO KV Convert to int : could not find value of 'Unknown' in dictionary, falling back to 60
ip-10-239-1-184:56:56 [0] NCCL INFO === System : maxBw 1.2 totalBw 24.0 ===
ip-10-239-1-184:56:56 [0] NCCL INFO CPU/0-ffffffffffffff (1/2/-1)
ip-10-239-1-184:56:56 [0] NCCL INFO + PCI[24.0] - GPU/0-1e0 (1)
ip-10-239-1-184:56:56 [0] NCCL INFO + PCI[12.0] - NIC/0-50
ip-10-239-1-184:56:56 [0] NCCL INFO               + NET[1.2] - NET/0-0 (0/0/0/1.250000)
ip-10-239-1-184:56:56 [0] NCCL INFO ==========================================
ip-10-239-1-184:56:56 [0] NCCL INFO GPU/0-1e0 :GPU/0-1e0 (0/5000.0/LOC) CPU/0-ffffffffffffff (1/24.0/PHB) NET/0-0 (3/1.2/PHB) 
ip-10-239-1-184:56:56 [0] NCCL INFO NET/0-0 :GPU/0-1e0 (3/1.2/PHB) CPU/0-ffffffffffffff (2/1.2/PHB) NET/0-0 (0/5000.0/LOC) 
ip-10-239-1-184:56:56 [0] NCCL INFO ncclTopoGetCpuAffinity: Affinity for GPU 0 is empty, ignoring. (GPU affinity =  ; CPU affinity = 0-3).
ip-10-239-1-184:56:56 [0] NCCL INFO Pattern 4, crossNic 0, nChannels 1, bw 1.200000/1.200000, type LOC/PHB, sameChannels 1
ip-10-239-1-184:56:56 [0] NCCL INFO  0 : NET/0-0 GPU/0-1e0 NET/0-0
ip-10-239-1-184:56:56 [0] NCCL INFO Pattern 3, crossNic 0, nChannels 1, bw 2.400000/1.200000, type LOC/PHB, sameChannels 1
ip-10-239-1-184:56:56 [0] NCCL INFO  0 : NET/0-0 GPU/0-1e0 NET/0-0
ip-10-239-1-184:56:56 [0] NCCL INFO Could not get speed from /sys/class/net/ens5/speed. Defaulting to 10 Gbps.
ip-10-239-1-184:56:56 [0] NCCL INFO comm 0x633321f75e00 rank 1 nRanks 2 nNodes 2 localRanks 1 localRank 0 MNNVL 0
ip-10-239-1-184:56:56 [0] NCCL INFO Tree 0 : 0 -> 1 -> -1/-1/-1
ip-10-239-1-184:56:56 [0] NCCL INFO Tree 1 : -1 -> 1 -> 0/-1/-1
ip-10-239-1-184:56:56 [0] NCCL INFO Ring 00 : 0 -> 1 -> 0
ip-10-239-1-184:56:56 [0] NCCL INFO Ring 01 : 0 -> 1 -> 0
ip-10-239-1-184:56:56 [0] NCCL INFO Trees [0] -1/-1/-1->1->0 [1] 0/-1/-1->1->-1
ip-10-239-1-184:56:56 [0] NCCL INFO P2P Chunksize set to 131072
ip-10-239-1-184:56:56 [0] NCCL INFO Check P2P Type isAllDirectP2p 1 directMode 0 isAllCudaP2p 1
ip-10-239-1-184:56:125 [0] NCCL INFO [Proxy Service] Device 0 CPU core 0
ip-10-239-1-184:56:56 [0] NCCL INFO ncclP2pSchedule: group size used is 1
ip-10-239-1-184:56:56 [0] NCCL INFO threadThresholds 8/8/64 | 16/8/64 | 512 | 512
ip-10-239-1-184:56:56 [0] NCCL INFO 2 coll channels, 2 collnet channels, 0 nvls channels, 2 p2p channels, 1 p2p channels per peer
ip-10-239-1-184:56:56 [0] NCCL INFO Symmetric VA size=24GB
ip-10-239-1-184:56:56 [0] NCCL INFO Symmetric memory is not supported. cuMemEnable 1, globalGinSupport 0, globalNicFused 0 cuMemGdrSupport 1
ip-10-239-1-184:56:126 [0] NCCL INFO [Proxy Service UDS] Device 0 CPU core 1
ip-10-239-1-184:56:56 [0] NCCL INFO ncclCommInitRankConfig comm 0x633321f75e00 rank 1 nranks 2 cudaDev 0 nvmlDev 0 busId 1e0 commId 0x515f37dd107db220 - Init COMPLETE
ip-10-239-1-184:56:56 [0] NCCL INFO Init timings - ncclCommInitRankConfig: rank 1 nranks 2 total 0.07 (kernels 0.00, alloc 0.00, bootstrap 0.04, allgathers 0.02, topo 0.00, graphs 0.00, connections 0.00, rest 0.00)
ip-10-239-1-184:56:125 [0] NCCL INFO New proxy recv connection 0 from local rank 0, transport 2
ip-10-239-1-184:56:127 [0] NCCL INFO [Proxy Progress] Device 0 CPU core 3
ip-10-239-1-184:56:56 [0] NCCL INFO Connected to proxy localRank 0 -> connection 0x633321a6d310
ip-10-239-1-184:56:125 [0] NCCL INFO Could not get speed from /sys/class/net/ens5/speed. Defaulting to 10 Gbps.
ip-10-239-1-184:56:125 [0] NCCL INFO NET/Socket: Using 2 threads and 8 sockets per thread
ip-10-239-1-184:56:56 [0] NCCL INFO Channel 01/1 : 0[0] -> 1[0] [receive] via NET/Socket/0/Shared
ip-10-239-1-184:56:125 [0] NCCL INFO New proxy send connection 1 from local rank 0, transport 2
ip-10-239-1-184:56:56 [0] NCCL INFO Connected to proxy localRank 0 -> connection 0x633321a6d398
ip-10-239-1-184:56:125 [0] NCCL INFO Could not get speed from /sys/class/net/ens5/speed. Defaulting to 10 Gbps.
ip-10-239-1-184:56:56 [0] NCCL INFO Channel 01/1 : 1[0] -> 0[0] [send] via NET/Socket/0/Shared
ip-10-239-1-184:56:56 [0] NCCL INFO Initialized NET plugin Socket
ip-10-239-1-184:56:56 [0] NCCL INFO Could not get speed from /sys/class/net/ens5/speed. Defaulting to 10 Gbps.
ip-10-239-1-184:56:56 [0] NCCL INFO Assigned NET plugin Socket to comm
ip-10-239-1-184:56:56 [0] NCCL INFO Failed to initialize any GIN plugin
ip-10-239-1-184:56:56 [0] NCCL INFO Using network Socket
ip-10-239-1-184:56:56 [0] NCCL INFO [Rank 1] ncclCommInitRankConfig comm 0x63332209abf0 rank 1 nranks 2 cudaDev 0 nvmlDev 0 busId 1e0 commId 0x1fe98633b5945047 - Init START
ip-10-239-1-184:56:56 [0] NCCL INFO Topology detection : could not read /sys/devices/pci0000:00/0000:00:1e.0/../max_link_speed, ignoring
ip-10-239-1-184:56:56 [0] NCCL INFO Topology detection : could not read /sys/devices/pci0000:00/0000:00:1e.0/../max_link_width, ignoring
ip-10-239-1-184:56:56 [0] NCCL INFO Topology detection : could not read /sys/devices/system/node/node-1/cpumap, ignoring
ip-10-239-1-184:56:56 [0] NCCL INFO TOPO/NET : Importing network plugins to topology
ip-10-239-1-184:56:56 [0] NCCL INFO Could not get speed from /sys/class/net/ens5/speed. Defaulting to 10 Gbps.
ip-10-239-1-184:56:56 [0] NCCL INFO Topology detection : could not read /sys/devices/pci0000:00/0000:00:05.0/../max_link_speed, ignoring
ip-10-239-1-184:56:56 [0] NCCL INFO Topology detection : could not read /sys/devices/pci0000:00/0000:00:05.0/../max_link_width, ignoring
ip-10-239-1-184:56:56 [0] NCCL INFO Topology detection : could not read /sys/devices/system/node/node-1/cpumap, ignoring
ip-10-239-1-184:56:56 [0] NCCL INFO NET/Socket : GPU Direct RDMA Disabled for HCA 0 'ens5'
ip-10-239-1-184:56:56 [0] NCCL INFO ncclTopoPopulateNics : Filled ens5 in topo with pciPath=/sys/devices/pci0000:00/0000:00:05.0 net=1 gin=(null) keep=1 coll=(null)
ip-10-239-1-184:56:56 [0] NCCL INFO KV Convert to int : could not find value of 'Unknown' in dictionary, falling back to 60
ip-10-239-1-184:56:56 [0] NCCL INFO === System : maxBw 1.2 totalBw 24.0 ===
ip-10-239-1-184:56:56 [0] NCCL INFO CPU/0-ffffffffffffff (1/2/-1)
ip-10-239-1-184:56:56 [0] NCCL INFO + PCI[24.0] - GPU/0-1e0 (1)
ip-10-239-1-184:56:56 [0] NCCL INFO + PCI[12.0] - NIC/0-50
ip-10-239-1-184:56:56 [0] NCCL INFO               + NET[1.2] - NET/0-0 (0/0/0/1.250000)
ip-10-239-1-184:56:56 [0] NCCL INFO ==========================================
ip-10-239-1-184:56:56 [0] NCCL INFO GPU/0-1e0 :GPU/0-1e0 (0/5000.0/LOC) CPU/0-ffffffffffffff (1/24.0/PHB) NET/0-0 (3/1.2/PHB) 
ip-10-239-1-184:56:56 [0] NCCL INFO NET/0-0 :GPU/0-1e0 (3/1.2/PHB) CPU/0-ffffffffffffff (2/1.2/PHB) NET/0-0 (0/5000.0/LOC) 
ip-10-239-1-184:56:56 [0] NCCL INFO ncclTopoGetCpuAffinity: Affinity for GPU 0 is empty, ignoring. (GPU affinity =  ; CPU affinity = 0-3).
ip-10-239-1-184:56:56 [0] NCCL INFO Pattern 4, crossNic 0, nChannels 1, bw 1.200000/1.200000, type LOC/PHB, sameChannels 1
ip-10-239-1-184:56:56 [0] NCCL INFO  0 : NET/0-0 GPU/0-1e0 NET/0-0
ip-10-239-1-184:56:56 [0] NCCL INFO Pattern 3, crossNic 0, nChannels 1, bw 2.400000/1.200000, type LOC/PHB, sameChannels 1
ip-10-239-1-184:56:56 [0] NCCL INFO  0 : NET/0-0 GPU/0-1e0 NET/0-0
ip-10-239-1-184:56:56 [0] NCCL INFO Could not get speed from /sys/class/net/ens5/speed. Defaulting to 10 Gbps.
ip-10-239-1-184:56:56 [0] NCCL INFO comm 0x63332209abf0 rank 1 nRanks 2 nNodes 2 localRanks 1 localRank 0 MNNVL 0
ip-10-239-1-184:56:56 [0] NCCL INFO Tree 0 : 0 -> 1 -> -1/-1/-1
ip-10-239-1-184:56:56 [0] NCCL INFO Tree 1 : -1 -> 1 -> 0/-1/-1
ip-10-239-1-184:56:56 [0] NCCL INFO Ring 00 : 0 -> 1 -> 0
ip-10-239-1-184:56:56 [0] NCCL INFO Ring 01 : 0 -> 1 -> 0
ip-10-239-1-184:56:56 [0] NCCL INFO Trees [0] -1/-1/-1->1->0 [1] 0/-1/-1->1->-1
ip-10-239-1-184:56:56 [0] NCCL INFO P2P Chunksize set to 131072
ip-10-239-1-184:56:56 [0] NCCL INFO Check P2P Type isAllDirectP2p 1 directMode 0 isAllCudaP2p 1
ip-10-239-1-184:56:132 [0] NCCL INFO [Proxy Service] Device 0 CPU core 3
ip-10-239-1-184:56:56 [0] NCCL INFO ncclP2pSchedule: group size used is 1
ip-10-239-1-184:56:133 [0] NCCL INFO [Proxy Service UDS] Device 0 CPU core 3
ip-10-239-1-184:56:56 [0] NCCL INFO threadThresholds 8/8/64 | 16/8/64 | 512 | 512
ip-10-239-1-184:56:56 [0] NCCL INFO 2 coll channels, 2 collnet channels, 0 nvls channels, 2 p2p channels, 1 p2p channels per peer
ip-10-239-1-184:56:56 [0] NCCL INFO Symmetric VA size=24GB
ip-10-239-1-184:56:56 [0] NCCL INFO Symmetric memory is not supported. cuMemEnable 1, globalGinSupport 0, globalNicFused 0 cuMemGdrSupport 1
ip-10-239-1-184:56:56 [0] NCCL INFO ncclCommInitRankConfig comm 0x63332209abf0 rank 1 nranks 2 cudaDev 0 nvmlDev 0 busId 1e0 commId 0x1fe98633b5945047 - Init COMPLETE
ip-10-239-1-184:56:56 [0] NCCL INFO Init timings - ncclCommInitRankConfig: rank 1 nranks 2 total 1.00 (kernels 0.00, alloc 0.00, bootstrap 0.70, allgathers 0.28, topo 0.00, graphs 0.00, connections 0.00, rest 0.00)
ip-10-239-1-184:56:132 [0] NCCL INFO New proxy recv connection 0 from local rank 0, transport 2
ip-10-239-1-184:56:134 [0] NCCL INFO [Proxy Progress] Device 0 CPU core 1
ip-10-239-1-184:56:56 [0] NCCL INFO Connected to proxy localRank 0 -> connection 0x7c4448021120
ip-10-239-1-184:56:132 [0] NCCL INFO Could not get speed from /sys/class/net/ens5/speed. Defaulting to 10 Gbps.
ip-10-239-1-184:56:132 [0] NCCL INFO NET/Socket: Using 2 threads and 8 sockets per thread
ip-10-239-1-184:56:56 [0] NCCL INFO Channel 01/1 : 0[0] -> 1[0] [receive] via NET/Socket/0/Shared
ip-10-239-1-184:56:132 [0] NCCL INFO New proxy send connection 1 from local rank 0, transport 2
ip-10-239-1-184:56:56 [0] NCCL INFO Connected to proxy localRank 0 -> connection 0x7c44480211a8
ip-10-239-1-184:56:132 [0] NCCL INFO Could not get speed from /sys/class/net/ens5/speed. Defaulting to 10 Gbps.
ip-10-239-1-184:56:56 [0] NCCL INFO Channel 01/1 : 1[0] -> 0[0] [send] via NET/Socket/0/Shared
ip-10-239-1-184:56:56 [0] NCCL INFO Initialized NET plugin Socket
ip-10-239-1-184:56:56 [0] NCCL INFO Could not get speed from /sys/class/net/ens5/speed. Defaulting to 10 Gbps.
ip-10-239-1-184:56:56 [0] NCCL INFO Assigned NET plugin Socket to comm
ip-10-239-1-184:56:56 [0] NCCL INFO Failed to initialize any GIN plugin
ip-10-239-1-184:56:56 [0] NCCL INFO Using network Socket
ip-10-239-1-184:56:56 [0] NCCL INFO [Rank 1] ncclCommInitRankConfig comm 0x6333222bf9f0 rank 1 nranks 2 cudaDev 0 nvmlDev 0 busId 1e0 commId 0x93910dda22833cd0 - Init START
ip-10-239-1-184:56:56 [0] NCCL INFO Topology detection : could not read /sys/devices/pci0000:00/0000:00:1e.0/../max_link_speed, ignoring
ip-10-239-1-184:56:56 [0] NCCL INFO Topology detection : could not read /sys/devices/pci0000:00/0000:00:1e.0/../max_link_width, ignoring
ip-10-239-1-184:56:56 [0] NCCL INFO Topology detection : could not read /sys/devices/system/node/node-1/cpumap, ignoring
ip-10-239-1-184:56:56 [0] NCCL INFO TOPO/NET : Importing network plugins to topology
ip-10-239-1-184:56:56 [0] NCCL INFO Could not get speed from /sys/class/net/ens5/speed. Defaulting to 10 Gbps.
ip-10-239-1-184:56:56 [0] NCCL INFO Topology detection : could not read /sys/devices/pci0000:00/0000:00:05.0/../max_link_speed, ignoring
ip-10-239-1-184:56:56 [0] NCCL INFO Topology detection : could not read /sys/devices/pci0000:00/0000:00:05.0/../max_link_width, ignoring
ip-10-239-1-184:56:56 [0] NCCL INFO Topology detection : could not read /sys/devices/system/node/node-1/cpumap, ignoring
ip-10-239-1-184:56:56 [0] NCCL INFO NET/Socket : GPU Direct RDMA Disabled for HCA 0 'ens5'
ip-10-239-1-184:56:56 [0] NCCL INFO ncclTopoPopulateNics : Filled ens5 in topo with pciPath=/sys/devices/pci0000:00/0000:00:05.0 net=1 gin=(null) keep=1 coll=(null)
ip-10-239-1-184:56:56 [0] NCCL INFO KV Convert to int : could not find value of 'Unknown' in dictionary, falling back to 60
ip-10-239-1-184:56:56 [0] NCCL INFO === System : maxBw 1.2 totalBw 24.0 ===
ip-10-239-1-184:56:56 [0] NCCL INFO CPU/0-ffffffffffffff (1/2/-1)
ip-10-239-1-184:56:56 [0] NCCL INFO + PCI[24.0] - GPU/0-1e0 (1)
ip-10-239-1-184:56:56 [0] NCCL INFO + PCI[12.0] - NIC/0-50
ip-10-239-1-184:56:56 [0] NCCL INFO               + NET[1.2] - NET/0-0 (0/0/0/1.250000)
ip-10-239-1-184:56:56 [0] NCCL INFO ==========================================
ip-10-239-1-184:56:56 [0] NCCL INFO GPU/0-1e0 :GPU/0-1e0 (0/5000.0/LOC) CPU/0-ffffffffffffff (1/24.0/PHB) NET/0-0 (3/1.2/PHB) 
ip-10-239-1-184:56:56 [0] NCCL INFO NET/0-0 :GPU/0-1e0 (3/1.2/PHB) CPU/0-ffffffffffffff (2/1.2/PHB) NET/0-0 (0/5000.0/LOC) 
ip-10-239-1-184:56:56 [0] NCCL INFO ncclTopoGetCpuAffinity: Affinity for GPU 0 is empty, ignoring. (GPU affinity =  ; CPU affinity = 0-3).
ip-10-239-1-184:56:56 [0] NCCL INFO Pattern 4, crossNic 0, nChannels 1, bw 1.200000/1.200000, type LOC/PHB, sameChannels 1
ip-10-239-1-184:56:56 [0] NCCL INFO  0 : NET/0-0 GPU/0-1e0 NET/0-0
ip-10-239-1-184:56:56 [0] NCCL INFO Pattern 3, crossNic 0, nChannels 1, bw 2.400000/1.200000, type LOC/PHB, sameChannels 1
ip-10-239-1-184:56:56 [0] NCCL INFO  0 : NET/0-0 GPU/0-1e0 NET/0-0
ip-10-239-1-184:56:56 [0] NCCL INFO Could not get speed from /sys/class/net/ens5/speed. Defaulting to 10 Gbps.
ip-10-239-1-184:56:56 [0] NCCL INFO comm 0x6333222bf9f0 rank 1 nRanks 2 nNodes 2 localRanks 1 localRank 0 MNNVL 0
ip-10-239-1-184:56:56 [0] NCCL INFO Tree 0 : 0 -> 1 -> -1/-1/-1
ip-10-239-1-184:56:56 [0] NCCL INFO Tree 1 : -1 -> 1 -> 0/-1/-1
ip-10-239-1-184:56:56 [0] NCCL INFO Ring 00 : 0 -> 1 -> 0
ip-10-239-1-184:56:56 [0] NCCL INFO Ring 01 : 0 -> 1 -> 0
ip-10-239-1-184:56:56 [0] NCCL INFO Trees [0] -1/-1/-1->1->0 [1] 0/-1/-1->1->-1
ip-10-239-1-184:56:56 [0] NCCL INFO P2P Chunksize set to 131072
ip-10-239-1-184:56:56 [0] NCCL INFO Check P2P Type isAllDirectP2p 1 directMode 0 isAllCudaP2p 1
ip-10-239-1-184:56:139 [0] NCCL INFO [Proxy Service] Device 0 CPU core 0
ip-10-239-1-184:56:56 [0] NCCL INFO ncclP2pSchedule: group size used is 1
ip-10-239-1-184:56:140 [0] NCCL INFO [Proxy Service UDS] Device 0 CPU core 2
ip-10-239-1-184:56:56 [0] NCCL INFO threadThresholds 8/8/64 | 16/8/64 | 512 | 512
ip-10-239-1-184:56:56 [0] NCCL INFO 2 coll channels, 2 collnet channels, 0 nvls channels, 2 p2p channels, 1 p2p channels per peer
ip-10-239-1-184:56:56 [0] NCCL INFO Symmetric VA size=24GB
ip-10-239-1-184:56:56 [0] NCCL INFO Symmetric memory is not supported. cuMemEnable 1, globalGinSupport 0, globalNicFused 0 cuMemGdrSupport 1
ip-10-239-1-184:56:56 [0] NCCL INFO ncclCommInitRankConfig comm 0x6333222bf9f0 rank 1 nranks 2 cudaDev 0 nvmlDev 0 busId 1e0 commId 0x93910dda22833cd0 - Init COMPLETE
ip-10-239-1-184:56:56 [0] NCCL INFO Init timings - ncclCommInitRankConfig: rank 1 nranks 2 total 0.06 (kernels 0.00, alloc 0.00, bootstrap 0.04, allgathers 0.02, topo 0.00, graphs 0.00, connections 0.00, rest 0.00)
ip-10-239-1-184:56:139 [0] NCCL INFO New proxy recv connection 0 from local rank 0, transport 2
ip-10-239-1-184:56:141 [0] NCCL INFO [Proxy Progress] Device 0 CPU core 3
ip-10-239-1-184:56:56 [0] NCCL INFO Connected to proxy localRank 0 -> connection 0x7c44600210e0
ip-10-239-1-184:56:139 [0] NCCL INFO Could not get speed from /sys/class/net/ens5/speed. Defaulting to 10 Gbps.
ip-10-239-1-184:56:139 [0] NCCL INFO NET/Socket: Using 2 threads and 8 sockets per thread
ip-10-239-1-184:56:56 [0] NCCL INFO Channel 01/1 : 0[0] -> 1[0] [receive] via NET/Socket/0/Shared
ip-10-239-1-184:56:139 [0] NCCL INFO New proxy send connection 1 from local rank 0, transport 2
ip-10-239-1-184:56:56 [0] NCCL INFO Connected to proxy localRank 0 -> connection 0x7c4460021168
ip-10-239-1-184:56:139 [0] NCCL INFO Could not get speed from /sys/class/net/ens5/speed. Defaulting to 10 Gbps.
ip-10-239-1-184:56:56 [0] NCCL INFO Channel 01/1 : 1[0] -> 0[0] [send] via NET/Socket/0/Shared
ip-10-239-1-184:56:56 [0] NCCL INFO Initialized NET plugin Socket
ip-10-239-1-184:56:56 [0] NCCL INFO Could not get speed from /sys/class/net/ens5/speed. Defaulting to 10 Gbps.
ip-10-239-1-184:56:56 [0] NCCL INFO Assigned NET plugin Socket to comm
ip-10-239-1-184:56:56 [0] NCCL INFO Failed to initialize any GIN plugin
ip-10-239-1-184:56:56 [0] NCCL INFO Using network Socket
ip-10-239-1-184:56:56 [0] NCCL INFO [Rank 0] ncclCommInitRankConfig comm 0x6333223e9570 rank 0 nranks 2 cudaDev 0 nvmlDev 0 busId 1e0 commId 0x538b7cfe925cd2d3 - Init START
ip-10-239-1-184:56:56 [0] NCCL INFO Topology detection : could not read /sys/devices/pci0000:00/0000:00:1e.0/../max_link_speed, ignoring
ip-10-239-1-184:56:56 [0] NCCL INFO Topology detection : could not read /sys/devices/pci0000:00/0000:00:1e.0/../max_link_width, ignoring
ip-10-239-1-184:56:56 [0] NCCL INFO Topology detection : could not read /sys/devices/system/node/node-1/cpumap, ignoring
ip-10-239-1-184:56:56 [0] NCCL INFO TOPO/NET : Importing network plugins to topology
ip-10-239-1-184:56:56 [0] NCCL INFO Could not get speed from /sys/class/net/ens5/speed. Defaulting to 10 Gbps.
ip-10-239-1-184:56:56 [0] NCCL INFO Topology detection : could not read /sys/devices/pci0000:00/0000:00:05.0/../max_link_speed, ignoring
ip-10-239-1-184:56:56 [0] NCCL INFO Topology detection : could not read /sys/devices/pci0000:00/0000:00:05.0/../max_link_width, ignoring
ip-10-239-1-184:56:56 [0] NCCL INFO Topology detection : could not read /sys/devices/system/node/node-1/cpumap, ignoring
ip-10-239-1-184:56:56 [0] NCCL INFO NET/Socket : GPU Direct RDMA Disabled for HCA 0 'ens5'
ip-10-239-1-184:56:56 [0] NCCL INFO ncclTopoPopulateNics : Filled ens5 in topo with pciPath=/sys/devices/pci0000:00/0000:00:05.0 net=1 gin=(null) keep=1 coll=(null)
ip-10-239-1-184:56:56 [0] NCCL INFO KV Convert to int : could not find value of 'Unknown' in dictionary, falling back to 60
ip-10-239-1-184:56:56 [0] NCCL INFO === System : maxBw 1.2 totalBw 24.0 ===
ip-10-239-1-184:56:56 [0] NCCL INFO CPU/0-ffffffffffffff (1/2/-1)
ip-10-239-1-184:56:56 [0] NCCL INFO + PCI[24.0] - GPU/0-1e0 (0)
ip-10-239-1-184:56:56 [0] NCCL INFO + PCI[12.0] - NIC/0-50
ip-10-239-1-184:56:56 [0] NCCL INFO               + NET[1.2] - NET/0-0 (0/0/0/1.250000)
ip-10-239-1-184:56:56 [0] NCCL INFO ==========================================
ip-10-239-1-184:56:56 [0] NCCL INFO GPU/0-1e0 :GPU/0-1e0 (0/5000.0/LOC) CPU/0-ffffffffffffff (1/24.0/PHB) NET/0-0 (3/1.2/PHB) 
ip-10-239-1-184:56:56 [0] NCCL INFO NET/0-0 :GPU/0-1e0 (3/1.2/PHB) CPU/0-ffffffffffffff (2/1.2/PHB) NET/0-0 (0/5000.0/LOC) 
ip-10-239-1-184:56:56 [0] NCCL INFO ncclTopoGetCpuAffinity: Affinity for GPU 0 is empty, ignoring. (GPU affinity =  ; CPU affinity = 0-3).
ip-10-239-1-184:56:56 [0] NCCL INFO Pattern 4, crossNic 0, nChannels 1, bw 1.200000/1.200000, type LOC/PHB, sameChannels 1
ip-10-239-1-184:56:56 [0] NCCL INFO  0 : NET/0-0 GPU/0-1e0 NET/0-0
ip-10-239-1-184:56:56 [0] NCCL INFO Pattern 3, crossNic 0, nChannels 1, bw 2.400000/1.200000, type LOC/PHB, sameChannels 1
ip-10-239-1-184:56:56 [0] NCCL INFO  0 : NET/0-0 GPU/0-1e0 NET/0-0
ip-10-239-1-184:56:56 [0] NCCL INFO Could not get speed from /sys/class/net/ens5/speed. Defaulting to 10 Gbps.
ip-10-239-1-184:56:56 [0] NCCL INFO comm 0x6333223e9570 rank 0 nRanks 2 nNodes 2 localRanks 1 localRank 0 MNNVL 0
ip-10-239-1-184:56:56 [0] NCCL INFO Tree 0 : -1 -> 0 -> 1/-1/-1
ip-10-239-1-184:56:56 [0] NCCL INFO Tree 1 : 1 -> 0 -> -1/-1/-1
ip-10-239-1-184:56:56 [0] NCCL INFO Channel 00/02 : 0 1
ip-10-239-1-184:56:56 [0] NCCL INFO Channel 01/02 : 0 1
ip-10-239-1-184:56:56 [0] NCCL INFO Ring 00 : 1 -> 0 -> 1
ip-10-239-1-184:56:56 [0] NCCL INFO Ring 01 : 1 -> 0 -> 1
ip-10-239-1-184:56:56 [0] NCCL INFO Trees [0] 1/-1/-1->0->-1 [1] -1/-1/-1->0->1
ip-10-239-1-184:56:56 [0] NCCL INFO P2P Chunksize set to 131072
ip-10-239-1-184:56:56 [0] NCCL INFO Check P2P Type isAllDirectP2p 1 directMode 0 isAllCudaP2p 1
ip-10-239-1-184:56:56 [0] NCCL INFO ncclP2pSchedule: group size used is 1
ip-10-239-1-184:56:147 [0] NCCL INFO [Proxy Service] Device 0 CPU core 3
ip-10-239-1-184:56:148 [0] NCCL INFO [Proxy Service UDS] Device 0 CPU core 3
ip-10-239-1-184:56:56 [0] NCCL INFO threadThresholds 8/8/64 | 16/8/64 | 512 | 512
ip-10-239-1-184:56:56 [0] NCCL INFO 2 coll channels, 2 collnet channels, 0 nvls channels, 2 p2p channels, 1 p2p channels per peer
ip-10-239-1-184:56:56 [0] NCCL INFO Symmetric VA size=24GB
ip-10-239-1-184:56:56 [0] NCCL INFO Symmetric memory is not supported. cuMemEnable 1, globalGinSupport 0, globalNicFused 0 cuMemGdrSupport 1
ip-10-239-1-184:56:56 [0] NCCL INFO CC Off, workFifoBytes 1048576
ip-10-239-1-184:56:56 [0] NCCL INFO ncclCommInitRankConfig comm 0x6333223e9570 rank 0 nranks 2 cudaDev 0 nvmlDev 0 busId 1e0 commId 0x538b7cfe925cd2d3 - Init COMPLETE
ip-10-239-1-184:56:56 [0] NCCL INFO Init timings - ncclCommInitRankConfig: rank 0 nranks 2 total 1.75 (kernels 0.00, alloc 0.00, bootstrap 1.36, allgathers 0.39, topo 0.00, graphs 0.00, connections 0.00, rest 0.00)
ip-10-239-1-184:56:147 [0] NCCL INFO New proxy send connection 0 from local rank 0, transport 2
ip-10-239-1-184:56:149 [0] NCCL INFO [Proxy Progress] Device 0 CPU core 0
ip-10-239-1-184:56:56 [0] NCCL INFO Connected to proxy localRank 0 -> connection 0x7c44b0016510
ip-10-239-1-184:56:147 [0] NCCL INFO Could not get speed from /sys/class/net/ens5/speed. Defaulting to 10 Gbps.
ip-10-239-1-184:56:56 [0] NCCL INFO Channel 01/1 : 0[0] -> 1[0] [send] via NET/Socket/0/Shared
ip-10-239-1-184:56:147 [0] NCCL INFO New proxy recv connection 1 from local rank 0, transport 2
ip-10-239-1-184:56:56 [0] NCCL INFO Connected to proxy localRank 0 -> connection 0x7c44b0016598
ip-10-239-1-184:56:147 [0] NCCL INFO Could not get speed from /sys/class/net/ens5/speed. Defaulting to 10 Gbps.
ip-10-239-1-184:56:147 [0] NCCL INFO NET/Socket: Using 2 threads and 8 sockets per thread
ip-10-239-1-184:56:56 [0] NCCL INFO Channel 01/1 : 1[0] -> 0[0] [receive] via NET/Socket/0/Shared
ip-10-239-1-184:56:56 [0] NCCL INFO Initialized NET plugin Socket
ip-10-239-1-184:56:56 [0] NCCL INFO Could not get speed from /sys/class/net/ens5/speed. Defaulting to 10 Gbps.
ip-10-239-1-184:56:56 [0] NCCL INFO Assigned NET plugin Socket to comm
ip-10-239-1-184:56:56 [0] NCCL INFO Failed to initialize any GIN plugin
ip-10-239-1-184:56:56 [0] NCCL INFO Using network Socket
ip-10-239-1-184:56:56 [0] NCCL INFO [Rank 1] ncclCommInitRankConfig comm 0x633326778080 rank 1 nranks 2 cudaDev 0 nvmlDev 0 busId 1e0 commId 0xd3e2b3ca8afecfc8 - Init START
ip-10-239-1-184:56:56 [0] NCCL INFO Topology detection : could not read /sys/devices/pci0000:00/0000:00:1e.0/../max_link_speed, ignoring
ip-10-239-1-184:56:56 [0] NCCL INFO Topology detection : could not read /sys/devices/pci0000:00/0000:00:1e.0/../max_link_width, ignoring
ip-10-239-1-184:56:56 [0] NCCL INFO Topology detection : could not read /sys/devices/system/node/node-1/cpumap, ignoring
ip-10-239-1-184:56:56 [0] NCCL INFO TOPO/NET : Importing network plugins to topology
ip-10-239-1-184:56:56 [0] NCCL INFO Could not get speed from /sys/class/net/ens5/speed. Defaulting to 10 Gbps.
ip-10-239-1-184:56:56 [0] NCCL INFO Topology detection : could not read /sys/devices/pci0000:00/0000:00:05.0/../max_link_speed, ignoring
ip-10-239-1-184:56:56 [0] NCCL INFO Topology detection : could not read /sys/devices/pci0000:00/0000:00:05.0/../max_link_width, ignoring
ip-10-239-1-184:56:56 [0] NCCL INFO Topology detection : could not read /sys/devices/system/node/node-1/cpumap, ignoring
ip-10-239-1-184:56:56 [0] NCCL INFO NET/Socket : GPU Direct RDMA Disabled for HCA 0 'ens5'
ip-10-239-1-184:56:56 [0] NCCL INFO ncclTopoPopulateNics : Filled ens5 in topo with pciPath=/sys/devices/pci0000:00/0000:00:05.0 net=1 gin=(null) keep=1 coll=(null)
ip-10-239-1-184:56:56 [0] NCCL INFO KV Convert to int : could not find value of 'Unknown' in dictionary, falling back to 60
ip-10-239-1-184:56:56 [0] NCCL INFO === System : maxBw 1.2 totalBw 24.0 ===
ip-10-239-1-184:56:56 [0] NCCL INFO CPU/0-ffffffffffffff (1/2/-1)
ip-10-239-1-184:56:56 [0] NCCL INFO + PCI[24.0] - GPU/0-1e0 (1)
ip-10-239-1-184:56:56 [0] NCCL INFO + PCI[12.0] - NIC/0-50
ip-10-239-1-184:56:56 [0] NCCL INFO               + NET[1.2] - NET/0-0 (0/0/0/1.250000)
ip-10-239-1-184:56:56 [0] NCCL INFO ==========================================
ip-10-239-1-184:56:56 [0] NCCL INFO GPU/0-1e0 :GPU/0-1e0 (0/5000.0/LOC) CPU/0-ffffffffffffff (1/24.0/PHB) NET/0-0 (3/1.2/PHB) 
ip-10-239-1-184:56:56 [0] NCCL INFO NET/0-0 :GPU/0-1e0 (3/1.2/PHB) CPU/0-ffffffffffffff (2/1.2/PHB) NET/0-0 (0/5000.0/LOC) 
ip-10-239-1-184:56:56 [0] NCCL INFO ncclTopoGetCpuAffinity: Affinity for GPU 0 is empty, ignoring. (GPU affinity =  ; CPU affinity = 0-3).
ip-10-239-1-184:56:56 [0] NCCL INFO Pattern 4, crossNic 0, nChannels 1, bw 1.200000/1.200000, type LOC/PHB, sameChannels 1
ip-10-239-1-184:56:56 [0] NCCL INFO  0 : NET/0-0 GPU/0-1e0 NET/0-0
ip-10-239-1-184:56:56 [0] NCCL INFO Pattern 3, crossNic 0, nChannels 1, bw 2.400000/1.200000, type LOC/PHB, sameChannels 1
ip-10-239-1-184:56:56 [0] NCCL INFO  0 : NET/0-0 GPU/0-1e0 NET/0-0
ip-10-239-1-184:56:56 [0] NCCL INFO Could not get speed from /sys/class/net/ens5/speed. Defaulting to 10 Gbps.
ip-10-239-1-184:56:56 [0] NCCL INFO comm 0x633326778080 rank 1 nRanks 2 nNodes 2 localRanks 1 localRank 0 MNNVL 0
ip-10-239-1-184:56:56 [0] NCCL INFO Tree 0 : 0 -> 1 -> -1/-1/-1
ip-10-239-1-184:56:56 [0] NCCL INFO Tree 1 : -1 -> 1 -> 0/-1/-1
ip-10-239-1-184:56:56 [0] NCCL INFO Ring 00 : 0 -> 1 -> 0
ip-10-239-1-184:56:56 [0] NCCL INFO Ring 01 : 0 -> 1 -> 0
ip-10-239-1-184:56:56 [0] NCCL INFO Trees [0] -1/-1/-1->1->0 [1] 0/-1/-1->1->-1
ip-10-239-1-184:56:56 [0] NCCL INFO P2P Chunksize set to 131072
ip-10-239-1-184:56:56 [0] NCCL INFO Check P2P Type isAllDirectP2p 1 directMode 0 isAllCudaP2p 1
ip-10-239-1-184:56:154 [0] NCCL INFO [Proxy Service] Device 0 CPU core 3
ip-10-239-1-184:56:56 [0] NCCL INFO ncclP2pSchedule: group size used is 1
ip-10-239-1-184:56:155 [0] NCCL INFO [Proxy Service UDS] Device 0 CPU core 0
ip-10-239-1-184:56:56 [0] NCCL INFO threadThresholds 8/8/64 | 16/8/64 | 512 | 512
ip-10-239-1-184:56:56 [0] NCCL INFO 2 coll channels, 2 collnet channels, 0 nvls channels, 2 p2p channels, 1 p2p channels per peer
ip-10-239-1-184:56:56 [0] NCCL INFO Symmetric VA size=24GB
ip-10-239-1-184:56:56 [0] NCCL INFO Symmetric memory is not supported. cuMemEnable 1, globalGinSupport 0, globalNicFused 0 cuMemGdrSupport 1
ip-10-239-1-184:56:56 [0] NCCL INFO ncclCommInitRankConfig comm 0x633326778080 rank 1 nranks 2 cudaDev 0 nvmlDev 0 busId 1e0 commId 0xd3e2b3ca8afecfc8 - Init COMPLETE
ip-10-239-1-184:56:56 [0] NCCL INFO Init timings - ncclCommInitRankConfig: rank 1 nranks 2 total 0.08 (kernels 0.00, alloc 0.00, bootstrap 0.05, allgathers 0.02, topo 0.00, graphs 0.00, connections 0.00, rest 0.00)
ip-10-239-1-184:56:154 [0] NCCL INFO New proxy recv connection 0 from local rank 0, transport 2
ip-10-239-1-184:56:156 [0] NCCL INFO [Proxy Progress] Device 0 CPU core 2
ip-10-239-1-184:56:56 [0] NCCL INFO Connected to proxy localRank 0 -> connection 0x7c44c8006eb0
ip-10-239-1-184:56:154 [0] NCCL INFO Could not get speed from /sys/class/net/ens5/speed. Defaulting to 10 Gbps.
ip-10-239-1-184:56:154 [0] NCCL INFO NET/Socket: Using 2 threads and 8 sockets per thread
ip-10-239-1-184:56:56 [0] NCCL INFO Channel 01/1 : 0[0] -> 1[0] [receive] via NET/Socket/0/Shared
ip-10-239-1-184:56:154 [0] NCCL INFO New proxy send connection 1 from local rank 0, transport 2
ip-10-239-1-184:56:56 [0] NCCL INFO Connected to proxy localRank 0 -> connection 0x7c44c8006f38
ip-10-239-1-184:56:154 [0] NCCL INFO Could not get speed from /sys/class/net/ens5/speed. Defaulting to 10 Gbps.
ip-10-239-1-184:56:56 [0] NCCL INFO Channel 01/1 : 1[0] -> 0[0] [send] via NET/Socket/0/Shared
ip-10-239-1-184:56:56 [0] NCCL INFO Initialized NET plugin Socket
ip-10-239-1-184:56:56 [0] NCCL INFO Could not get speed from /sys/class/net/ens5/speed. Defaulting to 10 Gbps.
ip-10-239-1-184:56:56 [0] NCCL INFO Assigned NET plugin Socket to comm
ip-10-239-1-184:56:56 [0] NCCL INFO Failed to initialize any GIN plugin
ip-10-239-1-184:56:56 [0] NCCL INFO Using network Socket
ip-10-239-1-184:56:56 [0] NCCL INFO [Rank 1] ncclCommInitRankConfig comm 0x63332ba76100 rank 1 nranks 2 cudaDev 0 nvmlDev 0 busId 1e0 commId 0x89e171c265925457 - Init START
ip-10-239-1-184:56:56 [0] NCCL INFO Topology detection : could not read /sys/devices/pci0000:00/0000:00:1e.0/../max_link_speed, ignoring
ip-10-239-1-184:56:56 [0] NCCL INFO Topology detection : could not read /sys/devices/pci0000:00/0000:00:1e.0/../max_link_width, ignoring
ip-10-239-1-184:56:56 [0] NCCL INFO Topology detection : could not read /sys/devices/system/node/node-1/cpumap, ignoring
ip-10-239-1-184:56:56 [0] NCCL INFO TOPO/NET : Importing network plugins to topology
ip-10-239-1-184:56:56 [0] NCCL INFO Could not get speed from /sys/class/net/ens5/speed. Defaulting to 10 Gbps.
ip-10-239-1-184:56:56 [0] NCCL INFO Topology detection : could not read /sys/devices/pci0000:00/0000:00:05.0/../max_link_speed, ignoring
ip-10-239-1-184:56:56 [0] NCCL INFO Topology detection : could not read /sys/devices/pci0000:00/0000:00:05.0/../max_link_width, ignoring
ip-10-239-1-184:56:56 [0] NCCL INFO Topology detection : could not read /sys/devices/system/node/node-1/cpumap, ignoring
ip-10-239-1-184:56:56 [0] NCCL INFO NET/Socket : GPU Direct RDMA Disabled for HCA 0 'ens5'
ip-10-239-1-184:56:56 [0] NCCL INFO ncclTopoPopulateNics : Filled ens5 in topo with pciPath=/sys/devices/pci0000:00/0000:00:05.0 net=1 gin=(null) keep=1 coll=(null)
ip-10-239-1-184:56:56 [0] NCCL INFO KV Convert to int : could not find value of 'Unknown' in dictionary, falling back to 60
ip-10-239-1-184:56:56 [0] NCCL INFO === System : maxBw 1.2 totalBw 24.0 ===
ip-10-239-1-184:56:56 [0] NCCL INFO CPU/0-ffffffffffffff (1/2/-1)
ip-10-239-1-184:56:56 [0] NCCL INFO + PCI[24.0] - GPU/0-1e0 (1)
ip-10-239-1-184:56:56 [0] NCCL INFO + PCI[12.0] - NIC/0-50
ip-10-239-1-184:56:56 [0] NCCL INFO               + NET[1.2] - NET/0-0 (0/0/0/1.250000)
ip-10-239-1-184:56:56 [0] NCCL INFO ==========================================
ip-10-239-1-184:56:56 [0] NCCL INFO GPU/0-1e0 :GPU/0-1e0 (0/5000.0/LOC) CPU/0-ffffffffffffff (1/24.0/PHB) NET/0-0 (3/1.2/PHB) 
ip-10-239-1-184:56:56 [0] NCCL INFO NET/0-0 :GPU/0-1e0 (3/1.2/PHB) CPU/0-ffffffffffffff (2/1.2/PHB) NET/0-0 (0/5000.0/LOC) 
ip-10-239-1-184:56:56 [0] NCCL INFO ncclTopoGetCpuAffinity: Affinity for GPU 0 is empty, ignoring. (GPU affinity =  ; CPU affinity = 0-3).
ip-10-239-1-184:56:56 [0] NCCL INFO Pattern 4, crossNic 0, nChannels 1, bw 1.200000/1.200000, type LOC/PHB, sameChannels 1
ip-10-239-1-184:56:56 [0] NCCL INFO  0 : NET/0-0 GPU/0-1e0 NET/0-0
ip-10-239-1-184:56:56 [0] NCCL INFO Pattern 3, crossNic 0, nChannels 1, bw 2.400000/1.200000, type LOC/PHB, sameChannels 1
ip-10-239-1-184:56:56 [0] NCCL INFO  0 : NET/0-0 GPU/0-1e0 NET/0-0
ip-10-239-1-184:56:56 [0] NCCL INFO Could not get speed from /sys/class/net/ens5/speed. Defaulting to 10 Gbps.
ip-10-239-1-184:56:56 [0] NCCL INFO comm 0x63332ba76100 rank 1 nRanks 2 nNodes 2 localRanks 1 localRank 0 MNNVL 0
ip-10-239-1-184:56:56 [0] NCCL INFO Tree 0 : 0 -> 1 -> -1/-1/-1
ip-10-239-1-184:56:56 [0] NCCL INFO Tree 1 : -1 -> 1 -> 0/-1/-1
ip-10-239-1-184:56:56 [0] NCCL INFO Ring 00 : 0 -> 1 -> 0
ip-10-239-1-184:56:56 [0] NCCL INFO Ring 01 : 0 -> 1 -> 0
ip-10-239-1-184:56:56 [0] NCCL INFO Trees [0] -1/-1/-1->1->0 [1] 0/-1/-1->1->-1
ip-10-239-1-184:56:56 [0] NCCL INFO P2P Chunksize set to 131072
ip-10-239-1-184:56:56 [0] NCCL INFO Check P2P Type isAllDirectP2p 1 directMode 0 isAllCudaP2p 1
ip-10-239-1-184:56:56 [0] NCCL INFO ncclP2pSchedule: group size used is 1
ip-10-239-1-184:56:161 [0] NCCL INFO [Proxy Service] Device 0 CPU core 3
ip-10-239-1-184:56:162 [0] NCCL INFO [Proxy Service UDS] Device 0 CPU core 3
ip-10-239-1-184:56:56 [0] NCCL INFO threadThresholds 8/8/64 | 16/8/64 | 512 | 512
ip-10-239-1-184:56:56 [0] NCCL INFO 2 coll channels, 2 collnet channels, 0 nvls channels, 2 p2p channels, 1 p2p channels per peer
ip-10-239-1-184:56:56 [0] NCCL INFO Symmetric VA size=24GB
ip-10-239-1-184:56:56 [0] NCCL INFO Symmetric memory is not supported. cuMemEnable 1, globalGinSupport 0, globalNicFused 0 cuMemGdrSupport 1
ip-10-239-1-184:56:56 [0] NCCL INFO ncclCommInitRankConfig comm 0x63332ba76100 rank 1 nranks 2 cudaDev 0 nvmlDev 0 busId 1e0 commId 0x89e171c265925457 - Init COMPLETE
ip-10-239-1-184:56:56 [0] NCCL INFO Init timings - ncclCommInitRankConfig: rank 1 nranks 2 total 1.00 (kernels 0.00, alloc 0.00, bootstrap 0.71, allgathers 0.28, topo 0.00, graphs 0.00, connections 0.00, rest 0.00)
ip-10-239-1-184:56:161 [0] NCCL INFO New proxy recv connection 0 from local rank 0, transport 2
ip-10-239-1-184:56:163 [0] NCCL INFO [Proxy Progress] Device 0 CPU core 2
ip-10-239-1-184:56:56 [0] NCCL INFO Connected to proxy localRank 0 -> connection 0x7c4558036f50
ip-10-239-1-184:56:161 [0] NCCL INFO Could not get speed from /sys/class/net/ens5/speed. Defaulting to 10 Gbps.
ip-10-239-1-184:56:161 [0] NCCL INFO NET/Socket: Using 2 threads and 8 sockets per thread
ip-10-239-1-184:56:56 [0] NCCL INFO Channel 01/1 : 0[0] -> 1[0] [receive] via NET/Socket/0/Shared
ip-10-239-1-184:56:161 [0] NCCL INFO New proxy send connection 1 from local rank 0, transport 2
ip-10-239-1-184:56:56 [0] NCCL INFO Connected to proxy localRank 0 -> connection 0x7c4558036fd8
ip-10-239-1-184:56:161 [0] NCCL INFO Could not get speed from /sys/class/net/ens5/speed. Defaulting to 10 Gbps.
ip-10-239-1-184:56:56 [0] NCCL INFO Channel 01/1 : 1[0] -> 0[0] [send] via NET/Socket/0/Shared
ip-10-239-1-184:56:56 [0] NCCL INFO Initialized NET plugin Socket
ip-10-239-1-184:56:56 [0] NCCL INFO Could not get speed from /sys/class/net/ens5/speed. Defaulting to 10 Gbps.
ip-10-239-1-184:56:56 [0] NCCL INFO Assigned NET plugin Socket to comm
ip-10-239-1-184:56:56 [0] NCCL INFO Failed to initialize any GIN plugin
ip-10-239-1-184:56:56 [0] NCCL INFO Using network Socket
ip-10-239-1-184:56:56 [0] NCCL INFO [Rank 0] ncclCommInitRankConfig comm 0x63332e774980 rank 0 nranks 2 cudaDev 0 nvmlDev 0 busId 1e0 commId 0xd2559093c941223a - Init START
ip-10-239-1-184:56:56 [0] NCCL INFO Topology detection : could not read /sys/devices/pci0000:00/0000:00:1e.0/../max_link_speed, ignoring
ip-10-239-1-184:56:56 [0] NCCL INFO Topology detection : could not read /sys/devices/pci0000:00/0000:00:1e.0/../max_link_width, ignoring
ip-10-239-1-184:56:56 [0] NCCL INFO Topology detection : could not read /sys/devices/system/node/node-1/cpumap, ignoring
ip-10-239-1-184:56:56 [0] NCCL INFO TOPO/NET : Importing network plugins to topology
ip-10-239-1-184:56:56 [0] NCCL INFO Could not get speed from /sys/class/net/ens5/speed. Defaulting to 10 Gbps.
ip-10-239-1-184:56:56 [0] NCCL INFO Topology detection : could not read /sys/devices/pci0000:00/0000:00:05.0/../max_link_speed, ignoring
ip-10-239-1-184:56:56 [0] NCCL INFO Topology detection : could not read /sys/devices/pci0000:00/0000:00:05.0/../max_link_width, ignoring
ip-10-239-1-184:56:56 [0] NCCL INFO Topology detection : could not read /sys/devices/system/node/node-1/cpumap, ignoring
ip-10-239-1-184:56:56 [0] NCCL INFO NET/Socket : GPU Direct RDMA Disabled for HCA 0 'ens5'
ip-10-239-1-184:56:56 [0] NCCL INFO ncclTopoPopulateNics : Filled ens5 in topo with pciPath=/sys/devices/pci0000:00/0000:00:05.0 net=1 gin=(null) keep=1 coll=(null)
ip-10-239-1-184:56:56 [0] NCCL INFO KV Convert to int : could not find value of 'Unknown' in dictionary, falling back to 60
ip-10-239-1-184:56:56 [0] NCCL INFO === System : maxBw 1.2 totalBw 24.0 ===
ip-10-239-1-184:56:56 [0] NCCL INFO CPU/0-ffffffffffffff (1/2/-1)
ip-10-239-1-184:56:56 [0] NCCL INFO + PCI[24.0] - GPU/0-1e0 (0)
ip-10-239-1-184:56:56 [0] NCCL INFO + PCI[12.0] - NIC/0-50
ip-10-239-1-184:56:56 [0] NCCL INFO               + NET[1.2] - NET/0-0 (0/0/0/1.250000)
ip-10-239-1-184:56:56 [0] NCCL INFO ==========================================
ip-10-239-1-184:56:56 [0] NCCL INFO GPU/0-1e0 :GPU/0-1e0 (0/5000.0/LOC) CPU/0-ffffffffffffff (1/24.0/PHB) NET/0-0 (3/1.2/PHB) 
ip-10-239-1-184:56:56 [0] NCCL INFO NET/0-0 :GPU/0-1e0 (3/1.2/PHB) CPU/0-ffffffffffffff (2/1.2/PHB) NET/0-0 (0/5000.0/LOC) 
ip-10-239-1-184:56:56 [0] NCCL INFO ncclTopoGetCpuAffinity: Affinity for GPU 0 is empty, ignoring. (GPU affinity =  ; CPU affinity = 0-3).
ip-10-239-1-184:56:56 [0] NCCL INFO Pattern 4, crossNic 0, nChannels 1, bw 1.200000/1.200000, type LOC/PHB, sameChannels 1
ip-10-239-1-184:56:56 [0] NCCL INFO  0 : NET/0-0 GPU/0-1e0 NET/0-0
ip-10-239-1-184:56:56 [0] NCCL INFO Pattern 3, crossNic 0, nChannels 1, bw 2.400000/1.200000, type LOC/PHB, sameChannels 1
ip-10-239-1-184:56:56 [0] NCCL INFO  0 : NET/0-0 GPU/0-1e0 NET/0-0
ip-10-239-1-184:56:56 [0] NCCL INFO Could not get speed from /sys/class/net/ens5/speed. Defaulting to 10 Gbps.
ip-10-239-1-184:56:56 [0] NCCL INFO comm 0x63332e774980 rank 0 nRanks 2 nNodes 2 localRanks 1 localRank 0 MNNVL 0
ip-10-239-1-184:56:56 [0] NCCL INFO Tree 0 : -1 -> 0 -> 1/-1/-1
ip-10-239-1-184:56:56 [0] NCCL INFO Tree 1 : 1 -> 0 -> -1/-1/-1
ip-10-239-1-184:56:56 [0] NCCL INFO Channel 00/02 : 0 1
ip-10-239-1-184:56:56 [0] NCCL INFO Channel 01/02 : 0 1
ip-10-239-1-184:56:56 [0] NCCL INFO Ring 00 : 1 -> 0 -> 1
ip-10-239-1-184:56:56 [0] NCCL INFO Ring 01 : 1 -> 0 -> 1
ip-10-239-1-184:56:56 [0] NCCL INFO Trees [0] 1/-1/-1->0->-1 [1] -1/-1/-1->0->1
ip-10-239-1-184:56:56 [0] NCCL INFO P2P Chunksize set to 131072
ip-10-239-1-184:56:56 [0] NCCL INFO Check P2P Type isAllDirectP2p 1 directMode 0 isAllCudaP2p 1
ip-10-239-1-184:56:169 [0] NCCL INFO [Proxy Service] Device 0 CPU core 1
ip-10-239-1-184:56:56 [0] NCCL INFO ncclP2pSchedule: group size used is 1
ip-10-239-1-184:56:170 [0] NCCL INFO [Proxy Service UDS] Device 0 CPU core 1
ip-10-239-1-184:56:56 [0] NCCL INFO threadThresholds 8/8/64 | 16/8/64 | 512 | 512
ip-10-239-1-184:56:56 [0] NCCL INFO 2 coll channels, 2 collnet channels, 0 nvls channels, 2 p2p channels, 1 p2p channels per peer
ip-10-239-1-184:56:56 [0] NCCL INFO Symmetric VA size=24GB
ip-10-239-1-184:56:56 [0] NCCL INFO Symmetric memory is not supported. cuMemEnable 1, globalGinSupport 0, globalNicFused 0 cuMemGdrSupport 1
ip-10-239-1-184:56:56 [0] NCCL INFO CC Off, workFifoBytes 1048576
ip-10-239-1-184:56:56 [0] NCCL INFO ncclCommInitRankConfig comm 0x63332e774980 rank 0 nranks 2 cudaDev 0 nvmlDev 0 busId 1e0 commId 0xd2559093c941223a - Init COMPLETE
ip-10-239-1-184:56:56 [0] NCCL INFO Init timings - ncclCommInitRankConfig: rank 0 nranks 2 total 0.69 (kernels 0.00, alloc 0.00, bootstrap 0.63, allgathers 0.06, topo 0.00, graphs 0.00, connections 0.00, rest 0.00)
ip-10-239-1-184:56:169 [0] NCCL INFO New proxy send connection 0 from local rank 0, transport 2
ip-10-239-1-184:56:171 [0] NCCL INFO [Proxy Progress] Device 0 CPU core 2
ip-10-239-1-184:56:56 [0] NCCL INFO Connected to proxy localRank 0 -> connection 0x7c456802e260
ip-10-239-1-184:56:169 [0] NCCL INFO Could not get speed from /sys/class/net/ens5/speed. Defaulting to 10 Gbps.
ip-10-239-1-184:56:56 [0] NCCL INFO Channel 01/1 : 0[0] -> 1[0] [send] via NET/Socket/0/Shared
ip-10-239-1-184:56:169 [0] NCCL INFO New proxy recv connection 1 from local rank 0, transport 2
ip-10-239-1-184:56:56 [0] NCCL INFO Connected to proxy localRank 0 -> connection 0x7c456802e2e8
ip-10-239-1-184:56:169 [0] NCCL INFO Could not get speed from /sys/class/net/ens5/speed. Defaulting to 10 Gbps.
ip-10-239-1-184:56:169 [0] NCCL INFO NET/Socket: Using 2 threads and 8 sockets per thread
ip-10-239-1-184:56:56 [0] NCCL INFO Channel 01/1 : 1[0] -> 0[0] [receive] via NET/Socket/0/Shared
ip-10-239-1-184:56:56 [0] NCCL INFO Initialized NET plugin Socket
ip-10-239-1-184:56:56 [0] NCCL INFO Could not get speed from /sys/class/net/ens5/speed. Defaulting to 10 Gbps.
ip-10-239-1-184:56:56 [0] NCCL INFO Assigned NET plugin Socket to comm
ip-10-239-1-184:56:56 [0] NCCL INFO Failed to initialize any GIN plugin
ip-10-239-1-184:56:56 [0] NCCL INFO Using network Socket
ip-10-239-1-184:56:56 [0] NCCL INFO [Rank 1] ncclCommInitRankConfig comm 0x63332e899770 rank 1 nranks 2 cudaDev 0 nvmlDev 0 busId 1e0 commId 0xaa3d7aa106f3249c - Init START
ip-10-239-1-184:56:56 [0] NCCL INFO Topology detection : could not read /sys/devices/pci0000:00/0000:00:1e.0/../max_link_speed, ignoring
ip-10-239-1-184:56:56 [0] NCCL INFO Topology detection : could not read /sys/devices/pci0000:00/0000:00:1e.0/../max_link_width, ignoring
ip-10-239-1-184:56:56 [0] NCCL INFO Topology detection : could not read /sys/devices/system/node/node-1/cpumap, ignoring
ip-10-239-1-184:56:56 [0] NCCL INFO TOPO/NET : Importing network plugins to topology
ip-10-239-1-184:56:56 [0] NCCL INFO Could not get speed from /sys/class/net/ens5/speed. Defaulting to 10 Gbps.
ip-10-239-1-184:56:56 [0] NCCL INFO Topology detection : could not read /sys/devices/pci0000:00/0000:00:05.0/../max_link_speed, ignoring
ip-10-239-1-184:56:56 [0] NCCL INFO Topology detection : could not read /sys/devices/pci0000:00/0000:00:05.0/../max_link_width, ignoring
ip-10-239-1-184:56:56 [0] NCCL INFO Topology detection : could not read /sys/devices/system/node/node-1/cpumap, ignoring
ip-10-239-1-184:56:56 [0] NCCL INFO NET/Socket : GPU Direct RDMA Disabled for HCA 0 'ens5'
ip-10-239-1-184:56:56 [0] NCCL INFO ncclTopoPopulateNics : Filled ens5 in topo with pciPath=/sys/devices/pci0000:00/0000:00:05.0 net=1 gin=(null) keep=1 coll=(null)
ip-10-239-1-184:56:56 [0] NCCL INFO KV Convert to int : could not find value of 'Unknown' in dictionary, falling back to 60
ip-10-239-1-184:56:56 [0] NCCL INFO === System : maxBw 1.2 totalBw 24.0 ===
ip-10-239-1-184:56:56 [0] NCCL INFO CPU/0-ffffffffffffff (1/2/-1)
ip-10-239-1-184:56:56 [0] NCCL INFO + PCI[24.0] - GPU/0-1e0 (1)
ip-10-239-1-184:56:56 [0] NCCL INFO + PCI[12.0] - NIC/0-50
ip-10-239-1-184:56:56 [0] NCCL INFO               + NET[1.2] - NET/0-0 (0/0/0/1.250000)
ip-10-239-1-184:56:56 [0] NCCL INFO ==========================================
ip-10-239-1-184:56:56 [0] NCCL INFO GPU/0-1e0 :GPU/0-1e0 (0/5000.0/LOC) CPU/0-ffffffffffffff (1/24.0/PHB) NET/0-0 (3/1.2/PHB) 
ip-10-239-1-184:56:56 [0] NCCL INFO NET/0-0 :GPU/0-1e0 (3/1.2/PHB) CPU/0-ffffffffffffff (2/1.2/PHB) NET/0-0 (0/5000.0/LOC) 
ip-10-239-1-184:56:56 [0] NCCL INFO ncclTopoGetCpuAffinity: Affinity for GPU 0 is empty, ignoring. (GPU affinity =  ; CPU affinity = 0-3).
ip-10-239-1-184:56:56 [0] NCCL INFO Pattern 4, crossNic 0, nChannels 1, bw 1.200000/1.200000, type LOC/PHB, sameChannels 1
ip-10-239-1-184:56:56 [0] NCCL INFO  0 : NET/0-0 GPU/0-1e0 NET/0-0
ip-10-239-1-184:56:56 [0] NCCL INFO Pattern 3, crossNic 0, nChannels 1, bw 2.400000/1.200000, type LOC/PHB, sameChannels 1
ip-10-239-1-184:56:56 [0] NCCL INFO  0 : NET/0-0 GPU/0-1e0 NET/0-0
ip-10-239-1-184:56:56 [0] NCCL INFO Could not get speed from /sys/class/net/ens5/speed. Defaulting to 10 Gbps.
ip-10-239-1-184:56:56 [0] NCCL INFO comm 0x63332e899770 rank 1 nRanks 2 nNodes 2 localRanks 1 localRank 0 MNNVL 0
ip-10-239-1-184:56:56 [0] NCCL INFO Tree 0 : 0 -> 1 -> -1/-1/-1
ip-10-239-1-184:56:56 [0] NCCL INFO Tree 1 : -1 -> 1 -> 0/-1/-1
ip-10-239-1-184:56:56 [0] NCCL INFO Ring 00 : 0 -> 1 -> 0
ip-10-239-1-184:56:56 [0] NCCL INFO Ring 01 : 0 -> 1 -> 0
ip-10-239-1-184:56:56 [0] NCCL INFO Trees [0] -1/-1/-1->1->0 [1] 0/-1/-1->1->-1
ip-10-239-1-184:56:56 [0] NCCL INFO P2P Chunksize set to 131072
ip-10-239-1-184:56:56 [0] NCCL INFO Check P2P Type isAllDirectP2p 1 directMode 0 isAllCudaP2p 1
ip-10-239-1-184:56:56 [0] NCCL INFO ncclP2pSchedule: group size used is 1
ip-10-239-1-184:56:177 [0] NCCL INFO [Proxy Service UDS] Device 0 CPU core 3
ip-10-239-1-184:56:176 [0] NCCL INFO [Proxy Service] Device 0 CPU core 0
ip-10-239-1-184:56:56 [0] NCCL INFO threadThresholds 8/8/64 | 16/8/64 | 512 | 512
ip-10-239-1-184:56:56 [0] NCCL INFO 2 coll channels, 2 collnet channels, 0 nvls channels, 2 p2p channels, 1 p2p channels per peer
ip-10-239-1-184:56:56 [0] NCCL INFO Symmetric VA size=24GB
ip-10-239-1-184:56:56 [0] NCCL INFO Symmetric memory is not supported. cuMemEnable 1, globalGinSupport 0, globalNicFused 0 cuMemGdrSupport 1
ip-10-239-1-184:56:56 [0] NCCL INFO ncclCommInitRankConfig comm 0x63332e899770 rank 1 nranks 2 cudaDev 0 nvmlDev 0 busId 1e0 commId 0xaa3d7aa106f3249c - Init COMPLETE
ip-10-239-1-184:56:56 [0] NCCL INFO Init timings - ncclCommInitRankConfig: rank 1 nranks 2 total 0.65 (kernels 0.00, alloc 0.00, bootstrap 0.46, allgathers 0.19, topo 0.00, graphs 0.00, connections 0.00, rest 0.00)
ip-10-239-1-184:56:176 [0] NCCL INFO New proxy recv connection 0 from local rank 0, transport 2
ip-10-239-1-184:56:178 [0] NCCL INFO [Proxy Progress] Device 0 CPU core 2
ip-10-239-1-184:56:56 [0] NCCL INFO Connected to proxy localRank 0 -> connection 0x7c457c0785d0
ip-10-239-1-184:56:176 [0] NCCL INFO Could not get speed from /sys/class/net/ens5/speed. Defaulting to 10 Gbps.
ip-10-239-1-184:56:176 [0] NCCL INFO NET/Socket: Using 2 threads and 8 sockets per thread
ip-10-239-1-184:56:56 [0] NCCL INFO Channel 01/1 : 0[0] -> 1[0] [receive] via NET/Socket/0/Shared
ip-10-239-1-184:56:176 [0] NCCL INFO New proxy send connection 1 from local rank 0, transport 2
ip-10-239-1-184:56:56 [0] NCCL INFO Connected to proxy localRank 0 -> connection 0x7c457c078658
ip-10-239-1-184:56:176 [0] NCCL INFO Could not get speed from /sys/class/net/ens5/speed. Defaulting to 10 Gbps.
ip-10-239-1-184:56:56 [0] NCCL INFO Channel 01/1 : 1[0] -> 0[0] [send] via NET/Socket/0/Shared
ip-10-239-1-184:56:56 [0] NCCL INFO Initialized NET plugin Socket
ip-10-239-1-184:56:56 [0] NCCL INFO Could not get speed from /sys/class/net/ens5/speed. Defaulting to 10 Gbps.
ip-10-239-1-184:56:56 [0] NCCL INFO Assigned NET plugin Socket to comm
ip-10-239-1-184:56:56 [0] NCCL INFO Failed to initialize any GIN plugin
ip-10-239-1-184:56:56 [0] NCCL INFO Using network Socket
ip-10-239-1-184:56:56 [0] NCCL INFO [Rank 0] ncclCommInitRankConfig comm 0x63332e9be560 rank 0 nranks 2 cudaDev 0 nvmlDev 0 busId 1e0 commId 0x623d7729da8efa2e - Init START
ip-10-239-1-184:56:56 [0] NCCL INFO Topology detection : could not read /sys/devices/pci0000:00/0000:00:1e.0/../max_link_speed, ignoring
ip-10-239-1-184:56:56 [0] NCCL INFO Topology detection : could not read /sys/devices/pci0000:00/0000:00:1e.0/../max_link_width, ignoring
ip-10-239-1-184:56:56 [0] NCCL INFO Topology detection : could not read /sys/devices/system/node/node-1/cpumap, ignoring
ip-10-239-1-184:56:56 [0] NCCL INFO TOPO/NET : Importing network plugins to topology
ip-10-239-1-184:56:56 [0] NCCL INFO Could not get speed from /sys/class/net/ens5/speed. Defaulting to 10 Gbps.
ip-10-239-1-184:56:56 [0] NCCL INFO Topology detection : could not read /sys/devices/pci0000:00/0000:00:05.0/../max_link_speed, ignoring
ip-10-239-1-184:56:56 [0] NCCL INFO Topology detection : could not read /sys/devices/pci0000:00/0000:00:05.0/../max_link_width, ignoring
ip-10-239-1-184:56:56 [0] NCCL INFO Topology detection : could not read /sys/devices/system/node/node-1/cpumap, ignoring
ip-10-239-1-184:56:56 [0] NCCL INFO NET/Socket : GPU Direct RDMA Disabled for HCA 0 'ens5'
ip-10-239-1-184:56:56 [0] NCCL INFO ncclTopoPopulateNics : Filled ens5 in topo with pciPath=/sys/devices/pci0000:00/0000:00:05.0 net=1 gin=(null) keep=1 coll=(null)
ip-10-239-1-184:56:56 [0] NCCL INFO KV Convert to int : could not find value of 'Unknown' in dictionary, falling back to 60
ip-10-239-1-184:56:56 [0] NCCL INFO === System : maxBw 1.2 totalBw 24.0 ===
ip-10-239-1-184:56:56 [0] NCCL INFO CPU/0-ffffffffffffff (1/2/-1)
ip-10-239-1-184:56:56 [0] NCCL INFO + PCI[24.0] - GPU/0-1e0 (0)
ip-10-239-1-184:56:56 [0] NCCL INFO + PCI[12.0] - NIC/0-50
ip-10-239-1-184:56:56 [0] NCCL INFO               + NET[1.2] - NET/0-0 (0/0/0/1.250000)
ip-10-239-1-184:56:56 [0] NCCL INFO ==========================================
ip-10-239-1-184:56:56 [0] NCCL INFO GPU/0-1e0 :GPU/0-1e0 (0/5000.0/LOC) CPU/0-ffffffffffffff (1/24.0/PHB) NET/0-0 (3/1.2/PHB) 
ip-10-239-1-184:56:56 [0] NCCL INFO NET/0-0 :GPU/0-1e0 (3/1.2/PHB) CPU/0-ffffffffffffff (2/1.2/PHB) NET/0-0 (0/5000.0/LOC) 
ip-10-239-1-184:56:56 [0] NCCL INFO ncclTopoGetCpuAffinity: Affinity for GPU 0 is empty, ignoring. (GPU affinity =  ; CPU affinity = 0-3).
ip-10-239-1-184:56:56 [0] NCCL INFO Pattern 4, crossNic 0, nChannels 1, bw 1.200000/1.200000, type LOC/PHB, sameChannels 1
ip-10-239-1-184:56:56 [0] NCCL INFO  0 : NET/0-0 GPU/0-1e0 NET/0-0
ip-10-239-1-184:56:56 [0] NCCL INFO Pattern 3, crossNic 0, nChannels 1, bw 2.400000/1.200000, type LOC/PHB, sameChannels 1
ip-10-239-1-184:56:56 [0] NCCL INFO  0 : NET/0-0 GPU/0-1e0 NET/0-0
ip-10-239-1-184:56:56 [0] NCCL INFO Could not get speed from /sys/class/net/ens5/speed. Defaulting to 10 Gbps.
ip-10-239-1-184:56:56 [0] NCCL INFO comm 0x63332e9be560 rank 0 nRanks 2 nNodes 2 localRanks 1 localRank 0 MNNVL 0
ip-10-239-1-184:56:56 [0] NCCL INFO Tree 0 : -1 -> 0 -> 1/-1/-1
ip-10-239-1-184:56:56 [0] NCCL INFO Tree 1 : 1 -> 0 -> -1/-1/-1
ip-10-239-1-184:56:56 [0] NCCL INFO Channel 00/02 : 0 1
ip-10-239-1-184:56:56 [0] NCCL INFO Channel 01/02 : 0 1
ip-10-239-1-184:56:56 [0] NCCL INFO Ring 00 : 1 -> 0 -> 1
ip-10-239-1-184:56:56 [0] NCCL INFO Ring 01 : 1 -> 0 -> 1
ip-10-239-1-184:56:56 [0] NCCL INFO Trees [0] 1/-1/-1->0->-1 [1] -1/-1/-1->0->1
ip-10-239-1-184:56:56 [0] NCCL INFO P2P Chunksize set to 131072
ip-10-239-1-184:56:56 [0] NCCL INFO Check P2P Type isAllDirectP2p 1 directMode 0 isAllCudaP2p 1
ip-10-239-1-184:56:184 [0] NCCL INFO [Proxy Service] Device 0 CPU core 3
ip-10-239-1-184:56:185 [0] NCCL INFO [Proxy Service UDS] Device 0 CPU core 3
ip-10-239-1-184:56:56 [0] NCCL INFO ncclP2pSchedule: group size used is 1
ip-10-239-1-184:56:56 [0] NCCL INFO threadThresholds 8/8/64 | 16/8/64 | 512 | 512
ip-10-239-1-184:56:56 [0] NCCL INFO 2 coll channels, 2 collnet channels, 0 nvls channels, 2 p2p channels, 1 p2p channels per peer
ip-10-239-1-184:56:56 [0] NCCL INFO Symmetric VA size=24GB
ip-10-239-1-184:56:56 [0] NCCL INFO Symmetric memory is not supported. cuMemEnable 1, globalGinSupport 0, globalNicFused 0 cuMemGdrSupport 1
ip-10-239-1-184:56:56 [0] NCCL INFO CC Off, workFifoBytes 1048576
ip-10-239-1-184:56:56 [0] NCCL INFO ncclCommInitRankConfig comm 0x63332e9be560 rank 0 nranks 2 cudaDev 0 nvmlDev 0 busId 1e0 commId 0x623d7729da8efa2e - Init COMPLETE
ip-10-239-1-184:56:56 [0] NCCL INFO Init timings - ncclCommInitRankConfig: rank 0 nranks 2 total 1.79 (kernels 0.00, alloc 0.00, bootstrap 1.39, allgathers 0.39, topo 0.00, graphs 0.00, connections 0.00, rest 0.00)
ip-10-239-1-184:56:184 [0] NCCL INFO New proxy send connection 0 from local rank 0, transport 2
ip-10-239-1-184:56:186 [0] NCCL INFO [Proxy Progress] Device 0 CPU core 1
ip-10-239-1-184:56:56 [0] NCCL INFO Connected to proxy localRank 0 -> connection 0x7c4588005260
ip-10-239-1-184:56:184 [0] NCCL INFO Could not get speed from /sys/class/net/ens5/speed. Defaulting to 10 Gbps.
ip-10-239-1-184:56:56 [0] NCCL INFO Channel 01/1 : 0[0] -> 1[0] [send] via NET/Socket/0/Shared
ip-10-239-1-184:56:184 [0] NCCL INFO New proxy recv connection 1 from local rank 0, transport 2
ip-10-239-1-184:56:56 [0] NCCL INFO Connected to proxy localRank 0 -> connection 0x7c45880052e8
ip-10-239-1-184:56:184 [0] NCCL INFO Could not get speed from /sys/class/net/ens5/speed. Defaulting to 10 Gbps.
ip-10-239-1-184:56:184 [0] NCCL INFO NET/Socket: Using 2 threads and 8 sockets per thread
ip-10-239-1-184:56:56 [0] NCCL INFO Channel 01/1 : 1[0] -> 0[0] [receive] via NET/Socket/0/Shared
ip-10-239-1-184:56:56 [0] NCCL INFO Initialized NET plugin Socket
ip-10-239-1-184:56:56 [0] NCCL INFO Could not get speed from /sys/class/net/ens5/speed. Defaulting to 10 Gbps.
ip-10-239-1-184:56:56 [0] NCCL INFO Assigned NET plugin Socket to comm
ip-10-239-1-184:56:56 [0] NCCL INFO Failed to initialize any GIN plugin
ip-10-239-1-184:56:56 [0] NCCL INFO Using network Socket
ip-10-239-1-184:56:56 [0] NCCL INFO [Rank 1] ncclCommInitRankConfig comm 0x63332eae3350 rank 1 nranks 2 cudaDev 0 nvmlDev 0 busId 1e0 commId 0x5843e497bc22f281 - Init START
ip-10-239-1-184:56:56 [0] NCCL INFO Topology detection : could not read /sys/devices/pci0000:00/0000:00:1e.0/../max_link_speed, ignoring
ip-10-239-1-184:56:56 [0] NCCL INFO Topology detection : could not read /sys/devices/pci0000:00/0000:00:1e.0/../max_link_width, ignoring
ip-10-239-1-184:56:56 [0] NCCL INFO Topology detection : could not read /sys/devices/system/node/node-1/cpumap, ignoring
ip-10-239-1-184:56:56 [0] NCCL INFO TOPO/NET : Importing network plugins to topology
ip-10-239-1-184:56:56 [0] NCCL INFO Could not get speed from /sys/class/net/ens5/speed. Defaulting to 10 Gbps.
ip-10-239-1-184:56:56 [0] NCCL INFO Topology detection : could not read /sys/devices/pci0000:00/0000:00:05.0/../max_link_speed, ignoring
ip-10-239-1-184:56:56 [0] NCCL INFO Topology detection : could not read /sys/devices/pci0000:00/0000:00:05.0/../max_link_width, ignoring
ip-10-239-1-184:56:56 [0] NCCL INFO Topology detection : could not read /sys/devices/system/node/node-1/cpumap, ignoring
ip-10-239-1-184:56:56 [0] NCCL INFO NET/Socket : GPU Direct RDMA Disabled for HCA 0 'ens5'
ip-10-239-1-184:56:56 [0] NCCL INFO ncclTopoPopulateNics : Filled ens5 in topo with pciPath=/sys/devices/pci0000:00/0000:00:05.0 net=1 gin=(null) keep=1 coll=(null)
ip-10-239-1-184:56:56 [0] NCCL INFO KV Convert to int : could not find value of 'Unknown' in dictionary, falling back to 60
ip-10-239-1-184:56:56 [0] NCCL INFO === System : maxBw 1.2 totalBw 24.0 ===
ip-10-239-1-184:56:56 [0] NCCL INFO CPU/0-ffffffffffffff (1/2/-1)
ip-10-239-1-184:56:56 [0] NCCL INFO + PCI[24.0] - GPU/0-1e0 (1)
ip-10-239-1-184:56:56 [0] NCCL INFO + PCI[12.0] - NIC/0-50
ip-10-239-1-184:56:56 [0] NCCL INFO               + NET[1.2] - NET/0-0 (0/0/0/1.250000)
ip-10-239-1-184:56:56 [0] NCCL INFO ==========================================
ip-10-239-1-184:56:56 [0] NCCL INFO GPU/0-1e0 :GPU/0-1e0 (0/5000.0/LOC) CPU/0-ffffffffffffff (1/24.0/PHB) NET/0-0 (3/1.2/PHB) 
ip-10-239-1-184:56:56 [0] NCCL INFO NET/0-0 :GPU/0-1e0 (3/1.2/PHB) CPU/0-ffffffffffffff (2/1.2/PHB) NET/0-0 (0/5000.0/LOC) 
ip-10-239-1-184:56:56 [0] NCCL INFO ncclTopoGetCpuAffinity: Affinity for GPU 0 is empty, ignoring. (GPU affinity =  ; CPU affinity = 0-3).
ip-10-239-1-184:56:56 [0] NCCL INFO Pattern 4, crossNic 0, nChannels 1, bw 1.200000/1.200000, type LOC/PHB, sameChannels 1
ip-10-239-1-184:56:56 [0] NCCL INFO  0 : NET/0-0 GPU/0-1e0 NET/0-0
ip-10-239-1-184:56:56 [0] NCCL INFO Pattern 3, crossNic 0, nChannels 1, bw 2.400000/1.200000, type LOC/PHB, sameChannels 1
ip-10-239-1-184:56:56 [0] NCCL INFO  0 : NET/0-0 GPU/0-1e0 NET/0-0
ip-10-239-1-184:56:56 [0] NCCL INFO Could not get speed from /sys/class/net/ens5/speed. Defaulting to 10 Gbps.
ip-10-239-1-184:56:56 [0] NCCL INFO comm 0x63332eae3350 rank 1 nRanks 2 nNodes 2 localRanks 1 localRank 0 MNNVL 0
ip-10-239-1-184:56:56 [0] NCCL INFO Tree 0 : 0 -> 1 -> -1/-1/-1
ip-10-239-1-184:56:56 [0] NCCL INFO Tree 1 : -1 -> 1 -> 0/-1/-1
ip-10-239-1-184:56:56 [0] NCCL INFO Ring 00 : 0 -> 1 -> 0
ip-10-239-1-184:56:56 [0] NCCL INFO Ring 01 : 0 -> 1 -> 0
ip-10-239-1-184:56:56 [0] NCCL INFO Trees [0] -1/-1/-1->1->0 [1] 0/-1/-1->1->-1
ip-10-239-1-184:56:56 [0] NCCL INFO P2P Chunksize set to 131072
ip-10-239-1-184:56:56 [0] NCCL INFO Check P2P Type isAllDirectP2p 1 directMode 0 isAllCudaP2p 1
ip-10-239-1-184:56:191 [0] NCCL INFO [Proxy Service] Device 0 CPU core 0
ip-10-239-1-184:56:56 [0] NCCL INFO ncclP2pSchedule: group size used is 1
ip-10-239-1-184:56:192 [0] NCCL INFO [Proxy Service UDS] Device 0 CPU core 1
ip-10-239-1-184:56:56 [0] NCCL INFO threadThresholds 8/8/64 | 16/8/64 | 512 | 512
ip-10-239-1-184:56:56 [0] NCCL INFO 2 coll channels, 2 collnet channels, 0 nvls channels, 2 p2p channels, 1 p2p channels per peer
ip-10-239-1-184:56:56 [0] NCCL INFO Symmetric VA size=24GB
ip-10-239-1-184:56:56 [0] NCCL INFO Symmetric memory is not supported. cuMemEnable 1, globalGinSupport 0, globalNicFused 0 cuMemGdrSupport 1
ip-10-239-1-184:56:56 [0] NCCL INFO ncclCommInitRankConfig comm 0x63332eae3350 rank 1 nranks 2 cudaDev 0 nvmlDev 0 busId 1e0 commId 0x5843e497bc22f281 - Init COMPLETE
ip-10-239-1-184:56:56 [0] NCCL INFO Init timings - ncclCommInitRankConfig: rank 1 nranks 2 total 0.06 (kernels 0.00, alloc 0.00, bootstrap 0.04, allgathers 0.02, topo 0.00, graphs 0.00, connections 0.00, rest 0.00)
ip-10-239-1-184:56:191 [0] NCCL INFO New proxy recv connection 0 from local rank 0, transport 2
ip-10-239-1-184:56:193 [0] NCCL INFO [Proxy Progress] Device 0 CPU core 2
ip-10-239-1-184:56:56 [0] NCCL INFO Connected to proxy localRank 0 -> connection 0x7c45b4005220
ip-10-239-1-184:56:191 [0] NCCL INFO Could not get speed from /sys/class/net/ens5/speed. Defaulting to 10 Gbps.
ip-10-239-1-184:56:191 [0] NCCL INFO NET/Socket: Using 2 threads and 8 sockets per thread
ip-10-239-1-184:56:56 [0] NCCL INFO Channel 01/1 : 0[0] -> 1[0] [receive] via NET/Socket/0/Shared
ip-10-239-1-184:56:191 [0] NCCL INFO New proxy send connection 1 from local rank 0, transport 2
ip-10-239-1-184:56:56 [0] NCCL INFO Connected to proxy localRank 0 -> connection 0x7c45b40052a8
ip-10-239-1-184:56:191 [0] NCCL INFO Could not get speed from /sys/class/net/ens5/speed. Defaulting to 10 Gbps.
ip-10-239-1-184:56:56 [0] NCCL INFO Channel 01/1 : 1[0] -> 0[0] [send] via NET/Socket/0/Shared
ip-10-239-1-184:56:56 [0] NCCL INFO Initialized NET plugin Socket
ip-10-239-1-184:56:56 [0] NCCL INFO Could not get speed from /sys/class/net/ens5/speed. Defaulting to 10 Gbps.
ip-10-239-1-184:56:56 [0] NCCL INFO Assigned NET plugin Socket to comm
ip-10-239-1-184:56:56 [0] NCCL INFO Failed to initialize any GIN plugin
ip-10-239-1-184:56:56 [0] NCCL INFO Using network Socket
ip-10-239-1-184:56:56 [0] NCCL INFO [Rank 0] ncclCommInitRankConfig comm 0x63332ec08140 rank 0 nranks 2 cudaDev 0 nvmlDev 0 busId 1e0 commId 0xa51b570676170073 - Init START
ip-10-239-1-184:56:56 [0] NCCL INFO Topology detection : could not read /sys/devices/pci0000:00/0000:00:1e.0/../max_link_speed, ignoring
ip-10-239-1-184:56:56 [0] NCCL INFO Topology detection : could not read /sys/devices/pci0000:00/0000:00:1e.0/../max_link_width, ignoring
ip-10-239-1-184:56:56 [0] NCCL INFO Topology detection : could not read /sys/devices/system/node/node-1/cpumap, ignoring
ip-10-239-1-184:56:56 [0] NCCL INFO TOPO/NET : Importing network plugins to topology
ip-10-239-1-184:56:56 [0] NCCL INFO Could not get speed from /sys/class/net/ens5/speed. Defaulting to 10 Gbps.
ip-10-239-1-184:56:56 [0] NCCL INFO Topology detection : could not read /sys/devices/pci0000:00/0000:00:05.0/../max_link_speed, ignoring
ip-10-239-1-184:56:56 [0] NCCL INFO Topology detection : could not read /sys/devices/pci0000:00/0000:00:05.0/../max_link_width, ignoring
ip-10-239-1-184:56:56 [0] NCCL INFO Topology detection : could not read /sys/devices/system/node/node-1/cpumap, ignoring
ip-10-239-1-184:56:56 [0] NCCL INFO NET/Socket : GPU Direct RDMA Disabled for HCA 0 'ens5'
ip-10-239-1-184:56:56 [0] NCCL INFO ncclTopoPopulateNics : Filled ens5 in topo with pciPath=/sys/devices/pci0000:00/0000:00:05.0 net=1 gin=(null) keep=1 coll=(null)
ip-10-239-1-184:56:56 [0] NCCL INFO KV Convert to int : could not find value of 'Unknown' in dictionary, falling back to 60
ip-10-239-1-184:56:56 [0] NCCL INFO === System : maxBw 1.2 totalBw 24.0 ===
ip-10-239-1-184:56:56 [0] NCCL INFO CPU/0-ffffffffffffff (1/2/-1)
ip-10-239-1-184:56:56 [0] NCCL INFO + PCI[24.0] - GPU/0-1e0 (0)
ip-10-239-1-184:56:56 [0] NCCL INFO + PCI[12.0] - NIC/0-50
ip-10-239-1-184:56:56 [0] NCCL INFO               + NET[1.2] - NET/0-0 (0/0/0/1.250000)
ip-10-239-1-184:56:56 [0] NCCL INFO ==========================================
ip-10-239-1-184:56:56 [0] NCCL INFO GPU/0-1e0 :GPU/0-1e0 (0/5000.0/LOC) CPU/0-ffffffffffffff (1/24.0/PHB) NET/0-0 (3/1.2/PHB) 
ip-10-239-1-184:56:56 [0] NCCL INFO NET/0-0 :GPU/0-1e0 (3/1.2/PHB) CPU/0-ffffffffffffff (2/1.2/PHB) NET/0-0 (0/5000.0/LOC) 
ip-10-239-1-184:56:56 [0] NCCL INFO ncclTopoGetCpuAffinity: Affinity for GPU 0 is empty, ignoring. (GPU affinity =  ; CPU affinity = 0-3).
ip-10-239-1-184:56:56 [0] NCCL INFO Pattern 4, crossNic 0, nChannels 1, bw 1.200000/1.200000, type LOC/PHB, sameChannels 1
ip-10-239-1-184:56:56 [0] NCCL INFO  0 : NET/0-0 GPU/0-1e0 NET/0-0
ip-10-239-1-184:56:56 [0] NCCL INFO Pattern 3, crossNic 0, nChannels 1, bw 2.400000/1.200000, type LOC/PHB, sameChannels 1
ip-10-239-1-184:56:56 [0] NCCL INFO  0 : NET/0-0 GPU/0-1e0 NET/0-0
ip-10-239-1-184:56:56 [0] NCCL INFO Could not get speed from /sys/class/net/ens5/speed. Defaulting to 10 Gbps.
ip-10-239-1-184:56:56 [0] NCCL INFO comm 0x63332ec08140 rank 0 nRanks 2 nNodes 2 localRanks 1 localRank 0 MNNVL 0
ip-10-239-1-184:56:56 [0] NCCL INFO Tree 0 : -1 -> 0 -> 1/-1/-1
ip-10-239-1-184:56:56 [0] NCCL INFO Tree 1 : 1 -> 0 -> -1/-1/-1
ip-10-239-1-184:56:56 [0] NCCL INFO Channel 00/02 : 0 1
ip-10-239-1-184:56:56 [0] NCCL INFO Channel 01/02 : 0 1
ip-10-239-1-184:56:56 [0] NCCL INFO Ring 00 : 1 -> 0 -> 1
ip-10-239-1-184:56:56 [0] NCCL INFO Ring 01 : 1 -> 0 -> 1
ip-10-239-1-184:56:56 [0] NCCL INFO Trees [0] 1/-1/-1->0->-1 [1] -1/-1/-1->0->1
ip-10-239-1-184:56:56 [0] NCCL INFO P2P Chunksize set to 131072
ip-10-239-1-184:56:56 [0] NCCL INFO Check P2P Type isAllDirectP2p 1 directMode 0 isAllCudaP2p 1
ip-10-239-1-184:56:199 [0] NCCL INFO [Proxy Service] Device 0 CPU core 0
ip-10-239-1-184:56:56 [0] NCCL INFO ncclP2pSchedule: group size used is 1
ip-10-239-1-184:56:200 [0] NCCL INFO [Proxy Service UDS] Device 0 CPU core 0
ip-10-239-1-184:56:56 [0] NCCL INFO threadThresholds 8/8/64 | 16/8/64 | 512 | 512
ip-10-239-1-184:56:56 [0] NCCL INFO 2 coll channels, 2 collnet channels, 0 nvls channels, 2 p2p channels, 1 p2p channels per peer
ip-10-239-1-184:56:56 [0] NCCL INFO Symmetric VA size=24GB
ip-10-239-1-184:56:56 [0] NCCL INFO Symmetric memory is not supported. cuMemEnable 1, globalGinSupport 0, globalNicFused 0 cuMemGdrSupport 1
ip-10-239-1-184:56:56 [0] NCCL INFO CC Off, workFifoBytes 1048576
ip-10-239-1-184:56:56 [0] NCCL INFO ncclCommInitRankConfig comm 0x63332ec08140 rank 0 nranks 2 cudaDev 0 nvmlDev 0 busId 1e0 commId 0xa51b570676170073 - Init COMPLETE
ip-10-239-1-184:56:56 [0] NCCL INFO Init timings - ncclCommInitRankConfig: rank 0 nranks 2 total 0.44 (kernels 0.00, alloc 0.00, bootstrap 0.37, allgathers 0.06, topo 0.00, graphs 0.00, connections 0.00, rest 0.00)
ip-10-239-1-184:56:199 [0] NCCL INFO New proxy send connection 0 from local rank 0, transport 2
ip-10-239-1-184:56:201 [0] NCCL INFO [Proxy Progress] Device 0 CPU core 3
ip-10-239-1-184:56:56 [0] NCCL INFO Connected to proxy localRank 0 -> connection 0x7c444001aaa0
ip-10-239-1-184:56:199 [0] NCCL INFO Could not get speed from /sys/class/net/ens5/speed. Defaulting to 10 Gbps.
ip-10-239-1-184:56:56 [0] NCCL INFO Channel 01/1 : 0[0] -> 1[0] [send] via NET/Socket/0/Shared
ip-10-239-1-184:56:199 [0] NCCL INFO New proxy recv connection 1 from local rank 0, transport 2
ip-10-239-1-184:56:56 [0] NCCL INFO Connected to proxy localRank 0 -> connection 0x7c444001ab28
ip-10-239-1-184:56:199 [0] NCCL INFO Could not get speed from /sys/class/net/ens5/speed. Defaulting to 10 Gbps.
ip-10-239-1-184:56:199 [0] NCCL INFO NET/Socket: Using 2 threads and 8 sockets per thread
ip-10-239-1-184:56:56 [0] NCCL INFO Channel 01/1 : 1[0] -> 0[0] [receive] via NET/Socket/0/Shared
ip-10-239-1-184:56:56 [0] NCCL INFO Initialized NET plugin Socket
ip-10-239-1-184:56:56 [0] NCCL INFO Could not get speed from /sys/class/net/ens5/speed. Defaulting to 10 Gbps.
ip-10-239-1-184:56:56 [0] NCCL INFO Assigned NET plugin Socket to comm
ip-10-239-1-184:56:56 [0] NCCL INFO Failed to initialize any GIN plugin
ip-10-239-1-184:56:56 [0] NCCL INFO Using network Socket
ip-10-239-1-184:56:56 [0] NCCL INFO [Rank 1] ncclCommInitRankConfig comm 0x63332ee23060 rank 1 nranks 2 cudaDev 0 nvmlDev 0 busId 1e0 commId 0x5715bffed89668e3 - Init START
ip-10-239-1-184:56:56 [0] NCCL INFO Topology detection : could not read /sys/devices/pci0000:00/0000:00:1e.0/../max_link_speed, ignoring
ip-10-239-1-184:56:56 [0] NCCL INFO Topology detection : could not read /sys/devices/pci0000:00/0000:00:1e.0/../max_link_width, ignoring
ip-10-239-1-184:56:56 [0] NCCL INFO Topology detection : could not read /sys/devices/system/node/node-1/cpumap, ignoring
ip-10-239-1-184:56:56 [0] NCCL INFO TOPO/NET : Importing network plugins to topology
ip-10-239-1-184:56:56 [0] NCCL INFO Could not get speed from /sys/class/net/ens5/speed. Defaulting to 10 Gbps.
ip-10-239-1-184:56:56 [0] NCCL INFO Topology detection : could not read /sys/devices/pci0000:00/0000:00:05.0/../max_link_speed, ignoring
ip-10-239-1-184:56:56 [0] NCCL INFO Topology detection : could not read /sys/devices/pci0000:00/0000:00:05.0/../max_link_width, ignoring
ip-10-239-1-184:56:56 [0] NCCL INFO Topology detection : could not read /sys/devices/system/node/node-1/cpumap, ignoring
ip-10-239-1-184:56:56 [0] NCCL INFO NET/Socket : GPU Direct RDMA Disabled for HCA 0 'ens5'
ip-10-239-1-184:56:56 [0] NCCL INFO ncclTopoPopulateNics : Filled ens5 in topo with pciPath=/sys/devices/pci0000:00/0000:00:05.0 net=1 gin=(null) keep=1 coll=(null)
ip-10-239-1-184:56:56 [0] NCCL INFO KV Convert to int : could not find value of 'Unknown' in dictionary, falling back to 60
ip-10-239-1-184:56:56 [0] NCCL INFO === System : maxBw 1.2 totalBw 24.0 ===
ip-10-239-1-184:56:56 [0] NCCL INFO CPU/0-ffffffffffffff (1/2/-1)
ip-10-239-1-184:56:56 [0] NCCL INFO + PCI[24.0] - GPU/0-1e0 (1)
ip-10-239-1-184:56:56 [0] NCCL INFO + PCI[12.0] - NIC/0-50
ip-10-239-1-184:56:56 [0] NCCL INFO               + NET[1.2] - NET/0-0 (0/0/0/1.250000)
ip-10-239-1-184:56:56 [0] NCCL INFO ==========================================
ip-10-239-1-184:56:56 [0] NCCL INFO GPU/0-1e0 :GPU/0-1e0 (0/5000.0/LOC) CPU/0-ffffffffffffff (1/24.0/PHB) NET/0-0 (3/1.2/PHB) 
ip-10-239-1-184:56:56 [0] NCCL INFO NET/0-0 :GPU/0-1e0 (3/1.2/PHB) CPU/0-ffffffffffffff (2/1.2/PHB) NET/0-0 (0/5000.0/LOC) 
ip-10-239-1-184:56:56 [0] NCCL INFO ncclTopoGetCpuAffinity: Affinity for GPU 0 is empty, ignoring. (GPU affinity =  ; CPU affinity = 0-3).
ip-10-239-1-184:56:56 [0] NCCL INFO Pattern 4, crossNic 0, nChannels 1, bw 1.200000/1.200000, type LOC/PHB, sameChannels 1
ip-10-239-1-184:56:56 [0] NCCL INFO  0 : NET/0-0 GPU/0-1e0 NET/0-0
ip-10-239-1-184:56:56 [0] NCCL INFO Pattern 3, crossNic 0, nChannels 1, bw 2.400000/1.200000, type LOC/PHB, sameChannels 1
ip-10-239-1-184:56:56 [0] NCCL INFO  0 : NET/0-0 GPU/0-1e0 NET/0-0
ip-10-239-1-184:56:56 [0] NCCL INFO Could not get speed from /sys/class/net/ens5/speed. Defaulting to 10 Gbps.
ip-10-239-1-184:56:56 [0] NCCL INFO comm 0x63332ee23060 rank 1 nRanks 2 nNodes 2 localRanks 1 localRank 0 MNNVL 0
ip-10-239-1-184:56:56 [0] NCCL INFO Tree 0 : 0 -> 1 -> -1/-1/-1
ip-10-239-1-184:56:56 [0] NCCL INFO Tree 1 : -1 -> 1 -> 0/-1/-1
ip-10-239-1-184:56:56 [0] NCCL INFO Ring 00 : 0 -> 1 -> 0
ip-10-239-1-184:56:56 [0] NCCL INFO Ring 01 : 0 -> 1 -> 0
ip-10-239-1-184:56:56 [0] NCCL INFO Trees [0] -1/-1/-1->1->0 [1] 0/-1/-1->1->-1
ip-10-239-1-184:56:56 [0] NCCL INFO P2P Chunksize set to 131072
ip-10-239-1-184:56:56 [0] NCCL INFO Check P2P Type isAllDirectP2p 1 directMode 0 isAllCudaP2p 1
ip-10-239-1-184:56:56 [0] NCCL INFO ncclP2pSchedule: group size used is 1
ip-10-239-1-184:56:207 [0] NCCL INFO [Proxy Service UDS] Device 0 CPU core 3
ip-10-239-1-184:56:206 [0] NCCL INFO [Proxy Service] Device 0 CPU core 3
ip-10-239-1-184:56:56 [0] NCCL INFO threadThresholds 8/8/64 | 16/8/64 | 512 | 512
ip-10-239-1-184:56:56 [0] NCCL INFO 2 coll channels, 2 collnet channels, 0 nvls channels, 2 p2p channels, 1 p2p channels per peer
ip-10-239-1-184:56:56 [0] NCCL INFO Symmetric VA size=24GB
ip-10-239-1-184:56:56 [0] NCCL INFO Symmetric memory is not supported. cuMemEnable 1, globalGinSupport 0, globalNicFused 0 cuMemGdrSupport 1
ip-10-239-1-184:56:56 [0] NCCL INFO ncclCommInitRankConfig comm 0x63332ee23060 rank 1 nranks 2 cudaDev 0 nvmlDev 0 busId 1e0 commId 0x5715bffed89668e3 - Init COMPLETE
ip-10-239-1-184:56:56 [0] NCCL INFO Init timings - ncclCommInitRankConfig: rank 1 nranks 2 total 0.67 (kernels 0.00, alloc 0.00, bootstrap 0.47, allgathers 0.19, topo 0.00, graphs 0.00, connections 0.00, rest 0.00)
ip-10-239-1-184:56:206 [0] NCCL INFO New proxy recv connection 0 from local rank 0, transport 2
ip-10-239-1-184:56:208 [0] NCCL INFO [Proxy Progress] Device 0 CPU core 2
ip-10-239-1-184:56:56 [0] NCCL INFO Connected to proxy localRank 0 -> connection 0x7c445801aaa0
ip-10-239-1-184:56:206 [0] NCCL INFO Could not get speed from /sys/class/net/ens5/speed. Defaulting to 10 Gbps.
ip-10-239-1-184:56:206 [0] NCCL INFO NET/Socket: Using 2 threads and 8 sockets per thread
ip-10-239-1-184:56:56 [0] NCCL INFO Channel 01/1 : 0[0] -> 1[0] [receive] via NET/Socket/0/Shared
ip-10-239-1-184:56:206 [0] NCCL INFO New proxy send connection 1 from local rank 0, transport 2
ip-10-239-1-184:56:56 [0] NCCL INFO Connected to proxy localRank 0 -> connection 0x7c445801ab28
ip-10-239-1-184:56:206 [0] NCCL INFO Could not get speed from /sys/class/net/ens5/speed. Defaulting to 10 Gbps.
ip-10-239-1-184:56:56 [0] NCCL INFO Channel 01/1 : 1[0] -> 0[0] [send] via NET/Socket/0/Shared
ip-10-239-1-184:56:56 [0] NCCL INFO comm 0x63332ee23060 rank 1 nranks 2 cudaDev 0 busId 1e0 - Destroy COMPLETE
ip-10-239-1-184:56:56 [0] NCCL INFO comm 0x63332ec08140 rank 0 nranks 2 cudaDev 0 busId 1e0 - Destroy COMPLETE
ip-10-239-1-184:56:56 [0] NCCL INFO comm 0x63332ba76100 rank 1 nranks 2 cudaDev 0 busId 1e0 - Destroy COMPLETE
ip-10-239-1-184:56:56 [0] NCCL INFO comm 0x6333216f6220 rank 10 nranks 16 cudaDev 0 busId 1e0 - Destroy COMPLETE
ip-10-239-1-184:56:56 [0] NCCL INFO comm 0x633321f75e00 rank 1 nranks 2 cudaDev 0 busId 1e0 - Destroy COMPLETE
ip-10-239-1-184:56:56 [0] NCCL INFO comm 0x633321a982e0 rank 1 nranks 2 cudaDev 0 busId 1e0 - Destroy COMPLETE
ip-10-239-1-184:56:56 [0] NCCL INFO comm 0x63332e774980 rank 0 nranks 2 cudaDev 0 busId 1e0 - Destroy COMPLETE
ip-10-239-1-184:56:56 [0] NCCL INFO comm 0x63332eae3350 rank 1 nranks 2 cudaDev 0 busId 1e0 - Destroy COMPLETE
ip-10-239-1-184:56:56 [0] NCCL INFO comm 0x6333223e9570 rank 0 nranks 2 cudaDev 0 busId 1e0 - Destroy COMPLETE
ip-10-239-1-184:56:56 [0] NCCL INFO comm 0x6333222bf9f0 rank 1 nranks 2 cudaDev 0 busId 1e0 - Destroy COMPLETE
ip-10-239-1-184:56:56 [0] NCCL INFO comm 0x63331d57ebc0 rank 1 nranks 2 cudaDev 0 busId 1e0 - Destroy COMPLETE
ip-10-239-1-184:56:56 [0] NCCL INFO comm 0x633326778080 rank 1 nranks 2 cudaDev 0 busId 1e0 - Destroy COMPLETE
ip-10-239-1-184:56:56 [0] NCCL INFO comm 0x633321c20d30 rank 0 nranks 2 cudaDev 0 busId 1e0 - Destroy COMPLETE
ip-10-239-1-184:56:56 [0] NCCL INFO comm 0x63332e899770 rank 1 nranks 2 cudaDev 0 busId 1e0 - Destroy COMPLETE
ip-10-239-1-184:56:56 [0] NCCL INFO comm 0x63332209abf0 rank 1 nranks 2 cudaDev 0 busId 1e0 - Destroy COMPLETE
ip-10-239-1-184:56:56 [0] NCCL INFO comm 0x63332e9be560 rank 0 nranks 2 cudaDev 0 busId 1e0 - Destroy COMPLETE
ip-10-239-1-184:56:56 [0] NCCL INFO ENV/Plugin: Closing env plugin ncclEnvDefault
