Warning: You are sending unauthenticated requests to the HF Hub. Please set a HF_TOKEN to enable higher rate limits and faster downloads.
Generating train split:   0%|          | 0/50000 [00:00<?, ? examples/s]Generating train split:  33%|███▎      | 16700/50000 [00:00<00:00, 166299.17 examples/s]Generating train split:  76%|███████▌  | 37800/50000 [00:00<00:00, 120388.65 examples/s]Generating train split: 100%|██████████| 50000/50000 [00:00<00:00, 142270.75 examples/s]
Generating test split:   0%|          | 0/10000 [00:00<?, ? examples/s]Generating test split: 100%|██████████| 10000/10000 [00:00<00:00, 246347.00 examples/s]
[W909 10:01:52.542207389 Utils.hpp:166] Warning: Environment variable NCCL_BLOCKING_WAIT is deprecated; use TORCH_NCCL_BLOCKING_WAIT instead (function operator())
[W909 10:01:52.542228350 Utils.hpp:137] Warning: Environment variable NCCL_ASYNC_ERROR_HANDLING is deprecated; use TORCH_NCCL_ASYNC_ERROR_HANDLING instead (function operator())
[rank3]:[W909 10:01:56.322968245 ProcessGroupNCCL.cpp:4215] Warning: An unbatched P2P op (send/recv) was called on this ProcessGroup with size 16.  In lazy initialization mode, this will result in a new 2-rank NCCL communicator to be created. (function operator())
ip-10-231-1-201:55:55 [0] NCCL INFO ENV/Plugin: Could not find: libnccl-env.so
ip-10-231-1-201:55:55 [0] NCCL INFO NCCL_SOCKET_IFNAME set to ens5
ip-10-231-1-201:55:55 [0] NCCL INFO cudaDriverVersion 13020
ip-10-231-1-201:55:55 [0] NCCL INFO NCCL version 2.29.7+cuda13.2
ip-10-231-1-201:55:55 [0] NCCL INFO NCCL git version stable b81d6a5a3
ip-10-231-1-201:55:55 [0] NCCL INFO NET/Plugin: Could not find: libnccl-net.so
ip-10-231-1-201:55:55 [0] NCCL INFO transport/net_ib/init.cc:396 -> 3
ip-10-231-1-201:55:55 [0] NCCL INFO Failed to initialize NET plugin IB
ip-10-231-1-201:55:55 [0] NCCL INFO NET/Socket : Using [0]ens5:10.231.1.201<0>
ip-10-231-1-201:55:55 [0] NCCL INFO Initialized NET plugin Socket
ip-10-231-1-201:55:55 [0] NCCL INFO Could not get speed from /sys/class/net/ens5/speed. Defaulting to 10 Gbps.
ip-10-231-1-201:55:55 [0] NCCL INFO Assigned NET plugin Socket to comm
ip-10-231-1-201:55:55 [0] NCCL INFO GIN/Plugin: Could not find: libnccl-gin.so

[2026-09-09 10:01:56] ip-10-231-1-201:55:55 [0] misc/ibvwrap.cc:173 NCCL WARN lib wrapper not initialized.
ip-10-231-1-201:55:55 [0] NCCL INFO transport/net_ib/gdr.cc:56 -> 3
ip-10-231-1-201:55:55 [0] NCCL INFO Unable to use GIN: Peermem is not supported, nor DMA-BUF.
ip-10-231-1-201:55:55 [0] NCCL INFO Unable to use GIN: Peermem is not supported, nor DMA-BUF.
ip-10-231-1-201:55:55 [0] NCCL INFO Failed to initialize any GIN plugin
ip-10-231-1-201:55:55 [0] NCCL INFO Using network Socket
ip-10-231-1-201:55:55 [0] NCCL INFO [Rank 0] ncclCommInitRankConfig comm 0x6098b496bdb0 rank 0 nranks 2 cudaDev 0 nvmlDev 0 busId 1e0 commId 0x939fb0cb57005c52 - Init START
ip-10-231-1-201:55:55 [0] NCCL INFO RAS client listening socket at 127.0.0.1<28028>
ip-10-231-1-201:55:55 [0] NCCL INFO Topology detection : could not read /sys/devices/pci0000:00/0000:00:1e.0/../max_link_speed, ignoring
ip-10-231-1-201:55:55 [0] NCCL INFO Topology detection : could not read /sys/devices/pci0000:00/0000:00:1e.0/../max_link_width, ignoring
ip-10-231-1-201:55:55 [0] NCCL INFO Topology detection : could not read /sys/devices/system/node/node-1/cpumap, ignoring
ip-10-231-1-201:55:55 [0] NCCL INFO TOPO/NET : Importing network plugins to topology
ip-10-231-1-201:55:55 [0] NCCL INFO Could not get speed from /sys/class/net/ens5/speed. Defaulting to 10 Gbps.
ip-10-231-1-201:55:55 [0] NCCL INFO Topology detection : could not read /sys/devices/pci0000:00/0000:00:05.0/../max_link_speed, ignoring
ip-10-231-1-201:55:55 [0] NCCL INFO Topology detection : could not read /sys/devices/pci0000:00/0000:00:05.0/../max_link_width, ignoring
ip-10-231-1-201:55:55 [0] NCCL INFO Topology detection : could not read /sys/devices/system/node/node-1/cpumap, ignoring
ip-10-231-1-201:55:55 [0] NCCL INFO NET/Socket : GPU Direct RDMA Disabled for HCA 0 'ens5'
ip-10-231-1-201:55:55 [0] NCCL INFO ncclTopoPopulateNics : Filled ens5 in topo with pciPath=/sys/devices/pci0000:00/0000:00:05.0 net=1 gin=(null) keep=1 coll=(null)
ip-10-231-1-201:55:55 [0] NCCL INFO KV Convert to int : could not find value of 'Unknown' in dictionary, falling back to 60
ip-10-231-1-201:55:55 [0] NCCL INFO === System : maxBw 1.2 totalBw 24.0 ===
ip-10-231-1-201:55:55 [0] NCCL INFO CPU/0-ffffffffffffff (1/2/-1)
ip-10-231-1-201:55:55 [0] NCCL INFO + PCI[24.0] - GPU/0-1e0 (0)
ip-10-231-1-201:55:55 [0] NCCL INFO + PCI[12.0] - NIC/0-50
ip-10-231-1-201:55:55 [0] NCCL INFO               + NET[1.2] - NET/0-0 (0/0/0/1.250000)
ip-10-231-1-201:55:55 [0] NCCL INFO ==========================================
ip-10-231-1-201:55:55 [0] NCCL INFO GPU/0-1e0 :GPU/0-1e0 (0/5000.0/LOC) CPU/0-ffffffffffffff (1/24.0/PHB) NET/0-0 (3/1.2/PHB) 
ip-10-231-1-201:55:55 [0] NCCL INFO NET/0-0 :GPU/0-1e0 (3/1.2/PHB) CPU/0-ffffffffffffff (2/1.2/PHB) NET/0-0 (0/5000.0/LOC) 
ip-10-231-1-201:55:55 [0] NCCL INFO ncclTopoGetCpuAffinity: Affinity for GPU 0 is empty, ignoring. (GPU affinity =  ; CPU affinity = 0-3).
ip-10-231-1-201:55:55 [0] NCCL INFO Pattern 4, crossNic 0, nChannels 1, bw 1.200000/1.200000, type LOC/PHB, sameChannels 1
ip-10-231-1-201:55:55 [0] NCCL INFO  0 : NET/0-0 GPU/0-1e0 NET/0-0
ip-10-231-1-201:55:55 [0] NCCL INFO Pattern 3, crossNic 0, nChannels 1, bw 2.400000/1.200000, type LOC/PHB, sameChannels 1
ip-10-231-1-201:55:55 [0] NCCL INFO  0 : NET/0-0 GPU/0-1e0 NET/0-0
ip-10-231-1-201:55:55 [0] NCCL INFO Could not get speed from /sys/class/net/ens5/speed. Defaulting to 10 Gbps.
ip-10-231-1-201:55:55 [0] NCCL INFO comm 0x6098b496bdb0 rank 0 nRanks 2 nNodes 2 localRanks 1 localRank 0 MNNVL 0
ip-10-231-1-201:55:55 [0] NCCL INFO Tree 0 : -1 -> 0 -> 1/-1/-1
ip-10-231-1-201:55:55 [0] NCCL INFO Tree 1 : 1 -> 0 -> -1/-1/-1
ip-10-231-1-201:55:55 [0] NCCL INFO Channel 00/02 : 0 1
ip-10-231-1-201:55:55 [0] NCCL INFO Channel 01/02 : 0 1
ip-10-231-1-201:55:55 [0] NCCL INFO Ring 00 : 1 -> 0 -> 1
ip-10-231-1-201:55:55 [0] NCCL INFO Ring 01 : 1 -> 0 -> 1
ip-10-231-1-201:55:55 [0] NCCL INFO Trees [0] 1/-1/-1->0->-1 [1] -1/-1/-1->0->1
ip-10-231-1-201:55:55 [0] NCCL INFO P2P Chunksize set to 131072
ip-10-231-1-201:55:55 [0] NCCL INFO PROFILER/Plugin: Could not find: libnccl-profiler.so
ip-10-231-1-201:55:55 [0] NCCL INFO Check P2P Type isAllDirectP2p 1 directMode 0 isAllCudaP2p 1
ip-10-231-1-201:55:100 [0] NCCL INFO [Proxy Service] Device 0 CPU core 0
ip-10-231-1-201:55:101 [0] NCCL INFO [Proxy Service UDS] Device 0 CPU core 3
ip-10-231-1-201:55:55 [0] NCCL INFO ncclP2pSchedule: group size used is 1
ip-10-231-1-201:55:55 [0] NCCL INFO TUNER/Plugin: Could not find: libnccl-tuner.so
ip-10-231-1-201:55:55 [0] NCCL INFO threadThresholds 8/8/64 | 16/8/64 | 512 | 512
ip-10-231-1-201:55:55 [0] NCCL INFO 2 coll channels, 2 collnet channels, 0 nvls channels, 2 p2p channels, 1 p2p channels per peer
ip-10-231-1-201:55:55 [0] NCCL INFO Symmetric VA size=24GB
ip-10-231-1-201:55:55 [0] NCCL INFO Symmetric memory is not supported. cuMemEnable 1, globalGinSupport 0, globalNicFused 0 cuMemGdrSupport 1
ip-10-231-1-201:55:55 [0] NCCL INFO CC Off, workFifoBytes 1048576
ip-10-231-1-201:55:55 [0] NCCL INFO ncclCommInitRankConfig comm 0x6098b496bdb0 rank 0 nranks 2 cudaDev 0 nvmlDev 0 busId 1e0 commId 0x939fb0cb57005c52 - Init COMPLETE
ip-10-231-1-201:55:55 [0] NCCL INFO Init timings - ncclCommInitRankConfig: rank 0 nranks 2 total 18.44 (kernels 0.15, alloc 0.02, bootstrap 17.91, allgathers 0.35, topo 0.00, graphs 0.00, connections 0.00, rest 0.00)
ip-10-231-1-201:55:100 [0] NCCL INFO New proxy send connection 0 from local rank 0, transport 2
ip-10-231-1-201:55:102 [0] NCCL INFO [Proxy Progress] Device 0 CPU core 2
ip-10-231-1-201:55:55 [0] NCCL INFO Connected to proxy localRank 0 -> connection 0x77ad08004fa0
ip-10-231-1-201:55:100 [0] NCCL INFO Could not get speed from /sys/class/net/ens5/speed. Defaulting to 10 Gbps.
ip-10-231-1-201:55:55 [0] NCCL INFO Channel 01/1 : 0[0] -> 1[0] [send] via NET/Socket/0/Shared
[rank3]:[W909 10:02:24.328460968 ProcessGroupNCCL.cpp:4215] Warning: An unbatched P2P op (send/recv) was called on this ProcessGroup with size 16.  In lazy initialization mode, this will result in a new 2-rank NCCL communicator to be created. (function operator())
ip-10-231-1-201:55:100 [0] NCCL INFO New proxy recv connection 1 from local rank 0, transport 2
ip-10-231-1-201:55:55 [0] NCCL INFO Connected to proxy localRank 0 -> connection 0x77ad08005028
ip-10-231-1-201:55:100 [0] NCCL INFO Could not get speed from /sys/class/net/ens5/speed. Defaulting to 10 Gbps.
ip-10-231-1-201:55:100 [0] NCCL INFO NET/Socket: Using 2 threads and 8 sockets per thread
ip-10-231-1-201:55:55 [0] NCCL INFO Channel 01/1 : 1[0] -> 0[0] [receive] via NET/Socket/0/Shared
ip-10-231-1-201:55:55 [0] NCCL INFO Initialized NET plugin Socket
ip-10-231-1-201:55:55 [0] NCCL INFO Could not get speed from /sys/class/net/ens5/speed. Defaulting to 10 Gbps.
ip-10-231-1-201:55:55 [0] NCCL INFO Assigned NET plugin Socket to comm
ip-10-231-1-201:55:55 [0] NCCL INFO Failed to initialize any GIN plugin
ip-10-231-1-201:55:55 [0] NCCL INFO Using network Socket
ip-10-231-1-201:55:55 [0] NCCL INFO [Rank 3] ncclCommInitRankConfig comm 0x6098b8ae3700 rank 3 nranks 16 cudaDev 0 nvmlDev 0 busId 1e0 commId 0xb52e73f562d9812f - Init START
ip-10-231-1-201:55:55 [0] NCCL INFO Topology detection : could not read /sys/devices/pci0000:00/0000:00:1e.0/../max_link_speed, ignoring
ip-10-231-1-201:55:55 [0] NCCL INFO Topology detection : could not read /sys/devices/pci0000:00/0000:00:1e.0/../max_link_width, ignoring
ip-10-231-1-201:55:55 [0] NCCL INFO Topology detection : could not read /sys/devices/system/node/node-1/cpumap, ignoring
ip-10-231-1-201:55:55 [0] NCCL INFO TOPO/NET : Importing network plugins to topology
ip-10-231-1-201:55:55 [0] NCCL INFO Could not get speed from /sys/class/net/ens5/speed. Defaulting to 10 Gbps.
ip-10-231-1-201:55:55 [0] NCCL INFO Topology detection : could not read /sys/devices/pci0000:00/0000:00:05.0/../max_link_speed, ignoring
ip-10-231-1-201:55:55 [0] NCCL INFO Topology detection : could not read /sys/devices/pci0000:00/0000:00:05.0/../max_link_width, ignoring
ip-10-231-1-201:55:55 [0] NCCL INFO Topology detection : could not read /sys/devices/system/node/node-1/cpumap, ignoring
ip-10-231-1-201:55:55 [0] NCCL INFO NET/Socket : GPU Direct RDMA Disabled for HCA 0 'ens5'
ip-10-231-1-201:55:55 [0] NCCL INFO ncclTopoPopulateNics : Filled ens5 in topo with pciPath=/sys/devices/pci0000:00/0000:00:05.0 net=1 gin=(null) keep=1 coll=(null)
ip-10-231-1-201:55:55 [0] NCCL INFO KV Convert to int : could not find value of 'Unknown' in dictionary, falling back to 60
ip-10-231-1-201:55:55 [0] NCCL INFO === System : maxBw 1.2 totalBw 24.0 ===
ip-10-231-1-201:55:55 [0] NCCL INFO CPU/0-ffffffffffffff (1/2/-1)
ip-10-231-1-201:55:55 [0] NCCL INFO + PCI[24.0] - GPU/0-1e0 (3)
ip-10-231-1-201:55:55 [0] NCCL INFO + PCI[12.0] - NIC/0-50
ip-10-231-1-201:55:55 [0] NCCL INFO               + NET[1.2] - NET/0-0 (0/0/0/1.250000)
ip-10-231-1-201:55:55 [0] NCCL INFO ==========================================
ip-10-231-1-201:55:55 [0] NCCL INFO GPU/0-1e0 :GPU/0-1e0 (0/5000.0/LOC) CPU/0-ffffffffffffff (1/24.0/PHB) NET/0-0 (3/1.2/PHB) 
ip-10-231-1-201:55:55 [0] NCCL INFO NET/0-0 :GPU/0-1e0 (3/1.2/PHB) CPU/0-ffffffffffffff (2/1.2/PHB) NET/0-0 (0/5000.0/LOC) 
ip-10-231-1-201:55:55 [0] NCCL INFO ncclTopoGetCpuAffinity: Affinity for GPU 0 is empty, ignoring. (GPU affinity =  ; CPU affinity = 0-3).
ip-10-231-1-201:55:55 [0] NCCL INFO Pattern 4, crossNic 0, nChannels 1, bw 1.200000/1.200000, type LOC/PHB, sameChannels 1
ip-10-231-1-201:55:55 [0] NCCL INFO  0 : NET/0-0 GPU/0-1e0 NET/0-0
ip-10-231-1-201:55:55 [0] NCCL INFO Pattern 3, crossNic 0, nChannels 1, bw 2.400000/1.200000, type LOC/PHB, sameChannels 1
ip-10-231-1-201:55:55 [0] NCCL INFO  0 : NET/0-0 GPU/0-1e0 NET/0-0
ip-10-231-1-201:55:55 [0] NCCL INFO Could not get speed from /sys/class/net/ens5/speed. Defaulting to 10 Gbps.
ip-10-231-1-201:55:55 [0] NCCL INFO comm 0x6098b8ae3700 rank 3 nRanks 16 nNodes 16 localRanks 1 localRank 0 MNNVL 0
ip-10-231-1-201:55:55 [0] NCCL INFO Tree 0 : 2 -> 3 -> -1/-1/-1
ip-10-231-1-201:55:55 [0] NCCL INFO Tree 1 : 7 -> 3 -> 5/1/-1
ip-10-231-1-201:55:55 [0] NCCL INFO Ring 00 : 2 -> 3 -> 4
ip-10-231-1-201:55:55 [0] NCCL INFO Ring 01 : 2 -> 3 -> 4
ip-10-231-1-201:55:55 [0] NCCL INFO Trees [0] -1/-1/-1->3->2 [1] 5/1/-1->3->7
ip-10-231-1-201:55:55 [0] NCCL INFO P2P Chunksize set to 131072
ip-10-231-1-201:55:55 [0] NCCL INFO Check P2P Type isAllDirectP2p 1 directMode 0 isAllCudaP2p 1
ip-10-231-1-201:55:55 [0] NCCL INFO ncclP2pSchedule: group size used is 1
ip-10-231-1-201:55:108 [0] NCCL INFO [Proxy Service UDS] Device 0 CPU core 2
ip-10-231-1-201:55:107 [0] NCCL INFO [Proxy Service] Device 0 CPU core 3
ip-10-231-1-201:55:55 [0] NCCL INFO threadThresholds 8/8/64 | 128/8/64 | 512 | 512
ip-10-231-1-201:55:55 [0] NCCL INFO 2 coll channels, 2 collnet channels, 0 nvls channels, 2 p2p channels, 1 p2p channels per peer
ip-10-231-1-201:55:55 [0] NCCL INFO Symmetric VA size=24GB
ip-10-231-1-201:55:55 [0] NCCL INFO Symmetric memory is not supported. cuMemEnable 1, globalGinSupport 0, globalNicFused 0 cuMemGdrSupport 1
ip-10-231-1-201:55:55 [0] NCCL INFO ncclCommInitRankConfig comm 0x6098b8ae3700 rank 3 nranks 16 cudaDev 0 nvmlDev 0 busId 1e0 commId 0xb52e73f562d9812f - Init COMPLETE
ip-10-231-1-201:55:55 [0] NCCL INFO Init timings - ncclCommInitRankConfig: rank 3 nranks 16 total 30.27 (kernels 0.00, alloc 0.00, bootstrap 27.15, allgathers 3.12, topo 0.00, graphs 0.00, connections 0.00, rest 0.00)
ip-10-231-1-201:55:107 [0] NCCL INFO New proxy recv connection 0 from local rank 0, transport 2
ip-10-231-1-201:55:109 [0] NCCL INFO [Proxy Progress] Device 0 CPU core 1
ip-10-231-1-201:55:55 [0] NCCL INFO Connected to proxy localRank 0 -> connection 0x77acd4004f70
ip-10-231-1-201:55:107 [0] NCCL INFO Could not get speed from /sys/class/net/ens5/speed. Defaulting to 10 Gbps.
ip-10-231-1-201:55:107 [0] NCCL INFO NET/Socket: Using 2 threads and 8 sockets per thread
ip-10-231-1-201:55:55 [0] NCCL INFO Channel 00/0 : 2[0] -> 3[0] [receive] via NET/Socket/0
ip-10-231-1-201:55:107 [0] NCCL INFO New proxy recv connection 1 from local rank 0, transport 2
ip-10-231-1-201:55:55 [0] NCCL INFO Connected to proxy localRank 0 -> connection 0x77acd4004ff8
ip-10-231-1-201:55:107 [0] NCCL INFO Could not get speed from /sys/class/net/ens5/speed. Defaulting to 10 Gbps.
ip-10-231-1-201:55:107 [0] NCCL INFO NET/Socket: Using 2 threads and 8 sockets per thread
ip-10-231-1-201:55:55 [0] NCCL INFO Channel 01/0 : 1[0] -> 3[0] [receive] via NET/Socket/0
ip-10-231-1-201:55:107 [0] NCCL INFO New proxy send connection 2 from local rank 0, transport 2
ip-10-231-1-201:55:55 [0] NCCL INFO Connected to proxy localRank 0 -> connection 0x77acd4005080
ip-10-231-1-201:55:107 [0] NCCL INFO Could not get speed from /sys/class/net/ens5/speed. Defaulting to 10 Gbps.
ip-10-231-1-201:55:55 [0] NCCL INFO Channel 01/0 : 3[0] -> 5[0] [send] via NET/Socket/0
ip-10-231-1-201:55:107 [0] NCCL INFO New proxy send connection 3 from local rank 0, transport 2
ip-10-231-1-201:55:55 [0] NCCL INFO Connected to proxy localRank 0 -> connection 0x77acd4005108
ip-10-231-1-201:55:107 [0] NCCL INFO Could not get speed from /sys/class/net/ens5/speed. Defaulting to 10 Gbps.
ip-10-231-1-201:55:55 [0] NCCL INFO Channel 01/0 : 3[0] -> 7[0] [send] via NET/Socket/0
ip-10-231-1-201:55:107 [0] NCCL INFO New proxy recv connection 4 from local rank 0, transport 2
ip-10-231-1-201:55:55 [0] NCCL INFO Connected to proxy localRank 0 -> connection 0x77acd4005190
ip-10-231-1-201:55:107 [0] NCCL INFO Could not get speed from /sys/class/net/ens5/speed. Defaulting to 10 Gbps.
ip-10-231-1-201:55:107 [0] NCCL INFO NET/Socket: Using 2 threads and 8 sockets per thread
ip-10-231-1-201:55:55 [0] NCCL INFO Channel 01/0 : 7[0] -> 3[0] [receive] via NET/Socket/0
ip-10-231-1-201:55:107 [0] NCCL INFO New proxy recv connection 5 from local rank 0, transport 2
ip-10-231-1-201:55:55 [0] NCCL INFO Connected to proxy localRank 0 -> connection 0x77acd4005218
ip-10-231-1-201:55:107 [0] NCCL INFO Could not get speed from /sys/class/net/ens5/speed. Defaulting to 10 Gbps.
ip-10-231-1-201:55:107 [0] NCCL INFO NET/Socket: Using 2 threads and 8 sockets per thread
ip-10-231-1-201:55:55 [0] NCCL INFO Channel 01/0 : 5[0] -> 3[0] [receive] via NET/Socket/0
ip-10-231-1-201:55:107 [0] NCCL INFO New proxy send connection 6 from local rank 0, transport 2
ip-10-231-1-201:55:55 [0] NCCL INFO Connected to proxy localRank 0 -> connection 0x77acd40052a0
ip-10-231-1-201:55:107 [0] NCCL INFO Could not get speed from /sys/class/net/ens5/speed. Defaulting to 10 Gbps.
ip-10-231-1-201:55:55 [0] NCCL INFO Channel 01/0 : 3[0] -> 1[0] [send] via NET/Socket/0
ip-10-231-1-201:55:107 [0] NCCL INFO New proxy send connection 7 from local rank 0, transport 2
ip-10-231-1-201:55:55 [0] NCCL INFO Connected to proxy localRank 0 -> connection 0x77acd4005328
ip-10-231-1-201:55:107 [0] NCCL INFO Could not get speed from /sys/class/net/ens5/speed. Defaulting to 10 Gbps.
ip-10-231-1-201:55:55 [0] NCCL INFO Channel 00/0 : 3[0] -> 2[0] [send] via NET/Socket/0
ip-10-231-1-201:55:55 [0] NCCL INFO Connected all trees
ip-10-231-1-201:55:55 [0] NCCL INFO Initialized NET plugin Socket
ip-10-231-1-201:55:55 [0] NCCL INFO Could not get speed from /sys/class/net/ens5/speed. Defaulting to 10 Gbps.
ip-10-231-1-201:55:55 [0] NCCL INFO Assigned NET plugin Socket to comm
ip-10-231-1-201:55:55 [0] NCCL INFO Failed to initialize any GIN plugin
ip-10-231-1-201:55:55 [0] NCCL INFO Using network Socket
ip-10-231-1-201:55:55 [0] NCCL INFO [Rank 0] ncclCommInitRankConfig comm 0x6098b8f457d0 rank 0 nranks 2 cudaDev 0 nvmlDev 0 busId 1e0 commId 0xabead5ee1f40e955 - Init START
ip-10-231-1-201:55:55 [0] NCCL INFO Topology detection : could not read /sys/devices/pci0000:00/0000:00:1e.0/../max_link_speed, ignoring
ip-10-231-1-201:55:55 [0] NCCL INFO Topology detection : could not read /sys/devices/pci0000:00/0000:00:1e.0/../max_link_width, ignoring
ip-10-231-1-201:55:55 [0] NCCL INFO Topology detection : could not read /sys/devices/system/node/node-1/cpumap, ignoring
ip-10-231-1-201:55:55 [0] NCCL INFO TOPO/NET : Importing network plugins to topology
ip-10-231-1-201:55:55 [0] NCCL INFO Could not get speed from /sys/class/net/ens5/speed. Defaulting to 10 Gbps.
ip-10-231-1-201:55:55 [0] NCCL INFO Topology detection : could not read /sys/devices/pci0000:00/0000:00:05.0/../max_link_speed, ignoring
ip-10-231-1-201:55:55 [0] NCCL INFO Topology detection : could not read /sys/devices/pci0000:00/0000:00:05.0/../max_link_width, ignoring
ip-10-231-1-201:55:55 [0] NCCL INFO Topology detection : could not read /sys/devices/system/node/node-1/cpumap, ignoring
ip-10-231-1-201:55:55 [0] NCCL INFO NET/Socket : GPU Direct RDMA Disabled for HCA 0 'ens5'
ip-10-231-1-201:55:55 [0] NCCL INFO ncclTopoPopulateNics : Filled ens5 in topo with pciPath=/sys/devices/pci0000:00/0000:00:05.0 net=1 gin=(null) keep=1 coll=(null)
ip-10-231-1-201:55:55 [0] NCCL INFO KV Convert to int : could not find value of 'Unknown' in dictionary, falling back to 60
ip-10-231-1-201:55:55 [0] NCCL INFO === System : maxBw 1.2 totalBw 24.0 ===
ip-10-231-1-201:55:55 [0] NCCL INFO CPU/0-ffffffffffffff (1/2/-1)
ip-10-231-1-201:55:55 [0] NCCL INFO + PCI[24.0] - GPU/0-1e0 (0)
ip-10-231-1-201:55:55 [0] NCCL INFO + PCI[12.0] - NIC/0-50
ip-10-231-1-201:55:55 [0] NCCL INFO               + NET[1.2] - NET/0-0 (0/0/0/1.250000)
ip-10-231-1-201:55:55 [0] NCCL INFO ==========================================
ip-10-231-1-201:55:55 [0] NCCL INFO GPU/0-1e0 :GPU/0-1e0 (0/5000.0/LOC) CPU/0-ffffffffffffff (1/24.0/PHB) NET/0-0 (3/1.2/PHB) 
ip-10-231-1-201:55:55 [0] NCCL INFO NET/0-0 :GPU/0-1e0 (3/1.2/PHB) CPU/0-ffffffffffffff (2/1.2/PHB) NET/0-0 (0/5000.0/LOC) 
ip-10-231-1-201:55:55 [0] NCCL INFO ncclTopoGetCpuAffinity: Affinity for GPU 0 is empty, ignoring. (GPU affinity =  ; CPU affinity = 0-3).
ip-10-231-1-201:55:55 [0] NCCL INFO Pattern 4, crossNic 0, nChannels 1, bw 1.200000/1.200000, type LOC/PHB, sameChannels 1
ip-10-231-1-201:55:55 [0] NCCL INFO  0 : NET/0-0 GPU/0-1e0 NET/0-0
ip-10-231-1-201:55:55 [0] NCCL INFO Pattern 3, crossNic 0, nChannels 1, bw 2.400000/1.200000, type LOC/PHB, sameChannels 1
ip-10-231-1-201:55:55 [0] NCCL INFO  0 : NET/0-0 GPU/0-1e0 NET/0-0
ip-10-231-1-201:55:55 [0] NCCL INFO Could not get speed from /sys/class/net/ens5/speed. Defaulting to 10 Gbps.
ip-10-231-1-201:55:55 [0] NCCL INFO comm 0x6098b8f457d0 rank 0 nRanks 2 nNodes 2 localRanks 1 localRank 0 MNNVL 0
ip-10-231-1-201:55:55 [0] NCCL INFO Tree 0 : -1 -> 0 -> 1/-1/-1
ip-10-231-1-201:55:55 [0] NCCL INFO Tree 1 : 1 -> 0 -> -1/-1/-1
ip-10-231-1-201:55:55 [0] NCCL INFO Channel 00/02 : 0 1
ip-10-231-1-201:55:55 [0] NCCL INFO Channel 01/02 : 0 1
ip-10-231-1-201:55:55 [0] NCCL INFO Ring 00 : 1 -> 0 -> 1
ip-10-231-1-201:55:55 [0] NCCL INFO Ring 01 : 1 -> 0 -> 1
ip-10-231-1-201:55:55 [0] NCCL INFO Trees [0] 1/-1/-1->0->-1 [1] -1/-1/-1->0->1
ip-10-231-1-201:55:55 [0] NCCL INFO P2P Chunksize set to 131072
ip-10-231-1-201:55:55 [0] NCCL INFO Check P2P Type isAllDirectP2p 1 directMode 0 isAllCudaP2p 1
ip-10-231-1-201:55:111 [0] NCCL INFO [Proxy Service] Device 0 CPU core 3
ip-10-231-1-201:55:55 [0] NCCL INFO ncclP2pSchedule: group size used is 1
ip-10-231-1-201:55:112 [0] NCCL INFO [Proxy Service UDS] Device 0 CPU core 3
ip-10-231-1-201:55:55 [0] NCCL INFO threadThresholds 8/8/64 | 16/8/64 | 512 | 512
ip-10-231-1-201:55:55 [0] NCCL INFO 2 coll channels, 2 collnet channels, 0 nvls channels, 2 p2p channels, 1 p2p channels per peer
ip-10-231-1-201:55:55 [0] NCCL INFO Symmetric VA size=24GB
ip-10-231-1-201:55:55 [0] NCCL INFO Symmetric memory is not supported. cuMemEnable 1, globalGinSupport 0, globalNicFused 0 cuMemGdrSupport 1
ip-10-231-1-201:55:55 [0] NCCL INFO CC Off, workFifoBytes 1048576
ip-10-231-1-201:55:55 [0] NCCL INFO ncclCommInitRankConfig comm 0x6098b8f457d0 rank 0 nranks 2 cudaDev 0 nvmlDev 0 busId 1e0 commId 0xabead5ee1f40e955 - Init COMPLETE
ip-10-231-1-201:55:55 [0] NCCL INFO Init timings - ncclCommInitRankConfig: rank 0 nranks 2 total 1.24 (kernels 0.00, alloc 0.00, bootstrap 0.95, allgathers 0.28, topo 0.01, graphs 0.00, connections 0.00, rest 0.00)
ip-10-231-1-201:55:111 [0] NCCL INFO New proxy send connection 0 from local rank 0, transport 2
ip-10-231-1-201:55:113 [0] NCCL INFO [Proxy Progress] Device 0 CPU core 1
ip-10-231-1-201:55:55 [0] NCCL INFO Connected to proxy localRank 0 -> connection 0x77acac004f70
ip-10-231-1-201:55:111 [0] NCCL INFO Could not get speed from /sys/class/net/ens5/speed. Defaulting to 10 Gbps.
ip-10-231-1-201:55:55 [0] NCCL INFO Channel 01/1 : 0[0] -> 1[0] [send] via NET/Socket/0/Shared
ip-10-231-1-201:55:111 [0] NCCL INFO New proxy recv connection 1 from local rank 0, transport 2
ip-10-231-1-201:55:55 [0] NCCL INFO Connected to proxy localRank 0 -> connection 0x77acac004ff8
ip-10-231-1-201:55:111 [0] NCCL INFO Could not get speed from /sys/class/net/ens5/speed. Defaulting to 10 Gbps.
ip-10-231-1-201:55:111 [0] NCCL INFO NET/Socket: Using 2 threads and 8 sockets per thread
ip-10-231-1-201:55:55 [0] NCCL INFO Channel 01/1 : 1[0] -> 0[0] [receive] via NET/Socket/0/Shared
ip-10-231-1-201:55:55 [0] NCCL INFO Initialized NET plugin Socket
ip-10-231-1-201:55:55 [0] NCCL INFO Could not get speed from /sys/class/net/ens5/speed. Defaulting to 10 Gbps.
ip-10-231-1-201:55:55 [0] NCCL INFO Assigned NET plugin Socket to comm
ip-10-231-1-201:55:55 [0] NCCL INFO Failed to initialize any GIN plugin
ip-10-231-1-201:55:55 [0] NCCL INFO Using network Socket
ip-10-231-1-201:55:55 [0] NCCL INFO [Rank 0] ncclCommInitRankConfig comm 0x6098b906a5c0 rank 0 nranks 2 cudaDev 0 nvmlDev 0 busId 1e0 commId 0x4752debebc243828 - Init START
ip-10-231-1-201:55:55 [0] NCCL INFO Topology detection : could not read /sys/devices/pci0000:00/0000:00:1e.0/../max_link_speed, ignoring
ip-10-231-1-201:55:55 [0] NCCL INFO Topology detection : could not read /sys/devices/pci0000:00/0000:00:1e.0/../max_link_width, ignoring
ip-10-231-1-201:55:55 [0] NCCL INFO Topology detection : could not read /sys/devices/system/node/node-1/cpumap, ignoring
ip-10-231-1-201:55:55 [0] NCCL INFO TOPO/NET : Importing network plugins to topology
ip-10-231-1-201:55:55 [0] NCCL INFO Could not get speed from /sys/class/net/ens5/speed. Defaulting to 10 Gbps.
ip-10-231-1-201:55:55 [0] NCCL INFO Topology detection : could not read /sys/devices/pci0000:00/0000:00:05.0/../max_link_speed, ignoring
ip-10-231-1-201:55:55 [0] NCCL INFO Topology detection : could not read /sys/devices/pci0000:00/0000:00:05.0/../max_link_width, ignoring
ip-10-231-1-201:55:55 [0] NCCL INFO Topology detection : could not read /sys/devices/system/node/node-1/cpumap, ignoring
ip-10-231-1-201:55:55 [0] NCCL INFO NET/Socket : GPU Direct RDMA Disabled for HCA 0 'ens5'
ip-10-231-1-201:55:55 [0] NCCL INFO ncclTopoPopulateNics : Filled ens5 in topo with pciPath=/sys/devices/pci0000:00/0000:00:05.0 net=1 gin=(null) keep=1 coll=(null)
ip-10-231-1-201:55:55 [0] NCCL INFO KV Convert to int : could not find value of 'Unknown' in dictionary, falling back to 60
ip-10-231-1-201:55:55 [0] NCCL INFO === System : maxBw 1.2 totalBw 24.0 ===
ip-10-231-1-201:55:55 [0] NCCL INFO CPU/0-ffffffffffffff (1/2/-1)
ip-10-231-1-201:55:55 [0] NCCL INFO + PCI[24.0] - GPU/0-1e0 (0)
ip-10-231-1-201:55:55 [0] NCCL INFO + PCI[12.0] - NIC/0-50
ip-10-231-1-201:55:55 [0] NCCL INFO               + NET[1.2] - NET/0-0 (0/0/0/1.250000)
ip-10-231-1-201:55:55 [0] NCCL INFO ==========================================
ip-10-231-1-201:55:55 [0] NCCL INFO GPU/0-1e0 :GPU/0-1e0 (0/5000.0/LOC) CPU/0-ffffffffffffff (1/24.0/PHB) NET/0-0 (3/1.2/PHB) 
ip-10-231-1-201:55:55 [0] NCCL INFO NET/0-0 :GPU/0-1e0 (3/1.2/PHB) CPU/0-ffffffffffffff (2/1.2/PHB) NET/0-0 (0/5000.0/LOC) 
ip-10-231-1-201:55:55 [0] NCCL INFO ncclTopoGetCpuAffinity: Affinity for GPU 0 is empty, ignoring. (GPU affinity =  ; CPU affinity = 0-3).
ip-10-231-1-201:55:55 [0] NCCL INFO Pattern 4, crossNic 0, nChannels 1, bw 1.200000/1.200000, type LOC/PHB, sameChannels 1
ip-10-231-1-201:55:55 [0] NCCL INFO  0 : NET/0-0 GPU/0-1e0 NET/0-0
ip-10-231-1-201:55:55 [0] NCCL INFO Pattern 3, crossNic 0, nChannels 1, bw 2.400000/1.200000, type LOC/PHB, sameChannels 1
ip-10-231-1-201:55:55 [0] NCCL INFO  0 : NET/0-0 GPU/0-1e0 NET/0-0
ip-10-231-1-201:55:55 [0] NCCL INFO Could not get speed from /sys/class/net/ens5/speed. Defaulting to 10 Gbps.
ip-10-231-1-201:55:55 [0] NCCL INFO comm 0x6098b906a5c0 rank 0 nRanks 2 nNodes 2 localRanks 1 localRank 0 MNNVL 0
ip-10-231-1-201:55:55 [0] NCCL INFO Tree 0 : -1 -> 0 -> 1/-1/-1
ip-10-231-1-201:55:55 [0] NCCL INFO Tree 1 : 1 -> 0 -> -1/-1/-1
ip-10-231-1-201:55:55 [0] NCCL INFO Channel 00/02 : 0 1
ip-10-231-1-201:55:55 [0] NCCL INFO Channel 01/02 : 0 1
ip-10-231-1-201:55:55 [0] NCCL INFO Ring 00 : 1 -> 0 -> 1
ip-10-231-1-201:55:55 [0] NCCL INFO Ring 01 : 1 -> 0 -> 1
ip-10-231-1-201:55:55 [0] NCCL INFO Trees [0] 1/-1/-1->0->-1 [1] -1/-1/-1->0->1
ip-10-231-1-201:55:55 [0] NCCL INFO P2P Chunksize set to 131072
ip-10-231-1-201:55:55 [0] NCCL INFO Check P2P Type isAllDirectP2p 1 directMode 0 isAllCudaP2p 1
ip-10-231-1-201:55:119 [0] NCCL INFO [Proxy Service] Device 0 CPU core 1
ip-10-231-1-201:55:55 [0] NCCL INFO ncclP2pSchedule: group size used is 1
ip-10-231-1-201:55:120 [0] NCCL INFO [Proxy Service UDS] Device 0 CPU core 1
ip-10-231-1-201:55:55 [0] NCCL INFO threadThresholds 8/8/64 | 16/8/64 | 512 | 512
ip-10-231-1-201:55:55 [0] NCCL INFO 2 coll channels, 2 collnet channels, 0 nvls channels, 2 p2p channels, 1 p2p channels per peer
ip-10-231-1-201:55:55 [0] NCCL INFO Symmetric VA size=24GB
ip-10-231-1-201:55:55 [0] NCCL INFO Symmetric memory is not supported. cuMemEnable 1, globalGinSupport 0, globalNicFused 0 cuMemGdrSupport 1
ip-10-231-1-201:55:55 [0] NCCL INFO CC Off, workFifoBytes 1048576
ip-10-231-1-201:55:55 [0] NCCL INFO ncclCommInitRankConfig comm 0x6098b906a5c0 rank 0 nranks 2 cudaDev 0 nvmlDev 0 busId 1e0 commId 0x4752debebc243828 - Init COMPLETE
ip-10-231-1-201:55:55 [0] NCCL INFO Init timings - ncclCommInitRankConfig: rank 0 nranks 2 total 1.67 (kernels 0.00, alloc 0.00, bootstrap 1.32, allgathers 0.33, topo 0.00, graphs 0.00, connections 0.00, rest 0.00)
ip-10-231-1-201:55:119 [0] NCCL INFO New proxy send connection 0 from local rank 0, transport 2
ip-10-231-1-201:55:121 [0] NCCL INFO [Proxy Progress] Device 0 CPU core 2
ip-10-231-1-201:55:55 [0] NCCL INFO Connected to proxy localRank 0 -> connection 0x77ac90004f70
ip-10-231-1-201:55:119 [0] NCCL INFO Could not get speed from /sys/class/net/ens5/speed. Defaulting to 10 Gbps.
ip-10-231-1-201:55:55 [0] NCCL INFO Channel 01/1 : 0[0] -> 1[0] [send] via NET/Socket/0/Shared
ip-10-231-1-201:55:119 [0] NCCL INFO New proxy recv connection 1 from local rank 0, transport 2
ip-10-231-1-201:55:55 [0] NCCL INFO Connected to proxy localRank 0 -> connection 0x77ac90004ff8
ip-10-231-1-201:55:119 [0] NCCL INFO Could not get speed from /sys/class/net/ens5/speed. Defaulting to 10 Gbps.
ip-10-231-1-201:55:119 [0] NCCL INFO NET/Socket: Using 2 threads and 8 sockets per thread
ip-10-231-1-201:55:55 [0] NCCL INFO Channel 01/1 : 1[0] -> 0[0] [receive] via NET/Socket/0/Shared
ip-10-231-1-201:55:55 [0] NCCL INFO Initialized NET plugin Socket
ip-10-231-1-201:55:55 [0] NCCL INFO Could not get speed from /sys/class/net/ens5/speed. Defaulting to 10 Gbps.
ip-10-231-1-201:55:55 [0] NCCL INFO Assigned NET plugin Socket to comm
ip-10-231-1-201:55:55 [0] NCCL INFO Failed to initialize any GIN plugin
ip-10-231-1-201:55:55 [0] NCCL INFO Using network Socket
ip-10-231-1-201:55:55 [0] NCCL INFO [Rank 0] ncclCommInitRankConfig comm 0x6098b922eff0 rank 0 nranks 2 cudaDev 0 nvmlDev 0 busId 1e0 commId 0xbe662a087a3d8c51 - Init START
ip-10-231-1-201:55:55 [0] NCCL INFO Topology detection : could not read /sys/devices/pci0000:00/0000:00:1e.0/../max_link_speed, ignoring
ip-10-231-1-201:55:55 [0] NCCL INFO Topology detection : could not read /sys/devices/pci0000:00/0000:00:1e.0/../max_link_width, ignoring
ip-10-231-1-201:55:55 [0] NCCL INFO Topology detection : could not read /sys/devices/system/node/node-1/cpumap, ignoring
ip-10-231-1-201:55:55 [0] NCCL INFO TOPO/NET : Importing network plugins to topology
ip-10-231-1-201:55:55 [0] NCCL INFO Could not get speed from /sys/class/net/ens5/speed. Defaulting to 10 Gbps.
ip-10-231-1-201:55:55 [0] NCCL INFO Topology detection : could not read /sys/devices/pci0000:00/0000:00:05.0/../max_link_speed, ignoring
ip-10-231-1-201:55:55 [0] NCCL INFO Topology detection : could not read /sys/devices/pci0000:00/0000:00:05.0/../max_link_width, ignoring
ip-10-231-1-201:55:55 [0] NCCL INFO Topology detection : could not read /sys/devices/system/node/node-1/cpumap, ignoring
ip-10-231-1-201:55:55 [0] NCCL INFO NET/Socket : GPU Direct RDMA Disabled for HCA 0 'ens5'
ip-10-231-1-201:55:55 [0] NCCL INFO ncclTopoPopulateNics : Filled ens5 in topo with pciPath=/sys/devices/pci0000:00/0000:00:05.0 net=1 gin=(null) keep=1 coll=(null)
ip-10-231-1-201:55:55 [0] NCCL INFO KV Convert to int : could not find value of 'Unknown' in dictionary, falling back to 60
ip-10-231-1-201:55:55 [0] NCCL INFO === System : maxBw 1.2 totalBw 24.0 ===
ip-10-231-1-201:55:55 [0] NCCL INFO CPU/0-ffffffffffffff (1/2/-1)
ip-10-231-1-201:55:55 [0] NCCL INFO + PCI[24.0] - GPU/0-1e0 (0)
ip-10-231-1-201:55:55 [0] NCCL INFO + PCI[12.0] - NIC/0-50
ip-10-231-1-201:55:55 [0] NCCL INFO               + NET[1.2] - NET/0-0 (0/0/0/1.250000)
ip-10-231-1-201:55:55 [0] NCCL INFO ==========================================
ip-10-231-1-201:55:55 [0] NCCL INFO GPU/0-1e0 :GPU/0-1e0 (0/5000.0/LOC) CPU/0-ffffffffffffff (1/24.0/PHB) NET/0-0 (3/1.2/PHB) 
ip-10-231-1-201:55:55 [0] NCCL INFO NET/0-0 :GPU/0-1e0 (3/1.2/PHB) CPU/0-ffffffffffffff (2/1.2/PHB) NET/0-0 (0/5000.0/LOC) 
ip-10-231-1-201:55:55 [0] NCCL INFO ncclTopoGetCpuAffinity: Affinity for GPU 0 is empty, ignoring. (GPU affinity =  ; CPU affinity = 0-3).
ip-10-231-1-201:55:55 [0] NCCL INFO Pattern 4, crossNic 0, nChannels 1, bw 1.200000/1.200000, type LOC/PHB, sameChannels 1
ip-10-231-1-201:55:55 [0] NCCL INFO  0 : NET/0-0 GPU/0-1e0 NET/0-0
ip-10-231-1-201:55:55 [0] NCCL INFO Pattern 3, crossNic 0, nChannels 1, bw 2.400000/1.200000, type LOC/PHB, sameChannels 1
ip-10-231-1-201:55:55 [0] NCCL INFO  0 : NET/0-0 GPU/0-1e0 NET/0-0
ip-10-231-1-201:55:55 [0] NCCL INFO Could not get speed from /sys/class/net/ens5/speed. Defaulting to 10 Gbps.
ip-10-231-1-201:55:55 [0] NCCL INFO comm 0x6098b922eff0 rank 0 nRanks 2 nNodes 2 localRanks 1 localRank 0 MNNVL 0
ip-10-231-1-201:55:55 [0] NCCL INFO Tree 0 : -1 -> 0 -> 1/-1/-1
ip-10-231-1-201:55:55 [0] NCCL INFO Tree 1 : 1 -> 0 -> -1/-1/-1
ip-10-231-1-201:55:55 [0] NCCL INFO Channel 00/02 : 0 1
ip-10-231-1-201:55:55 [0] NCCL INFO Channel 01/02 : 0 1
ip-10-231-1-201:55:55 [0] NCCL INFO Ring 00 : 1 -> 0 -> 1
ip-10-231-1-201:55:55 [0] NCCL INFO Ring 01 : 1 -> 0 -> 1
ip-10-231-1-201:55:55 [0] NCCL INFO Trees [0] 1/-1/-1->0->-1 [1] -1/-1/-1->0->1
ip-10-231-1-201:55:55 [0] NCCL INFO P2P Chunksize set to 131072
ip-10-231-1-201:55:55 [0] NCCL INFO Check P2P Type isAllDirectP2p 1 directMode 0 isAllCudaP2p 1
ip-10-231-1-201:55:127 [0] NCCL INFO [Proxy Service] Device 0 CPU core 1
ip-10-231-1-201:55:55 [0] NCCL INFO ncclP2pSchedule: group size used is 1
ip-10-231-1-201:55:128 [0] NCCL INFO [Proxy Service UDS] Device 0 CPU core 2
ip-10-231-1-201:55:55 [0] NCCL INFO threadThresholds 8/8/64 | 16/8/64 | 512 | 512
ip-10-231-1-201:55:55 [0] NCCL INFO 2 coll channels, 2 collnet channels, 0 nvls channels, 2 p2p channels, 1 p2p channels per peer
ip-10-231-1-201:55:55 [0] NCCL INFO Symmetric VA size=24GB
ip-10-231-1-201:55:55 [0] NCCL INFO Symmetric memory is not supported. cuMemEnable 1, globalGinSupport 0, globalNicFused 0 cuMemGdrSupport 1
ip-10-231-1-201:55:55 [0] NCCL INFO CC Off, workFifoBytes 1048576
ip-10-231-1-201:55:55 [0] NCCL INFO ncclCommInitRankConfig comm 0x6098b922eff0 rank 0 nranks 2 cudaDev 0 nvmlDev 0 busId 1e0 commId 0xbe662a087a3d8c51 - Init COMPLETE
ip-10-231-1-201:55:55 [0] NCCL INFO Init timings - ncclCommInitRankConfig: rank 0 nranks 2 total 0.50 (kernels 0.00, alloc 0.00, bootstrap 0.38, allgathers 0.12, topo 0.00, graphs 0.00, connections 0.00, rest 0.00)
ip-10-231-1-201:55:127 [0] NCCL INFO New proxy send connection 0 from local rank 0, transport 2
ip-10-231-1-201:55:129 [0] NCCL INFO [Proxy Progress] Device 0 CPU core 3
ip-10-231-1-201:55:55 [0] NCCL INFO Connected to proxy localRank 0 -> connection 0x77ac840164b0
ip-10-231-1-201:55:127 [0] NCCL INFO Could not get speed from /sys/class/net/ens5/speed. Defaulting to 10 Gbps.
ip-10-231-1-201:55:55 [0] NCCL INFO Channel 01/1 : 0[0] -> 1[0] [send] via NET/Socket/0/Shared
ip-10-231-1-201:55:127 [0] NCCL INFO New proxy recv connection 1 from local rank 0, transport 2
ip-10-231-1-201:55:55 [0] NCCL INFO Connected to proxy localRank 0 -> connection 0x77ac84016538
ip-10-231-1-201:55:127 [0] NCCL INFO Could not get speed from /sys/class/net/ens5/speed. Defaulting to 10 Gbps.
ip-10-231-1-201:55:127 [0] NCCL INFO NET/Socket: Using 2 threads and 8 sockets per thread
ip-10-231-1-201:55:55 [0] NCCL INFO Channel 01/1 : 1[0] -> 0[0] [receive] via NET/Socket/0/Shared
ip-10-231-1-201:55:55 [0] NCCL INFO Initialized NET plugin Socket
ip-10-231-1-201:55:55 [0] NCCL INFO Could not get speed from /sys/class/net/ens5/speed. Defaulting to 10 Gbps.
ip-10-231-1-201:55:55 [0] NCCL INFO Assigned NET plugin Socket to comm
ip-10-231-1-201:55:55 [0] NCCL INFO Failed to initialize any GIN plugin
ip-10-231-1-201:55:55 [0] NCCL INFO Using network Socket
ip-10-231-1-201:55:55 [0] NCCL INFO [Rank 0] ncclCommInitRankConfig comm 0x6098bc0d1430 rank 0 nranks 2 cudaDev 0 nvmlDev 0 busId 1e0 commId 0xab72e9972c9d1d24 - Init START
ip-10-231-1-201:55:55 [0] NCCL INFO Topology detection : could not read /sys/devices/pci0000:00/0000:00:1e.0/../max_link_speed, ignoring
ip-10-231-1-201:55:55 [0] NCCL INFO Topology detection : could not read /sys/devices/pci0000:00/0000:00:1e.0/../max_link_width, ignoring
ip-10-231-1-201:55:55 [0] NCCL INFO Topology detection : could not read /sys/devices/system/node/node-1/cpumap, ignoring
ip-10-231-1-201:55:55 [0] NCCL INFO TOPO/NET : Importing network plugins to topology
ip-10-231-1-201:55:55 [0] NCCL INFO Could not get speed from /sys/class/net/ens5/speed. Defaulting to 10 Gbps.
ip-10-231-1-201:55:55 [0] NCCL INFO Topology detection : could not read /sys/devices/pci0000:00/0000:00:05.0/../max_link_speed, ignoring
ip-10-231-1-201:55:55 [0] NCCL INFO Topology detection : could not read /sys/devices/pci0000:00/0000:00:05.0/../max_link_width, ignoring
ip-10-231-1-201:55:55 [0] NCCL INFO Topology detection : could not read /sys/devices/system/node/node-1/cpumap, ignoring
ip-10-231-1-201:55:55 [0] NCCL INFO NET/Socket : GPU Direct RDMA Disabled for HCA 0 'ens5'
ip-10-231-1-201:55:55 [0] NCCL INFO ncclTopoPopulateNics : Filled ens5 in topo with pciPath=/sys/devices/pci0000:00/0000:00:05.0 net=1 gin=(null) keep=1 coll=(null)
ip-10-231-1-201:55:55 [0] NCCL INFO KV Convert to int : could not find value of 'Unknown' in dictionary, falling back to 60
ip-10-231-1-201:55:55 [0] NCCL INFO === System : maxBw 1.2 totalBw 24.0 ===
ip-10-231-1-201:55:55 [0] NCCL INFO CPU/0-ffffffffffffff (1/2/-1)
ip-10-231-1-201:55:55 [0] NCCL INFO + PCI[24.0] - GPU/0-1e0 (0)
ip-10-231-1-201:55:55 [0] NCCL INFO + PCI[12.0] - NIC/0-50
ip-10-231-1-201:55:55 [0] NCCL INFO               + NET[1.2] - NET/0-0 (0/0/0/1.250000)
ip-10-231-1-201:55:55 [0] NCCL INFO ==========================================
ip-10-231-1-201:55:55 [0] NCCL INFO GPU/0-1e0 :GPU/0-1e0 (0/5000.0/LOC) CPU/0-ffffffffffffff (1/24.0/PHB) NET/0-0 (3/1.2/PHB) 
ip-10-231-1-201:55:55 [0] NCCL INFO NET/0-0 :GPU/0-1e0 (3/1.2/PHB) CPU/0-ffffffffffffff (2/1.2/PHB) NET/0-0 (0/5000.0/LOC) 
ip-10-231-1-201:55:55 [0] NCCL INFO ncclTopoGetCpuAffinity: Affinity for GPU 0 is empty, ignoring. (GPU affinity =  ; CPU affinity = 0-3).
ip-10-231-1-201:55:55 [0] NCCL INFO Pattern 4, crossNic 0, nChannels 1, bw 1.200000/1.200000, type LOC/PHB, sameChannels 1
ip-10-231-1-201:55:55 [0] NCCL INFO  0 : NET/0-0 GPU/0-1e0 NET/0-0
ip-10-231-1-201:55:55 [0] NCCL INFO Pattern 3, crossNic 0, nChannels 1, bw 2.400000/1.200000, type LOC/PHB, sameChannels 1
ip-10-231-1-201:55:55 [0] NCCL INFO  0 : NET/0-0 GPU/0-1e0 NET/0-0
ip-10-231-1-201:55:55 [0] NCCL INFO Could not get speed from /sys/class/net/ens5/speed. Defaulting to 10 Gbps.
ip-10-231-1-201:55:55 [0] NCCL INFO comm 0x6098bc0d1430 rank 0 nRanks 2 nNodes 2 localRanks 1 localRank 0 MNNVL 0
ip-10-231-1-201:55:55 [0] NCCL INFO Tree 0 : -1 -> 0 -> 1/-1/-1
ip-10-231-1-201:55:55 [0] NCCL INFO Tree 1 : 1 -> 0 -> -1/-1/-1
ip-10-231-1-201:55:55 [0] NCCL INFO Channel 00/02 : 0 1
ip-10-231-1-201:55:55 [0] NCCL INFO Channel 01/02 : 0 1
ip-10-231-1-201:55:55 [0] NCCL INFO Ring 00 : 1 -> 0 -> 1
ip-10-231-1-201:55:55 [0] NCCL INFO Ring 01 : 1 -> 0 -> 1
ip-10-231-1-201:55:55 [0] NCCL INFO Trees [0] 1/-1/-1->0->-1 [1] -1/-1/-1->0->1
ip-10-231-1-201:55:55 [0] NCCL INFO P2P Chunksize set to 131072
ip-10-231-1-201:55:55 [0] NCCL INFO Check P2P Type isAllDirectP2p 1 directMode 0 isAllCudaP2p 1
ip-10-231-1-201:55:135 [0] NCCL INFO [Proxy Service] Device 0 CPU core 3
ip-10-231-1-201:55:136 [0] NCCL INFO [Proxy Service UDS] Device 0 CPU core 1
ip-10-231-1-201:55:55 [0] NCCL INFO ncclP2pSchedule: group size used is 1
ip-10-231-1-201:55:55 [0] NCCL INFO threadThresholds 8/8/64 | 16/8/64 | 512 | 512
ip-10-231-1-201:55:55 [0] NCCL INFO 2 coll channels, 2 collnet channels, 0 nvls channels, 2 p2p channels, 1 p2p channels per peer
ip-10-231-1-201:55:55 [0] NCCL INFO Symmetric VA size=24GB
ip-10-231-1-201:55:55 [0] NCCL INFO Symmetric memory is not supported. cuMemEnable 1, globalGinSupport 0, globalNicFused 0 cuMemGdrSupport 1
ip-10-231-1-201:55:55 [0] NCCL INFO CC Off, workFifoBytes 1048576
ip-10-231-1-201:55:55 [0] NCCL INFO ncclCommInitRankConfig comm 0x6098bc0d1430 rank 0 nranks 2 cudaDev 0 nvmlDev 0 busId 1e0 commId 0xab72e9972c9d1d24 - Init COMPLETE
ip-10-231-1-201:55:55 [0] NCCL INFO Init timings - ncclCommInitRankConfig: rank 0 nranks 2 total 1.35 (kernels 0.00, alloc 0.00, bootstrap 1.04, allgathers 0.30, topo 0.00, graphs 0.00, connections 0.00, rest 0.00)
ip-10-231-1-201:55:135 [0] NCCL INFO New proxy send connection 0 from local rank 0, transport 2
ip-10-231-1-201:55:137 [0] NCCL INFO [Proxy Progress] Device 0 CPU core 0
ip-10-231-1-201:55:55 [0] NCCL INFO Connected to proxy localRank 0 -> connection 0x77aca4009560
ip-10-231-1-201:55:135 [0] NCCL INFO Could not get speed from /sys/class/net/ens5/speed. Defaulting to 10 Gbps.
ip-10-231-1-201:55:55 [0] NCCL INFO Channel 01/1 : 0[0] -> 1[0] [send] via NET/Socket/0/Shared
ip-10-231-1-201:55:135 [0] NCCL INFO New proxy recv connection 1 from local rank 0, transport 2
ip-10-231-1-201:55:55 [0] NCCL INFO Connected to proxy localRank 0 -> connection 0x77aca40095e8
ip-10-231-1-201:55:135 [0] NCCL INFO Could not get speed from /sys/class/net/ens5/speed. Defaulting to 10 Gbps.
ip-10-231-1-201:55:135 [0] NCCL INFO NET/Socket: Using 2 threads and 8 sockets per thread
ip-10-231-1-201:55:55 [0] NCCL INFO Channel 01/1 : 1[0] -> 0[0] [receive] via NET/Socket/0/Shared
ip-10-231-1-201:55:55 [0] NCCL INFO Initialized NET plugin Socket
ip-10-231-1-201:55:55 [0] NCCL INFO Could not get speed from /sys/class/net/ens5/speed. Defaulting to 10 Gbps.
ip-10-231-1-201:55:55 [0] NCCL INFO Assigned NET plugin Socket to comm
ip-10-231-1-201:55:55 [0] NCCL INFO Failed to initialize any GIN plugin
ip-10-231-1-201:55:55 [0] NCCL INFO Using network Socket
ip-10-231-1-201:55:55 [0] NCCL INFO [Rank 1] ncclCommInitRankConfig comm 0x6098bc2f6230 rank 1 nranks 2 cudaDev 0 nvmlDev 0 busId 1e0 commId 0x8883bf1f0691f14c - Init START
ip-10-231-1-201:55:55 [0] NCCL INFO Topology detection : could not read /sys/devices/pci0000:00/0000:00:1e.0/../max_link_speed, ignoring
ip-10-231-1-201:55:55 [0] NCCL INFO Topology detection : could not read /sys/devices/pci0000:00/0000:00:1e.0/../max_link_width, ignoring
ip-10-231-1-201:55:55 [0] NCCL INFO Topology detection : could not read /sys/devices/system/node/node-1/cpumap, ignoring
ip-10-231-1-201:55:55 [0] NCCL INFO TOPO/NET : Importing network plugins to topology
ip-10-231-1-201:55:55 [0] NCCL INFO Could not get speed from /sys/class/net/ens5/speed. Defaulting to 10 Gbps.
ip-10-231-1-201:55:55 [0] NCCL INFO Topology detection : could not read /sys/devices/pci0000:00/0000:00:05.0/../max_link_speed, ignoring
ip-10-231-1-201:55:55 [0] NCCL INFO Topology detection : could not read /sys/devices/pci0000:00/0000:00:05.0/../max_link_width, ignoring
ip-10-231-1-201:55:55 [0] NCCL INFO Topology detection : could not read /sys/devices/system/node/node-1/cpumap, ignoring
ip-10-231-1-201:55:55 [0] NCCL INFO NET/Socket : GPU Direct RDMA Disabled for HCA 0 'ens5'
ip-10-231-1-201:55:55 [0] NCCL INFO ncclTopoPopulateNics : Filled ens5 in topo with pciPath=/sys/devices/pci0000:00/0000:00:05.0 net=1 gin=(null) keep=1 coll=(null)
ip-10-231-1-201:55:55 [0] NCCL INFO KV Convert to int : could not find value of 'Unknown' in dictionary, falling back to 60
ip-10-231-1-201:55:55 [0] NCCL INFO === System : maxBw 1.2 totalBw 24.0 ===
ip-10-231-1-201:55:55 [0] NCCL INFO CPU/0-ffffffffffffff (1/2/-1)
ip-10-231-1-201:55:55 [0] NCCL INFO + PCI[24.0] - GPU/0-1e0 (1)
ip-10-231-1-201:55:55 [0] NCCL INFO + PCI[12.0] - NIC/0-50
ip-10-231-1-201:55:55 [0] NCCL INFO               + NET[1.2] - NET/0-0 (0/0/0/1.250000)
ip-10-231-1-201:55:55 [0] NCCL INFO ==========================================
ip-10-231-1-201:55:55 [0] NCCL INFO GPU/0-1e0 :GPU/0-1e0 (0/5000.0/LOC) CPU/0-ffffffffffffff (1/24.0/PHB) NET/0-0 (3/1.2/PHB) 
ip-10-231-1-201:55:55 [0] NCCL INFO NET/0-0 :GPU/0-1e0 (3/1.2/PHB) CPU/0-ffffffffffffff (2/1.2/PHB) NET/0-0 (0/5000.0/LOC) 
ip-10-231-1-201:55:55 [0] NCCL INFO ncclTopoGetCpuAffinity: Affinity for GPU 0 is empty, ignoring. (GPU affinity =  ; CPU affinity = 0-3).
ip-10-231-1-201:55:55 [0] NCCL INFO Pattern 4, crossNic 0, nChannels 1, bw 1.200000/1.200000, type LOC/PHB, sameChannels 1
ip-10-231-1-201:55:55 [0] NCCL INFO  0 : NET/0-0 GPU/0-1e0 NET/0-0
ip-10-231-1-201:55:55 [0] NCCL INFO Pattern 3, crossNic 0, nChannels 1, bw 2.400000/1.200000, type LOC/PHB, sameChannels 1
ip-10-231-1-201:55:55 [0] NCCL INFO  0 : NET/0-0 GPU/0-1e0 NET/0-0
ip-10-231-1-201:55:55 [0] NCCL INFO Could not get speed from /sys/class/net/ens5/speed. Defaulting to 10 Gbps.
ip-10-231-1-201:55:55 [0] NCCL INFO comm 0x6098bc2f6230 rank 1 nRanks 2 nNodes 2 localRanks 1 localRank 0 MNNVL 0
ip-10-231-1-201:55:55 [0] NCCL INFO Tree 0 : 0 -> 1 -> -1/-1/-1
ip-10-231-1-201:55:55 [0] NCCL INFO Tree 1 : -1 -> 1 -> 0/-1/-1
ip-10-231-1-201:55:55 [0] NCCL INFO Ring 00 : 0 -> 1 -> 0
ip-10-231-1-201:55:55 [0] NCCL INFO Ring 01 : 0 -> 1 -> 0
ip-10-231-1-201:55:55 [0] NCCL INFO Trees [0] -1/-1/-1->1->0 [1] 0/-1/-1->1->-1
ip-10-231-1-201:55:55 [0] NCCL INFO P2P Chunksize set to 131072
ip-10-231-1-201:55:55 [0] NCCL INFO Check P2P Type isAllDirectP2p 1 directMode 0 isAllCudaP2p 1
ip-10-231-1-201:55:142 [0] NCCL INFO [Proxy Service] Device 0 CPU core 0
ip-10-231-1-201:55:55 [0] NCCL INFO ncclP2pSchedule: group size used is 1
ip-10-231-1-201:55:143 [0] NCCL INFO [Proxy Service UDS] Device 0 CPU core 3
ip-10-231-1-201:55:55 [0] NCCL INFO threadThresholds 8/8/64 | 16/8/64 | 512 | 512
ip-10-231-1-201:55:55 [0] NCCL INFO 2 coll channels, 2 collnet channels, 0 nvls channels, 2 p2p channels, 1 p2p channels per peer
ip-10-231-1-201:55:55 [0] NCCL INFO Symmetric VA size=24GB
ip-10-231-1-201:55:55 [0] NCCL INFO Symmetric memory is not supported. cuMemEnable 1, globalGinSupport 0, globalNicFused 0 cuMemGdrSupport 1
ip-10-231-1-201:55:55 [0] NCCL INFO ncclCommInitRankConfig comm 0x6098bc2f6230 rank 1 nranks 2 cudaDev 0 nvmlDev 0 busId 1e0 commId 0x8883bf1f0691f14c - Init COMPLETE
ip-10-231-1-201:55:55 [0] NCCL INFO Init timings - ncclCommInitRankConfig: rank 1 nranks 2 total 0.01 (kernels 0.00, alloc 0.00, bootstrap 0.00, allgathers 0.00, topo 0.00, graphs 0.00, connections 0.00, rest 0.00)
ip-10-231-1-201:55:142 [0] NCCL INFO New proxy recv connection 0 from local rank 0, transport 2
ip-10-231-1-201:55:144 [0] NCCL INFO [Proxy Progress] Device 0 CPU core 3
ip-10-231-1-201:55:55 [0] NCCL INFO Connected to proxy localRank 0 -> connection 0x77accc009560
ip-10-231-1-201:55:142 [0] NCCL INFO Could not get speed from /sys/class/net/ens5/speed. Defaulting to 10 Gbps.
ip-10-231-1-201:55:142 [0] NCCL INFO NET/Socket: Using 2 threads and 8 sockets per thread
ip-10-231-1-201:55:55 [0] NCCL INFO Channel 01/1 : 0[0] -> 1[0] [receive] via NET/Socket/0/Shared
ip-10-231-1-201:55:142 [0] NCCL INFO New proxy send connection 1 from local rank 0, transport 2
ip-10-231-1-201:55:55 [0] NCCL INFO Connected to proxy localRank 0 -> connection 0x77accc0095e8
ip-10-231-1-201:55:142 [0] NCCL INFO Could not get speed from /sys/class/net/ens5/speed. Defaulting to 10 Gbps.
ip-10-231-1-201:55:55 [0] NCCL INFO Channel 01/1 : 1[0] -> 0[0] [send] via NET/Socket/0/Shared
ip-10-231-1-201:55:55 [0] NCCL INFO Initialized NET plugin Socket
ip-10-231-1-201:55:55 [0] NCCL INFO Could not get speed from /sys/class/net/ens5/speed. Defaulting to 10 Gbps.
ip-10-231-1-201:55:55 [0] NCCL INFO Assigned NET plugin Socket to comm
ip-10-231-1-201:55:55 [0] NCCL INFO Failed to initialize any GIN plugin
ip-10-231-1-201:55:55 [0] NCCL INFO Using network Socket
ip-10-231-1-201:55:55 [0] NCCL INFO [Rank 0] ncclCommInitRankConfig comm 0x6098b93ce5f0 rank 0 nranks 2 cudaDev 0 nvmlDev 0 busId 1e0 commId 0x89e171c265925457 - Init START
ip-10-231-1-201:55:55 [0] NCCL INFO Topology detection : could not read /sys/devices/pci0000:00/0000:00:1e.0/../max_link_speed, ignoring
ip-10-231-1-201:55:55 [0] NCCL INFO Topology detection : could not read /sys/devices/pci0000:00/0000:00:1e.0/../max_link_width, ignoring
ip-10-231-1-201:55:55 [0] NCCL INFO Topology detection : could not read /sys/devices/system/node/node-1/cpumap, ignoring
ip-10-231-1-201:55:55 [0] NCCL INFO TOPO/NET : Importing network plugins to topology
ip-10-231-1-201:55:55 [0] NCCL INFO Could not get speed from /sys/class/net/ens5/speed. Defaulting to 10 Gbps.
ip-10-231-1-201:55:55 [0] NCCL INFO Topology detection : could not read /sys/devices/pci0000:00/0000:00:05.0/../max_link_speed, ignoring
ip-10-231-1-201:55:55 [0] NCCL INFO Topology detection : could not read /sys/devices/pci0000:00/0000:00:05.0/../max_link_width, ignoring
ip-10-231-1-201:55:55 [0] NCCL INFO Topology detection : could not read /sys/devices/system/node/node-1/cpumap, ignoring
ip-10-231-1-201:55:55 [0] NCCL INFO NET/Socket : GPU Direct RDMA Disabled for HCA 0 'ens5'
ip-10-231-1-201:55:55 [0] NCCL INFO ncclTopoPopulateNics : Filled ens5 in topo with pciPath=/sys/devices/pci0000:00/0000:00:05.0 net=1 gin=(null) keep=1 coll=(null)
ip-10-231-1-201:55:55 [0] NCCL INFO KV Convert to int : could not find value of 'Unknown' in dictionary, falling back to 60
ip-10-231-1-201:55:55 [0] NCCL INFO === System : maxBw 1.2 totalBw 24.0 ===
ip-10-231-1-201:55:55 [0] NCCL INFO CPU/0-ffffffffffffff (1/2/-1)
ip-10-231-1-201:55:55 [0] NCCL INFO + PCI[24.0] - GPU/0-1e0 (0)
ip-10-231-1-201:55:55 [0] NCCL INFO + PCI[12.0] - NIC/0-50
ip-10-231-1-201:55:55 [0] NCCL INFO               + NET[1.2] - NET/0-0 (0/0/0/1.250000)
ip-10-231-1-201:55:55 [0] NCCL INFO ==========================================
ip-10-231-1-201:55:55 [0] NCCL INFO GPU/0-1e0 :GPU/0-1e0 (0/5000.0/LOC) CPU/0-ffffffffffffff (1/24.0/PHB) NET/0-0 (3/1.2/PHB) 
ip-10-231-1-201:55:55 [0] NCCL INFO NET/0-0 :GPU/0-1e0 (3/1.2/PHB) CPU/0-ffffffffffffff (2/1.2/PHB) NET/0-0 (0/5000.0/LOC) 
ip-10-231-1-201:55:55 [0] NCCL INFO ncclTopoGetCpuAffinity: Affinity for GPU 0 is empty, ignoring. (GPU affinity =  ; CPU affinity = 0-3).
ip-10-231-1-201:55:55 [0] NCCL INFO Pattern 4, crossNic 0, nChannels 1, bw 1.200000/1.200000, type LOC/PHB, sameChannels 1
ip-10-231-1-201:55:55 [0] NCCL INFO  0 : NET/0-0 GPU/0-1e0 NET/0-0
ip-10-231-1-201:55:55 [0] NCCL INFO Pattern 3, crossNic 0, nChannels 1, bw 2.400000/1.200000, type LOC/PHB, sameChannels 1
ip-10-231-1-201:55:55 [0] NCCL INFO  0 : NET/0-0 GPU/0-1e0 NET/0-0
ip-10-231-1-201:55:55 [0] NCCL INFO Could not get speed from /sys/class/net/ens5/speed. Defaulting to 10 Gbps.
ip-10-231-1-201:55:55 [0] NCCL INFO comm 0x6098b93ce5f0 rank 0 nRanks 2 nNodes 2 localRanks 1 localRank 0 MNNVL 0
ip-10-231-1-201:55:55 [0] NCCL INFO Tree 0 : -1 -> 0 -> 1/-1/-1
ip-10-231-1-201:55:55 [0] NCCL INFO Tree 1 : 1 -> 0 -> -1/-1/-1
ip-10-231-1-201:55:55 [0] NCCL INFO Channel 00/02 : 0 1
ip-10-231-1-201:55:55 [0] NCCL INFO Channel 01/02 : 0 1
ip-10-231-1-201:55:55 [0] NCCL INFO Ring 00 : 1 -> 0 -> 1
ip-10-231-1-201:55:55 [0] NCCL INFO Ring 01 : 1 -> 0 -> 1
ip-10-231-1-201:55:55 [0] NCCL INFO Trees [0] 1/-1/-1->0->-1 [1] -1/-1/-1->0->1
ip-10-231-1-201:55:55 [0] NCCL INFO P2P Chunksize set to 131072
ip-10-231-1-201:55:55 [0] NCCL INFO Check P2P Type isAllDirectP2p 1 directMode 0 isAllCudaP2p 1
ip-10-231-1-201:55:55 [0] NCCL INFO ncclP2pSchedule: group size used is 1
ip-10-231-1-201:55:151 [0] NCCL INFO [Proxy Service UDS] Device 0 CPU core 0
ip-10-231-1-201:55:150 [0] NCCL INFO [Proxy Service] Device 0 CPU core 0
ip-10-231-1-201:55:55 [0] NCCL INFO threadThresholds 8/8/64 | 16/8/64 | 512 | 512
ip-10-231-1-201:55:55 [0] NCCL INFO 2 coll channels, 2 collnet channels, 0 nvls channels, 2 p2p channels, 1 p2p channels per peer
ip-10-231-1-201:55:55 [0] NCCL INFO Symmetric VA size=24GB
ip-10-231-1-201:55:55 [0] NCCL INFO Symmetric memory is not supported. cuMemEnable 1, globalGinSupport 0, globalNicFused 0 cuMemGdrSupport 1
ip-10-231-1-201:55:55 [0] NCCL INFO CC Off, workFifoBytes 1048576
ip-10-231-1-201:55:55 [0] NCCL INFO ncclCommInitRankConfig comm 0x6098b93ce5f0 rank 0 nranks 2 cudaDev 0 nvmlDev 0 busId 1e0 commId 0x89e171c265925457 - Init COMPLETE
ip-10-231-1-201:55:55 [0] NCCL INFO Init timings - ncclCommInitRankConfig: rank 0 nranks 2 total 1.24 (kernels 0.00, alloc 0.00, bootstrap 0.94, allgathers 0.28, topo 0.00, graphs 0.00, connections 0.00, rest 0.00)
ip-10-231-1-201:55:150 [0] NCCL INFO New proxy send connection 0 from local rank 0, transport 2
ip-10-231-1-201:55:152 [0] NCCL INFO [Proxy Progress] Device 0 CPU core 3
ip-10-231-1-201:55:55 [0] NCCL INFO Connected to proxy localRank 0 -> connection 0x77ad08020fb0
ip-10-231-1-201:55:150 [0] NCCL INFO Could not get speed from /sys/class/net/ens5/speed. Defaulting to 10 Gbps.
ip-10-231-1-201:55:55 [0] NCCL INFO Channel 01/1 : 0[0] -> 1[0] [send] via NET/Socket/0/Shared
ip-10-231-1-201:55:150 [0] NCCL INFO New proxy recv connection 1 from local rank 0, transport 2
ip-10-231-1-201:55:55 [0] NCCL INFO Connected to proxy localRank 0 -> connection 0x77ad08021038
ip-10-231-1-201:55:150 [0] NCCL INFO Could not get speed from /sys/class/net/ens5/speed. Defaulting to 10 Gbps.
ip-10-231-1-201:55:150 [0] NCCL INFO NET/Socket: Using 2 threads and 8 sockets per thread
ip-10-231-1-201:55:55 [0] NCCL INFO Channel 01/1 : 1[0] -> 0[0] [receive] via NET/Socket/0/Shared
ip-10-231-1-201:55:55 [0] NCCL INFO Initialized NET plugin Socket
ip-10-231-1-201:55:55 [0] NCCL INFO Could not get speed from /sys/class/net/ens5/speed. Defaulting to 10 Gbps.
ip-10-231-1-201:55:55 [0] NCCL INFO Assigned NET plugin Socket to comm
ip-10-231-1-201:55:55 [0] NCCL INFO Failed to initialize any GIN plugin
ip-10-231-1-201:55:55 [0] NCCL INFO Using network Socket
ip-10-231-1-201:55:55 [0] NCCL INFO [Rank 1] ncclCommInitRankConfig comm 0x6098b95033f0 rank 1 nranks 2 cudaDev 0 nvmlDev 0 busId 1e0 commId 0x36572cf6dc57b54a - Init START
ip-10-231-1-201:55:55 [0] NCCL INFO Topology detection : could not read /sys/devices/pci0000:00/0000:00:1e.0/../max_link_speed, ignoring
ip-10-231-1-201:55:55 [0] NCCL INFO Topology detection : could not read /sys/devices/pci0000:00/0000:00:1e.0/../max_link_width, ignoring
ip-10-231-1-201:55:55 [0] NCCL INFO Topology detection : could not read /sys/devices/system/node/node-1/cpumap, ignoring
ip-10-231-1-201:55:55 [0] NCCL INFO TOPO/NET : Importing network plugins to topology
ip-10-231-1-201:55:55 [0] NCCL INFO Could not get speed from /sys/class/net/ens5/speed. Defaulting to 10 Gbps.
ip-10-231-1-201:55:55 [0] NCCL INFO Topology detection : could not read /sys/devices/pci0000:00/0000:00:05.0/../max_link_speed, ignoring
ip-10-231-1-201:55:55 [0] NCCL INFO Topology detection : could not read /sys/devices/pci0000:00/0000:00:05.0/../max_link_width, ignoring
ip-10-231-1-201:55:55 [0] NCCL INFO Topology detection : could not read /sys/devices/system/node/node-1/cpumap, ignoring
ip-10-231-1-201:55:55 [0] NCCL INFO NET/Socket : GPU Direct RDMA Disabled for HCA 0 'ens5'
ip-10-231-1-201:55:55 [0] NCCL INFO ncclTopoPopulateNics : Filled ens5 in topo with pciPath=/sys/devices/pci0000:00/0000:00:05.0 net=1 gin=(null) keep=1 coll=(null)
ip-10-231-1-201:55:55 [0] NCCL INFO KV Convert to int : could not find value of 'Unknown' in dictionary, falling back to 60
ip-10-231-1-201:55:55 [0] NCCL INFO === System : maxBw 1.2 totalBw 24.0 ===
ip-10-231-1-201:55:55 [0] NCCL INFO CPU/0-ffffffffffffff (1/2/-1)
ip-10-231-1-201:55:55 [0] NCCL INFO + PCI[24.0] - GPU/0-1e0 (1)
ip-10-231-1-201:55:55 [0] NCCL INFO + PCI[12.0] - NIC/0-50
ip-10-231-1-201:55:55 [0] NCCL INFO               + NET[1.2] - NET/0-0 (0/0/0/1.250000)
ip-10-231-1-201:55:55 [0] NCCL INFO ==========================================
ip-10-231-1-201:55:55 [0] NCCL INFO GPU/0-1e0 :GPU/0-1e0 (0/5000.0/LOC) CPU/0-ffffffffffffff (1/24.0/PHB) NET/0-0 (3/1.2/PHB) 
ip-10-231-1-201:55:55 [0] NCCL INFO NET/0-0 :GPU/0-1e0 (3/1.2/PHB) CPU/0-ffffffffffffff (2/1.2/PHB) NET/0-0 (0/5000.0/LOC) 
ip-10-231-1-201:55:55 [0] NCCL INFO ncclTopoGetCpuAffinity: Affinity for GPU 0 is empty, ignoring. (GPU affinity =  ; CPU affinity = 0-3).
ip-10-231-1-201:55:55 [0] NCCL INFO Pattern 4, crossNic 0, nChannels 1, bw 1.200000/1.200000, type LOC/PHB, sameChannels 1
ip-10-231-1-201:55:55 [0] NCCL INFO  0 : NET/0-0 GPU/0-1e0 NET/0-0
ip-10-231-1-201:55:55 [0] NCCL INFO Pattern 3, crossNic 0, nChannels 1, bw 2.400000/1.200000, type LOC/PHB, sameChannels 1
ip-10-231-1-201:55:55 [0] NCCL INFO  0 : NET/0-0 GPU/0-1e0 NET/0-0
ip-10-231-1-201:55:55 [0] NCCL INFO Could not get speed from /sys/class/net/ens5/speed. Defaulting to 10 Gbps.
ip-10-231-1-201:55:55 [0] NCCL INFO comm 0x6098b95033f0 rank 1 nRanks 2 nNodes 2 localRanks 1 localRank 0 MNNVL 0
ip-10-231-1-201:55:55 [0] NCCL INFO Tree 0 : 0 -> 1 -> -1/-1/-1
ip-10-231-1-201:55:55 [0] NCCL INFO Tree 1 : -1 -> 1 -> 0/-1/-1
ip-10-231-1-201:55:55 [0] NCCL INFO Ring 00 : 0 -> 1 -> 0
ip-10-231-1-201:55:55 [0] NCCL INFO Ring 01 : 0 -> 1 -> 0
ip-10-231-1-201:55:55 [0] NCCL INFO Trees [0] -1/-1/-1->1->0 [1] 0/-1/-1->1->-1
ip-10-231-1-201:55:55 [0] NCCL INFO P2P Chunksize set to 131072
ip-10-231-1-201:55:55 [0] NCCL INFO Check P2P Type isAllDirectP2p 1 directMode 0 isAllCudaP2p 1
ip-10-231-1-201:55:55 [0] NCCL INFO ncclP2pSchedule: group size used is 1
ip-10-231-1-201:55:158 [0] NCCL INFO [Proxy Service UDS] Device 0 CPU core 0
ip-10-231-1-201:55:157 [0] NCCL INFO [Proxy Service] Device 0 CPU core 0
ip-10-231-1-201:55:55 [0] NCCL INFO threadThresholds 8/8/64 | 16/8/64 | 512 | 512
ip-10-231-1-201:55:55 [0] NCCL INFO 2 coll channels, 2 collnet channels, 0 nvls channels, 2 p2p channels, 1 p2p channels per peer
ip-10-231-1-201:55:55 [0] NCCL INFO Symmetric VA size=24GB
ip-10-231-1-201:55:55 [0] NCCL INFO Symmetric memory is not supported. cuMemEnable 1, globalGinSupport 0, globalNicFused 0 cuMemGdrSupport 1
ip-10-231-1-201:55:55 [0] NCCL INFO ncclCommInitRankConfig comm 0x6098b95033f0 rank 1 nranks 2 cudaDev 0 nvmlDev 0 busId 1e0 commId 0x36572cf6dc57b54a - Init COMPLETE
ip-10-231-1-201:55:55 [0] NCCL INFO Init timings - ncclCommInitRankConfig: rank 1 nranks 2 total 0.47 (kernels 0.00, alloc 0.00, bootstrap 0.34, allgathers 0.13, topo 0.00, graphs 0.00, connections 0.00, rest 0.00)
ip-10-231-1-201:55:157 [0] NCCL INFO New proxy recv connection 0 from local rank 0, transport 2
ip-10-231-1-201:55:159 [0] NCCL INFO [Proxy Progress] Device 0 CPU core 3
ip-10-231-1-201:55:55 [0] NCCL INFO Connected to proxy localRank 0 -> connection 0x77ad9801c380
ip-10-231-1-201:55:157 [0] NCCL INFO Could not get speed from /sys/class/net/ens5/speed. Defaulting to 10 Gbps.
ip-10-231-1-201:55:157 [0] NCCL INFO NET/Socket: Using 2 threads and 8 sockets per thread
ip-10-231-1-201:55:55 [0] NCCL INFO Channel 01/1 : 0[0] -> 1[0] [receive] via NET/Socket/0/Shared
ip-10-231-1-201:55:157 [0] NCCL INFO New proxy send connection 1 from local rank 0, transport 2
ip-10-231-1-201:55:55 [0] NCCL INFO Connected to proxy localRank 0 -> connection 0x77ad9801c408
ip-10-231-1-201:55:157 [0] NCCL INFO Could not get speed from /sys/class/net/ens5/speed. Defaulting to 10 Gbps.
ip-10-231-1-201:55:55 [0] NCCL INFO Channel 01/1 : 1[0] -> 0[0] [send] via NET/Socket/0/Shared
ip-10-231-1-201:55:55 [0] NCCL INFO Initialized NET plugin Socket
ip-10-231-1-201:55:55 [0] NCCL INFO Could not get speed from /sys/class/net/ens5/speed. Defaulting to 10 Gbps.
ip-10-231-1-201:55:55 [0] NCCL INFO Assigned NET plugin Socket to comm
ip-10-231-1-201:55:55 [0] NCCL INFO Failed to initialize any GIN plugin
ip-10-231-1-201:55:55 [0] NCCL INFO Using network Socket
ip-10-231-1-201:55:55 [0] NCCL INFO [Rank 1] ncclCommInitRankConfig comm 0x6098c076ab40 rank 1 nranks 2 cudaDev 0 nvmlDev 0 busId 1e0 commId 0x5434db38dd3fd647 - Init START
ip-10-231-1-201:55:55 [0] NCCL INFO Topology detection : could not read /sys/devices/pci0000:00/0000:00:1e.0/../max_link_speed, ignoring
ip-10-231-1-201:55:55 [0] NCCL INFO Topology detection : could not read /sys/devices/pci0000:00/0000:00:1e.0/../max_link_width, ignoring
ip-10-231-1-201:55:55 [0] NCCL INFO Topology detection : could not read /sys/devices/system/node/node-1/cpumap, ignoring
ip-10-231-1-201:55:55 [0] NCCL INFO TOPO/NET : Importing network plugins to topology
ip-10-231-1-201:55:55 [0] NCCL INFO Could not get speed from /sys/class/net/ens5/speed. Defaulting to 10 Gbps.
ip-10-231-1-201:55:55 [0] NCCL INFO Topology detection : could not read /sys/devices/pci0000:00/0000:00:05.0/../max_link_speed, ignoring
ip-10-231-1-201:55:55 [0] NCCL INFO Topology detection : could not read /sys/devices/pci0000:00/0000:00:05.0/../max_link_width, ignoring
ip-10-231-1-201:55:55 [0] NCCL INFO Topology detection : could not read /sys/devices/system/node/node-1/cpumap, ignoring
ip-10-231-1-201:55:55 [0] NCCL INFO NET/Socket : GPU Direct RDMA Disabled for HCA 0 'ens5'
ip-10-231-1-201:55:55 [0] NCCL INFO ncclTopoPopulateNics : Filled ens5 in topo with pciPath=/sys/devices/pci0000:00/0000:00:05.0 net=1 gin=(null) keep=1 coll=(null)
ip-10-231-1-201:55:55 [0] NCCL INFO KV Convert to int : could not find value of 'Unknown' in dictionary, falling back to 60
ip-10-231-1-201:55:55 [0] NCCL INFO === System : maxBw 1.2 totalBw 24.0 ===
ip-10-231-1-201:55:55 [0] NCCL INFO CPU/0-ffffffffffffff (1/2/-1)
ip-10-231-1-201:55:55 [0] NCCL INFO + PCI[24.0] - GPU/0-1e0 (1)
ip-10-231-1-201:55:55 [0] NCCL INFO + PCI[12.0] - NIC/0-50
ip-10-231-1-201:55:55 [0] NCCL INFO               + NET[1.2] - NET/0-0 (0/0/0/1.250000)
ip-10-231-1-201:55:55 [0] NCCL INFO ==========================================
ip-10-231-1-201:55:55 [0] NCCL INFO GPU/0-1e0 :GPU/0-1e0 (0/5000.0/LOC) CPU/0-ffffffffffffff (1/24.0/PHB) NET/0-0 (3/1.2/PHB) 
ip-10-231-1-201:55:55 [0] NCCL INFO NET/0-0 :GPU/0-1e0 (3/1.2/PHB) CPU/0-ffffffffffffff (2/1.2/PHB) NET/0-0 (0/5000.0/LOC) 
ip-10-231-1-201:55:55 [0] NCCL INFO ncclTopoGetCpuAffinity: Affinity for GPU 0 is empty, ignoring. (GPU affinity =  ; CPU affinity = 0-3).
ip-10-231-1-201:55:55 [0] NCCL INFO Pattern 4, crossNic 0, nChannels 1, bw 1.200000/1.200000, type LOC/PHB, sameChannels 1
ip-10-231-1-201:55:55 [0] NCCL INFO  0 : NET/0-0 GPU/0-1e0 NET/0-0
ip-10-231-1-201:55:55 [0] NCCL INFO Pattern 3, crossNic 0, nChannels 1, bw 2.400000/1.200000, type LOC/PHB, sameChannels 1
ip-10-231-1-201:55:55 [0] NCCL INFO  0 : NET/0-0 GPU/0-1e0 NET/0-0
ip-10-231-1-201:55:55 [0] NCCL INFO Could not get speed from /sys/class/net/ens5/speed. Defaulting to 10 Gbps.
ip-10-231-1-201:55:55 [0] NCCL INFO comm 0x6098c076ab40 rank 1 nRanks 2 nNodes 2 localRanks 1 localRank 0 MNNVL 0
ip-10-231-1-201:55:55 [0] NCCL INFO Tree 0 : 0 -> 1 -> -1/-1/-1
ip-10-231-1-201:55:55 [0] NCCL INFO Tree 1 : -1 -> 1 -> 0/-1/-1
ip-10-231-1-201:55:55 [0] NCCL INFO Ring 00 : 0 -> 1 -> 0
ip-10-231-1-201:55:55 [0] NCCL INFO Ring 01 : 0 -> 1 -> 0
ip-10-231-1-201:55:55 [0] NCCL INFO Trees [0] -1/-1/-1->1->0 [1] 0/-1/-1->1->-1
ip-10-231-1-201:55:55 [0] NCCL INFO P2P Chunksize set to 131072
ip-10-231-1-201:55:55 [0] NCCL INFO Check P2P Type isAllDirectP2p 1 directMode 0 isAllCudaP2p 1
ip-10-231-1-201:55:164 [0] NCCL INFO [Proxy Service] Device 0 CPU core 1
ip-10-231-1-201:55:55 [0] NCCL INFO ncclP2pSchedule: group size used is 1
ip-10-231-1-201:55:165 [0] NCCL INFO [Proxy Service UDS] Device 0 CPU core 1
ip-10-231-1-201:55:55 [0] NCCL INFO threadThresholds 8/8/64 | 16/8/64 | 512 | 512
ip-10-231-1-201:55:55 [0] NCCL INFO 2 coll channels, 2 collnet channels, 0 nvls channels, 2 p2p channels, 1 p2p channels per peer
ip-10-231-1-201:55:55 [0] NCCL INFO Symmetric VA size=24GB
ip-10-231-1-201:55:55 [0] NCCL INFO Symmetric memory is not supported. cuMemEnable 1, globalGinSupport 0, globalNicFused 0 cuMemGdrSupport 1
ip-10-231-1-201:55:55 [0] NCCL INFO ncclCommInitRankConfig comm 0x6098c076ab40 rank 1 nranks 2 cudaDev 0 nvmlDev 0 busId 1e0 commId 0x5434db38dd3fd647 - Init COMPLETE
ip-10-231-1-201:55:55 [0] NCCL INFO Init timings - ncclCommInitRankConfig: rank 1 nranks 2 total 0.49 (kernels 0.00, alloc 0.00, bootstrap 0.34, allgathers 0.14, topo 0.00, graphs 0.00, connections 0.00, rest 0.00)
ip-10-231-1-201:55:164 [0] NCCL INFO New proxy recv connection 0 from local rank 0, transport 2
ip-10-231-1-201:55:166 [0] NCCL INFO [Proxy Progress] Device 0 CPU core 2
ip-10-231-1-201:55:55 [0] NCCL INFO Connected to proxy localRank 0 -> connection 0x77adb0008f90
ip-10-231-1-201:55:164 [0] NCCL INFO Could not get speed from /sys/class/net/ens5/speed. Defaulting to 10 Gbps.
ip-10-231-1-201:55:164 [0] NCCL INFO NET/Socket: Using 2 threads and 8 sockets per thread
ip-10-231-1-201:55:55 [0] NCCL INFO Channel 01/1 : 0[0] -> 1[0] [receive] via NET/Socket/0/Shared
ip-10-231-1-201:55:164 [0] NCCL INFO New proxy send connection 1 from local rank 0, transport 2
ip-10-231-1-201:55:55 [0] NCCL INFO Connected to proxy localRank 0 -> connection 0x77adb0009018
ip-10-231-1-201:55:164 [0] NCCL INFO Could not get speed from /sys/class/net/ens5/speed. Defaulting to 10 Gbps.
ip-10-231-1-201:55:55 [0] NCCL INFO Channel 01/1 : 1[0] -> 0[0] [send] via NET/Socket/0/Shared
ip-10-231-1-201:55:55 [0] NCCL INFO Initialized NET plugin Socket
ip-10-231-1-201:55:55 [0] NCCL INFO Could not get speed from /sys/class/net/ens5/speed. Defaulting to 10 Gbps.
ip-10-231-1-201:55:55 [0] NCCL INFO Assigned NET plugin Socket to comm
ip-10-231-1-201:55:55 [0] NCCL INFO Failed to initialize any GIN plugin
ip-10-231-1-201:55:55 [0] NCCL INFO Using network Socket
ip-10-231-1-201:55:55 [0] NCCL INFO [Rank 0] ncclCommInitRankConfig comm 0x6098bee1a880 rank 0 nranks 2 cudaDev 0 nvmlDev 0 busId 1e0 commId 0xa343a536b33e75f - Init START
ip-10-231-1-201:55:55 [0] NCCL INFO Topology detection : could not read /sys/devices/pci0000:00/0000:00:1e.0/../max_link_speed, ignoring
ip-10-231-1-201:55:55 [0] NCCL INFO Topology detection : could not read /sys/devices/pci0000:00/0000:00:1e.0/../max_link_width, ignoring
ip-10-231-1-201:55:55 [0] NCCL INFO Topology detection : could not read /sys/devices/system/node/node-1/cpumap, ignoring
ip-10-231-1-201:55:55 [0] NCCL INFO TOPO/NET : Importing network plugins to topology
ip-10-231-1-201:55:55 [0] NCCL INFO Could not get speed from /sys/class/net/ens5/speed. Defaulting to 10 Gbps.
ip-10-231-1-201:55:55 [0] NCCL INFO Topology detection : could not read /sys/devices/pci0000:00/0000:00:05.0/../max_link_speed, ignoring
ip-10-231-1-201:55:55 [0] NCCL INFO Topology detection : could not read /sys/devices/pci0000:00/0000:00:05.0/../max_link_width, ignoring
ip-10-231-1-201:55:55 [0] NCCL INFO Topology detection : could not read /sys/devices/system/node/node-1/cpumap, ignoring
ip-10-231-1-201:55:55 [0] NCCL INFO NET/Socket : GPU Direct RDMA Disabled for HCA 0 'ens5'
ip-10-231-1-201:55:55 [0] NCCL INFO ncclTopoPopulateNics : Filled ens5 in topo with pciPath=/sys/devices/pci0000:00/0000:00:05.0 net=1 gin=(null) keep=1 coll=(null)
ip-10-231-1-201:55:55 [0] NCCL INFO KV Convert to int : could not find value of 'Unknown' in dictionary, falling back to 60
ip-10-231-1-201:55:55 [0] NCCL INFO === System : maxBw 1.2 totalBw 24.0 ===
ip-10-231-1-201:55:55 [0] NCCL INFO CPU/0-ffffffffffffff (1/2/-1)
ip-10-231-1-201:55:55 [0] NCCL INFO + PCI[24.0] - GPU/0-1e0 (0)
ip-10-231-1-201:55:55 [0] NCCL INFO + PCI[12.0] - NIC/0-50
ip-10-231-1-201:55:55 [0] NCCL INFO               + NET[1.2] - NET/0-0 (0/0/0/1.250000)
ip-10-231-1-201:55:55 [0] NCCL INFO ==========================================
ip-10-231-1-201:55:55 [0] NCCL INFO GPU/0-1e0 :GPU/0-1e0 (0/5000.0/LOC) CPU/0-ffffffffffffff (1/24.0/PHB) NET/0-0 (3/1.2/PHB) 
ip-10-231-1-201:55:55 [0] NCCL INFO NET/0-0 :GPU/0-1e0 (3/1.2/PHB) CPU/0-ffffffffffffff (2/1.2/PHB) NET/0-0 (0/5000.0/LOC) 
ip-10-231-1-201:55:55 [0] NCCL INFO ncclTopoGetCpuAffinity: Affinity for GPU 0 is empty, ignoring. (GPU affinity =  ; CPU affinity = 0-3).
ip-10-231-1-201:55:55 [0] NCCL INFO Pattern 4, crossNic 0, nChannels 1, bw 1.200000/1.200000, type LOC/PHB, sameChannels 1
ip-10-231-1-201:55:55 [0] NCCL INFO  0 : NET/0-0 GPU/0-1e0 NET/0-0
ip-10-231-1-201:55:55 [0] NCCL INFO Pattern 3, crossNic 0, nChannels 1, bw 2.400000/1.200000, type LOC/PHB, sameChannels 1
ip-10-231-1-201:55:55 [0] NCCL INFO  0 : NET/0-0 GPU/0-1e0 NET/0-0
ip-10-231-1-201:55:55 [0] NCCL INFO Could not get speed from /sys/class/net/ens5/speed. Defaulting to 10 Gbps.
ip-10-231-1-201:55:55 [0] NCCL INFO comm 0x6098bee1a880 rank 0 nRanks 2 nNodes 2 localRanks 1 localRank 0 MNNVL 0
ip-10-231-1-201:55:55 [0] NCCL INFO Tree 0 : -1 -> 0 -> 1/-1/-1
ip-10-231-1-201:55:55 [0] NCCL INFO Tree 1 : 1 -> 0 -> -1/-1/-1
ip-10-231-1-201:55:55 [0] NCCL INFO Channel 00/02 : 0 1
ip-10-231-1-201:55:55 [0] NCCL INFO Channel 01/02 : 0 1
ip-10-231-1-201:55:55 [0] NCCL INFO Ring 00 : 1 -> 0 -> 1
ip-10-231-1-201:55:55 [0] NCCL INFO Ring 01 : 1 -> 0 -> 1
ip-10-231-1-201:55:55 [0] NCCL INFO Trees [0] 1/-1/-1->0->-1 [1] -1/-1/-1->0->1
ip-10-231-1-201:55:55 [0] NCCL INFO P2P Chunksize set to 131072
ip-10-231-1-201:55:55 [0] NCCL INFO Check P2P Type isAllDirectP2p 1 directMode 0 isAllCudaP2p 1
ip-10-231-1-201:55:172 [0] NCCL INFO [Proxy Service] Device 0 CPU core 1
ip-10-231-1-201:55:173 [0] NCCL INFO [Proxy Service UDS] Device 0 CPU core 1
ip-10-231-1-201:55:55 [0] NCCL INFO ncclP2pSchedule: group size used is 1
ip-10-231-1-201:55:55 [0] NCCL INFO threadThresholds 8/8/64 | 16/8/64 | 512 | 512
ip-10-231-1-201:55:55 [0] NCCL INFO 2 coll channels, 2 collnet channels, 0 nvls channels, 2 p2p channels, 1 p2p channels per peer
ip-10-231-1-201:55:55 [0] NCCL INFO Symmetric VA size=24GB
ip-10-231-1-201:55:55 [0] NCCL INFO Symmetric memory is not supported. cuMemEnable 1, globalGinSupport 0, globalNicFused 0 cuMemGdrSupport 1
ip-10-231-1-201:55:55 [0] NCCL INFO CC Off, workFifoBytes 1048576
ip-10-231-1-201:55:55 [0] NCCL INFO ncclCommInitRankConfig comm 0x6098bee1a880 rank 0 nranks 2 cudaDev 0 nvmlDev 0 busId 1e0 commId 0xa343a536b33e75f - Init COMPLETE
ip-10-231-1-201:55:55 [0] NCCL INFO Init timings - ncclCommInitRankConfig: rank 0 nranks 2 total 0.48 (kernels 0.00, alloc 0.00, bootstrap 0.37, allgathers 0.11, topo 0.00, graphs 0.00, connections 0.00, rest 0.00)
ip-10-231-1-201:55:172 [0] NCCL INFO New proxy send connection 0 from local rank 0, transport 2
ip-10-231-1-201:55:174 [0] NCCL INFO [Proxy Progress] Device 0 CPU core 1
ip-10-231-1-201:55:55 [0] NCCL INFO Connected to proxy localRank 0 -> connection 0x77adc40292c0
ip-10-231-1-201:55:172 [0] NCCL INFO Could not get speed from /sys/class/net/ens5/speed. Defaulting to 10 Gbps.
ip-10-231-1-201:55:55 [0] NCCL INFO Channel 01/1 : 0[0] -> 1[0] [send] via NET/Socket/0/Shared
ip-10-231-1-201:55:172 [0] NCCL INFO New proxy recv connection 1 from local rank 0, transport 2
ip-10-231-1-201:55:55 [0] NCCL INFO Connected to proxy localRank 0 -> connection 0x77adc4029348
ip-10-231-1-201:55:172 [0] NCCL INFO Could not get speed from /sys/class/net/ens5/speed. Defaulting to 10 Gbps.
ip-10-231-1-201:55:172 [0] NCCL INFO NET/Socket: Using 2 threads and 8 sockets per thread
ip-10-231-1-201:55:55 [0] NCCL INFO Channel 01/1 : 1[0] -> 0[0] [receive] via NET/Socket/0/Shared
ip-10-231-1-201:55:55 [0] NCCL INFO Initialized NET plugin Socket
ip-10-231-1-201:55:55 [0] NCCL INFO Could not get speed from /sys/class/net/ens5/speed. Defaulting to 10 Gbps.
ip-10-231-1-201:55:55 [0] NCCL INFO Assigned NET plugin Socket to comm
ip-10-231-1-201:55:55 [0] NCCL INFO Failed to initialize any GIN plugin
ip-10-231-1-201:55:55 [0] NCCL INFO Using network Socket
ip-10-231-1-201:55:55 [0] NCCL INFO [Rank 0] ncclCommInitRankConfig comm 0x6098bf012a40 rank 0 nranks 2 cudaDev 0 nvmlDev 0 busId 1e0 commId 0x3ba9fcc528e42df4 - Init START
ip-10-231-1-201:55:55 [0] NCCL INFO Topology detection : could not read /sys/devices/pci0000:00/0000:00:1e.0/../max_link_speed, ignoring
ip-10-231-1-201:55:55 [0] NCCL INFO Topology detection : could not read /sys/devices/pci0000:00/0000:00:1e.0/../max_link_width, ignoring
ip-10-231-1-201:55:55 [0] NCCL INFO Topology detection : could not read /sys/devices/system/node/node-1/cpumap, ignoring
ip-10-231-1-201:55:55 [0] NCCL INFO TOPO/NET : Importing network plugins to topology
ip-10-231-1-201:55:55 [0] NCCL INFO Could not get speed from /sys/class/net/ens5/speed. Defaulting to 10 Gbps.
ip-10-231-1-201:55:55 [0] NCCL INFO Topology detection : could not read /sys/devices/pci0000:00/0000:00:05.0/../max_link_speed, ignoring
ip-10-231-1-201:55:55 [0] NCCL INFO Topology detection : could not read /sys/devices/pci0000:00/0000:00:05.0/../max_link_width, ignoring
ip-10-231-1-201:55:55 [0] NCCL INFO Topology detection : could not read /sys/devices/system/node/node-1/cpumap, ignoring
ip-10-231-1-201:55:55 [0] NCCL INFO NET/Socket : GPU Direct RDMA Disabled for HCA 0 'ens5'
ip-10-231-1-201:55:55 [0] NCCL INFO ncclTopoPopulateNics : Filled ens5 in topo with pciPath=/sys/devices/pci0000:00/0000:00:05.0 net=1 gin=(null) keep=1 coll=(null)
ip-10-231-1-201:55:55 [0] NCCL INFO KV Convert to int : could not find value of 'Unknown' in dictionary, falling back to 60
ip-10-231-1-201:55:55 [0] NCCL INFO === System : maxBw 1.2 totalBw 24.0 ===
ip-10-231-1-201:55:55 [0] NCCL INFO CPU/0-ffffffffffffff (1/2/-1)
ip-10-231-1-201:55:55 [0] NCCL INFO + PCI[24.0] - GPU/0-1e0 (0)
ip-10-231-1-201:55:55 [0] NCCL INFO + PCI[12.0] - NIC/0-50
ip-10-231-1-201:55:55 [0] NCCL INFO               + NET[1.2] - NET/0-0 (0/0/0/1.250000)
ip-10-231-1-201:55:55 [0] NCCL INFO ==========================================
ip-10-231-1-201:55:55 [0] NCCL INFO GPU/0-1e0 :GPU/0-1e0 (0/5000.0/LOC) CPU/0-ffffffffffffff (1/24.0/PHB) NET/0-0 (3/1.2/PHB) 
ip-10-231-1-201:55:55 [0] NCCL INFO NET/0-0 :GPU/0-1e0 (3/1.2/PHB) CPU/0-ffffffffffffff (2/1.2/PHB) NET/0-0 (0/5000.0/LOC) 
ip-10-231-1-201:55:55 [0] NCCL INFO ncclTopoGetCpuAffinity: Affinity for GPU 0 is empty, ignoring. (GPU affinity =  ; CPU affinity = 0-3).
ip-10-231-1-201:55:55 [0] NCCL INFO Pattern 4, crossNic 0, nChannels 1, bw 1.200000/1.200000, type LOC/PHB, sameChannels 1
ip-10-231-1-201:55:55 [0] NCCL INFO  0 : NET/0-0 GPU/0-1e0 NET/0-0
ip-10-231-1-201:55:55 [0] NCCL INFO Pattern 3, crossNic 0, nChannels 1, bw 2.400000/1.200000, type LOC/PHB, sameChannels 1
ip-10-231-1-201:55:55 [0] NCCL INFO  0 : NET/0-0 GPU/0-1e0 NET/0-0
ip-10-231-1-201:55:55 [0] NCCL INFO Could not get speed from /sys/class/net/ens5/speed. Defaulting to 10 Gbps.
ip-10-231-1-201:55:55 [0] NCCL INFO comm 0x6098bf012a40 rank 0 nRanks 2 nNodes 2 localRanks 1 localRank 0 MNNVL 0
ip-10-231-1-201:55:55 [0] NCCL INFO Tree 0 : -1 -> 0 -> 1/-1/-1
ip-10-231-1-201:55:55 [0] NCCL INFO Tree 1 : 1 -> 0 -> -1/-1/-1
ip-10-231-1-201:55:55 [0] NCCL INFO Channel 00/02 : 0 1
ip-10-231-1-201:55:55 [0] NCCL INFO Channel 01/02 : 0 1
ip-10-231-1-201:55:55 [0] NCCL INFO Ring 00 : 1 -> 0 -> 1
ip-10-231-1-201:55:55 [0] NCCL INFO Ring 01 : 1 -> 0 -> 1
ip-10-231-1-201:55:55 [0] NCCL INFO Trees [0] 1/-1/-1->0->-1 [1] -1/-1/-1->0->1
ip-10-231-1-201:55:55 [0] NCCL INFO P2P Chunksize set to 131072
ip-10-231-1-201:55:55 [0] NCCL INFO Check P2P Type isAllDirectP2p 1 directMode 0 isAllCudaP2p 1
ip-10-231-1-201:55:180 [0] NCCL INFO [Proxy Service] Device 0 CPU core 1
ip-10-231-1-201:55:55 [0] NCCL INFO ncclP2pSchedule: group size used is 1
ip-10-231-1-201:55:181 [0] NCCL INFO [Proxy Service UDS] Device 0 CPU core 1
ip-10-231-1-201:55:55 [0] NCCL INFO threadThresholds 8/8/64 | 16/8/64 | 512 | 512
ip-10-231-1-201:55:55 [0] NCCL INFO 2 coll channels, 2 collnet channels, 0 nvls channels, 2 p2p channels, 1 p2p channels per peer
ip-10-231-1-201:55:55 [0] NCCL INFO Symmetric VA size=24GB
ip-10-231-1-201:55:55 [0] NCCL INFO Symmetric memory is not supported. cuMemEnable 1, globalGinSupport 0, globalNicFused 0 cuMemGdrSupport 1
ip-10-231-1-201:55:55 [0] NCCL INFO CC Off, workFifoBytes 1048576
ip-10-231-1-201:55:55 [0] NCCL INFO ncclCommInitRankConfig comm 0x6098bf012a40 rank 0 nranks 2 cudaDev 0 nvmlDev 0 busId 1e0 commId 0x3ba9fcc528e42df4 - Init COMPLETE
ip-10-231-1-201:55:55 [0] NCCL INFO Init timings - ncclCommInitRankConfig: rank 0 nranks 2 total 1.31 (kernels 0.00, alloc 0.00, bootstrap 1.01, allgathers 0.30, topo 0.00, graphs 0.00, connections 0.00, rest 0.00)
ip-10-231-1-201:55:180 [0] NCCL INFO New proxy send connection 0 from local rank 0, transport 2
ip-10-231-1-201:55:182 [0] NCCL INFO [Proxy Progress] Device 0 CPU core 2
ip-10-231-1-201:55:55 [0] NCCL INFO Connected to proxy localRank 0 -> connection 0x77add4005260
ip-10-231-1-201:55:180 [0] NCCL INFO Could not get speed from /sys/class/net/ens5/speed. Defaulting to 10 Gbps.
ip-10-231-1-201:55:55 [0] NCCL INFO Channel 01/1 : 0[0] -> 1[0] [send] via NET/Socket/0/Shared
ip-10-231-1-201:55:180 [0] NCCL INFO New proxy recv connection 1 from local rank 0, transport 2
ip-10-231-1-201:55:55 [0] NCCL INFO Connected to proxy localRank 0 -> connection 0x77add40052e8
ip-10-231-1-201:55:180 [0] NCCL INFO Could not get speed from /sys/class/net/ens5/speed. Defaulting to 10 Gbps.
ip-10-231-1-201:55:180 [0] NCCL INFO NET/Socket: Using 2 threads and 8 sockets per thread
ip-10-231-1-201:55:55 [0] NCCL INFO Channel 01/1 : 1[0] -> 0[0] [receive] via NET/Socket/0/Shared
ip-10-231-1-201:55:55 [0] NCCL INFO Initialized NET plugin Socket
ip-10-231-1-201:55:55 [0] NCCL INFO Could not get speed from /sys/class/net/ens5/speed. Defaulting to 10 Gbps.
ip-10-231-1-201:55:55 [0] NCCL INFO Assigned NET plugin Socket to comm
ip-10-231-1-201:55:55 [0] NCCL INFO Failed to initialize any GIN plugin
ip-10-231-1-201:55:55 [0] NCCL INFO Using network Socket
ip-10-231-1-201:55:55 [0] NCCL INFO [Rank 0] ncclCommInitRankConfig comm 0x6098bf137830 rank 0 nranks 2 cudaDev 0 nvmlDev 0 busId 1e0 commId 0x60f46cc3205a9003 - Init START
ip-10-231-1-201:55:55 [0] NCCL INFO Topology detection : could not read /sys/devices/pci0000:00/0000:00:1e.0/../max_link_speed, ignoring
ip-10-231-1-201:55:55 [0] NCCL INFO Topology detection : could not read /sys/devices/pci0000:00/0000:00:1e.0/../max_link_width, ignoring
ip-10-231-1-201:55:55 [0] NCCL INFO Topology detection : could not read /sys/devices/system/node/node-1/cpumap, ignoring
ip-10-231-1-201:55:55 [0] NCCL INFO TOPO/NET : Importing network plugins to topology
ip-10-231-1-201:55:55 [0] NCCL INFO Could not get speed from /sys/class/net/ens5/speed. Defaulting to 10 Gbps.
ip-10-231-1-201:55:55 [0] NCCL INFO Topology detection : could not read /sys/devices/pci0000:00/0000:00:05.0/../max_link_speed, ignoring
ip-10-231-1-201:55:55 [0] NCCL INFO Topology detection : could not read /sys/devices/pci0000:00/0000:00:05.0/../max_link_width, ignoring
ip-10-231-1-201:55:55 [0] NCCL INFO Topology detection : could not read /sys/devices/system/node/node-1/cpumap, ignoring
ip-10-231-1-201:55:55 [0] NCCL INFO NET/Socket : GPU Direct RDMA Disabled for HCA 0 'ens5'
ip-10-231-1-201:55:55 [0] NCCL INFO ncclTopoPopulateNics : Filled ens5 in topo with pciPath=/sys/devices/pci0000:00/0000:00:05.0 net=1 gin=(null) keep=1 coll=(null)
ip-10-231-1-201:55:55 [0] NCCL INFO KV Convert to int : could not find value of 'Unknown' in dictionary, falling back to 60
ip-10-231-1-201:55:55 [0] NCCL INFO === System : maxBw 1.2 totalBw 24.0 ===
ip-10-231-1-201:55:55 [0] NCCL INFO CPU/0-ffffffffffffff (1/2/-1)
ip-10-231-1-201:55:55 [0] NCCL INFO + PCI[24.0] - GPU/0-1e0 (0)
ip-10-231-1-201:55:55 [0] NCCL INFO + PCI[12.0] - NIC/0-50
ip-10-231-1-201:55:55 [0] NCCL INFO               + NET[1.2] - NET/0-0 (0/0/0/1.250000)
ip-10-231-1-201:55:55 [0] NCCL INFO ==========================================
ip-10-231-1-201:55:55 [0] NCCL INFO GPU/0-1e0 :GPU/0-1e0 (0/5000.0/LOC) CPU/0-ffffffffffffff (1/24.0/PHB) NET/0-0 (3/1.2/PHB) 
ip-10-231-1-201:55:55 [0] NCCL INFO NET/0-0 :GPU/0-1e0 (3/1.2/PHB) CPU/0-ffffffffffffff (2/1.2/PHB) NET/0-0 (0/5000.0/LOC) 
ip-10-231-1-201:55:55 [0] NCCL INFO ncclTopoGetCpuAffinity: Affinity for GPU 0 is empty, ignoring. (GPU affinity =  ; CPU affinity = 0-3).
ip-10-231-1-201:55:55 [0] NCCL INFO Pattern 4, crossNic 0, nChannels 1, bw 1.200000/1.200000, type LOC/PHB, sameChannels 1
ip-10-231-1-201:55:55 [0] NCCL INFO  0 : NET/0-0 GPU/0-1e0 NET/0-0
ip-10-231-1-201:55:55 [0] NCCL INFO Pattern 3, crossNic 0, nChannels 1, bw 2.400000/1.200000, type LOC/PHB, sameChannels 1
ip-10-231-1-201:55:55 [0] NCCL INFO  0 : NET/0-0 GPU/0-1e0 NET/0-0
ip-10-231-1-201:55:55 [0] NCCL INFO Could not get speed from /sys/class/net/ens5/speed. Defaulting to 10 Gbps.
ip-10-231-1-201:55:55 [0] NCCL INFO comm 0x6098bf137830 rank 0 nRanks 2 nNodes 2 localRanks 1 localRank 0 MNNVL 0
ip-10-231-1-201:55:55 [0] NCCL INFO Tree 0 : -1 -> 0 -> 1/-1/-1
ip-10-231-1-201:55:55 [0] NCCL INFO Tree 1 : 1 -> 0 -> -1/-1/-1
ip-10-231-1-201:55:55 [0] NCCL INFO Channel 00/02 : 0 1
ip-10-231-1-201:55:55 [0] NCCL INFO Channel 01/02 : 0 1
ip-10-231-1-201:55:55 [0] NCCL INFO Ring 00 : 1 -> 0 -> 1
ip-10-231-1-201:55:55 [0] NCCL INFO Ring 01 : 1 -> 0 -> 1
ip-10-231-1-201:55:55 [0] NCCL INFO Trees [0] 1/-1/-1->0->-1 [1] -1/-1/-1->0->1
ip-10-231-1-201:55:55 [0] NCCL INFO P2P Chunksize set to 131072
ip-10-231-1-201:55:55 [0] NCCL INFO Check P2P Type isAllDirectP2p 1 directMode 0 isAllCudaP2p 1
ip-10-231-1-201:55:55 [0] NCCL INFO ncclP2pSchedule: group size used is 1
ip-10-231-1-201:55:188 [0] NCCL INFO [Proxy Service] Device 0 CPU core 3
ip-10-231-1-201:55:189 [0] NCCL INFO [Proxy Service UDS] Device 0 CPU core 0
ip-10-231-1-201:55:55 [0] NCCL INFO threadThresholds 8/8/64 | 16/8/64 | 512 | 512
ip-10-231-1-201:55:55 [0] NCCL INFO 2 coll channels, 2 collnet channels, 0 nvls channels, 2 p2p channels, 1 p2p channels per peer
ip-10-231-1-201:55:55 [0] NCCL INFO Symmetric VA size=24GB
ip-10-231-1-201:55:55 [0] NCCL INFO Symmetric memory is not supported. cuMemEnable 1, globalGinSupport 0, globalNicFused 0 cuMemGdrSupport 1
ip-10-231-1-201:55:55 [0] NCCL INFO CC Off, workFifoBytes 1048576
ip-10-231-1-201:55:55 [0] NCCL INFO ncclCommInitRankConfig comm 0x6098bf137830 rank 0 nranks 2 cudaDev 0 nvmlDev 0 busId 1e0 commId 0x60f46cc3205a9003 - Init COMPLETE
ip-10-231-1-201:55:55 [0] NCCL INFO Init timings - ncclCommInitRankConfig: rank 0 nranks 2 total 1.17 (kernels 0.00, alloc 0.00, bootstrap 0.89, allgathers 0.28, topo 0.00, graphs 0.00, connections 0.00, rest 0.00)
ip-10-231-1-201:55:188 [0] NCCL INFO New proxy send connection 0 from local rank 0, transport 2
ip-10-231-1-201:55:190 [0] NCCL INFO [Proxy Progress] Device 0 CPU core 1
ip-10-231-1-201:55:55 [0] NCCL INFO Connected to proxy localRank 0 -> connection 0x77ae10007dc0
ip-10-231-1-201:55:188 [0] NCCL INFO Could not get speed from /sys/class/net/ens5/speed. Defaulting to 10 Gbps.
ip-10-231-1-201:55:55 [0] NCCL INFO Channel 01/1 : 0[0] -> 1[0] [send] via NET/Socket/0/Shared
ip-10-231-1-201:55:188 [0] NCCL INFO New proxy recv connection 1 from local rank 0, transport 2
ip-10-231-1-201:55:55 [0] NCCL INFO Connected to proxy localRank 0 -> connection 0x77ae10007e48
ip-10-231-1-201:55:188 [0] NCCL INFO Could not get speed from /sys/class/net/ens5/speed. Defaulting to 10 Gbps.
ip-10-231-1-201:55:188 [0] NCCL INFO NET/Socket: Using 2 threads and 8 sockets per thread
ip-10-231-1-201:55:55 [0] NCCL INFO Channel 01/1 : 1[0] -> 0[0] [receive] via NET/Socket/0/Shared
ip-10-231-1-201:55:55 [0] NCCL INFO Initialized NET plugin Socket
ip-10-231-1-201:55:55 [0] NCCL INFO Could not get speed from /sys/class/net/ens5/speed. Defaulting to 10 Gbps.
ip-10-231-1-201:55:55 [0] NCCL INFO Assigned NET plugin Socket to comm
ip-10-231-1-201:55:55 [0] NCCL INFO Failed to initialize any GIN plugin
ip-10-231-1-201:55:55 [0] NCCL INFO Using network Socket
ip-10-231-1-201:55:55 [0] NCCL INFO [Rank 0] ncclCommInitRankConfig comm 0x6098bf32aa20 rank 0 nranks 2 cudaDev 0 nvmlDev 0 busId 1e0 commId 0xe8f595fb6c923105 - Init START
ip-10-231-1-201:55:55 [0] NCCL INFO Topology detection : could not read /sys/devices/pci0000:00/0000:00:1e.0/../max_link_speed, ignoring
ip-10-231-1-201:55:55 [0] NCCL INFO Topology detection : could not read /sys/devices/pci0000:00/0000:00:1e.0/../max_link_width, ignoring
ip-10-231-1-201:55:55 [0] NCCL INFO Topology detection : could not read /sys/devices/system/node/node-1/cpumap, ignoring
ip-10-231-1-201:55:55 [0] NCCL INFO TOPO/NET : Importing network plugins to topology
ip-10-231-1-201:55:55 [0] NCCL INFO Could not get speed from /sys/class/net/ens5/speed. Defaulting to 10 Gbps.
ip-10-231-1-201:55:55 [0] NCCL INFO Topology detection : could not read /sys/devices/pci0000:00/0000:00:05.0/../max_link_speed, ignoring
ip-10-231-1-201:55:55 [0] NCCL INFO Topology detection : could not read /sys/devices/pci0000:00/0000:00:05.0/../max_link_width, ignoring
ip-10-231-1-201:55:55 [0] NCCL INFO Topology detection : could not read /sys/devices/system/node/node-1/cpumap, ignoring
ip-10-231-1-201:55:55 [0] NCCL INFO NET/Socket : GPU Direct RDMA Disabled for HCA 0 'ens5'
ip-10-231-1-201:55:55 [0] NCCL INFO ncclTopoPopulateNics : Filled ens5 in topo with pciPath=/sys/devices/pci0000:00/0000:00:05.0 net=1 gin=(null) keep=1 coll=(null)
ip-10-231-1-201:55:55 [0] NCCL INFO KV Convert to int : could not find value of 'Unknown' in dictionary, falling back to 60
ip-10-231-1-201:55:55 [0] NCCL INFO === System : maxBw 1.2 totalBw 24.0 ===
ip-10-231-1-201:55:55 [0] NCCL INFO CPU/0-ffffffffffffff (1/2/-1)
ip-10-231-1-201:55:55 [0] NCCL INFO + PCI[24.0] - GPU/0-1e0 (0)
ip-10-231-1-201:55:55 [0] NCCL INFO + PCI[12.0] - NIC/0-50
ip-10-231-1-201:55:55 [0] NCCL INFO               + NET[1.2] - NET/0-0 (0/0/0/1.250000)
ip-10-231-1-201:55:55 [0] NCCL INFO ==========================================
ip-10-231-1-201:55:55 [0] NCCL INFO GPU/0-1e0 :GPU/0-1e0 (0/5000.0/LOC) CPU/0-ffffffffffffff (1/24.0/PHB) NET/0-0 (3/1.2/PHB) 
ip-10-231-1-201:55:55 [0] NCCL INFO NET/0-0 :GPU/0-1e0 (3/1.2/PHB) CPU/0-ffffffffffffff (2/1.2/PHB) NET/0-0 (0/5000.0/LOC) 
ip-10-231-1-201:55:55 [0] NCCL INFO ncclTopoGetCpuAffinity: Affinity for GPU 0 is empty, ignoring. (GPU affinity =  ; CPU affinity = 0-3).
ip-10-231-1-201:55:55 [0] NCCL INFO Pattern 4, crossNic 0, nChannels 1, bw 1.200000/1.200000, type LOC/PHB, sameChannels 1
ip-10-231-1-201:55:55 [0] NCCL INFO  0 : NET/0-0 GPU/0-1e0 NET/0-0
ip-10-231-1-201:55:55 [0] NCCL INFO Pattern 3, crossNic 0, nChannels 1, bw 2.400000/1.200000, type LOC/PHB, sameChannels 1
ip-10-231-1-201:55:55 [0] NCCL INFO  0 : NET/0-0 GPU/0-1e0 NET/0-0
ip-10-231-1-201:55:55 [0] NCCL INFO Could not get speed from /sys/class/net/ens5/speed. Defaulting to 10 Gbps.
ip-10-231-1-201:55:55 [0] NCCL INFO comm 0x6098bf32aa20 rank 0 nRanks 2 nNodes 2 localRanks 1 localRank 0 MNNVL 0
ip-10-231-1-201:55:55 [0] NCCL INFO Tree 0 : -1 -> 0 -> 1/-1/-1
ip-10-231-1-201:55:55 [0] NCCL INFO Tree 1 : 1 -> 0 -> -1/-1/-1
ip-10-231-1-201:55:55 [0] NCCL INFO Channel 00/02 : 0 1
ip-10-231-1-201:55:55 [0] NCCL INFO Channel 01/02 : 0 1
ip-10-231-1-201:55:55 [0] NCCL INFO Ring 00 : 1 -> 0 -> 1
ip-10-231-1-201:55:55 [0] NCCL INFO Ring 01 : 1 -> 0 -> 1
ip-10-231-1-201:55:55 [0] NCCL INFO Trees [0] 1/-1/-1->0->-1 [1] -1/-1/-1->0->1
ip-10-231-1-201:55:55 [0] NCCL INFO P2P Chunksize set to 131072
ip-10-231-1-201:55:55 [0] NCCL INFO Check P2P Type isAllDirectP2p 1 directMode 0 isAllCudaP2p 1
ip-10-231-1-201:55:196 [0] NCCL INFO [Proxy Service] Device 0 CPU core 2
ip-10-231-1-201:55:55 [0] NCCL INFO ncclP2pSchedule: group size used is 1
ip-10-231-1-201:55:197 [0] NCCL INFO [Proxy Service UDS] Device 0 CPU core 2
ip-10-231-1-201:55:55 [0] NCCL INFO threadThresholds 8/8/64 | 16/8/64 | 512 | 512
ip-10-231-1-201:55:55 [0] NCCL INFO 2 coll channels, 2 collnet channels, 0 nvls channels, 2 p2p channels, 1 p2p channels per peer
ip-10-231-1-201:55:55 [0] NCCL INFO Symmetric VA size=24GB
ip-10-231-1-201:55:55 [0] NCCL INFO Symmetric memory is not supported. cuMemEnable 1, globalGinSupport 0, globalNicFused 0 cuMemGdrSupport 1
ip-10-231-1-201:55:55 [0] NCCL INFO CC Off, workFifoBytes 1048576
ip-10-231-1-201:55:55 [0] NCCL INFO ncclCommInitRankConfig comm 0x6098bf32aa20 rank 0 nranks 2 cudaDev 0 nvmlDev 0 busId 1e0 commId 0xe8f595fb6c923105 - Init COMPLETE
ip-10-231-1-201:55:55 [0] NCCL INFO Init timings - ncclCommInitRankConfig: rank 0 nranks 2 total 1.48 (kernels 0.00, alloc 0.00, bootstrap 1.13, allgathers 0.34, topo 0.00, graphs 0.00, connections 0.00, rest 0.00)
ip-10-231-1-201:55:196 [0] NCCL INFO New proxy send connection 0 from local rank 0, transport 2
ip-10-231-1-201:55:198 [0] NCCL INFO [Proxy Progress] Device 0 CPU core 0
ip-10-231-1-201:55:55 [0] NCCL INFO Connected to proxy localRank 0 -> connection 0x77ac8800db50
ip-10-231-1-201:55:196 [0] NCCL INFO Could not get speed from /sys/class/net/ens5/speed. Defaulting to 10 Gbps.
ip-10-231-1-201:55:55 [0] NCCL INFO Channel 01/1 : 0[0] -> 1[0] [send] via NET/Socket/0/Shared
ip-10-231-1-201:55:196 [0] NCCL INFO New proxy recv connection 1 from local rank 0, transport 2
ip-10-231-1-201:55:55 [0] NCCL INFO Connected to proxy localRank 0 -> connection 0x77ac8800dbd8
ip-10-231-1-201:55:196 [0] NCCL INFO Could not get speed from /sys/class/net/ens5/speed. Defaulting to 10 Gbps.
ip-10-231-1-201:55:196 [0] NCCL INFO NET/Socket: Using 2 threads and 8 sockets per thread
ip-10-231-1-201:55:55 [0] NCCL INFO Channel 01/1 : 1[0] -> 0[0] [receive] via NET/Socket/0/Shared
ip-10-231-1-201:55:55 [0] NCCL INFO Initialized NET plugin Socket
ip-10-231-1-201:55:55 [0] NCCL INFO Could not get speed from /sys/class/net/ens5/speed. Defaulting to 10 Gbps.
ip-10-231-1-201:55:55 [0] NCCL INFO Assigned NET plugin Socket to comm
ip-10-231-1-201:55:55 [0] NCCL INFO Failed to initialize any GIN plugin
ip-10-231-1-201:55:55 [0] NCCL INFO Using network Socket
ip-10-231-1-201:55:55 [0] NCCL INFO [Rank 0] ncclCommInitRankConfig comm 0x6098bf5b9860 rank 0 nranks 2 cudaDev 0 nvmlDev 0 busId 1e0 commId 0x809cc7831906f5e4 - Init START
ip-10-231-1-201:55:55 [0] NCCL INFO Topology detection : could not read /sys/devices/pci0000:00/0000:00:1e.0/../max_link_speed, ignoring
ip-10-231-1-201:55:55 [0] NCCL INFO Topology detection : could not read /sys/devices/pci0000:00/0000:00:1e.0/../max_link_width, ignoring
ip-10-231-1-201:55:55 [0] NCCL INFO Topology detection : could not read /sys/devices/system/node/node-1/cpumap, ignoring
ip-10-231-1-201:55:55 [0] NCCL INFO TOPO/NET : Importing network plugins to topology
ip-10-231-1-201:55:55 [0] NCCL INFO Could not get speed from /sys/class/net/ens5/speed. Defaulting to 10 Gbps.
ip-10-231-1-201:55:55 [0] NCCL INFO Topology detection : could not read /sys/devices/pci0000:00/0000:00:05.0/../max_link_speed, ignoring
ip-10-231-1-201:55:55 [0] NCCL INFO Topology detection : could not read /sys/devices/pci0000:00/0000:00:05.0/../max_link_width, ignoring
ip-10-231-1-201:55:55 [0] NCCL INFO Topology detection : could not read /sys/devices/system/node/node-1/cpumap, ignoring
ip-10-231-1-201:55:55 [0] NCCL INFO NET/Socket : GPU Direct RDMA Disabled for HCA 0 'ens5'
ip-10-231-1-201:55:55 [0] NCCL INFO ncclTopoPopulateNics : Filled ens5 in topo with pciPath=/sys/devices/pci0000:00/0000:00:05.0 net=1 gin=(null) keep=1 coll=(null)
ip-10-231-1-201:55:55 [0] NCCL INFO KV Convert to int : could not find value of 'Unknown' in dictionary, falling back to 60
ip-10-231-1-201:55:55 [0] NCCL INFO === System : maxBw 1.2 totalBw 24.0 ===
ip-10-231-1-201:55:55 [0] NCCL INFO CPU/0-ffffffffffffff (1/2/-1)
ip-10-231-1-201:55:55 [0] NCCL INFO + PCI[24.0] - GPU/0-1e0 (0)
ip-10-231-1-201:55:55 [0] NCCL INFO + PCI[12.0] - NIC/0-50
ip-10-231-1-201:55:55 [0] NCCL INFO               + NET[1.2] - NET/0-0 (0/0/0/1.250000)
ip-10-231-1-201:55:55 [0] NCCL INFO ==========================================
ip-10-231-1-201:55:55 [0] NCCL INFO GPU/0-1e0 :GPU/0-1e0 (0/5000.0/LOC) CPU/0-ffffffffffffff (1/24.0/PHB) NET/0-0 (3/1.2/PHB) 
ip-10-231-1-201:55:55 [0] NCCL INFO NET/0-0 :GPU/0-1e0 (3/1.2/PHB) CPU/0-ffffffffffffff (2/1.2/PHB) NET/0-0 (0/5000.0/LOC) 
ip-10-231-1-201:55:55 [0] NCCL INFO ncclTopoGetCpuAffinity: Affinity for GPU 0 is empty, ignoring. (GPU affinity =  ; CPU affinity = 0-3).
ip-10-231-1-201:55:55 [0] NCCL INFO Pattern 4, crossNic 0, nChannels 1, bw 1.200000/1.200000, type LOC/PHB, sameChannels 1
ip-10-231-1-201:55:55 [0] NCCL INFO  0 : NET/0-0 GPU/0-1e0 NET/0-0
ip-10-231-1-201:55:55 [0] NCCL INFO Pattern 3, crossNic 0, nChannels 1, bw 2.400000/1.200000, type LOC/PHB, sameChannels 1
ip-10-231-1-201:55:55 [0] NCCL INFO  0 : NET/0-0 GPU/0-1e0 NET/0-0
ip-10-231-1-201:55:55 [0] NCCL INFO Could not get speed from /sys/class/net/ens5/speed. Defaulting to 10 Gbps.
ip-10-231-1-201:55:55 [0] NCCL INFO comm 0x6098bf5b9860 rank 0 nRanks 2 nNodes 2 localRanks 1 localRank 0 MNNVL 0
ip-10-231-1-201:55:55 [0] NCCL INFO Tree 0 : -1 -> 0 -> 1/-1/-1
ip-10-231-1-201:55:55 [0] NCCL INFO Tree 1 : 1 -> 0 -> -1/-1/-1
ip-10-231-1-201:55:55 [0] NCCL INFO Channel 00/02 : 0 1
ip-10-231-1-201:55:55 [0] NCCL INFO Channel 01/02 : 0 1
ip-10-231-1-201:55:55 [0] NCCL INFO Ring 00 : 1 -> 0 -> 1
ip-10-231-1-201:55:55 [0] NCCL INFO Ring 01 : 1 -> 0 -> 1
ip-10-231-1-201:55:55 [0] NCCL INFO Trees [0] 1/-1/-1->0->-1 [1] -1/-1/-1->0->1
ip-10-231-1-201:55:55 [0] NCCL INFO P2P Chunksize set to 131072
ip-10-231-1-201:55:55 [0] NCCL INFO Check P2P Type isAllDirectP2p 1 directMode 0 isAllCudaP2p 1
ip-10-231-1-201:55:55 [0] NCCL INFO ncclP2pSchedule: group size used is 1
ip-10-231-1-201:55:204 [0] NCCL INFO [Proxy Service] Device 0 CPU core 2
ip-10-231-1-201:55:205 [0] NCCL INFO [Proxy Service UDS] Device 0 CPU core 2
ip-10-231-1-201:55:55 [0] NCCL INFO threadThresholds 8/8/64 | 16/8/64 | 512 | 512
ip-10-231-1-201:55:55 [0] NCCL INFO 2 coll channels, 2 collnet channels, 0 nvls channels, 2 p2p channels, 1 p2p channels per peer
ip-10-231-1-201:55:55 [0] NCCL INFO Symmetric VA size=24GB
ip-10-231-1-201:55:55 [0] NCCL INFO Symmetric memory is not supported. cuMemEnable 1, globalGinSupport 0, globalNicFused 0 cuMemGdrSupport 1
ip-10-231-1-201:55:55 [0] NCCL INFO CC Off, workFifoBytes 1048576
ip-10-231-1-201:55:55 [0] NCCL INFO ncclCommInitRankConfig comm 0x6098bf5b9860 rank 0 nranks 2 cudaDev 0 nvmlDev 0 busId 1e0 commId 0x809cc7831906f5e4 - Init COMPLETE
ip-10-231-1-201:55:55 [0] NCCL INFO Init timings - ncclCommInitRankConfig: rank 0 nranks 2 total 1.56 (kernels 0.00, alloc 0.00, bootstrap 1.21, allgathers 0.34, topo 0.00, graphs 0.00, connections 0.00, rest 0.00)
ip-10-231-1-201:55:204 [0] NCCL INFO New proxy send connection 0 from local rank 0, transport 2
ip-10-231-1-201:55:206 [0] NCCL INFO [Proxy Progress] Device 0 CPU core 0
ip-10-231-1-201:55:55 [0] NCCL INFO Connected to proxy localRank 0 -> connection 0x77acac025700
ip-10-231-1-201:55:204 [0] NCCL INFO Could not get speed from /sys/class/net/ens5/speed. Defaulting to 10 Gbps.
ip-10-231-1-201:55:55 [0] NCCL INFO Channel 01/1 : 0[0] -> 1[0] [send] via NET/Socket/0/Shared
ip-10-231-1-201:55:204 [0] NCCL INFO New proxy recv connection 1 from local rank 0, transport 2
ip-10-231-1-201:55:55 [0] NCCL INFO Connected to proxy localRank 0 -> connection 0x77acac025788
ip-10-231-1-201:55:204 [0] NCCL INFO Could not get speed from /sys/class/net/ens5/speed. Defaulting to 10 Gbps.
ip-10-231-1-201:55:204 [0] NCCL INFO NET/Socket: Using 2 threads and 8 sockets per thread
ip-10-231-1-201:55:55 [0] NCCL INFO Channel 01/1 : 1[0] -> 0[0] [receive] via NET/Socket/0/Shared
ip-10-231-1-201:55:55 [0] NCCL INFO Initialized NET plugin Socket
ip-10-231-1-201:55:55 [0] NCCL INFO Could not get speed from /sys/class/net/ens5/speed. Defaulting to 10 Gbps.
ip-10-231-1-201:55:55 [0] NCCL INFO Assigned NET plugin Socket to comm
ip-10-231-1-201:55:55 [0] NCCL INFO Failed to initialize any GIN plugin
ip-10-231-1-201:55:55 [0] NCCL INFO Using network Socket
ip-10-231-1-201:55:55 [0] NCCL INFO [Rank 0] ncclCommInitRankConfig comm 0x6098bf6f9900 rank 0 nranks 2 cudaDev 0 nvmlDev 0 busId 1e0 commId 0xda2dca334169b448 - Init START
ip-10-231-1-201:55:55 [0] NCCL INFO Topology detection : could not read /sys/devices/pci0000:00/0000:00:1e.0/../max_link_speed, ignoring
ip-10-231-1-201:55:55 [0] NCCL INFO Topology detection : could not read /sys/devices/pci0000:00/0000:00:1e.0/../max_link_width, ignoring
ip-10-231-1-201:55:55 [0] NCCL INFO Topology detection : could not read /sys/devices/system/node/node-1/cpumap, ignoring
ip-10-231-1-201:55:55 [0] NCCL INFO TOPO/NET : Importing network plugins to topology
ip-10-231-1-201:55:55 [0] NCCL INFO Could not get speed from /sys/class/net/ens5/speed. Defaulting to 10 Gbps.
ip-10-231-1-201:55:55 [0] NCCL INFO Topology detection : could not read /sys/devices/pci0000:00/0000:00:05.0/../max_link_speed, ignoring
ip-10-231-1-201:55:55 [0] NCCL INFO Topology detection : could not read /sys/devices/pci0000:00/0000:00:05.0/../max_link_width, ignoring
ip-10-231-1-201:55:55 [0] NCCL INFO Topology detection : could not read /sys/devices/system/node/node-1/cpumap, ignoring
ip-10-231-1-201:55:55 [0] NCCL INFO NET/Socket : GPU Direct RDMA Disabled for HCA 0 'ens5'
ip-10-231-1-201:55:55 [0] NCCL INFO ncclTopoPopulateNics : Filled ens5 in topo with pciPath=/sys/devices/pci0000:00/0000:00:05.0 net=1 gin=(null) keep=1 coll=(null)
ip-10-231-1-201:55:55 [0] NCCL INFO KV Convert to int : could not find value of 'Unknown' in dictionary, falling back to 60
ip-10-231-1-201:55:55 [0] NCCL INFO === System : maxBw 1.2 totalBw 24.0 ===
ip-10-231-1-201:55:55 [0] NCCL INFO CPU/0-ffffffffffffff (1/2/-1)
ip-10-231-1-201:55:55 [0] NCCL INFO + PCI[24.0] - GPU/0-1e0 (0)
ip-10-231-1-201:55:55 [0] NCCL INFO + PCI[12.0] - NIC/0-50
ip-10-231-1-201:55:55 [0] NCCL INFO               + NET[1.2] - NET/0-0 (0/0/0/1.250000)
ip-10-231-1-201:55:55 [0] NCCL INFO ==========================================
ip-10-231-1-201:55:55 [0] NCCL INFO GPU/0-1e0 :GPU/0-1e0 (0/5000.0/LOC) CPU/0-ffffffffffffff (1/24.0/PHB) NET/0-0 (3/1.2/PHB) 
ip-10-231-1-201:55:55 [0] NCCL INFO NET/0-0 :GPU/0-1e0 (3/1.2/PHB) CPU/0-ffffffffffffff (2/1.2/PHB) NET/0-0 (0/5000.0/LOC) 
ip-10-231-1-201:55:55 [0] NCCL INFO ncclTopoGetCpuAffinity: Affinity for GPU 0 is empty, ignoring. (GPU affinity =  ; CPU affinity = 0-3).
ip-10-231-1-201:55:55 [0] NCCL INFO Pattern 4, crossNic 0, nChannels 1, bw 1.200000/1.200000, type LOC/PHB, sameChannels 1
ip-10-231-1-201:55:55 [0] NCCL INFO  0 : NET/0-0 GPU/0-1e0 NET/0-0
ip-10-231-1-201:55:55 [0] NCCL INFO Pattern 3, crossNic 0, nChannels 1, bw 2.400000/1.200000, type LOC/PHB, sameChannels 1
ip-10-231-1-201:55:55 [0] NCCL INFO  0 : NET/0-0 GPU/0-1e0 NET/0-0
ip-10-231-1-201:55:55 [0] NCCL INFO Could not get speed from /sys/class/net/ens5/speed. Defaulting to 10 Gbps.
ip-10-231-1-201:55:55 [0] NCCL INFO comm 0x6098bf6f9900 rank 0 nRanks 2 nNodes 2 localRanks 1 localRank 0 MNNVL 0
ip-10-231-1-201:55:55 [0] NCCL INFO Tree 0 : -1 -> 0 -> 1/-1/-1
ip-10-231-1-201:55:55 [0] NCCL INFO Tree 1 : 1 -> 0 -> -1/-1/-1
ip-10-231-1-201:55:55 [0] NCCL INFO Channel 00/02 : 0 1
ip-10-231-1-201:55:55 [0] NCCL INFO Channel 01/02 : 0 1
ip-10-231-1-201:55:55 [0] NCCL INFO Ring 00 : 1 -> 0 -> 1
ip-10-231-1-201:55:55 [0] NCCL INFO Ring 01 : 1 -> 0 -> 1
ip-10-231-1-201:55:55 [0] NCCL INFO Trees [0] 1/-1/-1->0->-1 [1] -1/-1/-1->0->1
ip-10-231-1-201:55:55 [0] NCCL INFO P2P Chunksize set to 131072
ip-10-231-1-201:55:55 [0] NCCL INFO Check P2P Type isAllDirectP2p 1 directMode 0 isAllCudaP2p 1
ip-10-231-1-201:55:212 [0] NCCL INFO [Proxy Service] Device 0 CPU core 3
ip-10-231-1-201:55:55 [0] NCCL INFO ncclP2pSchedule: group size used is 1
ip-10-231-1-201:55:213 [0] NCCL INFO [Proxy Service UDS] Device 0 CPU core 0
ip-10-231-1-201:55:55 [0] NCCL INFO threadThresholds 8/8/64 | 16/8/64 | 512 | 512
ip-10-231-1-201:55:55 [0] NCCL INFO 2 coll channels, 2 collnet channels, 0 nvls channels, 2 p2p channels, 1 p2p channels per peer
ip-10-231-1-201:55:55 [0] NCCL INFO Symmetric VA size=24GB
ip-10-231-1-201:55:55 [0] NCCL INFO Symmetric memory is not supported. cuMemEnable 1, globalGinSupport 0, globalNicFused 0 cuMemGdrSupport 1
ip-10-231-1-201:55:55 [0] NCCL INFO CC Off, workFifoBytes 1048576
ip-10-231-1-201:55:55 [0] NCCL INFO ncclCommInitRankConfig comm 0x6098bf6f9900 rank 0 nranks 2 cudaDev 0 nvmlDev 0 busId 1e0 commId 0xda2dca334169b448 - Init COMPLETE
ip-10-231-1-201:55:55 [0] NCCL INFO Init timings - ncclCommInitRankConfig: rank 0 nranks 2 total 1.18 (kernels 0.00, alloc 0.00, bootstrap 0.90, allgathers 0.27, topo 0.00, graphs 0.00, connections 0.00, rest 0.00)
ip-10-231-1-201:55:212 [0] NCCL INFO New proxy send connection 0 from local rank 0, transport 2
ip-10-231-1-201:55:214 [0] NCCL INFO [Proxy Progress] Device 0 CPU core 1
ip-10-231-1-201:55:55 [0] NCCL INFO Connected to proxy localRank 0 -> connection 0x77acf8027a50
ip-10-231-1-201:55:212 [0] NCCL INFO Could not get speed from /sys/class/net/ens5/speed. Defaulting to 10 Gbps.
ip-10-231-1-201:55:55 [0] NCCL INFO Channel 01/1 : 0[0] -> 1[0] [send] via NET/Socket/0/Shared
ip-10-231-1-201:55:212 [0] NCCL INFO New proxy recv connection 1 from local rank 0, transport 2
ip-10-231-1-201:55:55 [0] NCCL INFO Connected to proxy localRank 0 -> connection 0x77acf8027ad8
ip-10-231-1-201:55:212 [0] NCCL INFO Could not get speed from /sys/class/net/ens5/speed. Defaulting to 10 Gbps.
ip-10-231-1-201:55:212 [0] NCCL INFO NET/Socket: Using 2 threads and 8 sockets per thread
ip-10-231-1-201:55:55 [0] NCCL INFO Channel 01/1 : 1[0] -> 0[0] [receive] via NET/Socket/0/Shared
ip-10-231-1-201:55:55 [0] NCCL INFO comm 0x6098bf5b9860 rank 0 nranks 2 cudaDev 0 busId 1e0 - Destroy COMPLETE
ip-10-231-1-201:55:55 [0] NCCL INFO comm 0x6098bf32aa20 rank 0 nranks 2 cudaDev 0 busId 1e0 - Destroy COMPLETE
ip-10-231-1-201:55:55 [0] NCCL INFO comm 0x6098b496bdb0 rank 0 nranks 2 cudaDev 0 busId 1e0 - Destroy COMPLETE
ip-10-231-1-201:55:55 [0] NCCL INFO comm 0x6098b95033f0 rank 1 nranks 2 cudaDev 0 busId 1e0 - Destroy COMPLETE
ip-10-231-1-201:55:55 [0] NCCL INFO comm 0x6098b8ae3700 rank 3 nranks 16 cudaDev 0 busId 1e0 - Destroy COMPLETE
ip-10-231-1-201:55:55 [0] NCCL INFO comm 0x6098b906a5c0 rank 0 nranks 2 cudaDev 0 busId 1e0 - Destroy COMPLETE
ip-10-231-1-201:55:55 [0] NCCL INFO comm 0x6098b922eff0 rank 0 nranks 2 cudaDev 0 busId 1e0 - Destroy COMPLETE
ip-10-231-1-201:55:55 [0] NCCL INFO comm 0x6098bc0d1430 rank 0 nranks 2 cudaDev 0 busId 1e0 - Destroy COMPLETE
ip-10-231-1-201:55:55 [0] NCCL INFO comm 0x6098c076ab40 rank 1 nranks 2 cudaDev 0 busId 1e0 - Destroy COMPLETE
ip-10-231-1-201:55:55 [0] NCCL INFO comm 0x6098bc2f6230 rank 1 nranks 2 cudaDev 0 busId 1e0 - Destroy COMPLETE
ip-10-231-1-201:55:55 [0] NCCL INFO comm 0x6098bee1a880 rank 0 nranks 2 cudaDev 0 busId 1e0 - Destroy COMPLETE
ip-10-231-1-201:55:55 [0] NCCL INFO comm 0x6098bf6f9900 rank 0 nranks 2 cudaDev 0 busId 1e0 - Destroy COMPLETE
ip-10-231-1-201:55:55 [0] NCCL INFO comm 0x6098bf012a40 rank 0 nranks 2 cudaDev 0 busId 1e0 - Destroy COMPLETE
ip-10-231-1-201:55:55 [0] NCCL INFO comm 0x6098b8f457d0 rank 0 nranks 2 cudaDev 0 busId 1e0 - Destroy COMPLETE
ip-10-231-1-201:55:55 [0] NCCL INFO comm 0x6098b93ce5f0 rank 0 nranks 2 cudaDev 0 busId 1e0 - Destroy COMPLETE
ip-10-231-1-201:55:55 [0] NCCL INFO comm 0x6098bf137830 rank 0 nranks 2 cudaDev 0 busId 1e0 - Destroy COMPLETE
ip-10-231-1-201:55:55 [0] NCCL INFO ENV/Plugin: Closing env plugin ncclEnvDefault
