Warning: You are sending unauthenticated requests to the HF Hub. Please set a HF_TOKEN to enable higher rate limits and faster downloads.
Generating train split:   0%|          | 0/50000 [00:00<?, ? examples/s]Generating train split:  36%|███▋      | 18200/50000 [00:00<00:00, 180975.41 examples/s]Generating train split:  83%|████████▎ | 41600/50000 [00:00<00:00, 136925.69 examples/s]Generating train split: 100%|██████████| 50000/50000 [00:00<00:00, 152268.32 examples/s]
Generating test split:   0%|          | 0/10000 [00:00<?, ? examples/s]Generating test split: 100%|██████████| 10000/10000 [00:00<00:00, 250522.87 examples/s]
[W909 10:01:51.485475566 Utils.hpp:166] Warning: Environment variable NCCL_BLOCKING_WAIT is deprecated; use TORCH_NCCL_BLOCKING_WAIT instead (function operator())
[W909 10:01:51.485497836 Utils.hpp:137] Warning: Environment variable NCCL_ASYNC_ERROR_HANDLING is deprecated; use TORCH_NCCL_ASYNC_ERROR_HANDLING instead (function operator())
[rank1]:[W909 10:01:55.285655547 ProcessGroupNCCL.cpp:4215] Warning: An unbatched P2P op (send/recv) was called on this ProcessGroup with size 16.  In lazy initialization mode, this will result in a new 2-rank NCCL communicator to be created. (function operator())
ip-10-230-1-180:56:56 [0] NCCL INFO ENV/Plugin: Could not find: libnccl-env.so
ip-10-230-1-180:56:56 [0] NCCL INFO NCCL_SOCKET_IFNAME set to ens5
ip-10-230-1-180:56:56 [0] NCCL INFO cudaDriverVersion 13020
ip-10-230-1-180:56:56 [0] NCCL INFO NCCL version 2.29.7+cuda13.2
ip-10-230-1-180:56:56 [0] NCCL INFO NCCL git version stable b81d6a5a3
ip-10-230-1-180:56:56 [0] NCCL INFO NET/Plugin: Could not find: libnccl-net.so
ip-10-230-1-180:56:56 [0] NCCL INFO transport/net_ib/init.cc:396 -> 3
ip-10-230-1-180:56:56 [0] NCCL INFO Failed to initialize NET plugin IB
ip-10-230-1-180:56:56 [0] NCCL INFO NET/Socket : Using [0]ens5:10.230.1.180<0>
ip-10-230-1-180:56:56 [0] NCCL INFO Initialized NET plugin Socket
ip-10-230-1-180:56:56 [0] NCCL INFO Could not get speed from /sys/class/net/ens5/speed. Defaulting to 10 Gbps.
ip-10-230-1-180:56:56 [0] NCCL INFO Assigned NET plugin Socket to comm
ip-10-230-1-180:56:56 [0] NCCL INFO GIN/Plugin: Could not find: libnccl-gin.so

[2026-09-09 10:01:55] ip-10-230-1-180:56:56 [0] misc/ibvwrap.cc:173 NCCL WARN lib wrapper not initialized.
ip-10-230-1-180:56:56 [0] NCCL INFO transport/net_ib/gdr.cc:56 -> 3
ip-10-230-1-180:56:56 [0] NCCL INFO Unable to use GIN: Peermem is not supported, nor DMA-BUF.
ip-10-230-1-180:56:56 [0] NCCL INFO Unable to use GIN: Peermem is not supported, nor DMA-BUF.
ip-10-230-1-180:56:56 [0] NCCL INFO Failed to initialize any GIN plugin
ip-10-230-1-180:56:56 [0] NCCL INFO Using network Socket
ip-10-230-1-180:56:56 [0] NCCL INFO [Rank 0] ncclCommInitRankConfig comm 0x5976d84ab1a0 rank 0 nranks 2 cudaDev 0 nvmlDev 0 busId 1e0 commId 0xb06ec3e6a4ca9eb0 - Init START
ip-10-230-1-180:56:56 [0] NCCL INFO RAS client listening socket at 127.0.0.1<28028>
ip-10-230-1-180:56:56 [0] NCCL INFO Topology detection : could not read /sys/devices/pci0000:00/0000:00:1e.0/../max_link_speed, ignoring
ip-10-230-1-180:56:56 [0] NCCL INFO Topology detection : could not read /sys/devices/pci0000:00/0000:00:1e.0/../max_link_width, ignoring
ip-10-230-1-180:56:56 [0] NCCL INFO Topology detection : could not read /sys/devices/system/node/node-1/cpumap, ignoring
ip-10-230-1-180:56:56 [0] NCCL INFO TOPO/NET : Importing network plugins to topology
ip-10-230-1-180:56:56 [0] NCCL INFO Could not get speed from /sys/class/net/ens5/speed. Defaulting to 10 Gbps.
ip-10-230-1-180:56:56 [0] NCCL INFO Topology detection : could not read /sys/devices/pci0000:00/0000:00:05.0/../max_link_speed, ignoring
ip-10-230-1-180:56:56 [0] NCCL INFO Topology detection : could not read /sys/devices/pci0000:00/0000:00:05.0/../max_link_width, ignoring
ip-10-230-1-180:56:56 [0] NCCL INFO Topology detection : could not read /sys/devices/system/node/node-1/cpumap, ignoring
ip-10-230-1-180:56:56 [0] NCCL INFO NET/Socket : GPU Direct RDMA Disabled for HCA 0 'ens5'
ip-10-230-1-180:56:56 [0] NCCL INFO ncclTopoPopulateNics : Filled ens5 in topo with pciPath=/sys/devices/pci0000:00/0000:00:05.0 net=1 gin=(null) keep=1 coll=(null)
ip-10-230-1-180:56:56 [0] NCCL INFO KV Convert to int : could not find value of 'Unknown' in dictionary, falling back to 60
ip-10-230-1-180:56:56 [0] NCCL INFO === System : maxBw 1.2 totalBw 24.0 ===
ip-10-230-1-180:56:56 [0] NCCL INFO CPU/0-ffffffffffffff (1/2/-1)
ip-10-230-1-180:56:56 [0] NCCL INFO + PCI[24.0] - GPU/0-1e0 (0)
ip-10-230-1-180:56:56 [0] NCCL INFO + PCI[12.0] - NIC/0-50
ip-10-230-1-180:56:56 [0] NCCL INFO               + NET[1.2] - NET/0-0 (0/0/0/1.250000)
ip-10-230-1-180:56:56 [0] NCCL INFO ==========================================
ip-10-230-1-180:56:56 [0] NCCL INFO GPU/0-1e0 :GPU/0-1e0 (0/5000.0/LOC) CPU/0-ffffffffffffff (1/24.0/PHB) NET/0-0 (3/1.2/PHB) 
ip-10-230-1-180:56:56 [0] NCCL INFO NET/0-0 :GPU/0-1e0 (3/1.2/PHB) CPU/0-ffffffffffffff (2/1.2/PHB) NET/0-0 (0/5000.0/LOC) 
ip-10-230-1-180:56:56 [0] NCCL INFO ncclTopoGetCpuAffinity: Affinity for GPU 0 is empty, ignoring. (GPU affinity =  ; CPU affinity = 0-3).
ip-10-230-1-180:56:56 [0] NCCL INFO Pattern 4, crossNic 0, nChannels 1, bw 1.200000/1.200000, type LOC/PHB, sameChannels 1
ip-10-230-1-180:56:56 [0] NCCL INFO  0 : NET/0-0 GPU/0-1e0 NET/0-0
ip-10-230-1-180:56:56 [0] NCCL INFO Pattern 3, crossNic 0, nChannels 1, bw 2.400000/1.200000, type LOC/PHB, sameChannels 1
ip-10-230-1-180:56:56 [0] NCCL INFO  0 : NET/0-0 GPU/0-1e0 NET/0-0
ip-10-230-1-180:56:56 [0] NCCL INFO Could not get speed from /sys/class/net/ens5/speed. Defaulting to 10 Gbps.
ip-10-230-1-180:56:56 [0] NCCL INFO comm 0x5976d84ab1a0 rank 0 nRanks 2 nNodes 2 localRanks 1 localRank 0 MNNVL 0
ip-10-230-1-180:56:56 [0] NCCL INFO Tree 0 : -1 -> 0 -> 1/-1/-1
ip-10-230-1-180:56:56 [0] NCCL INFO Tree 1 : 1 -> 0 -> -1/-1/-1
ip-10-230-1-180:56:56 [0] NCCL INFO Channel 00/02 : 0 1
ip-10-230-1-180:56:56 [0] NCCL INFO Channel 01/02 : 0 1
ip-10-230-1-180:56:56 [0] NCCL INFO Ring 00 : 1 -> 0 -> 1
ip-10-230-1-180:56:56 [0] NCCL INFO Ring 01 : 1 -> 0 -> 1
ip-10-230-1-180:56:56 [0] NCCL INFO Trees [0] 1/-1/-1->0->-1 [1] -1/-1/-1->0->1
ip-10-230-1-180:56:56 [0] NCCL INFO P2P Chunksize set to 131072
ip-10-230-1-180:56:56 [0] NCCL INFO PROFILER/Plugin: Could not find: libnccl-profiler.so
ip-10-230-1-180:56:56 [0] NCCL INFO Check P2P Type isAllDirectP2p 1 directMode 0 isAllCudaP2p 1
ip-10-230-1-180:56:56 [0] NCCL INFO ncclP2pSchedule: group size used is 1
ip-10-230-1-180:56:97 [0] NCCL INFO [Proxy Service] Device 0 CPU core 2
ip-10-230-1-180:56:98 [0] NCCL INFO [Proxy Service UDS] Device 0 CPU core 3
ip-10-230-1-180:56:56 [0] NCCL INFO TUNER/Plugin: Could not find: libnccl-tuner.so
ip-10-230-1-180:56:56 [0] NCCL INFO threadThresholds 8/8/64 | 16/8/64 | 512 | 512
ip-10-230-1-180:56:56 [0] NCCL INFO 2 coll channels, 2 collnet channels, 0 nvls channels, 2 p2p channels, 1 p2p channels per peer
ip-10-230-1-180:56:56 [0] NCCL INFO Symmetric VA size=24GB
ip-10-230-1-180:56:56 [0] NCCL INFO Symmetric memory is not supported. cuMemEnable 1, globalGinSupport 0, globalNicFused 0 cuMemGdrSupport 1
ip-10-230-1-180:56:56 [0] NCCL INFO CC Off, workFifoBytes 1048576
ip-10-230-1-180:56:56 [0] NCCL INFO ncclCommInitRankConfig comm 0x5976d84ab1a0 rank 0 nranks 2 cudaDev 0 nvmlDev 0 busId 1e0 commId 0xb06ec3e6a4ca9eb0 - Init COMPLETE
ip-10-230-1-180:56:56 [0] NCCL INFO Init timings - ncclCommInitRankConfig: rank 0 nranks 2 total 27.52 (kernels 0.15, alloc 0.02, bootstrap 27.18, allgathers 0.17, topo 0.00, graphs 0.00, connections 0.00, rest 0.00)
ip-10-230-1-180:56:97 [0] NCCL INFO New proxy send connection 0 from local rank 0, transport 2
ip-10-230-1-180:56:99 [0] NCCL INFO [Proxy Progress] Device 0 CPU core 0
ip-10-230-1-180:56:56 [0] NCCL INFO Connected to proxy localRank 0 -> connection 0x7f91f0004fa0
ip-10-230-1-180:56:97 [0] NCCL INFO Could not get speed from /sys/class/net/ens5/speed. Defaulting to 10 Gbps.
ip-10-230-1-180:56:56 [0] NCCL INFO Channel 01/1 : 0[0] -> 1[0] [send] via NET/Socket/0/Shared
[rank1]:[W909 10:02:27.949589235 ProcessGroupNCCL.cpp:4215] Warning: An unbatched P2P op (send/recv) was called on this ProcessGroup with size 16.  In lazy initialization mode, this will result in a new 2-rank NCCL communicator to be created. (function operator())
ip-10-230-1-180:56:97 [0] NCCL INFO New proxy recv connection 1 from local rank 0, transport 2
ip-10-230-1-180:56:56 [0] NCCL INFO Connected to proxy localRank 0 -> connection 0x7f91f0005028
ip-10-230-1-180:56:97 [0] NCCL INFO Could not get speed from /sys/class/net/ens5/speed. Defaulting to 10 Gbps.
ip-10-230-1-180:56:97 [0] NCCL INFO NET/Socket: Using 2 threads and 8 sockets per thread
ip-10-230-1-180:56:56 [0] NCCL INFO Channel 01/1 : 1[0] -> 0[0] [receive] via NET/Socket/0/Shared
ip-10-230-1-180:56:56 [0] NCCL INFO Initialized NET plugin Socket
ip-10-230-1-180:56:56 [0] NCCL INFO Could not get speed from /sys/class/net/ens5/speed. Defaulting to 10 Gbps.
ip-10-230-1-180:56:56 [0] NCCL INFO Assigned NET plugin Socket to comm
ip-10-230-1-180:56:56 [0] NCCL INFO Failed to initialize any GIN plugin
ip-10-230-1-180:56:56 [0] NCCL INFO Using network Socket
ip-10-230-1-180:56:56 [0] NCCL INFO [Rank 1] ncclCommInitRankConfig comm 0x5976dc620c40 rank 1 nranks 16 cudaDev 0 nvmlDev 0 busId 1e0 commId 0xb52e73f562d9812f - Init START
ip-10-230-1-180:56:56 [0] NCCL INFO Topology detection : could not read /sys/devices/pci0000:00/0000:00:1e.0/../max_link_speed, ignoring
ip-10-230-1-180:56:56 [0] NCCL INFO Topology detection : could not read /sys/devices/pci0000:00/0000:00:1e.0/../max_link_width, ignoring
ip-10-230-1-180:56:56 [0] NCCL INFO Topology detection : could not read /sys/devices/system/node/node-1/cpumap, ignoring
ip-10-230-1-180:56:56 [0] NCCL INFO TOPO/NET : Importing network plugins to topology
ip-10-230-1-180:56:56 [0] NCCL INFO Could not get speed from /sys/class/net/ens5/speed. Defaulting to 10 Gbps.
ip-10-230-1-180:56:56 [0] NCCL INFO Topology detection : could not read /sys/devices/pci0000:00/0000:00:05.0/../max_link_speed, ignoring
ip-10-230-1-180:56:56 [0] NCCL INFO Topology detection : could not read /sys/devices/pci0000:00/0000:00:05.0/../max_link_width, ignoring
ip-10-230-1-180:56:56 [0] NCCL INFO Topology detection : could not read /sys/devices/system/node/node-1/cpumap, ignoring
ip-10-230-1-180:56:56 [0] NCCL INFO NET/Socket : GPU Direct RDMA Disabled for HCA 0 'ens5'
ip-10-230-1-180:56:56 [0] NCCL INFO ncclTopoPopulateNics : Filled ens5 in topo with pciPath=/sys/devices/pci0000:00/0000:00:05.0 net=1 gin=(null) keep=1 coll=(null)
ip-10-230-1-180:56:56 [0] NCCL INFO KV Convert to int : could not find value of 'Unknown' in dictionary, falling back to 60
ip-10-230-1-180:56:56 [0] NCCL INFO === System : maxBw 1.2 totalBw 24.0 ===
ip-10-230-1-180:56:56 [0] NCCL INFO CPU/0-ffffffffffffff (1/2/-1)
ip-10-230-1-180:56:56 [0] NCCL INFO + PCI[24.0] - GPU/0-1e0 (1)
ip-10-230-1-180:56:56 [0] NCCL INFO + PCI[12.0] - NIC/0-50
ip-10-230-1-180:56:56 [0] NCCL INFO               + NET[1.2] - NET/0-0 (0/0/0/1.250000)
ip-10-230-1-180:56:56 [0] NCCL INFO ==========================================
ip-10-230-1-180:56:56 [0] NCCL INFO GPU/0-1e0 :GPU/0-1e0 (0/5000.0/LOC) CPU/0-ffffffffffffff (1/24.0/PHB) NET/0-0 (3/1.2/PHB) 
ip-10-230-1-180:56:56 [0] NCCL INFO NET/0-0 :GPU/0-1e0 (3/1.2/PHB) CPU/0-ffffffffffffff (2/1.2/PHB) NET/0-0 (0/5000.0/LOC) 
ip-10-230-1-180:56:56 [0] NCCL INFO ncclTopoGetCpuAffinity: Affinity for GPU 0 is empty, ignoring. (GPU affinity =  ; CPU affinity = 0-3).
ip-10-230-1-180:56:56 [0] NCCL INFO Pattern 4, crossNic 0, nChannels 1, bw 1.200000/1.200000, type LOC/PHB, sameChannels 1
ip-10-230-1-180:56:56 [0] NCCL INFO  0 : NET/0-0 GPU/0-1e0 NET/0-0
ip-10-230-1-180:56:56 [0] NCCL INFO Pattern 3, crossNic 0, nChannels 1, bw 2.400000/1.200000, type LOC/PHB, sameChannels 1
ip-10-230-1-180:56:56 [0] NCCL INFO  0 : NET/0-0 GPU/0-1e0 NET/0-0
ip-10-230-1-180:56:56 [0] NCCL INFO Could not get speed from /sys/class/net/ens5/speed. Defaulting to 10 Gbps.
ip-10-230-1-180:56:56 [0] NCCL INFO comm 0x5976dc620c40 rank 1 nRanks 16 nNodes 16 localRanks 1 localRank 0 MNNVL 0
ip-10-230-1-180:56:56 [0] NCCL INFO Tree 0 : 2 -> 1 -> -1/-1/-1
ip-10-230-1-180:56:56 [0] NCCL INFO Tree 1 : 3 -> 1 -> 2/0/-1
ip-10-230-1-180:56:56 [0] NCCL INFO Ring 00 : 0 -> 1 -> 2
ip-10-230-1-180:56:56 [0] NCCL INFO Ring 01 : 0 -> 1 -> 2
ip-10-230-1-180:56:56 [0] NCCL INFO Trees [0] -1/-1/-1->1->2 [1] 2/0/-1->1->3
ip-10-230-1-180:56:56 [0] NCCL INFO P2P Chunksize set to 131072
ip-10-230-1-180:56:56 [0] NCCL INFO Check P2P Type isAllDirectP2p 1 directMode 0 isAllCudaP2p 1
ip-10-230-1-180:56:56 [0] NCCL INFO ncclP2pSchedule: group size used is 1
ip-10-230-1-180:56:104 [0] NCCL INFO [Proxy Service] Device 0 CPU core 3
ip-10-230-1-180:56:105 [0] NCCL INFO [Proxy Service UDS] Device 0 CPU core 3
ip-10-230-1-180:56:56 [0] NCCL INFO threadThresholds 8/8/64 | 128/8/64 | 512 | 512
ip-10-230-1-180:56:56 [0] NCCL INFO 2 coll channels, 2 collnet channels, 0 nvls channels, 2 p2p channels, 1 p2p channels per peer
ip-10-230-1-180:56:56 [0] NCCL INFO Symmetric VA size=24GB
ip-10-230-1-180:56:56 [0] NCCL INFO Symmetric memory is not supported. cuMemEnable 1, globalGinSupport 0, globalNicFused 0 cuMemGdrSupport 1
ip-10-230-1-180:56:56 [0] NCCL INFO ncclCommInitRankConfig comm 0x5976dc620c40 rank 1 nranks 16 cudaDev 0 nvmlDev 0 busId 1e0 commId 0xb52e73f562d9812f - Init COMPLETE
ip-10-230-1-180:56:56 [0] NCCL INFO Init timings - ncclCommInitRankConfig: rank 1 nranks 16 total 33.19 (kernels 0.00, alloc 0.00, bootstrap 30.06, allgathers 3.12, topo 0.00, graphs 0.00, connections 0.00, rest 0.00)
ip-10-230-1-180:56:104 [0] NCCL INFO New proxy recv connection 0 from local rank 0, transport 2
ip-10-230-1-180:56:106 [0] NCCL INFO [Proxy Progress] Device 0 CPU core 1
ip-10-230-1-180:56:56 [0] NCCL INFO Connected to proxy localRank 0 -> connection 0x7f91bc004f70
ip-10-230-1-180:56:104 [0] NCCL INFO Could not get speed from /sys/class/net/ens5/speed. Defaulting to 10 Gbps.
ip-10-230-1-180:56:104 [0] NCCL INFO NET/Socket: Using 2 threads and 8 sockets per thread
ip-10-230-1-180:56:56 [0] NCCL INFO Channel 01/0 : 0[0] -> 1[0] [receive] via NET/Socket/0
ip-10-230-1-180:56:104 [0] NCCL INFO New proxy send connection 1 from local rank 0, transport 2
ip-10-230-1-180:56:56 [0] NCCL INFO Connected to proxy localRank 0 -> connection 0x7f91bc004ff8
ip-10-230-1-180:56:104 [0] NCCL INFO Could not get speed from /sys/class/net/ens5/speed. Defaulting to 10 Gbps.
ip-10-230-1-180:56:56 [0] NCCL INFO Channel 00/0 : 1[0] -> 2[0] [send] via NET/Socket/0
ip-10-230-1-180:56:104 [0] NCCL INFO New proxy send connection 2 from local rank 0, transport 2
ip-10-230-1-180:56:56 [0] NCCL INFO Connected to proxy localRank 0 -> connection 0x7f91bc005080
ip-10-230-1-180:56:104 [0] NCCL INFO Could not get speed from /sys/class/net/ens5/speed. Defaulting to 10 Gbps.
ip-10-230-1-180:56:56 [0] NCCL INFO Channel 01/0 : 1[0] -> 2[0] [send] via NET/Socket/0
ip-10-230-1-180:56:104 [0] NCCL INFO New proxy send connection 3 from local rank 0, transport 2
ip-10-230-1-180:56:56 [0] NCCL INFO Connected to proxy localRank 0 -> connection 0x7f91bc005108
ip-10-230-1-180:56:104 [0] NCCL INFO Could not get speed from /sys/class/net/ens5/speed. Defaulting to 10 Gbps.
ip-10-230-1-180:56:56 [0] NCCL INFO Channel 01/0 : 1[0] -> 3[0] [send] via NET/Socket/0
ip-10-230-1-180:56:104 [0] NCCL INFO New proxy recv connection 4 from local rank 0, transport 2
ip-10-230-1-180:56:56 [0] NCCL INFO Connected to proxy localRank 0 -> connection 0x7f91bc005190
ip-10-230-1-180:56:104 [0] NCCL INFO Could not get speed from /sys/class/net/ens5/speed. Defaulting to 10 Gbps.
ip-10-230-1-180:56:104 [0] NCCL INFO NET/Socket: Using 2 threads and 8 sockets per thread
ip-10-230-1-180:56:56 [0] NCCL INFO Channel 01/0 : 3[0] -> 1[0] [receive] via NET/Socket/0
ip-10-230-1-180:56:104 [0] NCCL INFO New proxy recv connection 5 from local rank 0, transport 2
ip-10-230-1-180:56:56 [0] NCCL INFO Connected to proxy localRank 0 -> connection 0x7f91bc005218
ip-10-230-1-180:56:104 [0] NCCL INFO Could not get speed from /sys/class/net/ens5/speed. Defaulting to 10 Gbps.
ip-10-230-1-180:56:104 [0] NCCL INFO NET/Socket: Using 2 threads and 8 sockets per thread
ip-10-230-1-180:56:56 [0] NCCL INFO Channel 00/0 : 2[0] -> 1[0] [receive] via NET/Socket/0
ip-10-230-1-180:56:104 [0] NCCL INFO New proxy recv connection 6 from local rank 0, transport 2
ip-10-230-1-180:56:56 [0] NCCL INFO Connected to proxy localRank 0 -> connection 0x7f91bc0052a0
ip-10-230-1-180:56:104 [0] NCCL INFO Could not get speed from /sys/class/net/ens5/speed. Defaulting to 10 Gbps.
ip-10-230-1-180:56:104 [0] NCCL INFO NET/Socket: Using 2 threads and 8 sockets per thread
ip-10-230-1-180:56:56 [0] NCCL INFO Channel 01/0 : 2[0] -> 1[0] [receive] via NET/Socket/0
ip-10-230-1-180:56:104 [0] NCCL INFO New proxy send connection 7 from local rank 0, transport 2
ip-10-230-1-180:56:56 [0] NCCL INFO Connected to proxy localRank 0 -> connection 0x7f91bc005328
ip-10-230-1-180:56:104 [0] NCCL INFO Could not get speed from /sys/class/net/ens5/speed. Defaulting to 10 Gbps.
ip-10-230-1-180:56:56 [0] NCCL INFO Channel 01/0 : 1[0] -> 0[0] [send] via NET/Socket/0
ip-10-230-1-180:56:56 [0] NCCL INFO Connected all trees
ip-10-230-1-180:56:56 [0] NCCL INFO Initialized NET plugin Socket
ip-10-230-1-180:56:56 [0] NCCL INFO Could not get speed from /sys/class/net/ens5/speed. Defaulting to 10 Gbps.
ip-10-230-1-180:56:56 [0] NCCL INFO Assigned NET plugin Socket to comm
ip-10-230-1-180:56:56 [0] NCCL INFO Failed to initialize any GIN plugin
ip-10-230-1-180:56:56 [0] NCCL INFO Using network Socket
ip-10-230-1-180:56:56 [0] NCCL INFO [Rank 0] ncclCommInitRankConfig comm 0x5976dc8f2ff0 rank 0 nranks 2 cudaDev 0 nvmlDev 0 busId 1e0 commId 0x1034184347501830 - Init START
ip-10-230-1-180:56:56 [0] NCCL INFO Topology detection : could not read /sys/devices/pci0000:00/0000:00:1e.0/../max_link_speed, ignoring
ip-10-230-1-180:56:56 [0] NCCL INFO Topology detection : could not read /sys/devices/pci0000:00/0000:00:1e.0/../max_link_width, ignoring
ip-10-230-1-180:56:56 [0] NCCL INFO Topology detection : could not read /sys/devices/system/node/node-1/cpumap, ignoring
ip-10-230-1-180:56:56 [0] NCCL INFO TOPO/NET : Importing network plugins to topology
ip-10-230-1-180:56:56 [0] NCCL INFO Could not get speed from /sys/class/net/ens5/speed. Defaulting to 10 Gbps.
ip-10-230-1-180:56:56 [0] NCCL INFO Topology detection : could not read /sys/devices/pci0000:00/0000:00:05.0/../max_link_speed, ignoring
ip-10-230-1-180:56:56 [0] NCCL INFO Topology detection : could not read /sys/devices/pci0000:00/0000:00:05.0/../max_link_width, ignoring
ip-10-230-1-180:56:56 [0] NCCL INFO Topology detection : could not read /sys/devices/system/node/node-1/cpumap, ignoring
ip-10-230-1-180:56:56 [0] NCCL INFO NET/Socket : GPU Direct RDMA Disabled for HCA 0 'ens5'
ip-10-230-1-180:56:56 [0] NCCL INFO ncclTopoPopulateNics : Filled ens5 in topo with pciPath=/sys/devices/pci0000:00/0000:00:05.0 net=1 gin=(null) keep=1 coll=(null)
ip-10-230-1-180:56:56 [0] NCCL INFO KV Convert to int : could not find value of 'Unknown' in dictionary, falling back to 60
ip-10-230-1-180:56:56 [0] NCCL INFO === System : maxBw 1.2 totalBw 24.0 ===
ip-10-230-1-180:56:56 [0] NCCL INFO CPU/0-ffffffffffffff (1/2/-1)
ip-10-230-1-180:56:56 [0] NCCL INFO + PCI[24.0] - GPU/0-1e0 (0)
ip-10-230-1-180:56:56 [0] NCCL INFO + PCI[12.0] - NIC/0-50
ip-10-230-1-180:56:56 [0] NCCL INFO               + NET[1.2] - NET/0-0 (0/0/0/1.250000)
ip-10-230-1-180:56:56 [0] NCCL INFO ==========================================
ip-10-230-1-180:56:56 [0] NCCL INFO GPU/0-1e0 :GPU/0-1e0 (0/5000.0/LOC) CPU/0-ffffffffffffff (1/24.0/PHB) NET/0-0 (3/1.2/PHB) 
ip-10-230-1-180:56:56 [0] NCCL INFO NET/0-0 :GPU/0-1e0 (3/1.2/PHB) CPU/0-ffffffffffffff (2/1.2/PHB) NET/0-0 (0/5000.0/LOC) 
ip-10-230-1-180:56:56 [0] NCCL INFO ncclTopoGetCpuAffinity: Affinity for GPU 0 is empty, ignoring. (GPU affinity =  ; CPU affinity = 0-3).
ip-10-230-1-180:56:56 [0] NCCL INFO Pattern 4, crossNic 0, nChannels 1, bw 1.200000/1.200000, type LOC/PHB, sameChannels 1
ip-10-230-1-180:56:56 [0] NCCL INFO  0 : NET/0-0 GPU/0-1e0 NET/0-0
ip-10-230-1-180:56:56 [0] NCCL INFO Pattern 3, crossNic 0, nChannels 1, bw 2.400000/1.200000, type LOC/PHB, sameChannels 1
ip-10-230-1-180:56:56 [0] NCCL INFO  0 : NET/0-0 GPU/0-1e0 NET/0-0
ip-10-230-1-180:56:56 [0] NCCL INFO Could not get speed from /sys/class/net/ens5/speed. Defaulting to 10 Gbps.
ip-10-230-1-180:56:56 [0] NCCL INFO comm 0x5976dc8f2ff0 rank 0 nRanks 2 nNodes 2 localRanks 1 localRank 0 MNNVL 0
ip-10-230-1-180:56:56 [0] NCCL INFO Tree 0 : -1 -> 0 -> 1/-1/-1
ip-10-230-1-180:56:56 [0] NCCL INFO Tree 1 : 1 -> 0 -> -1/-1/-1
ip-10-230-1-180:56:56 [0] NCCL INFO Channel 00/02 : 0 1
ip-10-230-1-180:56:56 [0] NCCL INFO Channel 01/02 : 0 1
ip-10-230-1-180:56:56 [0] NCCL INFO Ring 00 : 1 -> 0 -> 1
ip-10-230-1-180:56:56 [0] NCCL INFO Ring 01 : 1 -> 0 -> 1
ip-10-230-1-180:56:56 [0] NCCL INFO Trees [0] 1/-1/-1->0->-1 [1] -1/-1/-1->0->1
ip-10-230-1-180:56:56 [0] NCCL INFO P2P Chunksize set to 131072
ip-10-230-1-180:56:56 [0] NCCL INFO Check P2P Type isAllDirectP2p 1 directMode 0 isAllCudaP2p 1
ip-10-230-1-180:56:108 [0] NCCL INFO [Proxy Service] Device 0 CPU core 3
ip-10-230-1-180:56:56 [0] NCCL INFO ncclP2pSchedule: group size used is 1
ip-10-230-1-180:56:109 [0] NCCL INFO [Proxy Service UDS] Device 0 CPU core 3
ip-10-230-1-180:56:56 [0] NCCL INFO threadThresholds 8/8/64 | 16/8/64 | 512 | 512
ip-10-230-1-180:56:56 [0] NCCL INFO 2 coll channels, 2 collnet channels, 0 nvls channels, 2 p2p channels, 1 p2p channels per peer
ip-10-230-1-180:56:56 [0] NCCL INFO Symmetric VA size=24GB
ip-10-230-1-180:56:56 [0] NCCL INFO Symmetric memory is not supported. cuMemEnable 1, globalGinSupport 0, globalNicFused 0 cuMemGdrSupport 1
ip-10-230-1-180:56:56 [0] NCCL INFO CC Off, workFifoBytes 1048576
ip-10-230-1-180:56:56 [0] NCCL INFO ncclCommInitRankConfig comm 0x5976dc8f2ff0 rank 0 nranks 2 cudaDev 0 nvmlDev 0 busId 1e0 commId 0x1034184347501830 - Init COMPLETE
ip-10-230-1-180:56:56 [0] NCCL INFO Init timings - ncclCommInitRankConfig: rank 0 nranks 2 total 0.93 (kernels 0.00, alloc 0.00, bootstrap 0.74, allgathers 0.18, topo 0.00, graphs 0.00, connections 0.00, rest 0.00)
ip-10-230-1-180:56:108 [0] NCCL INFO New proxy send connection 0 from local rank 0, transport 2
ip-10-230-1-180:56:110 [0] NCCL INFO [Proxy Progress] Device 0 CPU core 1
ip-10-230-1-180:56:56 [0] NCCL INFO Connected to proxy localRank 0 -> connection 0x7f9194004f70
ip-10-230-1-180:56:108 [0] NCCL INFO Could not get speed from /sys/class/net/ens5/speed. Defaulting to 10 Gbps.
ip-10-230-1-180:56:56 [0] NCCL INFO Channel 01/1 : 0[0] -> 1[0] [send] via NET/Socket/0/Shared
ip-10-230-1-180:56:108 [0] NCCL INFO New proxy recv connection 1 from local rank 0, transport 2
ip-10-230-1-180:56:56 [0] NCCL INFO Connected to proxy localRank 0 -> connection 0x7f9194004ff8
ip-10-230-1-180:56:108 [0] NCCL INFO Could not get speed from /sys/class/net/ens5/speed. Defaulting to 10 Gbps.
ip-10-230-1-180:56:108 [0] NCCL INFO NET/Socket: Using 2 threads and 8 sockets per thread
ip-10-230-1-180:56:56 [0] NCCL INFO Channel 01/1 : 1[0] -> 0[0] [receive] via NET/Socket/0/Shared
ip-10-230-1-180:56:56 [0] NCCL INFO Initialized NET plugin Socket
ip-10-230-1-180:56:56 [0] NCCL INFO Could not get speed from /sys/class/net/ens5/speed. Defaulting to 10 Gbps.
ip-10-230-1-180:56:56 [0] NCCL INFO Assigned NET plugin Socket to comm
ip-10-230-1-180:56:56 [0] NCCL INFO Failed to initialize any GIN plugin
ip-10-230-1-180:56:56 [0] NCCL INFO Using network Socket
ip-10-230-1-180:56:56 [0] NCCL INFO [Rank 0] ncclCommInitRankConfig comm 0x5976dcae2c40 rank 0 nranks 2 cudaDev 0 nvmlDev 0 busId 1e0 commId 0x35db693d79fd4d5c - Init START
ip-10-230-1-180:56:56 [0] NCCL INFO Topology detection : could not read /sys/devices/pci0000:00/0000:00:1e.0/../max_link_speed, ignoring
ip-10-230-1-180:56:56 [0] NCCL INFO Topology detection : could not read /sys/devices/pci0000:00/0000:00:1e.0/../max_link_width, ignoring
ip-10-230-1-180:56:56 [0] NCCL INFO Topology detection : could not read /sys/devices/system/node/node-1/cpumap, ignoring
ip-10-230-1-180:56:56 [0] NCCL INFO TOPO/NET : Importing network plugins to topology
ip-10-230-1-180:56:56 [0] NCCL INFO Could not get speed from /sys/class/net/ens5/speed. Defaulting to 10 Gbps.
ip-10-230-1-180:56:56 [0] NCCL INFO Topology detection : could not read /sys/devices/pci0000:00/0000:00:05.0/../max_link_speed, ignoring
ip-10-230-1-180:56:56 [0] NCCL INFO Topology detection : could not read /sys/devices/pci0000:00/0000:00:05.0/../max_link_width, ignoring
ip-10-230-1-180:56:56 [0] NCCL INFO Topology detection : could not read /sys/devices/system/node/node-1/cpumap, ignoring
ip-10-230-1-180:56:56 [0] NCCL INFO NET/Socket : GPU Direct RDMA Disabled for HCA 0 'ens5'
ip-10-230-1-180:56:56 [0] NCCL INFO ncclTopoPopulateNics : Filled ens5 in topo with pciPath=/sys/devices/pci0000:00/0000:00:05.0 net=1 gin=(null) keep=1 coll=(null)
ip-10-230-1-180:56:56 [0] NCCL INFO KV Convert to int : could not find value of 'Unknown' in dictionary, falling back to 60
ip-10-230-1-180:56:56 [0] NCCL INFO === System : maxBw 1.2 totalBw 24.0 ===
ip-10-230-1-180:56:56 [0] NCCL INFO CPU/0-ffffffffffffff (1/2/-1)
ip-10-230-1-180:56:56 [0] NCCL INFO + PCI[24.0] - GPU/0-1e0 (0)
ip-10-230-1-180:56:56 [0] NCCL INFO + PCI[12.0] - NIC/0-50
ip-10-230-1-180:56:56 [0] NCCL INFO               + NET[1.2] - NET/0-0 (0/0/0/1.250000)
ip-10-230-1-180:56:56 [0] NCCL INFO ==========================================
ip-10-230-1-180:56:56 [0] NCCL INFO GPU/0-1e0 :GPU/0-1e0 (0/5000.0/LOC) CPU/0-ffffffffffffff (1/24.0/PHB) NET/0-0 (3/1.2/PHB) 
ip-10-230-1-180:56:56 [0] NCCL INFO NET/0-0 :GPU/0-1e0 (3/1.2/PHB) CPU/0-ffffffffffffff (2/1.2/PHB) NET/0-0 (0/5000.0/LOC) 
ip-10-230-1-180:56:56 [0] NCCL INFO ncclTopoGetCpuAffinity: Affinity for GPU 0 is empty, ignoring. (GPU affinity =  ; CPU affinity = 0-3).
ip-10-230-1-180:56:56 [0] NCCL INFO Pattern 4, crossNic 0, nChannels 1, bw 1.200000/1.200000, type LOC/PHB, sameChannels 1
ip-10-230-1-180:56:56 [0] NCCL INFO  0 : NET/0-0 GPU/0-1e0 NET/0-0
ip-10-230-1-180:56:56 [0] NCCL INFO Pattern 3, crossNic 0, nChannels 1, bw 2.400000/1.200000, type LOC/PHB, sameChannels 1
ip-10-230-1-180:56:56 [0] NCCL INFO  0 : NET/0-0 GPU/0-1e0 NET/0-0
ip-10-230-1-180:56:56 [0] NCCL INFO Could not get speed from /sys/class/net/ens5/speed. Defaulting to 10 Gbps.
ip-10-230-1-180:56:56 [0] NCCL INFO comm 0x5976dcae2c40 rank 0 nRanks 2 nNodes 2 localRanks 1 localRank 0 MNNVL 0
ip-10-230-1-180:56:56 [0] NCCL INFO Tree 0 : -1 -> 0 -> 1/-1/-1
ip-10-230-1-180:56:56 [0] NCCL INFO Tree 1 : 1 -> 0 -> -1/-1/-1
ip-10-230-1-180:56:56 [0] NCCL INFO Channel 00/02 : 0 1
ip-10-230-1-180:56:56 [0] NCCL INFO Channel 01/02 : 0 1
ip-10-230-1-180:56:56 [0] NCCL INFO Ring 00 : 1 -> 0 -> 1
ip-10-230-1-180:56:56 [0] NCCL INFO Ring 01 : 1 -> 0 -> 1
ip-10-230-1-180:56:56 [0] NCCL INFO Trees [0] 1/-1/-1->0->-1 [1] -1/-1/-1->0->1
ip-10-230-1-180:56:56 [0] NCCL INFO P2P Chunksize set to 131072
ip-10-230-1-180:56:56 [0] NCCL INFO Check P2P Type isAllDirectP2p 1 directMode 0 isAllCudaP2p 1
ip-10-230-1-180:56:116 [0] NCCL INFO [Proxy Service] Device 0 CPU core 3
ip-10-230-1-180:56:56 [0] NCCL INFO ncclP2pSchedule: group size used is 1
ip-10-230-1-180:56:117 [0] NCCL INFO [Proxy Service UDS] Device 0 CPU core 1
ip-10-230-1-180:56:56 [0] NCCL INFO threadThresholds 8/8/64 | 16/8/64 | 512 | 512
ip-10-230-1-180:56:56 [0] NCCL INFO 2 coll channels, 2 collnet channels, 0 nvls channels, 2 p2p channels, 1 p2p channels per peer
ip-10-230-1-180:56:56 [0] NCCL INFO Symmetric VA size=24GB
ip-10-230-1-180:56:56 [0] NCCL INFO Symmetric memory is not supported. cuMemEnable 1, globalGinSupport 0, globalNicFused 0 cuMemGdrSupport 1
ip-10-230-1-180:56:56 [0] NCCL INFO CC Off, workFifoBytes 1048576
ip-10-230-1-180:56:56 [0] NCCL INFO ncclCommInitRankConfig comm 0x5976dcae2c40 rank 0 nranks 2 cudaDev 0 nvmlDev 0 busId 1e0 commId 0x35db693d79fd4d5c - Init COMPLETE
ip-10-230-1-180:56:56 [0] NCCL INFO Init timings - ncclCommInitRankConfig: rank 0 nranks 2 total 0.68 (kernels 0.00, alloc 0.00, bootstrap 0.53, allgathers 0.15, topo 0.00, graphs 0.00, connections 0.00, rest 0.00)
ip-10-230-1-180:56:116 [0] NCCL INFO New proxy send connection 0 from local rank 0, transport 2
ip-10-230-1-180:56:118 [0] NCCL INFO [Proxy Progress] Device 0 CPU core 1
ip-10-230-1-180:56:56 [0] NCCL INFO Connected to proxy localRank 0 -> connection 0x7f917c004f70
ip-10-230-1-180:56:116 [0] NCCL INFO Could not get speed from /sys/class/net/ens5/speed. Defaulting to 10 Gbps.
ip-10-230-1-180:56:56 [0] NCCL INFO Channel 01/1 : 0[0] -> 1[0] [send] via NET/Socket/0/Shared
ip-10-230-1-180:56:116 [0] NCCL INFO New proxy recv connection 1 from local rank 0, transport 2
ip-10-230-1-180:56:56 [0] NCCL INFO Connected to proxy localRank 0 -> connection 0x7f917c004ff8
ip-10-230-1-180:56:116 [0] NCCL INFO Could not get speed from /sys/class/net/ens5/speed. Defaulting to 10 Gbps.
ip-10-230-1-180:56:116 [0] NCCL INFO NET/Socket: Using 2 threads and 8 sockets per thread
ip-10-230-1-180:56:56 [0] NCCL INFO Channel 01/1 : 1[0] -> 0[0] [receive] via NET/Socket/0/Shared
ip-10-230-1-180:56:56 [0] NCCL INFO Initialized NET plugin Socket
ip-10-230-1-180:56:56 [0] NCCL INFO Could not get speed from /sys/class/net/ens5/speed. Defaulting to 10 Gbps.
ip-10-230-1-180:56:56 [0] NCCL INFO Assigned NET plugin Socket to comm
ip-10-230-1-180:56:56 [0] NCCL INFO Failed to initialize any GIN plugin
ip-10-230-1-180:56:56 [0] NCCL INFO Using network Socket
ip-10-230-1-180:56:56 [0] NCCL INFO [Rank 0] ncclCommInitRankConfig comm 0x5976df959e60 rank 0 nranks 2 cudaDev 0 nvmlDev 0 busId 1e0 commId 0x96798ff5ddda752f - Init START
ip-10-230-1-180:56:56 [0] NCCL INFO Topology detection : could not read /sys/devices/pci0000:00/0000:00:1e.0/../max_link_speed, ignoring
ip-10-230-1-180:56:56 [0] NCCL INFO Topology detection : could not read /sys/devices/pci0000:00/0000:00:1e.0/../max_link_width, ignoring
ip-10-230-1-180:56:56 [0] NCCL INFO Topology detection : could not read /sys/devices/system/node/node-1/cpumap, ignoring
ip-10-230-1-180:56:56 [0] NCCL INFO TOPO/NET : Importing network plugins to topology
ip-10-230-1-180:56:56 [0] NCCL INFO Could not get speed from /sys/class/net/ens5/speed. Defaulting to 10 Gbps.
ip-10-230-1-180:56:56 [0] NCCL INFO Topology detection : could not read /sys/devices/pci0000:00/0000:00:05.0/../max_link_speed, ignoring
ip-10-230-1-180:56:56 [0] NCCL INFO Topology detection : could not read /sys/devices/pci0000:00/0000:00:05.0/../max_link_width, ignoring
ip-10-230-1-180:56:56 [0] NCCL INFO Topology detection : could not read /sys/devices/system/node/node-1/cpumap, ignoring
ip-10-230-1-180:56:56 [0] NCCL INFO NET/Socket : GPU Direct RDMA Disabled for HCA 0 'ens5'
ip-10-230-1-180:56:56 [0] NCCL INFO ncclTopoPopulateNics : Filled ens5 in topo with pciPath=/sys/devices/pci0000:00/0000:00:05.0 net=1 gin=(null) keep=1 coll=(null)
ip-10-230-1-180:56:56 [0] NCCL INFO KV Convert to int : could not find value of 'Unknown' in dictionary, falling back to 60
ip-10-230-1-180:56:56 [0] NCCL INFO === System : maxBw 1.2 totalBw 24.0 ===
ip-10-230-1-180:56:56 [0] NCCL INFO CPU/0-ffffffffffffff (1/2/-1)
ip-10-230-1-180:56:56 [0] NCCL INFO + PCI[24.0] - GPU/0-1e0 (0)
ip-10-230-1-180:56:56 [0] NCCL INFO + PCI[12.0] - NIC/0-50
ip-10-230-1-180:56:56 [0] NCCL INFO               + NET[1.2] - NET/0-0 (0/0/0/1.250000)
ip-10-230-1-180:56:56 [0] NCCL INFO ==========================================
ip-10-230-1-180:56:56 [0] NCCL INFO GPU/0-1e0 :GPU/0-1e0 (0/5000.0/LOC) CPU/0-ffffffffffffff (1/24.0/PHB) NET/0-0 (3/1.2/PHB) 
ip-10-230-1-180:56:56 [0] NCCL INFO NET/0-0 :GPU/0-1e0 (3/1.2/PHB) CPU/0-ffffffffffffff (2/1.2/PHB) NET/0-0 (0/5000.0/LOC) 
ip-10-230-1-180:56:56 [0] NCCL INFO ncclTopoGetCpuAffinity: Affinity for GPU 0 is empty, ignoring. (GPU affinity =  ; CPU affinity = 0-3).
ip-10-230-1-180:56:56 [0] NCCL INFO Pattern 4, crossNic 0, nChannels 1, bw 1.200000/1.200000, type LOC/PHB, sameChannels 1
ip-10-230-1-180:56:56 [0] NCCL INFO  0 : NET/0-0 GPU/0-1e0 NET/0-0
ip-10-230-1-180:56:56 [0] NCCL INFO Pattern 3, crossNic 0, nChannels 1, bw 2.400000/1.200000, type LOC/PHB, sameChannels 1
ip-10-230-1-180:56:56 [0] NCCL INFO  0 : NET/0-0 GPU/0-1e0 NET/0-0
ip-10-230-1-180:56:56 [0] NCCL INFO Could not get speed from /sys/class/net/ens5/speed. Defaulting to 10 Gbps.
ip-10-230-1-180:56:56 [0] NCCL INFO comm 0x5976df959e60 rank 0 nRanks 2 nNodes 2 localRanks 1 localRank 0 MNNVL 0
ip-10-230-1-180:56:56 [0] NCCL INFO Tree 0 : -1 -> 0 -> 1/-1/-1
ip-10-230-1-180:56:56 [0] NCCL INFO Tree 1 : 1 -> 0 -> -1/-1/-1
ip-10-230-1-180:56:56 [0] NCCL INFO Channel 00/02 : 0 1
ip-10-230-1-180:56:56 [0] NCCL INFO Channel 01/02 : 0 1
ip-10-230-1-180:56:56 [0] NCCL INFO Ring 00 : 1 -> 0 -> 1
ip-10-230-1-180:56:56 [0] NCCL INFO Ring 01 : 1 -> 0 -> 1
ip-10-230-1-180:56:56 [0] NCCL INFO Trees [0] 1/-1/-1->0->-1 [1] -1/-1/-1->0->1
ip-10-230-1-180:56:56 [0] NCCL INFO P2P Chunksize set to 131072
ip-10-230-1-180:56:56 [0] NCCL INFO Check P2P Type isAllDirectP2p 1 directMode 0 isAllCudaP2p 1
ip-10-230-1-180:56:56 [0] NCCL INFO ncclP2pSchedule: group size used is 1
ip-10-230-1-180:56:124 [0] NCCL INFO [Proxy Service] Device 0 CPU core 0
ip-10-230-1-180:56:125 [0] NCCL INFO [Proxy Service UDS] Device 0 CPU core 3
ip-10-230-1-180:56:56 [0] NCCL INFO threadThresholds 8/8/64 | 16/8/64 | 512 | 512
ip-10-230-1-180:56:56 [0] NCCL INFO 2 coll channels, 2 collnet channels, 0 nvls channels, 2 p2p channels, 1 p2p channels per peer
ip-10-230-1-180:56:56 [0] NCCL INFO Symmetric VA size=24GB
ip-10-230-1-180:56:56 [0] NCCL INFO Symmetric memory is not supported. cuMemEnable 1, globalGinSupport 0, globalNicFused 0 cuMemGdrSupport 1
ip-10-230-1-180:56:56 [0] NCCL INFO CC Off, workFifoBytes 1048576
ip-10-230-1-180:56:56 [0] NCCL INFO ncclCommInitRankConfig comm 0x5976df959e60 rank 0 nranks 2 cudaDev 0 nvmlDev 0 busId 1e0 commId 0x96798ff5ddda752f - Init COMPLETE
ip-10-230-1-180:56:56 [0] NCCL INFO Init timings - ncclCommInitRankConfig: rank 0 nranks 2 total 1.07 (kernels 0.00, alloc 0.00, bootstrap 0.84, allgathers 0.23, topo 0.00, graphs 0.00, connections 0.00, rest 0.00)
ip-10-230-1-180:56:124 [0] NCCL INFO New proxy send connection 0 from local rank 0, transport 2
ip-10-230-1-180:56:126 [0] NCCL INFO [Proxy Progress] Device 0 CPU core 1
ip-10-230-1-180:56:56 [0] NCCL INFO Connected to proxy localRank 0 -> connection 0x7f91700164b0
ip-10-230-1-180:56:124 [0] NCCL INFO Could not get speed from /sys/class/net/ens5/speed. Defaulting to 10 Gbps.
ip-10-230-1-180:56:56 [0] NCCL INFO Channel 01/1 : 0[0] -> 1[0] [send] via NET/Socket/0/Shared
ip-10-230-1-180:56:124 [0] NCCL INFO New proxy recv connection 1 from local rank 0, transport 2
ip-10-230-1-180:56:56 [0] NCCL INFO Connected to proxy localRank 0 -> connection 0x7f9170016538
ip-10-230-1-180:56:124 [0] NCCL INFO Could not get speed from /sys/class/net/ens5/speed. Defaulting to 10 Gbps.
ip-10-230-1-180:56:124 [0] NCCL INFO NET/Socket: Using 2 threads and 8 sockets per thread
ip-10-230-1-180:56:56 [0] NCCL INFO Channel 01/1 : 1[0] -> 0[0] [receive] via NET/Socket/0/Shared
ip-10-230-1-180:56:56 [0] NCCL INFO Initialized NET plugin Socket
ip-10-230-1-180:56:56 [0] NCCL INFO Could not get speed from /sys/class/net/ens5/speed. Defaulting to 10 Gbps.
ip-10-230-1-180:56:56 [0] NCCL INFO Assigned NET plugin Socket to comm
ip-10-230-1-180:56:56 [0] NCCL INFO Failed to initialize any GIN plugin
ip-10-230-1-180:56:56 [0] NCCL INFO Using network Socket
ip-10-230-1-180:56:56 [0] NCCL INFO [Rank 0] ncclCommInitRankConfig comm 0x5976e263cf90 rank 0 nranks 2 cudaDev 0 nvmlDev 0 busId 1e0 commId 0x3689589f238025d7 - Init START
ip-10-230-1-180:56:56 [0] NCCL INFO Topology detection : could not read /sys/devices/pci0000:00/0000:00:1e.0/../max_link_speed, ignoring
ip-10-230-1-180:56:56 [0] NCCL INFO Topology detection : could not read /sys/devices/pci0000:00/0000:00:1e.0/../max_link_width, ignoring
ip-10-230-1-180:56:56 [0] NCCL INFO Topology detection : could not read /sys/devices/system/node/node-1/cpumap, ignoring
ip-10-230-1-180:56:56 [0] NCCL INFO TOPO/NET : Importing network plugins to topology
ip-10-230-1-180:56:56 [0] NCCL INFO Could not get speed from /sys/class/net/ens5/speed. Defaulting to 10 Gbps.
ip-10-230-1-180:56:56 [0] NCCL INFO Topology detection : could not read /sys/devices/pci0000:00/0000:00:05.0/../max_link_speed, ignoring
ip-10-230-1-180:56:56 [0] NCCL INFO Topology detection : could not read /sys/devices/pci0000:00/0000:00:05.0/../max_link_width, ignoring
ip-10-230-1-180:56:56 [0] NCCL INFO Topology detection : could not read /sys/devices/system/node/node-1/cpumap, ignoring
ip-10-230-1-180:56:56 [0] NCCL INFO NET/Socket : GPU Direct RDMA Disabled for HCA 0 'ens5'
ip-10-230-1-180:56:56 [0] NCCL INFO ncclTopoPopulateNics : Filled ens5 in topo with pciPath=/sys/devices/pci0000:00/0000:00:05.0 net=1 gin=(null) keep=1 coll=(null)
ip-10-230-1-180:56:56 [0] NCCL INFO KV Convert to int : could not find value of 'Unknown' in dictionary, falling back to 60
ip-10-230-1-180:56:56 [0] NCCL INFO === System : maxBw 1.2 totalBw 24.0 ===
ip-10-230-1-180:56:56 [0] NCCL INFO CPU/0-ffffffffffffff (1/2/-1)
ip-10-230-1-180:56:56 [0] NCCL INFO + PCI[24.0] - GPU/0-1e0 (0)
ip-10-230-1-180:56:56 [0] NCCL INFO + PCI[12.0] - NIC/0-50
ip-10-230-1-180:56:56 [0] NCCL INFO               + NET[1.2] - NET/0-0 (0/0/0/1.250000)
ip-10-230-1-180:56:56 [0] NCCL INFO ==========================================
ip-10-230-1-180:56:56 [0] NCCL INFO GPU/0-1e0 :GPU/0-1e0 (0/5000.0/LOC) CPU/0-ffffffffffffff (1/24.0/PHB) NET/0-0 (3/1.2/PHB) 
ip-10-230-1-180:56:56 [0] NCCL INFO NET/0-0 :GPU/0-1e0 (3/1.2/PHB) CPU/0-ffffffffffffff (2/1.2/PHB) NET/0-0 (0/5000.0/LOC) 
ip-10-230-1-180:56:56 [0] NCCL INFO ncclTopoGetCpuAffinity: Affinity for GPU 0 is empty, ignoring. (GPU affinity =  ; CPU affinity = 0-3).
ip-10-230-1-180:56:56 [0] NCCL INFO Pattern 4, crossNic 0, nChannels 1, bw 1.200000/1.200000, type LOC/PHB, sameChannels 1
ip-10-230-1-180:56:56 [0] NCCL INFO  0 : NET/0-0 GPU/0-1e0 NET/0-0
ip-10-230-1-180:56:56 [0] NCCL INFO Pattern 3, crossNic 0, nChannels 1, bw 2.400000/1.200000, type LOC/PHB, sameChannels 1
ip-10-230-1-180:56:56 [0] NCCL INFO  0 : NET/0-0 GPU/0-1e0 NET/0-0
ip-10-230-1-180:56:56 [0] NCCL INFO Could not get speed from /sys/class/net/ens5/speed. Defaulting to 10 Gbps.
ip-10-230-1-180:56:56 [0] NCCL INFO comm 0x5976e263cf90 rank 0 nRanks 2 nNodes 2 localRanks 1 localRank 0 MNNVL 0
ip-10-230-1-180:56:56 [0] NCCL INFO Tree 0 : -1 -> 0 -> 1/-1/-1
ip-10-230-1-180:56:56 [0] NCCL INFO Tree 1 : 1 -> 0 -> -1/-1/-1
ip-10-230-1-180:56:56 [0] NCCL INFO Channel 00/02 : 0 1
ip-10-230-1-180:56:56 [0] NCCL INFO Channel 01/02 : 0 1
ip-10-230-1-180:56:56 [0] NCCL INFO Ring 00 : 1 -> 0 -> 1
ip-10-230-1-180:56:56 [0] NCCL INFO Ring 01 : 1 -> 0 -> 1
ip-10-230-1-180:56:56 [0] NCCL INFO Trees [0] 1/-1/-1->0->-1 [1] -1/-1/-1->0->1
ip-10-230-1-180:56:56 [0] NCCL INFO P2P Chunksize set to 131072
ip-10-230-1-180:56:56 [0] NCCL INFO Check P2P Type isAllDirectP2p 1 directMode 0 isAllCudaP2p 1
ip-10-230-1-180:56:132 [0] NCCL INFO [Proxy Service] Device 0 CPU core 0
ip-10-230-1-180:56:56 [0] NCCL INFO ncclP2pSchedule: group size used is 1
ip-10-230-1-180:56:133 [0] NCCL INFO [Proxy Service UDS] Device 0 CPU core 0
ip-10-230-1-180:56:56 [0] NCCL INFO threadThresholds 8/8/64 | 16/8/64 | 512 | 512
ip-10-230-1-180:56:56 [0] NCCL INFO 2 coll channels, 2 collnet channels, 0 nvls channels, 2 p2p channels, 1 p2p channels per peer
ip-10-230-1-180:56:56 [0] NCCL INFO Symmetric VA size=24GB
ip-10-230-1-180:56:56 [0] NCCL INFO Symmetric memory is not supported. cuMemEnable 1, globalGinSupport 0, globalNicFused 0 cuMemGdrSupport 1
ip-10-230-1-180:56:56 [0] NCCL INFO CC Off, workFifoBytes 1048576
ip-10-230-1-180:56:56 [0] NCCL INFO ncclCommInitRankConfig comm 0x5976e263cf90 rank 0 nranks 2 cudaDev 0 nvmlDev 0 busId 1e0 commId 0x3689589f238025d7 - Init COMPLETE
ip-10-230-1-180:56:56 [0] NCCL INFO Init timings - ncclCommInitRankConfig: rank 0 nranks 2 total 0.13 (kernels 0.00, alloc 0.00, bootstrap 0.10, allgathers 0.02, topo 0.00, graphs 0.00, connections 0.00, rest 0.00)
ip-10-230-1-180:56:132 [0] NCCL INFO New proxy send connection 0 from local rank 0, transport 2
ip-10-230-1-180:56:134 [0] NCCL INFO [Proxy Progress] Device 0 CPU core 3
ip-10-230-1-180:56:56 [0] NCCL INFO Connected to proxy localRank 0 -> connection 0x7f918c009560
ip-10-230-1-180:56:132 [0] NCCL INFO Could not get speed from /sys/class/net/ens5/speed. Defaulting to 10 Gbps.
ip-10-230-1-180:56:56 [0] NCCL INFO Channel 01/1 : 0[0] -> 1[0] [send] via NET/Socket/0/Shared
ip-10-230-1-180:56:132 [0] NCCL INFO New proxy recv connection 1 from local rank 0, transport 2
ip-10-230-1-180:56:56 [0] NCCL INFO Connected to proxy localRank 0 -> connection 0x7f918c0095e8
ip-10-230-1-180:56:132 [0] NCCL INFO Could not get speed from /sys/class/net/ens5/speed. Defaulting to 10 Gbps.
ip-10-230-1-180:56:132 [0] NCCL INFO NET/Socket: Using 2 threads and 8 sockets per thread
ip-10-230-1-180:56:56 [0] NCCL INFO Channel 01/1 : 1[0] -> 0[0] [receive] via NET/Socket/0/Shared
ip-10-230-1-180:56:56 [0] NCCL INFO Initialized NET plugin Socket
ip-10-230-1-180:56:56 [0] NCCL INFO Could not get speed from /sys/class/net/ens5/speed. Defaulting to 10 Gbps.
ip-10-230-1-180:56:56 [0] NCCL INFO Assigned NET plugin Socket to comm
ip-10-230-1-180:56:56 [0] NCCL INFO Failed to initialize any GIN plugin
ip-10-230-1-180:56:56 [0] NCCL INFO Using network Socket
ip-10-230-1-180:56:56 [0] NCCL INFO [Rank 0] ncclCommInitRankConfig comm 0x5976e27a85b0 rank 0 nranks 2 cudaDev 0 nvmlDev 0 busId 1e0 commId 0x775c1298387fa21f - Init START
ip-10-230-1-180:56:56 [0] NCCL INFO Topology detection : could not read /sys/devices/pci0000:00/0000:00:1e.0/../max_link_speed, ignoring
ip-10-230-1-180:56:56 [0] NCCL INFO Topology detection : could not read /sys/devices/pci0000:00/0000:00:1e.0/../max_link_width, ignoring
ip-10-230-1-180:56:56 [0] NCCL INFO Topology detection : could not read /sys/devices/system/node/node-1/cpumap, ignoring
ip-10-230-1-180:56:56 [0] NCCL INFO TOPO/NET : Importing network plugins to topology
ip-10-230-1-180:56:56 [0] NCCL INFO Could not get speed from /sys/class/net/ens5/speed. Defaulting to 10 Gbps.
ip-10-230-1-180:56:56 [0] NCCL INFO Topology detection : could not read /sys/devices/pci0000:00/0000:00:05.0/../max_link_speed, ignoring
ip-10-230-1-180:56:56 [0] NCCL INFO Topology detection : could not read /sys/devices/pci0000:00/0000:00:05.0/../max_link_width, ignoring
ip-10-230-1-180:56:56 [0] NCCL INFO Topology detection : could not read /sys/devices/system/node/node-1/cpumap, ignoring
ip-10-230-1-180:56:56 [0] NCCL INFO NET/Socket : GPU Direct RDMA Disabled for HCA 0 'ens5'
ip-10-230-1-180:56:56 [0] NCCL INFO ncclTopoPopulateNics : Filled ens5 in topo with pciPath=/sys/devices/pci0000:00/0000:00:05.0 net=1 gin=(null) keep=1 coll=(null)
ip-10-230-1-180:56:56 [0] NCCL INFO KV Convert to int : could not find value of 'Unknown' in dictionary, falling back to 60
ip-10-230-1-180:56:56 [0] NCCL INFO === System : maxBw 1.2 totalBw 24.0 ===
ip-10-230-1-180:56:56 [0] NCCL INFO CPU/0-ffffffffffffff (1/2/-1)
ip-10-230-1-180:56:56 [0] NCCL INFO + PCI[24.0] - GPU/0-1e0 (0)
ip-10-230-1-180:56:56 [0] NCCL INFO + PCI[12.0] - NIC/0-50
ip-10-230-1-180:56:56 [0] NCCL INFO               + NET[1.2] - NET/0-0 (0/0/0/1.250000)
ip-10-230-1-180:56:56 [0] NCCL INFO ==========================================
ip-10-230-1-180:56:56 [0] NCCL INFO GPU/0-1e0 :GPU/0-1e0 (0/5000.0/LOC) CPU/0-ffffffffffffff (1/24.0/PHB) NET/0-0 (3/1.2/PHB) 
ip-10-230-1-180:56:56 [0] NCCL INFO NET/0-0 :GPU/0-1e0 (3/1.2/PHB) CPU/0-ffffffffffffff (2/1.2/PHB) NET/0-0 (0/5000.0/LOC) 
ip-10-230-1-180:56:56 [0] NCCL INFO ncclTopoGetCpuAffinity: Affinity for GPU 0 is empty, ignoring. (GPU affinity =  ; CPU affinity = 0-3).
ip-10-230-1-180:56:56 [0] NCCL INFO Pattern 4, crossNic 0, nChannels 1, bw 1.200000/1.200000, type LOC/PHB, sameChannels 1
ip-10-230-1-180:56:56 [0] NCCL INFO  0 : NET/0-0 GPU/0-1e0 NET/0-0
ip-10-230-1-180:56:56 [0] NCCL INFO Pattern 3, crossNic 0, nChannels 1, bw 2.400000/1.200000, type LOC/PHB, sameChannels 1
ip-10-230-1-180:56:56 [0] NCCL INFO  0 : NET/0-0 GPU/0-1e0 NET/0-0
ip-10-230-1-180:56:56 [0] NCCL INFO Could not get speed from /sys/class/net/ens5/speed. Defaulting to 10 Gbps.
ip-10-230-1-180:56:56 [0] NCCL INFO comm 0x5976e27a85b0 rank 0 nRanks 2 nNodes 2 localRanks 1 localRank 0 MNNVL 0
ip-10-230-1-180:56:56 [0] NCCL INFO Tree 0 : -1 -> 0 -> 1/-1/-1
ip-10-230-1-180:56:56 [0] NCCL INFO Tree 1 : 1 -> 0 -> -1/-1/-1
ip-10-230-1-180:56:56 [0] NCCL INFO Channel 00/02 : 0 1
ip-10-230-1-180:56:56 [0] NCCL INFO Channel 01/02 : 0 1
ip-10-230-1-180:56:56 [0] NCCL INFO Ring 00 : 1 -> 0 -> 1
ip-10-230-1-180:56:56 [0] NCCL INFO Ring 01 : 1 -> 0 -> 1
ip-10-230-1-180:56:56 [0] NCCL INFO Trees [0] 1/-1/-1->0->-1 [1] -1/-1/-1->0->1
ip-10-230-1-180:56:56 [0] NCCL INFO P2P Chunksize set to 131072
ip-10-230-1-180:56:56 [0] NCCL INFO Check P2P Type isAllDirectP2p 1 directMode 0 isAllCudaP2p 1
ip-10-230-1-180:56:56 [0] NCCL INFO ncclP2pSchedule: group size used is 1
ip-10-230-1-180:56:141 [0] NCCL INFO [Proxy Service UDS] Device 0 CPU core 3
ip-10-230-1-180:56:140 [0] NCCL INFO [Proxy Service] Device 0 CPU core 0
ip-10-230-1-180:56:56 [0] NCCL INFO threadThresholds 8/8/64 | 16/8/64 | 512 | 512
ip-10-230-1-180:56:56 [0] NCCL INFO 2 coll channels, 2 collnet channels, 0 nvls channels, 2 p2p channels, 1 p2p channels per peer
ip-10-230-1-180:56:56 [0] NCCL INFO Symmetric VA size=24GB
ip-10-230-1-180:56:56 [0] NCCL INFO Symmetric memory is not supported. cuMemEnable 1, globalGinSupport 0, globalNicFused 0 cuMemGdrSupport 1
ip-10-230-1-180:56:56 [0] NCCL INFO CC Off, workFifoBytes 1048576
ip-10-230-1-180:56:56 [0] NCCL INFO ncclCommInitRankConfig comm 0x5976e27a85b0 rank 0 nranks 2 cudaDev 0 nvmlDev 0 busId 1e0 commId 0x775c1298387fa21f - Init COMPLETE
ip-10-230-1-180:56:56 [0] NCCL INFO Init timings - ncclCommInitRankConfig: rank 0 nranks 2 total 0.61 (kernels 0.00, alloc 0.00, bootstrap 0.47, allgathers 0.14, topo 0.00, graphs 0.00, connections 0.00, rest 0.00)
ip-10-230-1-180:56:140 [0] NCCL INFO New proxy send connection 0 from local rank 0, transport 2
ip-10-230-1-180:56:142 [0] NCCL INFO [Proxy Progress] Device 0 CPU core 2
ip-10-230-1-180:56:56 [0] NCCL INFO Connected to proxy localRank 0 -> connection 0x7f91e0016510
ip-10-230-1-180:56:140 [0] NCCL INFO Could not get speed from /sys/class/net/ens5/speed. Defaulting to 10 Gbps.
ip-10-230-1-180:56:56 [0] NCCL INFO Channel 01/1 : 0[0] -> 1[0] [send] via NET/Socket/0/Shared
ip-10-230-1-180:56:140 [0] NCCL INFO New proxy recv connection 1 from local rank 0, transport 2
ip-10-230-1-180:56:56 [0] NCCL INFO Connected to proxy localRank 0 -> connection 0x7f91e0016598
ip-10-230-1-180:56:140 [0] NCCL INFO Could not get speed from /sys/class/net/ens5/speed. Defaulting to 10 Gbps.
ip-10-230-1-180:56:140 [0] NCCL INFO NET/Socket: Using 2 threads and 8 sockets per thread
ip-10-230-1-180:56:56 [0] NCCL INFO Channel 01/1 : 1[0] -> 0[0] [receive] via NET/Socket/0/Shared
ip-10-230-1-180:56:56 [0] NCCL INFO Initialized NET plugin Socket
ip-10-230-1-180:56:56 [0] NCCL INFO Could not get speed from /sys/class/net/ens5/speed. Defaulting to 10 Gbps.
ip-10-230-1-180:56:56 [0] NCCL INFO Assigned NET plugin Socket to comm
ip-10-230-1-180:56:56 [0] NCCL INFO Failed to initialize any GIN plugin
ip-10-230-1-180:56:56 [0] NCCL INFO Using network Socket
ip-10-230-1-180:56:56 [0] NCCL INFO [Rank 0] ncclCommInitRankConfig comm 0x5976e520d870 rank 0 nranks 2 cudaDev 0 nvmlDev 0 busId 1e0 commId 0x67b776143ed4df91 - Init START
ip-10-230-1-180:56:56 [0] NCCL INFO Topology detection : could not read /sys/devices/pci0000:00/0000:00:1e.0/../max_link_speed, ignoring
ip-10-230-1-180:56:56 [0] NCCL INFO Topology detection : could not read /sys/devices/pci0000:00/0000:00:1e.0/../max_link_width, ignoring
ip-10-230-1-180:56:56 [0] NCCL INFO Topology detection : could not read /sys/devices/system/node/node-1/cpumap, ignoring
ip-10-230-1-180:56:56 [0] NCCL INFO TOPO/NET : Importing network plugins to topology
ip-10-230-1-180:56:56 [0] NCCL INFO Could not get speed from /sys/class/net/ens5/speed. Defaulting to 10 Gbps.
ip-10-230-1-180:56:56 [0] NCCL INFO Topology detection : could not read /sys/devices/pci0000:00/0000:00:05.0/../max_link_speed, ignoring
ip-10-230-1-180:56:56 [0] NCCL INFO Topology detection : could not read /sys/devices/pci0000:00/0000:00:05.0/../max_link_width, ignoring
ip-10-230-1-180:56:56 [0] NCCL INFO Topology detection : could not read /sys/devices/system/node/node-1/cpumap, ignoring
ip-10-230-1-180:56:56 [0] NCCL INFO NET/Socket : GPU Direct RDMA Disabled for HCA 0 'ens5'
ip-10-230-1-180:56:56 [0] NCCL INFO ncclTopoPopulateNics : Filled ens5 in topo with pciPath=/sys/devices/pci0000:00/0000:00:05.0 net=1 gin=(null) keep=1 coll=(null)
ip-10-230-1-180:56:56 [0] NCCL INFO KV Convert to int : could not find value of 'Unknown' in dictionary, falling back to 60
ip-10-230-1-180:56:56 [0] NCCL INFO === System : maxBw 1.2 totalBw 24.0 ===
ip-10-230-1-180:56:56 [0] NCCL INFO CPU/0-ffffffffffffff (1/2/-1)
ip-10-230-1-180:56:56 [0] NCCL INFO + PCI[24.0] - GPU/0-1e0 (0)
ip-10-230-1-180:56:56 [0] NCCL INFO + PCI[12.0] - NIC/0-50
ip-10-230-1-180:56:56 [0] NCCL INFO               + NET[1.2] - NET/0-0 (0/0/0/1.250000)
ip-10-230-1-180:56:56 [0] NCCL INFO ==========================================
ip-10-230-1-180:56:56 [0] NCCL INFO GPU/0-1e0 :GPU/0-1e0 (0/5000.0/LOC) CPU/0-ffffffffffffff (1/24.0/PHB) NET/0-0 (3/1.2/PHB) 
ip-10-230-1-180:56:56 [0] NCCL INFO NET/0-0 :GPU/0-1e0 (3/1.2/PHB) CPU/0-ffffffffffffff (2/1.2/PHB) NET/0-0 (0/5000.0/LOC) 
ip-10-230-1-180:56:56 [0] NCCL INFO ncclTopoGetCpuAffinity: Affinity for GPU 0 is empty, ignoring. (GPU affinity =  ; CPU affinity = 0-3).
ip-10-230-1-180:56:56 [0] NCCL INFO Pattern 4, crossNic 0, nChannels 1, bw 1.200000/1.200000, type LOC/PHB, sameChannels 1
ip-10-230-1-180:56:56 [0] NCCL INFO  0 : NET/0-0 GPU/0-1e0 NET/0-0
ip-10-230-1-180:56:56 [0] NCCL INFO Pattern 3, crossNic 0, nChannels 1, bw 2.400000/1.200000, type LOC/PHB, sameChannels 1
ip-10-230-1-180:56:56 [0] NCCL INFO  0 : NET/0-0 GPU/0-1e0 NET/0-0
ip-10-230-1-180:56:56 [0] NCCL INFO Could not get speed from /sys/class/net/ens5/speed. Defaulting to 10 Gbps.
ip-10-230-1-180:56:56 [0] NCCL INFO comm 0x5976e520d870 rank 0 nRanks 2 nNodes 2 localRanks 1 localRank 0 MNNVL 0
ip-10-230-1-180:56:56 [0] NCCL INFO Tree 0 : -1 -> 0 -> 1/-1/-1
ip-10-230-1-180:56:56 [0] NCCL INFO Tree 1 : 1 -> 0 -> -1/-1/-1
ip-10-230-1-180:56:56 [0] NCCL INFO Channel 00/02 : 0 1
ip-10-230-1-180:56:56 [0] NCCL INFO Channel 01/02 : 0 1
ip-10-230-1-180:56:56 [0] NCCL INFO Ring 00 : 1 -> 0 -> 1
ip-10-230-1-180:56:56 [0] NCCL INFO Ring 01 : 1 -> 0 -> 1
ip-10-230-1-180:56:56 [0] NCCL INFO Trees [0] 1/-1/-1->0->-1 [1] -1/-1/-1->0->1
ip-10-230-1-180:56:56 [0] NCCL INFO P2P Chunksize set to 131072
ip-10-230-1-180:56:56 [0] NCCL INFO Check P2P Type isAllDirectP2p 1 directMode 0 isAllCudaP2p 1
ip-10-230-1-180:56:56 [0] NCCL INFO ncclP2pSchedule: group size used is 1
ip-10-230-1-180:56:148 [0] NCCL INFO [Proxy Service] Device 0 CPU core 0
ip-10-230-1-180:56:149 [0] NCCL INFO [Proxy Service UDS] Device 0 CPU core 0
ip-10-230-1-180:56:56 [0] NCCL INFO threadThresholds 8/8/64 | 16/8/64 | 512 | 512
ip-10-230-1-180:56:56 [0] NCCL INFO 2 coll channels, 2 collnet channels, 0 nvls channels, 2 p2p channels, 1 p2p channels per peer
ip-10-230-1-180:56:56 [0] NCCL INFO Symmetric VA size=24GB
ip-10-230-1-180:56:56 [0] NCCL INFO Symmetric memory is not supported. cuMemEnable 1, globalGinSupport 0, globalNicFused 0 cuMemGdrSupport 1
ip-10-230-1-180:56:56 [0] NCCL INFO CC Off, workFifoBytes 1048576
ip-10-230-1-180:56:56 [0] NCCL INFO ncclCommInitRankConfig comm 0x5976e520d870 rank 0 nranks 2 cudaDev 0 nvmlDev 0 busId 1e0 commId 0x67b776143ed4df91 - Init COMPLETE
ip-10-230-1-180:56:56 [0] NCCL INFO Init timings - ncclCommInitRankConfig: rank 0 nranks 2 total 1.07 (kernels 0.00, alloc 0.00, bootstrap 0.83, allgathers 0.23, topo 0.00, graphs 0.00, connections 0.00, rest 0.00)
ip-10-230-1-180:56:148 [0] NCCL INFO New proxy send connection 0 from local rank 0, transport 2
ip-10-230-1-180:56:150 [0] NCCL INFO [Proxy Progress] Device 0 CPU core 3
ip-10-230-1-180:56:56 [0] NCCL INFO Connected to proxy localRank 0 -> connection 0x7f91f8006d60
ip-10-230-1-180:56:148 [0] NCCL INFO Could not get speed from /sys/class/net/ens5/speed. Defaulting to 10 Gbps.
ip-10-230-1-180:56:56 [0] NCCL INFO Channel 01/1 : 0[0] -> 1[0] [send] via NET/Socket/0/Shared
ip-10-230-1-180:56:148 [0] NCCL INFO New proxy recv connection 1 from local rank 0, transport 2
ip-10-230-1-180:56:56 [0] NCCL INFO Connected to proxy localRank 0 -> connection 0x7f91f8006de8
ip-10-230-1-180:56:148 [0] NCCL INFO Could not get speed from /sys/class/net/ens5/speed. Defaulting to 10 Gbps.
ip-10-230-1-180:56:148 [0] NCCL INFO NET/Socket: Using 2 threads and 8 sockets per thread
ip-10-230-1-180:56:56 [0] NCCL INFO Channel 01/1 : 1[0] -> 0[0] [receive] via NET/Socket/0/Shared
ip-10-230-1-180:56:56 [0] NCCL INFO Initialized NET plugin Socket
ip-10-230-1-180:56:56 [0] NCCL INFO Could not get speed from /sys/class/net/ens5/speed. Defaulting to 10 Gbps.
ip-10-230-1-180:56:56 [0] NCCL INFO Assigned NET plugin Socket to comm
ip-10-230-1-180:56:56 [0] NCCL INFO Failed to initialize any GIN plugin
ip-10-230-1-180:56:56 [0] NCCL INFO Using network Socket
ip-10-230-1-180:56:56 [0] NCCL INFO [Rank 0] ncclCommInitRankConfig comm 0x5976dcc07a30 rank 0 nranks 2 cudaDev 0 nvmlDev 0 busId 1e0 commId 0x9ea76a0ca0618ccd - Init START
ip-10-230-1-180:56:56 [0] NCCL INFO Topology detection : could not read /sys/devices/pci0000:00/0000:00:1e.0/../max_link_speed, ignoring
ip-10-230-1-180:56:56 [0] NCCL INFO Topology detection : could not read /sys/devices/pci0000:00/0000:00:1e.0/../max_link_width, ignoring
ip-10-230-1-180:56:56 [0] NCCL INFO Topology detection : could not read /sys/devices/system/node/node-1/cpumap, ignoring
ip-10-230-1-180:56:56 [0] NCCL INFO TOPO/NET : Importing network plugins to topology
ip-10-230-1-180:56:56 [0] NCCL INFO Could not get speed from /sys/class/net/ens5/speed. Defaulting to 10 Gbps.
ip-10-230-1-180:56:56 [0] NCCL INFO Topology detection : could not read /sys/devices/pci0000:00/0000:00:05.0/../max_link_speed, ignoring
ip-10-230-1-180:56:56 [0] NCCL INFO Topology detection : could not read /sys/devices/pci0000:00/0000:00:05.0/../max_link_width, ignoring
ip-10-230-1-180:56:56 [0] NCCL INFO Topology detection : could not read /sys/devices/system/node/node-1/cpumap, ignoring
ip-10-230-1-180:56:56 [0] NCCL INFO NET/Socket : GPU Direct RDMA Disabled for HCA 0 'ens5'
ip-10-230-1-180:56:56 [0] NCCL INFO ncclTopoPopulateNics : Filled ens5 in topo with pciPath=/sys/devices/pci0000:00/0000:00:05.0 net=1 gin=(null) keep=1 coll=(null)
ip-10-230-1-180:56:56 [0] NCCL INFO KV Convert to int : could not find value of 'Unknown' in dictionary, falling back to 60
ip-10-230-1-180:56:56 [0] NCCL INFO === System : maxBw 1.2 totalBw 24.0 ===
ip-10-230-1-180:56:56 [0] NCCL INFO CPU/0-ffffffffffffff (1/2/-1)
ip-10-230-1-180:56:56 [0] NCCL INFO + PCI[24.0] - GPU/0-1e0 (0)
ip-10-230-1-180:56:56 [0] NCCL INFO + PCI[12.0] - NIC/0-50
ip-10-230-1-180:56:56 [0] NCCL INFO               + NET[1.2] - NET/0-0 (0/0/0/1.250000)
ip-10-230-1-180:56:56 [0] NCCL INFO ==========================================
ip-10-230-1-180:56:56 [0] NCCL INFO GPU/0-1e0 :GPU/0-1e0 (0/5000.0/LOC) CPU/0-ffffffffffffff (1/24.0/PHB) NET/0-0 (3/1.2/PHB) 
ip-10-230-1-180:56:56 [0] NCCL INFO NET/0-0 :GPU/0-1e0 (3/1.2/PHB) CPU/0-ffffffffffffff (2/1.2/PHB) NET/0-0 (0/5000.0/LOC) 
ip-10-230-1-180:56:56 [0] NCCL INFO ncclTopoGetCpuAffinity: Affinity for GPU 0 is empty, ignoring. (GPU affinity =  ; CPU affinity = 0-3).
ip-10-230-1-180:56:56 [0] NCCL INFO Pattern 4, crossNic 0, nChannels 1, bw 1.200000/1.200000, type LOC/PHB, sameChannels 1
ip-10-230-1-180:56:56 [0] NCCL INFO  0 : NET/0-0 GPU/0-1e0 NET/0-0
ip-10-230-1-180:56:56 [0] NCCL INFO Pattern 3, crossNic 0, nChannels 1, bw 2.400000/1.200000, type LOC/PHB, sameChannels 1
ip-10-230-1-180:56:56 [0] NCCL INFO  0 : NET/0-0 GPU/0-1e0 NET/0-0
ip-10-230-1-180:56:56 [0] NCCL INFO Could not get speed from /sys/class/net/ens5/speed. Defaulting to 10 Gbps.
ip-10-230-1-180:56:56 [0] NCCL INFO comm 0x5976dcc07a30 rank 0 nRanks 2 nNodes 2 localRanks 1 localRank 0 MNNVL 0
ip-10-230-1-180:56:56 [0] NCCL INFO Tree 0 : -1 -> 0 -> 1/-1/-1
ip-10-230-1-180:56:56 [0] NCCL INFO Tree 1 : 1 -> 0 -> -1/-1/-1
ip-10-230-1-180:56:56 [0] NCCL INFO Channel 00/02 : 0 1
ip-10-230-1-180:56:56 [0] NCCL INFO Channel 01/02 : 0 1
ip-10-230-1-180:56:56 [0] NCCL INFO Ring 00 : 1 -> 0 -> 1
ip-10-230-1-180:56:56 [0] NCCL INFO Ring 01 : 1 -> 0 -> 1
ip-10-230-1-180:56:56 [0] NCCL INFO Trees [0] 1/-1/-1->0->-1 [1] -1/-1/-1->0->1
ip-10-230-1-180:56:56 [0] NCCL INFO P2P Chunksize set to 131072
ip-10-230-1-180:56:56 [0] NCCL INFO Check P2P Type isAllDirectP2p 1 directMode 0 isAllCudaP2p 1
ip-10-230-1-180:56:156 [0] NCCL INFO [Proxy Service] Device 0 CPU core 1
ip-10-230-1-180:56:157 [0] NCCL INFO [Proxy Service UDS] Device 0 CPU core 2
ip-10-230-1-180:56:56 [0] NCCL INFO ncclP2pSchedule: group size used is 1
ip-10-230-1-180:56:56 [0] NCCL INFO threadThresholds 8/8/64 | 16/8/64 | 512 | 512
ip-10-230-1-180:56:56 [0] NCCL INFO 2 coll channels, 2 collnet channels, 0 nvls channels, 2 p2p channels, 1 p2p channels per peer
ip-10-230-1-180:56:56 [0] NCCL INFO Symmetric VA size=24GB
ip-10-230-1-180:56:56 [0] NCCL INFO Symmetric memory is not supported. cuMemEnable 1, globalGinSupport 0, globalNicFused 0 cuMemGdrSupport 1
ip-10-230-1-180:56:56 [0] NCCL INFO CC Off, workFifoBytes 1048576
ip-10-230-1-180:56:56 [0] NCCL INFO ncclCommInitRankConfig comm 0x5976dcc07a30 rank 0 nranks 2 cudaDev 0 nvmlDev 0 busId 1e0 commId 0x9ea76a0ca0618ccd - Init COMPLETE
ip-10-230-1-180:56:56 [0] NCCL INFO Init timings - ncclCommInitRankConfig: rank 0 nranks 2 total 0.78 (kernels 0.00, alloc 0.01, bootstrap 0.59, allgathers 0.17, topo 0.00, graphs 0.00, connections 0.00, rest 0.00)
ip-10-230-1-180:56:156 [0] NCCL INFO New proxy send connection 0 from local rank 0, transport 2
ip-10-230-1-180:56:158 [0] NCCL INFO [Proxy Progress] Device 0 CPU core 1
ip-10-230-1-180:56:56 [0] NCCL INFO Connected to proxy localRank 0 -> connection 0x7f9288024470
ip-10-230-1-180:56:156 [0] NCCL INFO Could not get speed from /sys/class/net/ens5/speed. Defaulting to 10 Gbps.
ip-10-230-1-180:56:56 [0] NCCL INFO Channel 01/1 : 0[0] -> 1[0] [send] via NET/Socket/0/Shared
ip-10-230-1-180:56:156 [0] NCCL INFO New proxy recv connection 1 from local rank 0, transport 2
ip-10-230-1-180:56:56 [0] NCCL INFO Connected to proxy localRank 0 -> connection 0x7f92880244f8
ip-10-230-1-180:56:156 [0] NCCL INFO Could not get speed from /sys/class/net/ens5/speed. Defaulting to 10 Gbps.
ip-10-230-1-180:56:156 [0] NCCL INFO NET/Socket: Using 2 threads and 8 sockets per thread
ip-10-230-1-180:56:56 [0] NCCL INFO Channel 01/1 : 1[0] -> 0[0] [receive] via NET/Socket/0/Shared
ip-10-230-1-180:56:56 [0] NCCL INFO Initialized NET plugin Socket
ip-10-230-1-180:56:56 [0] NCCL INFO Could not get speed from /sys/class/net/ens5/speed. Defaulting to 10 Gbps.
ip-10-230-1-180:56:56 [0] NCCL INFO Assigned NET plugin Socket to comm
ip-10-230-1-180:56:56 [0] NCCL INFO Failed to initialize any GIN plugin
ip-10-230-1-180:56:56 [0] NCCL INFO Using network Socket
ip-10-230-1-180:56:56 [0] NCCL INFO [Rank 0] ncclCommInitRankConfig comm 0x5976dcd2c820 rank 0 nranks 2 cudaDev 0 nvmlDev 0 busId 1e0 commId 0x1fa1aea36fcd17fb - Init START
ip-10-230-1-180:56:56 [0] NCCL INFO Topology detection : could not read /sys/devices/pci0000:00/0000:00:1e.0/../max_link_speed, ignoring
ip-10-230-1-180:56:56 [0] NCCL INFO Topology detection : could not read /sys/devices/pci0000:00/0000:00:1e.0/../max_link_width, ignoring
ip-10-230-1-180:56:56 [0] NCCL INFO Topology detection : could not read /sys/devices/system/node/node-1/cpumap, ignoring
ip-10-230-1-180:56:56 [0] NCCL INFO TOPO/NET : Importing network plugins to topology
ip-10-230-1-180:56:56 [0] NCCL INFO Could not get speed from /sys/class/net/ens5/speed. Defaulting to 10 Gbps.
ip-10-230-1-180:56:56 [0] NCCL INFO Topology detection : could not read /sys/devices/pci0000:00/0000:00:05.0/../max_link_speed, ignoring
ip-10-230-1-180:56:56 [0] NCCL INFO Topology detection : could not read /sys/devices/pci0000:00/0000:00:05.0/../max_link_width, ignoring
ip-10-230-1-180:56:56 [0] NCCL INFO Topology detection : could not read /sys/devices/system/node/node-1/cpumap, ignoring
ip-10-230-1-180:56:56 [0] NCCL INFO NET/Socket : GPU Direct RDMA Disabled for HCA 0 'ens5'
ip-10-230-1-180:56:56 [0] NCCL INFO ncclTopoPopulateNics : Filled ens5 in topo with pciPath=/sys/devices/pci0000:00/0000:00:05.0 net=1 gin=(null) keep=1 coll=(null)
ip-10-230-1-180:56:56 [0] NCCL INFO KV Convert to int : could not find value of 'Unknown' in dictionary, falling back to 60
ip-10-230-1-180:56:56 [0] NCCL INFO === System : maxBw 1.2 totalBw 24.0 ===
ip-10-230-1-180:56:56 [0] NCCL INFO CPU/0-ffffffffffffff (1/2/-1)
ip-10-230-1-180:56:56 [0] NCCL INFO + PCI[24.0] - GPU/0-1e0 (0)
ip-10-230-1-180:56:56 [0] NCCL INFO + PCI[12.0] - NIC/0-50
ip-10-230-1-180:56:56 [0] NCCL INFO               + NET[1.2] - NET/0-0 (0/0/0/1.250000)
ip-10-230-1-180:56:56 [0] NCCL INFO ==========================================
ip-10-230-1-180:56:56 [0] NCCL INFO GPU/0-1e0 :GPU/0-1e0 (0/5000.0/LOC) CPU/0-ffffffffffffff (1/24.0/PHB) NET/0-0 (3/1.2/PHB) 
ip-10-230-1-180:56:56 [0] NCCL INFO NET/0-0 :GPU/0-1e0 (3/1.2/PHB) CPU/0-ffffffffffffff (2/1.2/PHB) NET/0-0 (0/5000.0/LOC) 
ip-10-230-1-180:56:56 [0] NCCL INFO ncclTopoGetCpuAffinity: Affinity for GPU 0 is empty, ignoring. (GPU affinity =  ; CPU affinity = 0-3).
ip-10-230-1-180:56:56 [0] NCCL INFO Pattern 4, crossNic 0, nChannels 1, bw 1.200000/1.200000, type LOC/PHB, sameChannels 1
ip-10-230-1-180:56:56 [0] NCCL INFO  0 : NET/0-0 GPU/0-1e0 NET/0-0
ip-10-230-1-180:56:56 [0] NCCL INFO Pattern 3, crossNic 0, nChannels 1, bw 2.400000/1.200000, type LOC/PHB, sameChannels 1
ip-10-230-1-180:56:56 [0] NCCL INFO  0 : NET/0-0 GPU/0-1e0 NET/0-0
ip-10-230-1-180:56:56 [0] NCCL INFO Could not get speed from /sys/class/net/ens5/speed. Defaulting to 10 Gbps.
ip-10-230-1-180:56:56 [0] NCCL INFO comm 0x5976dcd2c820 rank 0 nRanks 2 nNodes 2 localRanks 1 localRank 0 MNNVL 0
ip-10-230-1-180:56:56 [0] NCCL INFO Tree 0 : -1 -> 0 -> 1/-1/-1
ip-10-230-1-180:56:56 [0] NCCL INFO Tree 1 : 1 -> 0 -> -1/-1/-1
ip-10-230-1-180:56:56 [0] NCCL INFO Channel 00/02 : 0 1
ip-10-230-1-180:56:56 [0] NCCL INFO Channel 01/02 : 0 1
ip-10-230-1-180:56:56 [0] NCCL INFO Ring 00 : 1 -> 0 -> 1
ip-10-230-1-180:56:56 [0] NCCL INFO Ring 01 : 1 -> 0 -> 1
ip-10-230-1-180:56:56 [0] NCCL INFO Trees [0] 1/-1/-1->0->-1 [1] -1/-1/-1->0->1
ip-10-230-1-180:56:56 [0] NCCL INFO P2P Chunksize set to 131072
ip-10-230-1-180:56:56 [0] NCCL INFO Check P2P Type isAllDirectP2p 1 directMode 0 isAllCudaP2p 1
ip-10-230-1-180:56:164 [0] NCCL INFO [Proxy Service] Device 0 CPU core 2
ip-10-230-1-180:56:56 [0] NCCL INFO ncclP2pSchedule: group size used is 1
ip-10-230-1-180:56:165 [0] NCCL INFO [Proxy Service UDS] Device 0 CPU core 3
ip-10-230-1-180:56:56 [0] NCCL INFO threadThresholds 8/8/64 | 16/8/64 | 512 | 512
ip-10-230-1-180:56:56 [0] NCCL INFO 2 coll channels, 2 collnet channels, 0 nvls channels, 2 p2p channels, 1 p2p channels per peer
ip-10-230-1-180:56:56 [0] NCCL INFO Symmetric VA size=24GB
ip-10-230-1-180:56:56 [0] NCCL INFO Symmetric memory is not supported. cuMemEnable 1, globalGinSupport 0, globalNicFused 0 cuMemGdrSupport 1
ip-10-230-1-180:56:56 [0] NCCL INFO CC Off, workFifoBytes 1048576
ip-10-230-1-180:56:56 [0] NCCL INFO ncclCommInitRankConfig comm 0x5976dcd2c820 rank 0 nranks 2 cudaDev 0 nvmlDev 0 busId 1e0 commId 0x1fa1aea36fcd17fb - Init COMPLETE
ip-10-230-1-180:56:56 [0] NCCL INFO Init timings - ncclCommInitRankConfig: rank 0 nranks 2 total 1.23 (kernels 0.00, alloc 0.00, bootstrap 1.00, allgathers 0.22, topo 0.00, graphs 0.00, connections 0.00, rest 0.00)
ip-10-230-1-180:56:164 [0] NCCL INFO New proxy send connection 0 from local rank 0, transport 2
ip-10-230-1-180:56:166 [0] NCCL INFO [Proxy Progress] Device 0 CPU core 0
ip-10-230-1-180:56:56 [0] NCCL INFO Connected to proxy localRank 0 -> connection 0x7f929c09fb10
ip-10-230-1-180:56:164 [0] NCCL INFO Could not get speed from /sys/class/net/ens5/speed. Defaulting to 10 Gbps.
ip-10-230-1-180:56:56 [0] NCCL INFO Channel 01/1 : 0[0] -> 1[0] [send] via NET/Socket/0/Shared
ip-10-230-1-180:56:164 [0] NCCL INFO New proxy recv connection 1 from local rank 0, transport 2
ip-10-230-1-180:56:56 [0] NCCL INFO Connected to proxy localRank 0 -> connection 0x7f929c09fb98
ip-10-230-1-180:56:164 [0] NCCL INFO Could not get speed from /sys/class/net/ens5/speed. Defaulting to 10 Gbps.
ip-10-230-1-180:56:164 [0] NCCL INFO NET/Socket: Using 2 threads and 8 sockets per thread
ip-10-230-1-180:56:56 [0] NCCL INFO Channel 01/1 : 1[0] -> 0[0] [receive] via NET/Socket/0/Shared
ip-10-230-1-180:56:56 [0] NCCL INFO Initialized NET plugin Socket
ip-10-230-1-180:56:56 [0] NCCL INFO Could not get speed from /sys/class/net/ens5/speed. Defaulting to 10 Gbps.
ip-10-230-1-180:56:56 [0] NCCL INFO Assigned NET plugin Socket to comm
ip-10-230-1-180:56:56 [0] NCCL INFO Failed to initialize any GIN plugin
ip-10-230-1-180:56:56 [0] NCCL INFO Using network Socket
ip-10-230-1-180:56:56 [0] NCCL INFO [Rank 0] ncclCommInitRankConfig comm 0x5976dce51610 rank 0 nranks 2 cudaDev 0 nvmlDev 0 busId 1e0 commId 0x36572cf6dc57b54a - Init START
ip-10-230-1-180:56:56 [0] NCCL INFO Topology detection : could not read /sys/devices/pci0000:00/0000:00:1e.0/../max_link_speed, ignoring
ip-10-230-1-180:56:56 [0] NCCL INFO Topology detection : could not read /sys/devices/pci0000:00/0000:00:1e.0/../max_link_width, ignoring
ip-10-230-1-180:56:56 [0] NCCL INFO Topology detection : could not read /sys/devices/system/node/node-1/cpumap, ignoring
ip-10-230-1-180:56:56 [0] NCCL INFO TOPO/NET : Importing network plugins to topology
ip-10-230-1-180:56:56 [0] NCCL INFO Could not get speed from /sys/class/net/ens5/speed. Defaulting to 10 Gbps.
ip-10-230-1-180:56:56 [0] NCCL INFO Topology detection : could not read /sys/devices/pci0000:00/0000:00:05.0/../max_link_speed, ignoring
ip-10-230-1-180:56:56 [0] NCCL INFO Topology detection : could not read /sys/devices/pci0000:00/0000:00:05.0/../max_link_width, ignoring
ip-10-230-1-180:56:56 [0] NCCL INFO Topology detection : could not read /sys/devices/system/node/node-1/cpumap, ignoring
ip-10-230-1-180:56:56 [0] NCCL INFO NET/Socket : GPU Direct RDMA Disabled for HCA 0 'ens5'
ip-10-230-1-180:56:56 [0] NCCL INFO ncclTopoPopulateNics : Filled ens5 in topo with pciPath=/sys/devices/pci0000:00/0000:00:05.0 net=1 gin=(null) keep=1 coll=(null)
ip-10-230-1-180:56:56 [0] NCCL INFO KV Convert to int : could not find value of 'Unknown' in dictionary, falling back to 60
ip-10-230-1-180:56:56 [0] NCCL INFO === System : maxBw 1.2 totalBw 24.0 ===
ip-10-230-1-180:56:56 [0] NCCL INFO CPU/0-ffffffffffffff (1/2/-1)
ip-10-230-1-180:56:56 [0] NCCL INFO + PCI[24.0] - GPU/0-1e0 (0)
ip-10-230-1-180:56:56 [0] NCCL INFO + PCI[12.0] - NIC/0-50
ip-10-230-1-180:56:56 [0] NCCL INFO               + NET[1.2] - NET/0-0 (0/0/0/1.250000)
ip-10-230-1-180:56:56 [0] NCCL INFO ==========================================
ip-10-230-1-180:56:56 [0] NCCL INFO GPU/0-1e0 :GPU/0-1e0 (0/5000.0/LOC) CPU/0-ffffffffffffff (1/24.0/PHB) NET/0-0 (3/1.2/PHB) 
ip-10-230-1-180:56:56 [0] NCCL INFO NET/0-0 :GPU/0-1e0 (3/1.2/PHB) CPU/0-ffffffffffffff (2/1.2/PHB) NET/0-0 (0/5000.0/LOC) 
ip-10-230-1-180:56:56 [0] NCCL INFO ncclTopoGetCpuAffinity: Affinity for GPU 0 is empty, ignoring. (GPU affinity =  ; CPU affinity = 0-3).
ip-10-230-1-180:56:56 [0] NCCL INFO Pattern 4, crossNic 0, nChannels 1, bw 1.200000/1.200000, type LOC/PHB, sameChannels 1
ip-10-230-1-180:56:56 [0] NCCL INFO  0 : NET/0-0 GPU/0-1e0 NET/0-0
ip-10-230-1-180:56:56 [0] NCCL INFO Pattern 3, crossNic 0, nChannels 1, bw 2.400000/1.200000, type LOC/PHB, sameChannels 1
ip-10-230-1-180:56:56 [0] NCCL INFO  0 : NET/0-0 GPU/0-1e0 NET/0-0
ip-10-230-1-180:56:56 [0] NCCL INFO Could not get speed from /sys/class/net/ens5/speed. Defaulting to 10 Gbps.
ip-10-230-1-180:56:56 [0] NCCL INFO comm 0x5976dce51610 rank 0 nRanks 2 nNodes 2 localRanks 1 localRank 0 MNNVL 0
ip-10-230-1-180:56:56 [0] NCCL INFO Tree 0 : -1 -> 0 -> 1/-1/-1
ip-10-230-1-180:56:56 [0] NCCL INFO Tree 1 : 1 -> 0 -> -1/-1/-1
ip-10-230-1-180:56:56 [0] NCCL INFO Channel 00/02 : 0 1
ip-10-230-1-180:56:56 [0] NCCL INFO Channel 01/02 : 0 1
ip-10-230-1-180:56:56 [0] NCCL INFO Ring 00 : 1 -> 0 -> 1
ip-10-230-1-180:56:56 [0] NCCL INFO Ring 01 : 1 -> 0 -> 1
ip-10-230-1-180:56:56 [0] NCCL INFO Trees [0] 1/-1/-1->0->-1 [1] -1/-1/-1->0->1
ip-10-230-1-180:56:56 [0] NCCL INFO P2P Chunksize set to 131072
ip-10-230-1-180:56:56 [0] NCCL INFO Check P2P Type isAllDirectP2p 1 directMode 0 isAllCudaP2p 1
ip-10-230-1-180:56:172 [0] NCCL INFO [Proxy Service] Device 0 CPU core 3
ip-10-230-1-180:56:173 [0] NCCL INFO [Proxy Service UDS] Device 0 CPU core 3
ip-10-230-1-180:56:56 [0] NCCL INFO ncclP2pSchedule: group size used is 1
ip-10-230-1-180:56:56 [0] NCCL INFO threadThresholds 8/8/64 | 16/8/64 | 512 | 512
ip-10-230-1-180:56:56 [0] NCCL INFO 2 coll channels, 2 collnet channels, 0 nvls channels, 2 p2p channels, 1 p2p channels per peer
ip-10-230-1-180:56:56 [0] NCCL INFO Symmetric VA size=24GB
ip-10-230-1-180:56:56 [0] NCCL INFO Symmetric memory is not supported. cuMemEnable 1, globalGinSupport 0, globalNicFused 0 cuMemGdrSupport 1
ip-10-230-1-180:56:56 [0] NCCL INFO CC Off, workFifoBytes 1048576
ip-10-230-1-180:56:56 [0] NCCL INFO ncclCommInitRankConfig comm 0x5976dce51610 rank 0 nranks 2 cudaDev 0 nvmlDev 0 busId 1e0 commId 0x36572cf6dc57b54a - Init COMPLETE
ip-10-230-1-180:56:56 [0] NCCL INFO Init timings - ncclCommInitRankConfig: rank 0 nranks 2 total 0.61 (kernels 0.00, alloc 0.00, bootstrap 0.47, allgathers 0.13, topo 0.00, graphs 0.00, connections 0.00, rest 0.00)
ip-10-230-1-180:56:172 [0] NCCL INFO New proxy send connection 0 from local rank 0, transport 2
ip-10-230-1-180:56:174 [0] NCCL INFO [Proxy Progress] Device 0 CPU core 1
ip-10-230-1-180:56:56 [0] NCCL INFO Connected to proxy localRank 0 -> connection 0x7f92ac0057f0
ip-10-230-1-180:56:172 [0] NCCL INFO Could not get speed from /sys/class/net/ens5/speed. Defaulting to 10 Gbps.
ip-10-230-1-180:56:56 [0] NCCL INFO Channel 01/1 : 0[0] -> 1[0] [send] via NET/Socket/0/Shared
ip-10-230-1-180:56:172 [0] NCCL INFO New proxy recv connection 1 from local rank 0, transport 2
ip-10-230-1-180:56:56 [0] NCCL INFO Connected to proxy localRank 0 -> connection 0x7f92ac005878
ip-10-230-1-180:56:172 [0] NCCL INFO Could not get speed from /sys/class/net/ens5/speed. Defaulting to 10 Gbps.
ip-10-230-1-180:56:172 [0] NCCL INFO NET/Socket: Using 2 threads and 8 sockets per thread
ip-10-230-1-180:56:56 [0] NCCL INFO Channel 01/1 : 1[0] -> 0[0] [receive] via NET/Socket/0/Shared
ip-10-230-1-180:56:56 [0] NCCL INFO Initialized NET plugin Socket
ip-10-230-1-180:56:56 [0] NCCL INFO Could not get speed from /sys/class/net/ens5/speed. Defaulting to 10 Gbps.
ip-10-230-1-180:56:56 [0] NCCL INFO Assigned NET plugin Socket to comm
ip-10-230-1-180:56:56 [0] NCCL INFO Failed to initialize any GIN plugin
ip-10-230-1-180:56:56 [0] NCCL INFO Using network Socket
ip-10-230-1-180:56:56 [0] NCCL INFO [Rank 0] ncclCommInitRankConfig comm 0x5976dcf76400 rank 0 nranks 2 cudaDev 0 nvmlDev 0 busId 1e0 commId 0xd8e913acda069d3f - Init START
ip-10-230-1-180:56:56 [0] NCCL INFO Topology detection : could not read /sys/devices/pci0000:00/0000:00:1e.0/../max_link_speed, ignoring
ip-10-230-1-180:56:56 [0] NCCL INFO Topology detection : could not read /sys/devices/pci0000:00/0000:00:1e.0/../max_link_width, ignoring
ip-10-230-1-180:56:56 [0] NCCL INFO Topology detection : could not read /sys/devices/system/node/node-1/cpumap, ignoring
ip-10-230-1-180:56:56 [0] NCCL INFO TOPO/NET : Importing network plugins to topology
ip-10-230-1-180:56:56 [0] NCCL INFO Could not get speed from /sys/class/net/ens5/speed. Defaulting to 10 Gbps.
ip-10-230-1-180:56:56 [0] NCCL INFO Topology detection : could not read /sys/devices/pci0000:00/0000:00:05.0/../max_link_speed, ignoring
ip-10-230-1-180:56:56 [0] NCCL INFO Topology detection : could not read /sys/devices/pci0000:00/0000:00:05.0/../max_link_width, ignoring
ip-10-230-1-180:56:56 [0] NCCL INFO Topology detection : could not read /sys/devices/system/node/node-1/cpumap, ignoring
ip-10-230-1-180:56:56 [0] NCCL INFO NET/Socket : GPU Direct RDMA Disabled for HCA 0 'ens5'
ip-10-230-1-180:56:56 [0] NCCL INFO ncclTopoPopulateNics : Filled ens5 in topo with pciPath=/sys/devices/pci0000:00/0000:00:05.0 net=1 gin=(null) keep=1 coll=(null)
ip-10-230-1-180:56:56 [0] NCCL INFO KV Convert to int : could not find value of 'Unknown' in dictionary, falling back to 60
ip-10-230-1-180:56:56 [0] NCCL INFO === System : maxBw 1.2 totalBw 24.0 ===
ip-10-230-1-180:56:56 [0] NCCL INFO CPU/0-ffffffffffffff (1/2/-1)
ip-10-230-1-180:56:56 [0] NCCL INFO + PCI[24.0] - GPU/0-1e0 (0)
ip-10-230-1-180:56:56 [0] NCCL INFO + PCI[12.0] - NIC/0-50
ip-10-230-1-180:56:56 [0] NCCL INFO               + NET[1.2] - NET/0-0 (0/0/0/1.250000)
ip-10-230-1-180:56:56 [0] NCCL INFO ==========================================
ip-10-230-1-180:56:56 [0] NCCL INFO GPU/0-1e0 :GPU/0-1e0 (0/5000.0/LOC) CPU/0-ffffffffffffff (1/24.0/PHB) NET/0-0 (3/1.2/PHB) 
ip-10-230-1-180:56:56 [0] NCCL INFO NET/0-0 :GPU/0-1e0 (3/1.2/PHB) CPU/0-ffffffffffffff (2/1.2/PHB) NET/0-0 (0/5000.0/LOC) 
ip-10-230-1-180:56:56 [0] NCCL INFO ncclTopoGetCpuAffinity: Affinity for GPU 0 is empty, ignoring. (GPU affinity =  ; CPU affinity = 0-3).
ip-10-230-1-180:56:56 [0] NCCL INFO Pattern 4, crossNic 0, nChannels 1, bw 1.200000/1.200000, type LOC/PHB, sameChannels 1
ip-10-230-1-180:56:56 [0] NCCL INFO  0 : NET/0-0 GPU/0-1e0 NET/0-0
ip-10-230-1-180:56:56 [0] NCCL INFO Pattern 3, crossNic 0, nChannels 1, bw 2.400000/1.200000, type LOC/PHB, sameChannels 1
ip-10-230-1-180:56:56 [0] NCCL INFO  0 : NET/0-0 GPU/0-1e0 NET/0-0
ip-10-230-1-180:56:56 [0] NCCL INFO Could not get speed from /sys/class/net/ens5/speed. Defaulting to 10 Gbps.
ip-10-230-1-180:56:56 [0] NCCL INFO comm 0x5976dcf76400 rank 0 nRanks 2 nNodes 2 localRanks 1 localRank 0 MNNVL 0
ip-10-230-1-180:56:56 [0] NCCL INFO Tree 0 : -1 -> 0 -> 1/-1/-1
ip-10-230-1-180:56:56 [0] NCCL INFO Tree 1 : 1 -> 0 -> -1/-1/-1
ip-10-230-1-180:56:56 [0] NCCL INFO Channel 00/02 : 0 1
ip-10-230-1-180:56:56 [0] NCCL INFO Channel 01/02 : 0 1
ip-10-230-1-180:56:56 [0] NCCL INFO Ring 00 : 1 -> 0 -> 1
ip-10-230-1-180:56:56 [0] NCCL INFO Ring 01 : 1 -> 0 -> 1
ip-10-230-1-180:56:56 [0] NCCL INFO Trees [0] 1/-1/-1->0->-1 [1] -1/-1/-1->0->1
ip-10-230-1-180:56:56 [0] NCCL INFO P2P Chunksize set to 131072
ip-10-230-1-180:56:56 [0] NCCL INFO Check P2P Type isAllDirectP2p 1 directMode 0 isAllCudaP2p 1
ip-10-230-1-180:56:56 [0] NCCL INFO ncclP2pSchedule: group size used is 1
ip-10-230-1-180:56:180 [0] NCCL INFO [Proxy Service] Device 0 CPU core 2
ip-10-230-1-180:56:181 [0] NCCL INFO [Proxy Service UDS] Device 0 CPU core 3
ip-10-230-1-180:56:56 [0] NCCL INFO threadThresholds 8/8/64 | 16/8/64 | 512 | 512
ip-10-230-1-180:56:56 [0] NCCL INFO 2 coll channels, 2 collnet channels, 0 nvls channels, 2 p2p channels, 1 p2p channels per peer
ip-10-230-1-180:56:56 [0] NCCL INFO Symmetric VA size=24GB
ip-10-230-1-180:56:56 [0] NCCL INFO Symmetric memory is not supported. cuMemEnable 1, globalGinSupport 0, globalNicFused 0 cuMemGdrSupport 1
ip-10-230-1-180:56:56 [0] NCCL INFO CC Off, workFifoBytes 1048576
ip-10-230-1-180:56:56 [0] NCCL INFO ncclCommInitRankConfig comm 0x5976dcf76400 rank 0 nranks 2 cudaDev 0 nvmlDev 0 busId 1e0 commId 0xd8e913acda069d3f - Init COMPLETE
ip-10-230-1-180:56:56 [0] NCCL INFO Init timings - ncclCommInitRankConfig: rank 0 nranks 2 total 0.11 (kernels 0.00, alloc 0.00, bootstrap 0.08, allgathers 0.03, topo 0.00, graphs 0.00, connections 0.00, rest 0.00)
ip-10-230-1-180:56:180 [0] NCCL INFO New proxy send connection 0 from local rank 0, transport 2
ip-10-230-1-180:56:182 [0] NCCL INFO [Proxy Progress] Device 0 CPU core 0
ip-10-230-1-180:56:56 [0] NCCL INFO Connected to proxy localRank 0 -> connection 0x7f92e0005220
ip-10-230-1-180:56:180 [0] NCCL INFO Could not get speed from /sys/class/net/ens5/speed. Defaulting to 10 Gbps.
ip-10-230-1-180:56:56 [0] NCCL INFO Channel 01/1 : 0[0] -> 1[0] [send] via NET/Socket/0/Shared
ip-10-230-1-180:56:180 [0] NCCL INFO New proxy recv connection 1 from local rank 0, transport 2
ip-10-230-1-180:56:56 [0] NCCL INFO Connected to proxy localRank 0 -> connection 0x7f92e00052a8
ip-10-230-1-180:56:180 [0] NCCL INFO Could not get speed from /sys/class/net/ens5/speed. Defaulting to 10 Gbps.
ip-10-230-1-180:56:180 [0] NCCL INFO NET/Socket: Using 2 threads and 8 sockets per thread
ip-10-230-1-180:56:56 [0] NCCL INFO Channel 01/1 : 1[0] -> 0[0] [receive] via NET/Socket/0/Shared
ip-10-230-1-180:56:56 [0] NCCL INFO Initialized NET plugin Socket
ip-10-230-1-180:56:56 [0] NCCL INFO Could not get speed from /sys/class/net/ens5/speed. Defaulting to 10 Gbps.
ip-10-230-1-180:56:56 [0] NCCL INFO Assigned NET plugin Socket to comm
ip-10-230-1-180:56:56 [0] NCCL INFO Failed to initialize any GIN plugin
ip-10-230-1-180:56:56 [0] NCCL INFO Using network Socket
ip-10-230-1-180:56:56 [0] NCCL INFO [Rank 1] ncclCommInitRankConfig comm 0x5976e7e95960 rank 1 nranks 2 cudaDev 0 nvmlDev 0 busId 1e0 commId 0xa2fcaee27bb1f60c - Init START
ip-10-230-1-180:56:56 [0] NCCL INFO Topology detection : could not read /sys/devices/pci0000:00/0000:00:1e.0/../max_link_speed, ignoring
ip-10-230-1-180:56:56 [0] NCCL INFO Topology detection : could not read /sys/devices/pci0000:00/0000:00:1e.0/../max_link_width, ignoring
ip-10-230-1-180:56:56 [0] NCCL INFO Topology detection : could not read /sys/devices/system/node/node-1/cpumap, ignoring
ip-10-230-1-180:56:56 [0] NCCL INFO TOPO/NET : Importing network plugins to topology
ip-10-230-1-180:56:56 [0] NCCL INFO Could not get speed from /sys/class/net/ens5/speed. Defaulting to 10 Gbps.
ip-10-230-1-180:56:56 [0] NCCL INFO Topology detection : could not read /sys/devices/pci0000:00/0000:00:05.0/../max_link_speed, ignoring
ip-10-230-1-180:56:56 [0] NCCL INFO Topology detection : could not read /sys/devices/pci0000:00/0000:00:05.0/../max_link_width, ignoring
ip-10-230-1-180:56:56 [0] NCCL INFO Topology detection : could not read /sys/devices/system/node/node-1/cpumap, ignoring
ip-10-230-1-180:56:56 [0] NCCL INFO NET/Socket : GPU Direct RDMA Disabled for HCA 0 'ens5'
ip-10-230-1-180:56:56 [0] NCCL INFO ncclTopoPopulateNics : Filled ens5 in topo with pciPath=/sys/devices/pci0000:00/0000:00:05.0 net=1 gin=(null) keep=1 coll=(null)
ip-10-230-1-180:56:56 [0] NCCL INFO KV Convert to int : could not find value of 'Unknown' in dictionary, falling back to 60
ip-10-230-1-180:56:56 [0] NCCL INFO === System : maxBw 1.2 totalBw 24.0 ===
ip-10-230-1-180:56:56 [0] NCCL INFO CPU/0-ffffffffffffff (1/2/-1)
ip-10-230-1-180:56:56 [0] NCCL INFO + PCI[24.0] - GPU/0-1e0 (1)
ip-10-230-1-180:56:56 [0] NCCL INFO + PCI[12.0] - NIC/0-50
ip-10-230-1-180:56:56 [0] NCCL INFO               + NET[1.2] - NET/0-0 (0/0/0/1.250000)
ip-10-230-1-180:56:56 [0] NCCL INFO ==========================================
ip-10-230-1-180:56:56 [0] NCCL INFO GPU/0-1e0 :GPU/0-1e0 (0/5000.0/LOC) CPU/0-ffffffffffffff (1/24.0/PHB) NET/0-0 (3/1.2/PHB) 
ip-10-230-1-180:56:56 [0] NCCL INFO NET/0-0 :GPU/0-1e0 (3/1.2/PHB) CPU/0-ffffffffffffff (2/1.2/PHB) NET/0-0 (0/5000.0/LOC) 
ip-10-230-1-180:56:56 [0] NCCL INFO ncclTopoGetCpuAffinity: Affinity for GPU 0 is empty, ignoring. (GPU affinity =  ; CPU affinity = 0-3).
ip-10-230-1-180:56:56 [0] NCCL INFO Pattern 4, crossNic 0, nChannels 1, bw 1.200000/1.200000, type LOC/PHB, sameChannels 1
ip-10-230-1-180:56:56 [0] NCCL INFO  0 : NET/0-0 GPU/0-1e0 NET/0-0
ip-10-230-1-180:56:56 [0] NCCL INFO Pattern 3, crossNic 0, nChannels 1, bw 2.400000/1.200000, type LOC/PHB, sameChannels 1
ip-10-230-1-180:56:56 [0] NCCL INFO  0 : NET/0-0 GPU/0-1e0 NET/0-0
ip-10-230-1-180:56:56 [0] NCCL INFO Could not get speed from /sys/class/net/ens5/speed. Defaulting to 10 Gbps.
ip-10-230-1-180:56:56 [0] NCCL INFO comm 0x5976e7e95960 rank 1 nRanks 2 nNodes 2 localRanks 1 localRank 0 MNNVL 0
ip-10-230-1-180:56:56 [0] NCCL INFO Tree 0 : 0 -> 1 -> -1/-1/-1
ip-10-230-1-180:56:56 [0] NCCL INFO Tree 1 : -1 -> 1 -> 0/-1/-1
ip-10-230-1-180:56:56 [0] NCCL INFO Ring 00 : 0 -> 1 -> 0
ip-10-230-1-180:56:56 [0] NCCL INFO Ring 01 : 0 -> 1 -> 0
ip-10-230-1-180:56:56 [0] NCCL INFO Trees [0] -1/-1/-1->1->0 [1] 0/-1/-1->1->-1
ip-10-230-1-180:56:56 [0] NCCL INFO P2P Chunksize set to 131072
ip-10-230-1-180:56:56 [0] NCCL INFO Check P2P Type isAllDirectP2p 1 directMode 0 isAllCudaP2p 1
ip-10-230-1-180:56:187 [0] NCCL INFO [Proxy Service] Device 0 CPU core 0
ip-10-230-1-180:56:188 [0] NCCL INFO [Proxy Service UDS] Device 0 CPU core 3
ip-10-230-1-180:56:56 [0] NCCL INFO ncclP2pSchedule: group size used is 1
ip-10-230-1-180:56:56 [0] NCCL INFO threadThresholds 8/8/64 | 16/8/64 | 512 | 512
ip-10-230-1-180:56:56 [0] NCCL INFO 2 coll channels, 2 collnet channels, 0 nvls channels, 2 p2p channels, 1 p2p channels per peer
ip-10-230-1-180:56:56 [0] NCCL INFO Symmetric VA size=24GB
ip-10-230-1-180:56:56 [0] NCCL INFO Symmetric memory is not supported. cuMemEnable 1, globalGinSupport 0, globalNicFused 0 cuMemGdrSupport 1
ip-10-230-1-180:56:56 [0] NCCL INFO ncclCommInitRankConfig comm 0x5976e7e95960 rank 1 nranks 2 cudaDev 0 nvmlDev 0 busId 1e0 commId 0xa2fcaee27bb1f60c - Init COMPLETE
ip-10-230-1-180:56:56 [0] NCCL INFO Init timings - ncclCommInitRankConfig: rank 1 nranks 2 total 0.01 (kernels 0.00, alloc 0.00, bootstrap 0.00, allgathers 0.00, topo 0.00, graphs 0.00, connections 0.00, rest 0.00)
ip-10-230-1-180:56:187 [0] NCCL INFO New proxy recv connection 0 from local rank 0, transport 2
ip-10-230-1-180:56:189 [0] NCCL INFO [Proxy Progress] Device 0 CPU core 0
ip-10-230-1-180:56:56 [0] NCCL INFO Connected to proxy localRank 0 -> connection 0x5976e8021490
ip-10-230-1-180:56:187 [0] NCCL INFO Could not get speed from /sys/class/net/ens5/speed. Defaulting to 10 Gbps.
ip-10-230-1-180:56:187 [0] NCCL INFO NET/Socket: Using 2 threads and 8 sockets per thread
ip-10-230-1-180:56:56 [0] NCCL INFO Channel 01/1 : 0[0] -> 1[0] [receive] via NET/Socket/0/Shared
ip-10-230-1-180:56:187 [0] NCCL INFO New proxy send connection 1 from local rank 0, transport 2
ip-10-230-1-180:56:56 [0] NCCL INFO Connected to proxy localRank 0 -> connection 0x5976e8021518
ip-10-230-1-180:56:187 [0] NCCL INFO Could not get speed from /sys/class/net/ens5/speed. Defaulting to 10 Gbps.
ip-10-230-1-180:56:56 [0] NCCL INFO Channel 01/1 : 1[0] -> 0[0] [send] via NET/Socket/0/Shared
ip-10-230-1-180:56:56 [0] NCCL INFO Initialized NET plugin Socket
ip-10-230-1-180:56:56 [0] NCCL INFO Could not get speed from /sys/class/net/ens5/speed. Defaulting to 10 Gbps.
ip-10-230-1-180:56:56 [0] NCCL INFO Assigned NET plugin Socket to comm
ip-10-230-1-180:56:56 [0] NCCL INFO Failed to initialize any GIN plugin
ip-10-230-1-180:56:56 [0] NCCL INFO Using network Socket
ip-10-230-1-180:56:56 [0] NCCL INFO [Rank 0] ncclCommInitRankConfig comm 0x5976f4a2e640 rank 0 nranks 2 cudaDev 0 nvmlDev 0 busId 1e0 commId 0x168d40f2ef3f5ab6 - Init START
ip-10-230-1-180:56:56 [0] NCCL INFO Topology detection : could not read /sys/devices/pci0000:00/0000:00:1e.0/../max_link_speed, ignoring
ip-10-230-1-180:56:56 [0] NCCL INFO Topology detection : could not read /sys/devices/pci0000:00/0000:00:1e.0/../max_link_width, ignoring
ip-10-230-1-180:56:56 [0] NCCL INFO Topology detection : could not read /sys/devices/system/node/node-1/cpumap, ignoring
ip-10-230-1-180:56:56 [0] NCCL INFO TOPO/NET : Importing network plugins to topology
ip-10-230-1-180:56:56 [0] NCCL INFO Could not get speed from /sys/class/net/ens5/speed. Defaulting to 10 Gbps.
ip-10-230-1-180:56:56 [0] NCCL INFO Topology detection : could not read /sys/devices/pci0000:00/0000:00:05.0/../max_link_speed, ignoring
ip-10-230-1-180:56:56 [0] NCCL INFO Topology detection : could not read /sys/devices/pci0000:00/0000:00:05.0/../max_link_width, ignoring
ip-10-230-1-180:56:56 [0] NCCL INFO Topology detection : could not read /sys/devices/system/node/node-1/cpumap, ignoring
ip-10-230-1-180:56:56 [0] NCCL INFO NET/Socket : GPU Direct RDMA Disabled for HCA 0 'ens5'
ip-10-230-1-180:56:56 [0] NCCL INFO ncclTopoPopulateNics : Filled ens5 in topo with pciPath=/sys/devices/pci0000:00/0000:00:05.0 net=1 gin=(null) keep=1 coll=(null)
ip-10-230-1-180:56:56 [0] NCCL INFO KV Convert to int : could not find value of 'Unknown' in dictionary, falling back to 60
ip-10-230-1-180:56:56 [0] NCCL INFO === System : maxBw 1.2 totalBw 24.0 ===
ip-10-230-1-180:56:56 [0] NCCL INFO CPU/0-ffffffffffffff (1/2/-1)
ip-10-230-1-180:56:56 [0] NCCL INFO + PCI[24.0] - GPU/0-1e0 (0)
ip-10-230-1-180:56:56 [0] NCCL INFO + PCI[12.0] - NIC/0-50
ip-10-230-1-180:56:56 [0] NCCL INFO               + NET[1.2] - NET/0-0 (0/0/0/1.250000)
ip-10-230-1-180:56:56 [0] NCCL INFO ==========================================
ip-10-230-1-180:56:56 [0] NCCL INFO GPU/0-1e0 :GPU/0-1e0 (0/5000.0/LOC) CPU/0-ffffffffffffff (1/24.0/PHB) NET/0-0 (3/1.2/PHB) 
ip-10-230-1-180:56:56 [0] NCCL INFO NET/0-0 :GPU/0-1e0 (3/1.2/PHB) CPU/0-ffffffffffffff (2/1.2/PHB) NET/0-0 (0/5000.0/LOC) 
ip-10-230-1-180:56:56 [0] NCCL INFO ncclTopoGetCpuAffinity: Affinity for GPU 0 is empty, ignoring. (GPU affinity =  ; CPU affinity = 0-3).
ip-10-230-1-180:56:56 [0] NCCL INFO Pattern 4, crossNic 0, nChannels 1, bw 1.200000/1.200000, type LOC/PHB, sameChannels 1
ip-10-230-1-180:56:56 [0] NCCL INFO  0 : NET/0-0 GPU/0-1e0 NET/0-0
ip-10-230-1-180:56:56 [0] NCCL INFO Pattern 3, crossNic 0, nChannels 1, bw 2.400000/1.200000, type LOC/PHB, sameChannels 1
ip-10-230-1-180:56:56 [0] NCCL INFO  0 : NET/0-0 GPU/0-1e0 NET/0-0
ip-10-230-1-180:56:56 [0] NCCL INFO Could not get speed from /sys/class/net/ens5/speed. Defaulting to 10 Gbps.
ip-10-230-1-180:56:56 [0] NCCL INFO comm 0x5976f4a2e640 rank 0 nRanks 2 nNodes 2 localRanks 1 localRank 0 MNNVL 0
ip-10-230-1-180:56:56 [0] NCCL INFO Tree 0 : -1 -> 0 -> 1/-1/-1
ip-10-230-1-180:56:56 [0] NCCL INFO Tree 1 : 1 -> 0 -> -1/-1/-1
ip-10-230-1-180:56:56 [0] NCCL INFO Channel 00/02 : 0 1
ip-10-230-1-180:56:56 [0] NCCL INFO Channel 01/02 : 0 1
ip-10-230-1-180:56:56 [0] NCCL INFO Ring 00 : 1 -> 0 -> 1
ip-10-230-1-180:56:56 [0] NCCL INFO Ring 01 : 1 -> 0 -> 1
ip-10-230-1-180:56:56 [0] NCCL INFO Trees [0] 1/-1/-1->0->-1 [1] -1/-1/-1->0->1
ip-10-230-1-180:56:56 [0] NCCL INFO P2P Chunksize set to 131072
ip-10-230-1-180:56:56 [0] NCCL INFO Check P2P Type isAllDirectP2p 1 directMode 0 isAllCudaP2p 1
ip-10-230-1-180:56:195 [0] NCCL INFO [Proxy Service] Device 0 CPU core 3
ip-10-230-1-180:56:56 [0] NCCL INFO ncclP2pSchedule: group size used is 1
ip-10-230-1-180:56:196 [0] NCCL INFO [Proxy Service UDS] Device 0 CPU core 3
ip-10-230-1-180:56:56 [0] NCCL INFO threadThresholds 8/8/64 | 16/8/64 | 512 | 512
ip-10-230-1-180:56:56 [0] NCCL INFO 2 coll channels, 2 collnet channels, 0 nvls channels, 2 p2p channels, 1 p2p channels per peer
ip-10-230-1-180:56:56 [0] NCCL INFO Symmetric VA size=24GB
ip-10-230-1-180:56:56 [0] NCCL INFO Symmetric memory is not supported. cuMemEnable 1, globalGinSupport 0, globalNicFused 0 cuMemGdrSupport 1
ip-10-230-1-180:56:56 [0] NCCL INFO CC Off, workFifoBytes 1048576
ip-10-230-1-180:56:56 [0] NCCL INFO ncclCommInitRankConfig comm 0x5976f4a2e640 rank 0 nranks 2 cudaDev 0 nvmlDev 0 busId 1e0 commId 0x168d40f2ef3f5ab6 - Init COMPLETE
ip-10-230-1-180:56:56 [0] NCCL INFO Init timings - ncclCommInitRankConfig: rank 0 nranks 2 total 0.68 (kernels 0.00, alloc 0.00, bootstrap 0.53, allgathers 0.15, topo 0.00, graphs 0.00, connections 0.00, rest 0.00)
ip-10-230-1-180:56:195 [0] NCCL INFO New proxy send connection 0 from local rank 0, transport 2
ip-10-230-1-180:56:197 [0] NCCL INFO [Proxy Progress] Device 0 CPU core 1
ip-10-230-1-180:56:56 [0] NCCL INFO Connected to proxy localRank 0 -> connection 0x7f91880164b0
ip-10-230-1-180:56:195 [0] NCCL INFO Could not get speed from /sys/class/net/ens5/speed. Defaulting to 10 Gbps.
ip-10-230-1-180:56:56 [0] NCCL INFO Channel 01/1 : 0[0] -> 1[0] [send] via NET/Socket/0/Shared
ip-10-230-1-180:56:195 [0] NCCL INFO New proxy recv connection 1 from local rank 0, transport 2
ip-10-230-1-180:56:56 [0] NCCL INFO Connected to proxy localRank 0 -> connection 0x7f9188016538
ip-10-230-1-180:56:195 [0] NCCL INFO Could not get speed from /sys/class/net/ens5/speed. Defaulting to 10 Gbps.
ip-10-230-1-180:56:195 [0] NCCL INFO NET/Socket: Using 2 threads and 8 sockets per thread
ip-10-230-1-180:56:56 [0] NCCL INFO Channel 01/1 : 1[0] -> 0[0] [receive] via NET/Socket/0/Shared
ip-10-230-1-180:56:56 [0] NCCL INFO Initialized NET plugin Socket
ip-10-230-1-180:56:56 [0] NCCL INFO Could not get speed from /sys/class/net/ens5/speed. Defaulting to 10 Gbps.
ip-10-230-1-180:56:56 [0] NCCL INFO Assigned NET plugin Socket to comm
ip-10-230-1-180:56:56 [0] NCCL INFO Failed to initialize any GIN plugin
ip-10-230-1-180:56:56 [0] NCCL INFO Using network Socket
ip-10-230-1-180:56:56 [0] NCCL INFO [Rank 0] ncclCommInitRankConfig comm 0x5976f4cfaf00 rank 0 nranks 2 cudaDev 0 nvmlDev 0 busId 1e0 commId 0x75771732130b2dea - Init START
ip-10-230-1-180:56:56 [0] NCCL INFO Topology detection : could not read /sys/devices/pci0000:00/0000:00:1e.0/../max_link_speed, ignoring
ip-10-230-1-180:56:56 [0] NCCL INFO Topology detection : could not read /sys/devices/pci0000:00/0000:00:1e.0/../max_link_width, ignoring
ip-10-230-1-180:56:56 [0] NCCL INFO Topology detection : could not read /sys/devices/system/node/node-1/cpumap, ignoring
ip-10-230-1-180:56:56 [0] NCCL INFO TOPO/NET : Importing network plugins to topology
ip-10-230-1-180:56:56 [0] NCCL INFO Could not get speed from /sys/class/net/ens5/speed. Defaulting to 10 Gbps.
ip-10-230-1-180:56:56 [0] NCCL INFO Topology detection : could not read /sys/devices/pci0000:00/0000:00:05.0/../max_link_speed, ignoring
ip-10-230-1-180:56:56 [0] NCCL INFO Topology detection : could not read /sys/devices/pci0000:00/0000:00:05.0/../max_link_width, ignoring
ip-10-230-1-180:56:56 [0] NCCL INFO Topology detection : could not read /sys/devices/system/node/node-1/cpumap, ignoring
ip-10-230-1-180:56:56 [0] NCCL INFO NET/Socket : GPU Direct RDMA Disabled for HCA 0 'ens5'
ip-10-230-1-180:56:56 [0] NCCL INFO ncclTopoPopulateNics : Filled ens5 in topo with pciPath=/sys/devices/pci0000:00/0000:00:05.0 net=1 gin=(null) keep=1 coll=(null)
ip-10-230-1-180:56:56 [0] NCCL INFO KV Convert to int : could not find value of 'Unknown' in dictionary, falling back to 60
ip-10-230-1-180:56:56 [0] NCCL INFO === System : maxBw 1.2 totalBw 24.0 ===
ip-10-230-1-180:56:56 [0] NCCL INFO CPU/0-ffffffffffffff (1/2/-1)
ip-10-230-1-180:56:56 [0] NCCL INFO + PCI[24.0] - GPU/0-1e0 (0)
ip-10-230-1-180:56:56 [0] NCCL INFO + PCI[12.0] - NIC/0-50
ip-10-230-1-180:56:56 [0] NCCL INFO               + NET[1.2] - NET/0-0 (0/0/0/1.250000)
ip-10-230-1-180:56:56 [0] NCCL INFO ==========================================
ip-10-230-1-180:56:56 [0] NCCL INFO GPU/0-1e0 :GPU/0-1e0 (0/5000.0/LOC) CPU/0-ffffffffffffff (1/24.0/PHB) NET/0-0 (3/1.2/PHB) 
ip-10-230-1-180:56:56 [0] NCCL INFO NET/0-0 :GPU/0-1e0 (3/1.2/PHB) CPU/0-ffffffffffffff (2/1.2/PHB) NET/0-0 (0/5000.0/LOC) 
ip-10-230-1-180:56:56 [0] NCCL INFO ncclTopoGetCpuAffinity: Affinity for GPU 0 is empty, ignoring. (GPU affinity =  ; CPU affinity = 0-3).
ip-10-230-1-180:56:56 [0] NCCL INFO Pattern 4, crossNic 0, nChannels 1, bw 1.200000/1.200000, type LOC/PHB, sameChannels 1
ip-10-230-1-180:56:56 [0] NCCL INFO  0 : NET/0-0 GPU/0-1e0 NET/0-0
ip-10-230-1-180:56:56 [0] NCCL INFO Pattern 3, crossNic 0, nChannels 1, bw 2.400000/1.200000, type LOC/PHB, sameChannels 1
ip-10-230-1-180:56:56 [0] NCCL INFO  0 : NET/0-0 GPU/0-1e0 NET/0-0
ip-10-230-1-180:56:56 [0] NCCL INFO Could not get speed from /sys/class/net/ens5/speed. Defaulting to 10 Gbps.
ip-10-230-1-180:56:56 [0] NCCL INFO comm 0x5976f4cfaf00 rank 0 nRanks 2 nNodes 2 localRanks 1 localRank 0 MNNVL 0
ip-10-230-1-180:56:56 [0] NCCL INFO Tree 0 : -1 -> 0 -> 1/-1/-1
ip-10-230-1-180:56:56 [0] NCCL INFO Tree 1 : 1 -> 0 -> -1/-1/-1
ip-10-230-1-180:56:56 [0] NCCL INFO Channel 00/02 : 0 1
ip-10-230-1-180:56:56 [0] NCCL INFO Channel 01/02 : 0 1
ip-10-230-1-180:56:56 [0] NCCL INFO Ring 00 : 1 -> 0 -> 1
ip-10-230-1-180:56:56 [0] NCCL INFO Ring 01 : 1 -> 0 -> 1
ip-10-230-1-180:56:56 [0] NCCL INFO Trees [0] 1/-1/-1->0->-1 [1] -1/-1/-1->0->1
ip-10-230-1-180:56:56 [0] NCCL INFO P2P Chunksize set to 131072
ip-10-230-1-180:56:56 [0] NCCL INFO Check P2P Type isAllDirectP2p 1 directMode 0 isAllCudaP2p 1
ip-10-230-1-180:56:56 [0] NCCL INFO ncclP2pSchedule: group size used is 1
ip-10-230-1-180:56:204 [0] NCCL INFO [Proxy Service UDS] Device 0 CPU core 3
ip-10-230-1-180:56:203 [0] NCCL INFO [Proxy Service] Device 0 CPU core 3
ip-10-230-1-180:56:56 [0] NCCL INFO threadThresholds 8/8/64 | 16/8/64 | 512 | 512
ip-10-230-1-180:56:56 [0] NCCL INFO 2 coll channels, 2 collnet channels, 0 nvls channels, 2 p2p channels, 1 p2p channels per peer
ip-10-230-1-180:56:56 [0] NCCL INFO Symmetric VA size=24GB
ip-10-230-1-180:56:56 [0] NCCL INFO Symmetric memory is not supported. cuMemEnable 1, globalGinSupport 0, globalNicFused 0 cuMemGdrSupport 1
ip-10-230-1-180:56:56 [0] NCCL INFO CC Off, workFifoBytes 1048576
ip-10-230-1-180:56:56 [0] NCCL INFO ncclCommInitRankConfig comm 0x5976f4cfaf00 rank 0 nranks 2 cudaDev 0 nvmlDev 0 busId 1e0 commId 0x75771732130b2dea - Init COMPLETE
ip-10-230-1-180:56:56 [0] NCCL INFO Init timings - ncclCommInitRankConfig: rank 0 nranks 2 total 1.01 (kernels 0.00, alloc 0.00, bootstrap 0.78, allgathers 0.22, topo 0.00, graphs 0.00, connections 0.00, rest 0.00)
ip-10-230-1-180:56:203 [0] NCCL INFO New proxy send connection 0 from local rank 0, transport 2
ip-10-230-1-180:56:205 [0] NCCL INFO [Proxy Progress] Device 0 CPU core 1
ip-10-230-1-180:56:56 [0] NCCL INFO Connected to proxy localRank 0 -> connection 0x7f91b4009560
ip-10-230-1-180:56:203 [0] NCCL INFO Could not get speed from /sys/class/net/ens5/speed. Defaulting to 10 Gbps.
ip-10-230-1-180:56:56 [0] NCCL INFO Channel 01/1 : 0[0] -> 1[0] [send] via NET/Socket/0/Shared
ip-10-230-1-180:56:203 [0] NCCL INFO New proxy recv connection 1 from local rank 0, transport 2
ip-10-230-1-180:56:56 [0] NCCL INFO Connected to proxy localRank 0 -> connection 0x7f91b40095e8
ip-10-230-1-180:56:203 [0] NCCL INFO Could not get speed from /sys/class/net/ens5/speed. Defaulting to 10 Gbps.
ip-10-230-1-180:56:203 [0] NCCL INFO NET/Socket: Using 2 threads and 8 sockets per thread
ip-10-230-1-180:56:56 [0] NCCL INFO Channel 01/1 : 1[0] -> 0[0] [receive] via NET/Socket/0/Shared
ip-10-230-1-180:56:56 [0] NCCL INFO Initialized NET plugin Socket
ip-10-230-1-180:56:56 [0] NCCL INFO Could not get speed from /sys/class/net/ens5/speed. Defaulting to 10 Gbps.
ip-10-230-1-180:56:56 [0] NCCL INFO Assigned NET plugin Socket to comm
ip-10-230-1-180:56:56 [0] NCCL INFO Failed to initialize any GIN plugin
ip-10-230-1-180:56:56 [0] NCCL INFO Using network Socket
ip-10-230-1-180:56:56 [0] NCCL INFO [Rank 0] ncclCommInitRankConfig comm 0x5976f4e1fcf0 rank 0 nranks 2 cudaDev 0 nvmlDev 0 busId 1e0 commId 0x5111b885ada0e255 - Init START
ip-10-230-1-180:56:56 [0] NCCL INFO Topology detection : could not read /sys/devices/pci0000:00/0000:00:1e.0/../max_link_speed, ignoring
ip-10-230-1-180:56:56 [0] NCCL INFO Topology detection : could not read /sys/devices/pci0000:00/0000:00:1e.0/../max_link_width, ignoring
ip-10-230-1-180:56:56 [0] NCCL INFO Topology detection : could not read /sys/devices/system/node/node-1/cpumap, ignoring
ip-10-230-1-180:56:56 [0] NCCL INFO TOPO/NET : Importing network plugins to topology
ip-10-230-1-180:56:56 [0] NCCL INFO Could not get speed from /sys/class/net/ens5/speed. Defaulting to 10 Gbps.
ip-10-230-1-180:56:56 [0] NCCL INFO Topology detection : could not read /sys/devices/pci0000:00/0000:00:05.0/../max_link_speed, ignoring
ip-10-230-1-180:56:56 [0] NCCL INFO Topology detection : could not read /sys/devices/pci0000:00/0000:00:05.0/../max_link_width, ignoring
ip-10-230-1-180:56:56 [0] NCCL INFO Topology detection : could not read /sys/devices/system/node/node-1/cpumap, ignoring
ip-10-230-1-180:56:56 [0] NCCL INFO NET/Socket : GPU Direct RDMA Disabled for HCA 0 'ens5'
ip-10-230-1-180:56:56 [0] NCCL INFO ncclTopoPopulateNics : Filled ens5 in topo with pciPath=/sys/devices/pci0000:00/0000:00:05.0 net=1 gin=(null) keep=1 coll=(null)
ip-10-230-1-180:56:56 [0] NCCL INFO KV Convert to int : could not find value of 'Unknown' in dictionary, falling back to 60
ip-10-230-1-180:56:56 [0] NCCL INFO === System : maxBw 1.2 totalBw 24.0 ===
ip-10-230-1-180:56:56 [0] NCCL INFO CPU/0-ffffffffffffff (1/2/-1)
ip-10-230-1-180:56:56 [0] NCCL INFO + PCI[24.0] - GPU/0-1e0 (0)
ip-10-230-1-180:56:56 [0] NCCL INFO + PCI[12.0] - NIC/0-50
ip-10-230-1-180:56:56 [0] NCCL INFO               + NET[1.2] - NET/0-0 (0/0/0/1.250000)
ip-10-230-1-180:56:56 [0] NCCL INFO ==========================================
ip-10-230-1-180:56:56 [0] NCCL INFO GPU/0-1e0 :GPU/0-1e0 (0/5000.0/LOC) CPU/0-ffffffffffffff (1/24.0/PHB) NET/0-0 (3/1.2/PHB) 
ip-10-230-1-180:56:56 [0] NCCL INFO NET/0-0 :GPU/0-1e0 (3/1.2/PHB) CPU/0-ffffffffffffff (2/1.2/PHB) NET/0-0 (0/5000.0/LOC) 
ip-10-230-1-180:56:56 [0] NCCL INFO ncclTopoGetCpuAffinity: Affinity for GPU 0 is empty, ignoring. (GPU affinity =  ; CPU affinity = 0-3).
ip-10-230-1-180:56:56 [0] NCCL INFO Pattern 4, crossNic 0, nChannels 1, bw 1.200000/1.200000, type LOC/PHB, sameChannels 1
ip-10-230-1-180:56:56 [0] NCCL INFO  0 : NET/0-0 GPU/0-1e0 NET/0-0
ip-10-230-1-180:56:56 [0] NCCL INFO Pattern 3, crossNic 0, nChannels 1, bw 2.400000/1.200000, type LOC/PHB, sameChannels 1
ip-10-230-1-180:56:56 [0] NCCL INFO  0 : NET/0-0 GPU/0-1e0 NET/0-0
ip-10-230-1-180:56:56 [0] NCCL INFO Could not get speed from /sys/class/net/ens5/speed. Defaulting to 10 Gbps.
ip-10-230-1-180:56:56 [0] NCCL INFO comm 0x5976f4e1fcf0 rank 0 nRanks 2 nNodes 2 localRanks 1 localRank 0 MNNVL 0
ip-10-230-1-180:56:56 [0] NCCL INFO Tree 0 : -1 -> 0 -> 1/-1/-1
ip-10-230-1-180:56:56 [0] NCCL INFO Tree 1 : 1 -> 0 -> -1/-1/-1
ip-10-230-1-180:56:56 [0] NCCL INFO Channel 00/02 : 0 1
ip-10-230-1-180:56:56 [0] NCCL INFO Channel 01/02 : 0 1
ip-10-230-1-180:56:56 [0] NCCL INFO Ring 00 : 1 -> 0 -> 1
ip-10-230-1-180:56:56 [0] NCCL INFO Ring 01 : 1 -> 0 -> 1
ip-10-230-1-180:56:56 [0] NCCL INFO Trees [0] 1/-1/-1->0->-1 [1] -1/-1/-1->0->1
ip-10-230-1-180:56:56 [0] NCCL INFO P2P Chunksize set to 131072
ip-10-230-1-180:56:56 [0] NCCL INFO Check P2P Type isAllDirectP2p 1 directMode 0 isAllCudaP2p 1
ip-10-230-1-180:56:211 [0] NCCL INFO [Proxy Service] Device 0 CPU core 3
ip-10-230-1-180:56:56 [0] NCCL INFO ncclP2pSchedule: group size used is 1
ip-10-230-1-180:56:212 [0] NCCL INFO [Proxy Service UDS] Device 0 CPU core 0
ip-10-230-1-180:56:56 [0] NCCL INFO threadThresholds 8/8/64 | 16/8/64 | 512 | 512
ip-10-230-1-180:56:56 [0] NCCL INFO 2 coll channels, 2 collnet channels, 0 nvls channels, 2 p2p channels, 1 p2p channels per peer
ip-10-230-1-180:56:56 [0] NCCL INFO Symmetric VA size=24GB
ip-10-230-1-180:56:56 [0] NCCL INFO Symmetric memory is not supported. cuMemEnable 1, globalGinSupport 0, globalNicFused 0 cuMemGdrSupport 1
ip-10-230-1-180:56:56 [0] NCCL INFO CC Off, workFifoBytes 1048576
ip-10-230-1-180:56:56 [0] NCCL INFO ncclCommInitRankConfig comm 0x5976f4e1fcf0 rank 0 nranks 2 cudaDev 0 nvmlDev 0 busId 1e0 commId 0x5111b885ada0e255 - Init COMPLETE
ip-10-230-1-180:56:56 [0] NCCL INFO Init timings - ncclCommInitRankConfig: rank 0 nranks 2 total 0.88 (kernels 0.00, alloc 0.00, bootstrap 0.69, allgathers 0.18, topo 0.00, graphs 0.00, connections 0.00, rest 0.00)
ip-10-230-1-180:56:211 [0] NCCL INFO New proxy send connection 0 from local rank 0, transport 2
ip-10-230-1-180:56:213 [0] NCCL INFO [Proxy Progress] Device 0 CPU core 0
ip-10-230-1-180:56:56 [0] NCCL INFO Connected to proxy localRank 0 -> connection 0x7f91f0020fb0
ip-10-230-1-180:56:211 [0] NCCL INFO Could not get speed from /sys/class/net/ens5/speed. Defaulting to 10 Gbps.
ip-10-230-1-180:56:56 [0] NCCL INFO Channel 01/1 : 0[0] -> 1[0] [send] via NET/Socket/0/Shared
ip-10-230-1-180:56:211 [0] NCCL INFO New proxy recv connection 1 from local rank 0, transport 2
ip-10-230-1-180:56:56 [0] NCCL INFO Connected to proxy localRank 0 -> connection 0x7f91f0021038
ip-10-230-1-180:56:211 [0] NCCL INFO Could not get speed from /sys/class/net/ens5/speed. Defaulting to 10 Gbps.
ip-10-230-1-180:56:211 [0] NCCL INFO NET/Socket: Using 2 threads and 8 sockets per thread
ip-10-230-1-180:56:56 [0] NCCL INFO Channel 01/1 : 1[0] -> 0[0] [receive] via NET/Socket/0/Shared
ip-10-230-1-180:56:56 [0] NCCL INFO comm 0x5976f4e1fcf0 rank 0 nranks 2 cudaDev 0 busId 1e0 - Destroy COMPLETE
ip-10-230-1-180:56:56 [0] NCCL INFO comm 0x5976f4cfaf00 rank 0 nranks 2 cudaDev 0 busId 1e0 - Destroy COMPLETE
ip-10-230-1-180:56:56 [0] NCCL INFO comm 0x5976dc620c40 rank 1 nranks 16 cudaDev 0 busId 1e0 - Destroy COMPLETE
ip-10-230-1-180:56:56 [0] NCCL INFO comm 0x5976dcf76400 rank 0 nranks 2 cudaDev 0 busId 1e0 - Destroy COMPLETE
ip-10-230-1-180:56:56 [0] NCCL INFO comm 0x5976dc8f2ff0 rank 0 nranks 2 cudaDev 0 busId 1e0 - Destroy COMPLETE
ip-10-230-1-180:56:56 [0] NCCL INFO comm 0x5976dcae2c40 rank 0 nranks 2 cudaDev 0 busId 1e0 - Destroy COMPLETE
ip-10-230-1-180:56:56 [0] NCCL INFO comm 0x5976f4a2e640 rank 0 nranks 2 cudaDev 0 busId 1e0 - Destroy COMPLETE
ip-10-230-1-180:56:56 [0] NCCL INFO comm 0x5976e263cf90 rank 0 nranks 2 cudaDev 0 busId 1e0 - Destroy COMPLETE
ip-10-230-1-180:56:56 [0] NCCL INFO comm 0x5976e27a85b0 rank 0 nranks 2 cudaDev 0 busId 1e0 - Destroy COMPLETE
ip-10-230-1-180:56:56 [0] NCCL INFO comm 0x5976e520d870 rank 0 nranks 2 cudaDev 0 busId 1e0 - Destroy COMPLETE
ip-10-230-1-180:56:56 [0] NCCL INFO comm 0x5976d84ab1a0 rank 0 nranks 2 cudaDev 0 busId 1e0 - Destroy COMPLETE
ip-10-230-1-180:56:56 [0] NCCL INFO comm 0x5976dcc07a30 rank 0 nranks 2 cudaDev 0 busId 1e0 - Destroy COMPLETE
ip-10-230-1-180:56:56 [0] NCCL INFO comm 0x5976dce51610 rank 0 nranks 2 cudaDev 0 busId 1e0 - Destroy COMPLETE
ip-10-230-1-180:56:56 [0] NCCL INFO comm 0x5976dcd2c820 rank 0 nranks 2 cudaDev 0 busId 1e0 - Destroy COMPLETE
ip-10-230-1-180:56:56 [0] NCCL INFO comm 0x5976df959e60 rank 0 nranks 2 cudaDev 0 busId 1e0 - Destroy COMPLETE
ip-10-230-1-180:56:56 [0] NCCL INFO comm 0x5976e7e95960 rank 1 nranks 2 cudaDev 0 busId 1e0 - Destroy COMPLETE
ip-10-230-1-180:56:56 [0] NCCL INFO ENV/Plugin: Closing env plugin ncclEnvDefault
