Warning: You are sending unauthenticated requests to the HF Hub. Please set a HF_TOKEN to enable higher rate limits and faster downloads.
Generating train split:   0%|          | 0/50000 [00:00<?, ? examples/s]Generating train split:   0%|          | 100/50000 [00:00<01:24, 592.76 examples/s]Generating train split:  41%|████▏     | 20700/50000 [00:00<00:00, 94698.94 examples/s]Generating train split:  76%|███████▋  | 38200/50000 [00:00<00:00, 93724.73 examples/s]Generating train split: 100%|██████████| 50000/50000 [00:00<00:00, 97918.19 examples/s]
Generating test split:   0%|          | 0/10000 [00:00<?, ? examples/s]Generating test split: 100%|██████████| 10000/10000 [00:00<00:00, 254372.91 examples/s]
[W909 10:02:02.727460865 Utils.hpp:166] Warning: Environment variable NCCL_BLOCKING_WAIT is deprecated; use TORCH_NCCL_BLOCKING_WAIT instead (function operator())
[W909 10:02:02.727485026 Utils.hpp:137] Warning: Environment variable NCCL_ASYNC_ERROR_HANDLING is deprecated; use TORCH_NCCL_ASYNC_ERROR_HANDLING instead (function operator())
[rank4]:[W909 10:02:06.094771768 ProcessGroupNCCL.cpp:4215] Warning: An unbatched P2P op (send/recv) was called on this ProcessGroup with size 16.  In lazy initialization mode, this will result in a new 2-rank NCCL communicator to be created. (function operator())
ip-10-232-1-159:57:57 [0] NCCL INFO ENV/Plugin: Could not find: libnccl-env.so
ip-10-232-1-159:57:57 [0] NCCL INFO NCCL_SOCKET_IFNAME set to ens5
ip-10-232-1-159:57:57 [0] NCCL INFO cudaDriverVersion 13020
ip-10-232-1-159:57:57 [0] NCCL INFO NCCL version 2.29.7+cuda13.2
ip-10-232-1-159:57:57 [0] NCCL INFO NCCL git version stable b81d6a5a3
ip-10-232-1-159:57:57 [0] NCCL INFO NET/Plugin: Could not find: libnccl-net.so
ip-10-232-1-159:57:57 [0] NCCL INFO transport/net_ib/init.cc:396 -> 3
ip-10-232-1-159:57:57 [0] NCCL INFO Failed to initialize NET plugin IB
ip-10-232-1-159:57:57 [0] NCCL INFO NET/Socket : Using [0]ens5:10.232.1.159<0>
ip-10-232-1-159:57:57 [0] NCCL INFO Initialized NET plugin Socket
ip-10-232-1-159:57:57 [0] NCCL INFO Could not get speed from /sys/class/net/ens5/speed. Defaulting to 10 Gbps.
ip-10-232-1-159:57:57 [0] NCCL INFO Assigned NET plugin Socket to comm
ip-10-232-1-159:57:57 [0] NCCL INFO GIN/Plugin: Could not find: libnccl-gin.so

[2026-09-09 10:02:07] ip-10-232-1-159:57:57 [0] misc/ibvwrap.cc:173 NCCL WARN lib wrapper not initialized.
ip-10-232-1-159:57:57 [0] NCCL INFO transport/net_ib/gdr.cc:56 -> 3
ip-10-232-1-159:57:57 [0] NCCL INFO Unable to use GIN: Peermem is not supported, nor DMA-BUF.
ip-10-232-1-159:57:57 [0] NCCL INFO Unable to use GIN: Peermem is not supported, nor DMA-BUF.
ip-10-232-1-159:57:57 [0] NCCL INFO Failed to initialize any GIN plugin
ip-10-232-1-159:57:57 [0] NCCL INFO Using network Socket
ip-10-232-1-159:57:57 [0] NCCL INFO [Rank 0] ncclCommInitRankConfig comm 0x5c17e1f708b0 rank 0 nranks 2 cudaDev 0 nvmlDev 0 busId 1e0 commId 0xf0bdda09d194268d - Init START
ip-10-232-1-159:57:57 [0] NCCL INFO RAS client listening socket at 127.0.0.1<28028>
ip-10-232-1-159:57:57 [0] NCCL INFO Topology detection : could not read /sys/devices/pci0000:00/0000:00:1e.0/../max_link_speed, ignoring
ip-10-232-1-159:57:57 [0] NCCL INFO Topology detection : could not read /sys/devices/pci0000:00/0000:00:1e.0/../max_link_width, ignoring
ip-10-232-1-159:57:57 [0] NCCL INFO Topology detection : could not read /sys/devices/system/node/node-1/cpumap, ignoring
ip-10-232-1-159:57:57 [0] NCCL INFO TOPO/NET : Importing network plugins to topology
ip-10-232-1-159:57:57 [0] NCCL INFO Could not get speed from /sys/class/net/ens5/speed. Defaulting to 10 Gbps.
ip-10-232-1-159:57:57 [0] NCCL INFO Topology detection : could not read /sys/devices/pci0000:00/0000:00:05.0/../max_link_speed, ignoring
ip-10-232-1-159:57:57 [0] NCCL INFO Topology detection : could not read /sys/devices/pci0000:00/0000:00:05.0/../max_link_width, ignoring
ip-10-232-1-159:57:57 [0] NCCL INFO Topology detection : could not read /sys/devices/system/node/node-1/cpumap, ignoring
ip-10-232-1-159:57:57 [0] NCCL INFO NET/Socket : GPU Direct RDMA Disabled for HCA 0 'ens5'
ip-10-232-1-159:57:57 [0] NCCL INFO ncclTopoPopulateNics : Filled ens5 in topo with pciPath=/sys/devices/pci0000:00/0000:00:05.0 net=1 gin=(null) keep=1 coll=(null)
ip-10-232-1-159:57:57 [0] NCCL INFO KV Convert to int : could not find value of 'Unknown' in dictionary, falling back to 60
ip-10-232-1-159:57:57 [0] NCCL INFO === System : maxBw 1.2 totalBw 24.0 ===
ip-10-232-1-159:57:57 [0] NCCL INFO CPU/0-ffffffffffffff (1/2/-1)
ip-10-232-1-159:57:57 [0] NCCL INFO + PCI[24.0] - GPU/0-1e0 (0)
ip-10-232-1-159:57:57 [0] NCCL INFO + PCI[12.0] - NIC/0-50
ip-10-232-1-159:57:57 [0] NCCL INFO               + NET[1.2] - NET/0-0 (0/0/0/1.250000)
ip-10-232-1-159:57:57 [0] NCCL INFO ==========================================
ip-10-232-1-159:57:57 [0] NCCL INFO GPU/0-1e0 :GPU/0-1e0 (0/5000.0/LOC) CPU/0-ffffffffffffff (1/24.0/PHB) NET/0-0 (3/1.2/PHB) 
ip-10-232-1-159:57:57 [0] NCCL INFO NET/0-0 :GPU/0-1e0 (3/1.2/PHB) CPU/0-ffffffffffffff (2/1.2/PHB) NET/0-0 (0/5000.0/LOC) 
ip-10-232-1-159:57:57 [0] NCCL INFO ncclTopoGetCpuAffinity: Affinity for GPU 0 is empty, ignoring. (GPU affinity =  ; CPU affinity = 0-3).
ip-10-232-1-159:57:57 [0] NCCL INFO Pattern 4, crossNic 0, nChannels 1, bw 1.200000/1.200000, type LOC/PHB, sameChannels 1
ip-10-232-1-159:57:57 [0] NCCL INFO  0 : NET/0-0 GPU/0-1e0 NET/0-0
ip-10-232-1-159:57:57 [0] NCCL INFO Pattern 3, crossNic 0, nChannels 1, bw 2.400000/1.200000, type LOC/PHB, sameChannels 1
ip-10-232-1-159:57:57 [0] NCCL INFO  0 : NET/0-0 GPU/0-1e0 NET/0-0
ip-10-232-1-159:57:57 [0] NCCL INFO Could not get speed from /sys/class/net/ens5/speed. Defaulting to 10 Gbps.
ip-10-232-1-159:57:57 [0] NCCL INFO comm 0x5c17e1f708b0 rank 0 nRanks 2 nNodes 2 localRanks 1 localRank 0 MNNVL 0
ip-10-232-1-159:57:57 [0] NCCL INFO Tree 0 : -1 -> 0 -> 1/-1/-1
ip-10-232-1-159:57:57 [0] NCCL INFO Tree 1 : 1 -> 0 -> -1/-1/-1
ip-10-232-1-159:57:57 [0] NCCL INFO Channel 00/02 : 0 1
ip-10-232-1-159:57:57 [0] NCCL INFO Channel 01/02 : 0 1
ip-10-232-1-159:57:57 [0] NCCL INFO Ring 00 : 1 -> 0 -> 1
ip-10-232-1-159:57:57 [0] NCCL INFO Ring 01 : 1 -> 0 -> 1
ip-10-232-1-159:57:57 [0] NCCL INFO Trees [0] 1/-1/-1->0->-1 [1] -1/-1/-1->0->1
ip-10-232-1-159:57:57 [0] NCCL INFO P2P Chunksize set to 131072
ip-10-232-1-159:57:57 [0] NCCL INFO PROFILER/Plugin: Could not find: libnccl-profiler.so
ip-10-232-1-159:57:57 [0] NCCL INFO Check P2P Type isAllDirectP2p 1 directMode 0 isAllCudaP2p 1
ip-10-232-1-159:57:57 [0] NCCL INFO ncclP2pSchedule: group size used is 1
ip-10-232-1-159:57:100 [0] NCCL INFO [Proxy Service] Device 0 CPU core 3
ip-10-232-1-159:57:101 [0] NCCL INFO [Proxy Service UDS] Device 0 CPU core 2
ip-10-232-1-159:57:57 [0] NCCL INFO TUNER/Plugin: Could not find: libnccl-tuner.so
ip-10-232-1-159:57:57 [0] NCCL INFO threadThresholds 8/8/64 | 16/8/64 | 512 | 512
ip-10-232-1-159:57:57 [0] NCCL INFO 2 coll channels, 2 collnet channels, 0 nvls channels, 2 p2p channels, 1 p2p channels per peer
ip-10-232-1-159:57:57 [0] NCCL INFO Symmetric VA size=24GB
ip-10-232-1-159:57:57 [0] NCCL INFO Symmetric memory is not supported. cuMemEnable 1, globalGinSupport 0, globalNicFused 0 cuMemGdrSupport 1
ip-10-232-1-159:57:57 [0] NCCL INFO CC Off, workFifoBytes 1048576
ip-10-232-1-159:57:57 [0] NCCL INFO ncclCommInitRankConfig comm 0x5c17e1f708b0 rank 0 nranks 2 cudaDev 0 nvmlDev 0 busId 1e0 commId 0xf0bdda09d194268d - Init COMPLETE
ip-10-232-1-159:57:57 [0] NCCL INFO Init timings - ncclCommInitRankConfig: rank 0 nranks 2 total 0.22 (kernels 0.17, alloc 0.02, bootstrap 0.02, allgathers 0.00, topo 0.00, graphs 0.00, connections 0.00, rest 0.00)
ip-10-232-1-159:57:100 [0] NCCL INFO New proxy send connection 0 from local rank 0, transport 2
ip-10-232-1-159:57:102 [0] NCCL INFO [Proxy Progress] Device 0 CPU core 1
ip-10-232-1-159:57:57 [0] NCCL INFO Connected to proxy localRank 0 -> connection 0x754eb8004fa0
ip-10-232-1-159:57:100 [0] NCCL INFO Could not get speed from /sys/class/net/ens5/speed. Defaulting to 10 Gbps.
ip-10-232-1-159:57:57 [0] NCCL INFO Channel 01/1 : 0[0] -> 1[0] [send] via NET/Socket/0/Shared
[rank4]:[W909 10:02:07.541834760 ProcessGroupNCCL.cpp:4215] Warning: An unbatched P2P op (send/recv) was called on this ProcessGroup with size 16.  In lazy initialization mode, this will result in a new 2-rank NCCL communicator to be created. (function operator())
ip-10-232-1-159:57:100 [0] NCCL INFO New proxy recv connection 1 from local rank 0, transport 2
ip-10-232-1-159:57:57 [0] NCCL INFO Connected to proxy localRank 0 -> connection 0x754eb8005028
ip-10-232-1-159:57:100 [0] NCCL INFO Could not get speed from /sys/class/net/ens5/speed. Defaulting to 10 Gbps.
ip-10-232-1-159:57:100 [0] NCCL INFO NET/Socket: Using 2 threads and 8 sockets per thread
ip-10-232-1-159:57:57 [0] NCCL INFO Channel 01/1 : 1[0] -> 0[0] [receive] via NET/Socket/0/Shared
ip-10-232-1-159:57:57 [0] NCCL INFO Initialized NET plugin Socket
ip-10-232-1-159:57:57 [0] NCCL INFO Could not get speed from /sys/class/net/ens5/speed. Defaulting to 10 Gbps.
ip-10-232-1-159:57:57 [0] NCCL INFO Assigned NET plugin Socket to comm
ip-10-232-1-159:57:57 [0] NCCL INFO Failed to initialize any GIN plugin
ip-10-232-1-159:57:57 [0] NCCL INFO Using network Socket
ip-10-232-1-159:57:57 [0] NCCL INFO [Rank 4] ncclCommInitRankConfig comm 0x5c17e60e7640 rank 4 nranks 16 cudaDev 0 nvmlDev 0 busId 1e0 commId 0xb52e73f562d9812f - Init START
ip-10-232-1-159:57:57 [0] NCCL INFO Topology detection : could not read /sys/devices/pci0000:00/0000:00:1e.0/../max_link_speed, ignoring
ip-10-232-1-159:57:57 [0] NCCL INFO Topology detection : could not read /sys/devices/pci0000:00/0000:00:1e.0/../max_link_width, ignoring
ip-10-232-1-159:57:57 [0] NCCL INFO Topology detection : could not read /sys/devices/system/node/node-1/cpumap, ignoring
ip-10-232-1-159:57:57 [0] NCCL INFO TOPO/NET : Importing network plugins to topology
ip-10-232-1-159:57:57 [0] NCCL INFO Could not get speed from /sys/class/net/ens5/speed. Defaulting to 10 Gbps.
ip-10-232-1-159:57:57 [0] NCCL INFO Topology detection : could not read /sys/devices/pci0000:00/0000:00:05.0/../max_link_speed, ignoring
ip-10-232-1-159:57:57 [0] NCCL INFO Topology detection : could not read /sys/devices/pci0000:00/0000:00:05.0/../max_link_width, ignoring
ip-10-232-1-159:57:57 [0] NCCL INFO Topology detection : could not read /sys/devices/system/node/node-1/cpumap, ignoring
ip-10-232-1-159:57:57 [0] NCCL INFO NET/Socket : GPU Direct RDMA Disabled for HCA 0 'ens5'
ip-10-232-1-159:57:57 [0] NCCL INFO ncclTopoPopulateNics : Filled ens5 in topo with pciPath=/sys/devices/pci0000:00/0000:00:05.0 net=1 gin=(null) keep=1 coll=(null)
ip-10-232-1-159:57:57 [0] NCCL INFO KV Convert to int : could not find value of 'Unknown' in dictionary, falling back to 60
ip-10-232-1-159:57:57 [0] NCCL INFO === System : maxBw 1.2 totalBw 24.0 ===
ip-10-232-1-159:57:57 [0] NCCL INFO CPU/0-ffffffffffffff (1/2/-1)
ip-10-232-1-159:57:57 [0] NCCL INFO + PCI[24.0] - GPU/0-1e0 (4)
ip-10-232-1-159:57:57 [0] NCCL INFO + PCI[12.0] - NIC/0-50
ip-10-232-1-159:57:57 [0] NCCL INFO               + NET[1.2] - NET/0-0 (0/0/0/1.250000)
ip-10-232-1-159:57:57 [0] NCCL INFO ==========================================
ip-10-232-1-159:57:57 [0] NCCL INFO GPU/0-1e0 :GPU/0-1e0 (0/5000.0/LOC) CPU/0-ffffffffffffff (1/24.0/PHB) NET/0-0 (3/1.2/PHB) 
ip-10-232-1-159:57:57 [0] NCCL INFO NET/0-0 :GPU/0-1e0 (3/1.2/PHB) CPU/0-ffffffffffffff (2/1.2/PHB) NET/0-0 (0/5000.0/LOC) 
ip-10-232-1-159:57:57 [0] NCCL INFO ncclTopoGetCpuAffinity: Affinity for GPU 0 is empty, ignoring. (GPU affinity =  ; CPU affinity = 0-3).
ip-10-232-1-159:57:57 [0] NCCL INFO Pattern 4, crossNic 0, nChannels 1, bw 1.200000/1.200000, type LOC/PHB, sameChannels 1
ip-10-232-1-159:57:57 [0] NCCL INFO  0 : NET/0-0 GPU/0-1e0 NET/0-0
ip-10-232-1-159:57:57 [0] NCCL INFO Pattern 3, crossNic 0, nChannels 1, bw 2.400000/1.200000, type LOC/PHB, sameChannels 1
ip-10-232-1-159:57:57 [0] NCCL INFO  0 : NET/0-0 GPU/0-1e0 NET/0-0
ip-10-232-1-159:57:57 [0] NCCL INFO Could not get speed from /sys/class/net/ens5/speed. Defaulting to 10 Gbps.
ip-10-232-1-159:57:57 [0] NCCL INFO comm 0x5c17e60e7640 rank 4 nRanks 16 nNodes 16 localRanks 1 localRank 0 MNNVL 0
ip-10-232-1-159:57:57 [0] NCCL INFO Tree 0 : 8 -> 4 -> 2/6/-1
ip-10-232-1-159:57:57 [0] NCCL INFO Tree 1 : 5 -> 4 -> -1/-1/-1
ip-10-232-1-159:57:57 [0] NCCL INFO Ring 00 : 3 -> 4 -> 5
ip-10-232-1-159:57:57 [0] NCCL INFO Ring 01 : 3 -> 4 -> 5
ip-10-232-1-159:57:57 [0] NCCL INFO Trees [0] 2/6/-1->4->8 [1] -1/-1/-1->4->5
ip-10-232-1-159:57:57 [0] NCCL INFO P2P Chunksize set to 131072
ip-10-232-1-159:57:57 [0] NCCL INFO Check P2P Type isAllDirectP2p 1 directMode 0 isAllCudaP2p 1
ip-10-232-1-159:57:57 [0] NCCL INFO ncclP2pSchedule: group size used is 1
ip-10-232-1-159:57:107 [0] NCCL INFO [Proxy Service] Device 0 CPU core 1
ip-10-232-1-159:57:108 [0] NCCL INFO [Proxy Service UDS] Device 0 CPU core 2
ip-10-232-1-159:57:57 [0] NCCL INFO threadThresholds 8/8/64 | 128/8/64 | 512 | 512
ip-10-232-1-159:57:57 [0] NCCL INFO 2 coll channels, 2 collnet channels, 0 nvls channels, 2 p2p channels, 1 p2p channels per peer
ip-10-232-1-159:57:57 [0] NCCL INFO Symmetric VA size=24GB
ip-10-232-1-159:57:57 [0] NCCL INFO Symmetric memory is not supported. cuMemEnable 1, globalGinSupport 0, globalNicFused 0 cuMemGdrSupport 1
ip-10-232-1-159:57:57 [0] NCCL INFO ncclCommInitRankConfig comm 0x5c17e60e7640 rank 4 nranks 16 cudaDev 0 nvmlDev 0 busId 1e0 commId 0xb52e73f562d9812f - Init COMPLETE
ip-10-232-1-159:57:57 [0] NCCL INFO Init timings - ncclCommInitRankConfig: rank 4 nranks 16 total 48.77 (kernels 0.00, alloc 0.00, bootstrap 45.65, allgathers 3.12, topo 0.00, graphs 0.00, connections 0.00, rest 0.00)
ip-10-232-1-159:57:107 [0] NCCL INFO New proxy send connection 0 from local rank 0, transport 2
ip-10-232-1-159:57:109 [0] NCCL INFO [Proxy Progress] Device 0 CPU core 3
ip-10-232-1-159:57:57 [0] NCCL INFO Connected to proxy localRank 0 -> connection 0x754e84004f70
ip-10-232-1-159:57:107 [0] NCCL INFO Could not get speed from /sys/class/net/ens5/speed. Defaulting to 10 Gbps.
ip-10-232-1-159:57:57 [0] NCCL INFO Channel 01/0 : 4[0] -> 5[0] [send] via NET/Socket/0
ip-10-232-1-159:57:107 [0] NCCL INFO New proxy recv connection 1 from local rank 0, transport 2
ip-10-232-1-159:57:57 [0] NCCL INFO Connected to proxy localRank 0 -> connection 0x754e84004ff8
ip-10-232-1-159:57:107 [0] NCCL INFO Could not get speed from /sys/class/net/ens5/speed. Defaulting to 10 Gbps.
ip-10-232-1-159:57:107 [0] NCCL INFO NET/Socket: Using 2 threads and 8 sockets per thread
ip-10-232-1-159:57:57 [0] NCCL INFO Channel 00/0 : 2[0] -> 4[0] [receive] via NET/Socket/0
ip-10-232-1-159:57:107 [0] NCCL INFO New proxy send connection 2 from local rank 0, transport 2
ip-10-232-1-159:57:57 [0] NCCL INFO Connected to proxy localRank 0 -> connection 0x754e84005080
ip-10-232-1-159:57:107 [0] NCCL INFO Could not get speed from /sys/class/net/ens5/speed. Defaulting to 10 Gbps.
ip-10-232-1-159:57:57 [0] NCCL INFO Channel 00/0 : 4[0] -> 6[0] [send] via NET/Socket/0
ip-10-232-1-159:57:107 [0] NCCL INFO New proxy send connection 3 from local rank 0, transport 2
ip-10-232-1-159:57:57 [0] NCCL INFO Connected to proxy localRank 0 -> connection 0x754e84005108
ip-10-232-1-159:57:107 [0] NCCL INFO Could not get speed from /sys/class/net/ens5/speed. Defaulting to 10 Gbps.
ip-10-232-1-159:57:57 [0] NCCL INFO Channel 00/0 : 4[0] -> 8[0] [send] via NET/Socket/0
ip-10-232-1-159:57:107 [0] NCCL INFO New proxy recv connection 4 from local rank 0, transport 2
ip-10-232-1-159:57:57 [0] NCCL INFO Connected to proxy localRank 0 -> connection 0x754e84005190
ip-10-232-1-159:57:107 [0] NCCL INFO Could not get speed from /sys/class/net/ens5/speed. Defaulting to 10 Gbps.
ip-10-232-1-159:57:107 [0] NCCL INFO NET/Socket: Using 2 threads and 8 sockets per thread
ip-10-232-1-159:57:57 [0] NCCL INFO Channel 00/0 : 8[0] -> 4[0] [receive] via NET/Socket/0
ip-10-232-1-159:57:107 [0] NCCL INFO New proxy recv connection 5 from local rank 0, transport 2
ip-10-232-1-159:57:57 [0] NCCL INFO Connected to proxy localRank 0 -> connection 0x754e84005218
ip-10-232-1-159:57:107 [0] NCCL INFO Could not get speed from /sys/class/net/ens5/speed. Defaulting to 10 Gbps.
ip-10-232-1-159:57:107 [0] NCCL INFO NET/Socket: Using 2 threads and 8 sockets per thread
ip-10-232-1-159:57:57 [0] NCCL INFO Channel 00/0 : 6[0] -> 4[0] [receive] via NET/Socket/0
ip-10-232-1-159:57:107 [0] NCCL INFO New proxy send connection 6 from local rank 0, transport 2
ip-10-232-1-159:57:57 [0] NCCL INFO Connected to proxy localRank 0 -> connection 0x754e840052a0
ip-10-232-1-159:57:107 [0] NCCL INFO Could not get speed from /sys/class/net/ens5/speed. Defaulting to 10 Gbps.
ip-10-232-1-159:57:57 [0] NCCL INFO Channel 00/0 : 4[0] -> 2[0] [send] via NET/Socket/0
ip-10-232-1-159:57:107 [0] NCCL INFO New proxy recv connection 7 from local rank 0, transport 2
ip-10-232-1-159:57:57 [0] NCCL INFO Connected to proxy localRank 0 -> connection 0x754e84005328
ip-10-232-1-159:57:107 [0] NCCL INFO Could not get speed from /sys/class/net/ens5/speed. Defaulting to 10 Gbps.
ip-10-232-1-159:57:107 [0] NCCL INFO NET/Socket: Using 2 threads and 8 sockets per thread
ip-10-232-1-159:57:57 [0] NCCL INFO Channel 01/0 : 5[0] -> 4[0] [receive] via NET/Socket/0
ip-10-232-1-159:57:57 [0] NCCL INFO Connected all trees
ip-10-232-1-159:57:57 [0] NCCL INFO Initialized NET plugin Socket
ip-10-232-1-159:57:57 [0] NCCL INFO Could not get speed from /sys/class/net/ens5/speed. Defaulting to 10 Gbps.
ip-10-232-1-159:57:57 [0] NCCL INFO Assigned NET plugin Socket to comm
ip-10-232-1-159:57:57 [0] NCCL INFO Failed to initialize any GIN plugin
ip-10-232-1-159:57:57 [0] NCCL INFO Using network Socket
ip-10-232-1-159:57:57 [0] NCCL INFO [Rank 0] ncclCommInitRankConfig comm 0x5c17e6426600 rank 0 nranks 2 cudaDev 0 nvmlDev 0 busId 1e0 commId 0x5a39d4eff6ca5510 - Init START
ip-10-232-1-159:57:57 [0] NCCL INFO Topology detection : could not read /sys/devices/pci0000:00/0000:00:1e.0/../max_link_speed, ignoring
ip-10-232-1-159:57:57 [0] NCCL INFO Topology detection : could not read /sys/devices/pci0000:00/0000:00:1e.0/../max_link_width, ignoring
ip-10-232-1-159:57:57 [0] NCCL INFO Topology detection : could not read /sys/devices/system/node/node-1/cpumap, ignoring
ip-10-232-1-159:57:57 [0] NCCL INFO TOPO/NET : Importing network plugins to topology
ip-10-232-1-159:57:57 [0] NCCL INFO Could not get speed from /sys/class/net/ens5/speed. Defaulting to 10 Gbps.
ip-10-232-1-159:57:57 [0] NCCL INFO Topology detection : could not read /sys/devices/pci0000:00/0000:00:05.0/../max_link_speed, ignoring
ip-10-232-1-159:57:57 [0] NCCL INFO Topology detection : could not read /sys/devices/pci0000:00/0000:00:05.0/../max_link_width, ignoring
ip-10-232-1-159:57:57 [0] NCCL INFO Topology detection : could not read /sys/devices/system/node/node-1/cpumap, ignoring
ip-10-232-1-159:57:57 [0] NCCL INFO NET/Socket : GPU Direct RDMA Disabled for HCA 0 'ens5'
ip-10-232-1-159:57:57 [0] NCCL INFO ncclTopoPopulateNics : Filled ens5 in topo with pciPath=/sys/devices/pci0000:00/0000:00:05.0 net=1 gin=(null) keep=1 coll=(null)
ip-10-232-1-159:57:57 [0] NCCL INFO KV Convert to int : could not find value of 'Unknown' in dictionary, falling back to 60
ip-10-232-1-159:57:57 [0] NCCL INFO === System : maxBw 1.2 totalBw 24.0 ===
ip-10-232-1-159:57:57 [0] NCCL INFO CPU/0-ffffffffffffff (1/2/-1)
ip-10-232-1-159:57:57 [0] NCCL INFO + PCI[24.0] - GPU/0-1e0 (0)
ip-10-232-1-159:57:57 [0] NCCL INFO + PCI[12.0] - NIC/0-50
ip-10-232-1-159:57:57 [0] NCCL INFO               + NET[1.2] - NET/0-0 (0/0/0/1.250000)
ip-10-232-1-159:57:57 [0] NCCL INFO ==========================================
ip-10-232-1-159:57:57 [0] NCCL INFO GPU/0-1e0 :GPU/0-1e0 (0/5000.0/LOC) CPU/0-ffffffffffffff (1/24.0/PHB) NET/0-0 (3/1.2/PHB) 
ip-10-232-1-159:57:57 [0] NCCL INFO NET/0-0 :GPU/0-1e0 (3/1.2/PHB) CPU/0-ffffffffffffff (2/1.2/PHB) NET/0-0 (0/5000.0/LOC) 
ip-10-232-1-159:57:57 [0] NCCL INFO ncclTopoGetCpuAffinity: Affinity for GPU 0 is empty, ignoring. (GPU affinity =  ; CPU affinity = 0-3).
ip-10-232-1-159:57:57 [0] NCCL INFO Pattern 4, crossNic 0, nChannels 1, bw 1.200000/1.200000, type LOC/PHB, sameChannels 1
ip-10-232-1-159:57:57 [0] NCCL INFO  0 : NET/0-0 GPU/0-1e0 NET/0-0
ip-10-232-1-159:57:57 [0] NCCL INFO Pattern 3, crossNic 0, nChannels 1, bw 2.400000/1.200000, type LOC/PHB, sameChannels 1
ip-10-232-1-159:57:57 [0] NCCL INFO  0 : NET/0-0 GPU/0-1e0 NET/0-0
ip-10-232-1-159:57:57 [0] NCCL INFO Could not get speed from /sys/class/net/ens5/speed. Defaulting to 10 Gbps.
ip-10-232-1-159:57:57 [0] NCCL INFO comm 0x5c17e6426600 rank 0 nRanks 2 nNodes 2 localRanks 1 localRank 0 MNNVL 0
ip-10-232-1-159:57:57 [0] NCCL INFO Tree 0 : -1 -> 0 -> 1/-1/-1
ip-10-232-1-159:57:57 [0] NCCL INFO Tree 1 : 1 -> 0 -> -1/-1/-1
ip-10-232-1-159:57:57 [0] NCCL INFO Channel 00/02 : 0 1
ip-10-232-1-159:57:57 [0] NCCL INFO Channel 01/02 : 0 1
ip-10-232-1-159:57:57 [0] NCCL INFO Ring 00 : 1 -> 0 -> 1
ip-10-232-1-159:57:57 [0] NCCL INFO Ring 01 : 1 -> 0 -> 1
ip-10-232-1-159:57:57 [0] NCCL INFO Trees [0] 1/-1/-1->0->-1 [1] -1/-1/-1->0->1
ip-10-232-1-159:57:57 [0] NCCL INFO P2P Chunksize set to 131072
ip-10-232-1-159:57:57 [0] NCCL INFO Check P2P Type isAllDirectP2p 1 directMode 0 isAllCudaP2p 1
ip-10-232-1-159:57:111 [0] NCCL INFO [Proxy Service] Device 0 CPU core 3
ip-10-232-1-159:57:57 [0] NCCL INFO ncclP2pSchedule: group size used is 1
ip-10-232-1-159:57:112 [0] NCCL INFO [Proxy Service UDS] Device 0 CPU core 3
ip-10-232-1-159:57:57 [0] NCCL INFO threadThresholds 8/8/64 | 16/8/64 | 512 | 512
ip-10-232-1-159:57:57 [0] NCCL INFO 2 coll channels, 2 collnet channels, 0 nvls channels, 2 p2p channels, 1 p2p channels per peer
ip-10-232-1-159:57:57 [0] NCCL INFO Symmetric VA size=24GB
ip-10-232-1-159:57:57 [0] NCCL INFO Symmetric memory is not supported. cuMemEnable 1, globalGinSupport 0, globalNicFused 0 cuMemGdrSupport 1
ip-10-232-1-159:57:57 [0] NCCL INFO CC Off, workFifoBytes 1048576
ip-10-232-1-159:57:57 [0] NCCL INFO ncclCommInitRankConfig comm 0x5c17e6426600 rank 0 nranks 2 cudaDev 0 nvmlDev 0 busId 1e0 commId 0x5a39d4eff6ca5510 - Init COMPLETE
ip-10-232-1-159:57:57 [0] NCCL INFO Init timings - ncclCommInitRankConfig: rank 0 nranks 2 total 1.09 (kernels 0.00, alloc 0.00, bootstrap 0.84, allgathers 0.24, topo 0.00, graphs 0.00, connections 0.00, rest 0.00)
ip-10-232-1-159:57:111 [0] NCCL INFO New proxy send connection 0 from local rank 0, transport 2
ip-10-232-1-159:57:113 [0] NCCL INFO [Proxy Progress] Device 0 CPU core 2
ip-10-232-1-159:57:57 [0] NCCL INFO Connected to proxy localRank 0 -> connection 0x754e5c004f70
ip-10-232-1-159:57:111 [0] NCCL INFO Could not get speed from /sys/class/net/ens5/speed. Defaulting to 10 Gbps.
ip-10-232-1-159:57:57 [0] NCCL INFO Channel 01/1 : 0[0] -> 1[0] [send] via NET/Socket/0/Shared
ip-10-232-1-159:57:111 [0] NCCL INFO New proxy recv connection 1 from local rank 0, transport 2
ip-10-232-1-159:57:57 [0] NCCL INFO Connected to proxy localRank 0 -> connection 0x754e5c004ff8
ip-10-232-1-159:57:111 [0] NCCL INFO Could not get speed from /sys/class/net/ens5/speed. Defaulting to 10 Gbps.
ip-10-232-1-159:57:111 [0] NCCL INFO NET/Socket: Using 2 threads and 8 sockets per thread
ip-10-232-1-159:57:57 [0] NCCL INFO Channel 01/1 : 1[0] -> 0[0] [receive] via NET/Socket/0/Shared
ip-10-232-1-159:57:57 [0] NCCL INFO Initialized NET plugin Socket
ip-10-232-1-159:57:57 [0] NCCL INFO Could not get speed from /sys/class/net/ens5/speed. Defaulting to 10 Gbps.
ip-10-232-1-159:57:57 [0] NCCL INFO Assigned NET plugin Socket to comm
ip-10-232-1-159:57:57 [0] NCCL INFO Failed to initialize any GIN plugin
ip-10-232-1-159:57:57 [0] NCCL INFO Using network Socket
ip-10-232-1-159:57:57 [0] NCCL INFO [Rank 1] ncclCommInitRankConfig comm 0x5c17e6b0c430 rank 1 nranks 2 cudaDev 0 nvmlDev 0 busId 1e0 commId 0x8753818c44caeefa - Init START
ip-10-232-1-159:57:57 [0] NCCL INFO Topology detection : could not read /sys/devices/pci0000:00/0000:00:1e.0/../max_link_speed, ignoring
ip-10-232-1-159:57:57 [0] NCCL INFO Topology detection : could not read /sys/devices/pci0000:00/0000:00:1e.0/../max_link_width, ignoring
ip-10-232-1-159:57:57 [0] NCCL INFO Topology detection : could not read /sys/devices/system/node/node-1/cpumap, ignoring
ip-10-232-1-159:57:57 [0] NCCL INFO TOPO/NET : Importing network plugins to topology
ip-10-232-1-159:57:57 [0] NCCL INFO Could not get speed from /sys/class/net/ens5/speed. Defaulting to 10 Gbps.
ip-10-232-1-159:57:57 [0] NCCL INFO Topology detection : could not read /sys/devices/pci0000:00/0000:00:05.0/../max_link_speed, ignoring
ip-10-232-1-159:57:57 [0] NCCL INFO Topology detection : could not read /sys/devices/pci0000:00/0000:00:05.0/../max_link_width, ignoring
ip-10-232-1-159:57:57 [0] NCCL INFO Topology detection : could not read /sys/devices/system/node/node-1/cpumap, ignoring
ip-10-232-1-159:57:57 [0] NCCL INFO NET/Socket : GPU Direct RDMA Disabled for HCA 0 'ens5'
ip-10-232-1-159:57:57 [0] NCCL INFO ncclTopoPopulateNics : Filled ens5 in topo with pciPath=/sys/devices/pci0000:00/0000:00:05.0 net=1 gin=(null) keep=1 coll=(null)
ip-10-232-1-159:57:57 [0] NCCL INFO KV Convert to int : could not find value of 'Unknown' in dictionary, falling back to 60
ip-10-232-1-159:57:57 [0] NCCL INFO === System : maxBw 1.2 totalBw 24.0 ===
ip-10-232-1-159:57:57 [0] NCCL INFO CPU/0-ffffffffffffff (1/2/-1)
ip-10-232-1-159:57:57 [0] NCCL INFO + PCI[24.0] - GPU/0-1e0 (1)
ip-10-232-1-159:57:57 [0] NCCL INFO + PCI[12.0] - NIC/0-50
ip-10-232-1-159:57:57 [0] NCCL INFO               + NET[1.2] - NET/0-0 (0/0/0/1.250000)
ip-10-232-1-159:57:57 [0] NCCL INFO ==========================================
ip-10-232-1-159:57:57 [0] NCCL INFO GPU/0-1e0 :GPU/0-1e0 (0/5000.0/LOC) CPU/0-ffffffffffffff (1/24.0/PHB) NET/0-0 (3/1.2/PHB) 
ip-10-232-1-159:57:57 [0] NCCL INFO NET/0-0 :GPU/0-1e0 (3/1.2/PHB) CPU/0-ffffffffffffff (2/1.2/PHB) NET/0-0 (0/5000.0/LOC) 
ip-10-232-1-159:57:57 [0] NCCL INFO ncclTopoGetCpuAffinity: Affinity for GPU 0 is empty, ignoring. (GPU affinity =  ; CPU affinity = 0-3).
ip-10-232-1-159:57:57 [0] NCCL INFO Pattern 4, crossNic 0, nChannels 1, bw 1.200000/1.200000, type LOC/PHB, sameChannels 1
ip-10-232-1-159:57:57 [0] NCCL INFO  0 : NET/0-0 GPU/0-1e0 NET/0-0
ip-10-232-1-159:57:57 [0] NCCL INFO Pattern 3, crossNic 0, nChannels 1, bw 2.400000/1.200000, type LOC/PHB, sameChannels 1
ip-10-232-1-159:57:57 [0] NCCL INFO  0 : NET/0-0 GPU/0-1e0 NET/0-0
ip-10-232-1-159:57:57 [0] NCCL INFO Could not get speed from /sys/class/net/ens5/speed. Defaulting to 10 Gbps.
ip-10-232-1-159:57:57 [0] NCCL INFO comm 0x5c17e6b0c430 rank 1 nRanks 2 nNodes 2 localRanks 1 localRank 0 MNNVL 0
ip-10-232-1-159:57:57 [0] NCCL INFO Tree 0 : 0 -> 1 -> -1/-1/-1
ip-10-232-1-159:57:57 [0] NCCL INFO Tree 1 : -1 -> 1 -> 0/-1/-1
ip-10-232-1-159:57:57 [0] NCCL INFO Ring 00 : 0 -> 1 -> 0
ip-10-232-1-159:57:57 [0] NCCL INFO Ring 01 : 0 -> 1 -> 0
ip-10-232-1-159:57:57 [0] NCCL INFO Trees [0] -1/-1/-1->1->0 [1] 0/-1/-1->1->-1
ip-10-232-1-159:57:57 [0] NCCL INFO P2P Chunksize set to 131072
ip-10-232-1-159:57:57 [0] NCCL INFO Check P2P Type isAllDirectP2p 1 directMode 0 isAllCudaP2p 1
ip-10-232-1-159:57:57 [0] NCCL INFO ncclP2pSchedule: group size used is 1
ip-10-232-1-159:57:118 [0] NCCL INFO [Proxy Service] Device 0 CPU core 0
ip-10-232-1-159:57:119 [0] NCCL INFO [Proxy Service UDS] Device 0 CPU core 0
ip-10-232-1-159:57:57 [0] NCCL INFO threadThresholds 8/8/64 | 16/8/64 | 512 | 512
ip-10-232-1-159:57:57 [0] NCCL INFO 2 coll channels, 2 collnet channels, 0 nvls channels, 2 p2p channels, 1 p2p channels per peer
ip-10-232-1-159:57:57 [0] NCCL INFO Symmetric VA size=24GB
ip-10-232-1-159:57:57 [0] NCCL INFO Symmetric memory is not supported. cuMemEnable 1, globalGinSupport 0, globalNicFused 0 cuMemGdrSupport 1
ip-10-232-1-159:57:57 [0] NCCL INFO ncclCommInitRankConfig comm 0x5c17e6b0c430 rank 1 nranks 2 cudaDev 0 nvmlDev 0 busId 1e0 commId 0x8753818c44caeefa - Init COMPLETE
ip-10-232-1-159:57:57 [0] NCCL INFO Init timings - ncclCommInitRankConfig: rank 1 nranks 2 total 0.10 (kernels 0.00, alloc 0.00, bootstrap 0.06, allgathers 0.03, topo 0.00, graphs 0.00, connections 0.00, rest 0.00)
ip-10-232-1-159:57:118 [0] NCCL INFO New proxy recv connection 0 from local rank 0, transport 2
ip-10-232-1-159:57:120 [0] NCCL INFO [Proxy Progress] Device 0 CPU core 2
ip-10-232-1-159:57:57 [0] NCCL INFO Connected to proxy localRank 0 -> connection 0x754e3c004f70
ip-10-232-1-159:57:118 [0] NCCL INFO Could not get speed from /sys/class/net/ens5/speed. Defaulting to 10 Gbps.
ip-10-232-1-159:57:118 [0] NCCL INFO NET/Socket: Using 2 threads and 8 sockets per thread
ip-10-232-1-159:57:57 [0] NCCL INFO Channel 01/1 : 0[0] -> 1[0] [receive] via NET/Socket/0/Shared
ip-10-232-1-159:57:118 [0] NCCL INFO New proxy send connection 1 from local rank 0, transport 2
ip-10-232-1-159:57:57 [0] NCCL INFO Connected to proxy localRank 0 -> connection 0x754e3c004ff8
ip-10-232-1-159:57:118 [0] NCCL INFO Could not get speed from /sys/class/net/ens5/speed. Defaulting to 10 Gbps.
ip-10-232-1-159:57:57 [0] NCCL INFO Channel 01/1 : 1[0] -> 0[0] [send] via NET/Socket/0/Shared
ip-10-232-1-159:57:57 [0] NCCL INFO Initialized NET plugin Socket
ip-10-232-1-159:57:57 [0] NCCL INFO Could not get speed from /sys/class/net/ens5/speed. Defaulting to 10 Gbps.
ip-10-232-1-159:57:57 [0] NCCL INFO Assigned NET plugin Socket to comm
ip-10-232-1-159:57:57 [0] NCCL INFO Failed to initialize any GIN plugin
ip-10-232-1-159:57:57 [0] NCCL INFO Using network Socket
ip-10-232-1-159:57:57 [0] NCCL INFO [Rank 0] ncclCommInitRankConfig comm 0x5c17e6cc68f0 rank 0 nranks 2 cudaDev 0 nvmlDev 0 busId 1e0 commId 0xf1e34bdc63b6f50e - Init START
ip-10-232-1-159:57:57 [0] NCCL INFO Topology detection : could not read /sys/devices/pci0000:00/0000:00:1e.0/../max_link_speed, ignoring
ip-10-232-1-159:57:57 [0] NCCL INFO Topology detection : could not read /sys/devices/pci0000:00/0000:00:1e.0/../max_link_width, ignoring
ip-10-232-1-159:57:57 [0] NCCL INFO Topology detection : could not read /sys/devices/system/node/node-1/cpumap, ignoring
ip-10-232-1-159:57:57 [0] NCCL INFO TOPO/NET : Importing network plugins to topology
ip-10-232-1-159:57:57 [0] NCCL INFO Could not get speed from /sys/class/net/ens5/speed. Defaulting to 10 Gbps.
ip-10-232-1-159:57:57 [0] NCCL INFO Topology detection : could not read /sys/devices/pci0000:00/0000:00:05.0/../max_link_speed, ignoring
ip-10-232-1-159:57:57 [0] NCCL INFO Topology detection : could not read /sys/devices/pci0000:00/0000:00:05.0/../max_link_width, ignoring
ip-10-232-1-159:57:57 [0] NCCL INFO Topology detection : could not read /sys/devices/system/node/node-1/cpumap, ignoring
ip-10-232-1-159:57:57 [0] NCCL INFO NET/Socket : GPU Direct RDMA Disabled for HCA 0 'ens5'
ip-10-232-1-159:57:57 [0] NCCL INFO ncclTopoPopulateNics : Filled ens5 in topo with pciPath=/sys/devices/pci0000:00/0000:00:05.0 net=1 gin=(null) keep=1 coll=(null)
ip-10-232-1-159:57:57 [0] NCCL INFO KV Convert to int : could not find value of 'Unknown' in dictionary, falling back to 60
ip-10-232-1-159:57:57 [0] NCCL INFO === System : maxBw 1.2 totalBw 24.0 ===
ip-10-232-1-159:57:57 [0] NCCL INFO CPU/0-ffffffffffffff (1/2/-1)
ip-10-232-1-159:57:57 [0] NCCL INFO + PCI[24.0] - GPU/0-1e0 (0)
ip-10-232-1-159:57:57 [0] NCCL INFO + PCI[12.0] - NIC/0-50
ip-10-232-1-159:57:57 [0] NCCL INFO               + NET[1.2] - NET/0-0 (0/0/0/1.250000)
ip-10-232-1-159:57:57 [0] NCCL INFO ==========================================
ip-10-232-1-159:57:57 [0] NCCL INFO GPU/0-1e0 :GPU/0-1e0 (0/5000.0/LOC) CPU/0-ffffffffffffff (1/24.0/PHB) NET/0-0 (3/1.2/PHB) 
ip-10-232-1-159:57:57 [0] NCCL INFO NET/0-0 :GPU/0-1e0 (3/1.2/PHB) CPU/0-ffffffffffffff (2/1.2/PHB) NET/0-0 (0/5000.0/LOC) 
ip-10-232-1-159:57:57 [0] NCCL INFO ncclTopoGetCpuAffinity: Affinity for GPU 0 is empty, ignoring. (GPU affinity =  ; CPU affinity = 0-3).
ip-10-232-1-159:57:57 [0] NCCL INFO Pattern 4, crossNic 0, nChannels 1, bw 1.200000/1.200000, type LOC/PHB, sameChannels 1
ip-10-232-1-159:57:57 [0] NCCL INFO  0 : NET/0-0 GPU/0-1e0 NET/0-0
ip-10-232-1-159:57:57 [0] NCCL INFO Pattern 3, crossNic 0, nChannels 1, bw 2.400000/1.200000, type LOC/PHB, sameChannels 1
ip-10-232-1-159:57:57 [0] NCCL INFO  0 : NET/0-0 GPU/0-1e0 NET/0-0
ip-10-232-1-159:57:57 [0] NCCL INFO Could not get speed from /sys/class/net/ens5/speed. Defaulting to 10 Gbps.
ip-10-232-1-159:57:57 [0] NCCL INFO comm 0x5c17e6cc68f0 rank 0 nRanks 2 nNodes 2 localRanks 1 localRank 0 MNNVL 0
ip-10-232-1-159:57:57 [0] NCCL INFO Tree 0 : -1 -> 0 -> 1/-1/-1
ip-10-232-1-159:57:57 [0] NCCL INFO Tree 1 : 1 -> 0 -> -1/-1/-1
ip-10-232-1-159:57:57 [0] NCCL INFO Channel 00/02 : 0 1
ip-10-232-1-159:57:57 [0] NCCL INFO Channel 01/02 : 0 1
ip-10-232-1-159:57:57 [0] NCCL INFO Ring 00 : 1 -> 0 -> 1
ip-10-232-1-159:57:57 [0] NCCL INFO Ring 01 : 1 -> 0 -> 1
ip-10-232-1-159:57:57 [0] NCCL INFO Trees [0] 1/-1/-1->0->-1 [1] -1/-1/-1->0->1
ip-10-232-1-159:57:57 [0] NCCL INFO P2P Chunksize set to 131072
ip-10-232-1-159:57:57 [0] NCCL INFO Check P2P Type isAllDirectP2p 1 directMode 0 isAllCudaP2p 1
ip-10-232-1-159:57:126 [0] NCCL INFO [Proxy Service] Device 0 CPU core 2
ip-10-232-1-159:57:57 [0] NCCL INFO ncclP2pSchedule: group size used is 1
ip-10-232-1-159:57:127 [0] NCCL INFO [Proxy Service UDS] Device 0 CPU core 1
ip-10-232-1-159:57:57 [0] NCCL INFO threadThresholds 8/8/64 | 16/8/64 | 512 | 512
ip-10-232-1-159:57:57 [0] NCCL INFO 2 coll channels, 2 collnet channels, 0 nvls channels, 2 p2p channels, 1 p2p channels per peer
ip-10-232-1-159:57:57 [0] NCCL INFO Symmetric VA size=24GB
ip-10-232-1-159:57:57 [0] NCCL INFO Symmetric memory is not supported. cuMemEnable 1, globalGinSupport 0, globalNicFused 0 cuMemGdrSupport 1
ip-10-232-1-159:57:57 [0] NCCL INFO CC Off, workFifoBytes 1048576
ip-10-232-1-159:57:57 [0] NCCL INFO ncclCommInitRankConfig comm 0x5c17e6cc68f0 rank 0 nranks 2 cudaDev 0 nvmlDev 0 busId 1e0 commId 0xf1e34bdc63b6f50e - Init COMPLETE
ip-10-232-1-159:57:57 [0] NCCL INFO Init timings - ncclCommInitRankConfig: rank 0 nranks 2 total 1.21 (kernels 0.00, alloc 0.00, bootstrap 0.96, allgathers 0.25, topo 0.00, graphs 0.00, connections 0.00, rest 0.00)
ip-10-232-1-159:57:126 [0] NCCL INFO New proxy send connection 0 from local rank 0, transport 2
ip-10-232-1-159:57:128 [0] NCCL INFO [Proxy Progress] Device 0 CPU core 0
ip-10-232-1-159:57:57 [0] NCCL INFO Connected to proxy localRank 0 -> connection 0x754e380164b0
ip-10-232-1-159:57:126 [0] NCCL INFO Could not get speed from /sys/class/net/ens5/speed. Defaulting to 10 Gbps.
ip-10-232-1-159:57:57 [0] NCCL INFO Channel 01/1 : 0[0] -> 1[0] [send] via NET/Socket/0/Shared
ip-10-232-1-159:57:126 [0] NCCL INFO New proxy recv connection 1 from local rank 0, transport 2
ip-10-232-1-159:57:57 [0] NCCL INFO Connected to proxy localRank 0 -> connection 0x754e38016538
ip-10-232-1-159:57:126 [0] NCCL INFO Could not get speed from /sys/class/net/ens5/speed. Defaulting to 10 Gbps.
ip-10-232-1-159:57:126 [0] NCCL INFO NET/Socket: Using 2 threads and 8 sockets per thread
ip-10-232-1-159:57:57 [0] NCCL INFO Channel 01/1 : 1[0] -> 0[0] [receive] via NET/Socket/0/Shared
ip-10-232-1-159:57:57 [0] NCCL INFO Initialized NET plugin Socket
ip-10-232-1-159:57:57 [0] NCCL INFO Could not get speed from /sys/class/net/ens5/speed. Defaulting to 10 Gbps.
ip-10-232-1-159:57:57 [0] NCCL INFO Assigned NET plugin Socket to comm
ip-10-232-1-159:57:57 [0] NCCL INFO Failed to initialize any GIN plugin
ip-10-232-1-159:57:57 [0] NCCL INFO Using network Socket
ip-10-232-1-159:57:57 [0] NCCL INFO [Rank 0] ncclCommInitRankConfig comm 0x5c17e9807740 rank 0 nranks 2 cudaDev 0 nvmlDev 0 busId 1e0 commId 0xbad922c2d0cd82cb - Init START
ip-10-232-1-159:57:57 [0] NCCL INFO Topology detection : could not read /sys/devices/pci0000:00/0000:00:1e.0/../max_link_speed, ignoring
ip-10-232-1-159:57:57 [0] NCCL INFO Topology detection : could not read /sys/devices/pci0000:00/0000:00:1e.0/../max_link_width, ignoring
ip-10-232-1-159:57:57 [0] NCCL INFO Topology detection : could not read /sys/devices/system/node/node-1/cpumap, ignoring
ip-10-232-1-159:57:57 [0] NCCL INFO TOPO/NET : Importing network plugins to topology
ip-10-232-1-159:57:57 [0] NCCL INFO Could not get speed from /sys/class/net/ens5/speed. Defaulting to 10 Gbps.
ip-10-232-1-159:57:57 [0] NCCL INFO Topology detection : could not read /sys/devices/pci0000:00/0000:00:05.0/../max_link_speed, ignoring
ip-10-232-1-159:57:57 [0] NCCL INFO Topology detection : could not read /sys/devices/pci0000:00/0000:00:05.0/../max_link_width, ignoring
ip-10-232-1-159:57:57 [0] NCCL INFO Topology detection : could not read /sys/devices/system/node/node-1/cpumap, ignoring
ip-10-232-1-159:57:57 [0] NCCL INFO NET/Socket : GPU Direct RDMA Disabled for HCA 0 'ens5'
ip-10-232-1-159:57:57 [0] NCCL INFO ncclTopoPopulateNics : Filled ens5 in topo with pciPath=/sys/devices/pci0000:00/0000:00:05.0 net=1 gin=(null) keep=1 coll=(null)
ip-10-232-1-159:57:57 [0] NCCL INFO KV Convert to int : could not find value of 'Unknown' in dictionary, falling back to 60
ip-10-232-1-159:57:57 [0] NCCL INFO === System : maxBw 1.2 totalBw 24.0 ===
ip-10-232-1-159:57:57 [0] NCCL INFO CPU/0-ffffffffffffff (1/2/-1)
ip-10-232-1-159:57:57 [0] NCCL INFO + PCI[24.0] - GPU/0-1e0 (0)
ip-10-232-1-159:57:57 [0] NCCL INFO + PCI[12.0] - NIC/0-50
ip-10-232-1-159:57:57 [0] NCCL INFO               + NET[1.2] - NET/0-0 (0/0/0/1.250000)
ip-10-232-1-159:57:57 [0] NCCL INFO ==========================================
ip-10-232-1-159:57:57 [0] NCCL INFO GPU/0-1e0 :GPU/0-1e0 (0/5000.0/LOC) CPU/0-ffffffffffffff (1/24.0/PHB) NET/0-0 (3/1.2/PHB) 
ip-10-232-1-159:57:57 [0] NCCL INFO NET/0-0 :GPU/0-1e0 (3/1.2/PHB) CPU/0-ffffffffffffff (2/1.2/PHB) NET/0-0 (0/5000.0/LOC) 
ip-10-232-1-159:57:57 [0] NCCL INFO ncclTopoGetCpuAffinity: Affinity for GPU 0 is empty, ignoring. (GPU affinity =  ; CPU affinity = 0-3).
ip-10-232-1-159:57:57 [0] NCCL INFO Pattern 4, crossNic 0, nChannels 1, bw 1.200000/1.200000, type LOC/PHB, sameChannels 1
ip-10-232-1-159:57:57 [0] NCCL INFO  0 : NET/0-0 GPU/0-1e0 NET/0-0
ip-10-232-1-159:57:57 [0] NCCL INFO Pattern 3, crossNic 0, nChannels 1, bw 2.400000/1.200000, type LOC/PHB, sameChannels 1
ip-10-232-1-159:57:57 [0] NCCL INFO  0 : NET/0-0 GPU/0-1e0 NET/0-0
ip-10-232-1-159:57:57 [0] NCCL INFO Could not get speed from /sys/class/net/ens5/speed. Defaulting to 10 Gbps.
ip-10-232-1-159:57:57 [0] NCCL INFO comm 0x5c17e9807740 rank 0 nRanks 2 nNodes 2 localRanks 1 localRank 0 MNNVL 0
ip-10-232-1-159:57:57 [0] NCCL INFO Tree 0 : -1 -> 0 -> 1/-1/-1
ip-10-232-1-159:57:57 [0] NCCL INFO Tree 1 : 1 -> 0 -> -1/-1/-1
ip-10-232-1-159:57:57 [0] NCCL INFO Channel 00/02 : 0 1
ip-10-232-1-159:57:57 [0] NCCL INFO Channel 01/02 : 0 1
ip-10-232-1-159:57:57 [0] NCCL INFO Ring 00 : 1 -> 0 -> 1
ip-10-232-1-159:57:57 [0] NCCL INFO Ring 01 : 1 -> 0 -> 1
ip-10-232-1-159:57:57 [0] NCCL INFO Trees [0] 1/-1/-1->0->-1 [1] -1/-1/-1->0->1
ip-10-232-1-159:57:57 [0] NCCL INFO P2P Chunksize set to 131072
ip-10-232-1-159:57:57 [0] NCCL INFO Check P2P Type isAllDirectP2p 1 directMode 0 isAllCudaP2p 1
ip-10-232-1-159:57:57 [0] NCCL INFO ncclP2pSchedule: group size used is 1
ip-10-232-1-159:57:134 [0] NCCL INFO [Proxy Service] Device 0 CPU core 1
ip-10-232-1-159:57:135 [0] NCCL INFO [Proxy Service UDS] Device 0 CPU core 1
ip-10-232-1-159:57:57 [0] NCCL INFO threadThresholds 8/8/64 | 16/8/64 | 512 | 512
ip-10-232-1-159:57:57 [0] NCCL INFO 2 coll channels, 2 collnet channels, 0 nvls channels, 2 p2p channels, 1 p2p channels per peer
ip-10-232-1-159:57:57 [0] NCCL INFO Symmetric VA size=24GB
ip-10-232-1-159:57:57 [0] NCCL INFO Symmetric memory is not supported. cuMemEnable 1, globalGinSupport 0, globalNicFused 0 cuMemGdrSupport 1
ip-10-232-1-159:57:57 [0] NCCL INFO CC Off, workFifoBytes 1048576
ip-10-232-1-159:57:57 [0] NCCL INFO ncclCommInitRankConfig comm 0x5c17e9807740 rank 0 nranks 2 cudaDev 0 nvmlDev 0 busId 1e0 commId 0xbad922c2d0cd82cb - Init COMPLETE
ip-10-232-1-159:57:57 [0] NCCL INFO Init timings - ncclCommInitRankConfig: rank 0 nranks 2 total 0.90 (kernels 0.00, alloc 0.00, bootstrap 0.71, allgathers 0.19, topo 0.00, graphs 0.00, connections 0.00, rest 0.00)
ip-10-232-1-159:57:134 [0] NCCL INFO New proxy send connection 0 from local rank 0, transport 2
ip-10-232-1-159:57:136 [0] NCCL INFO [Proxy Progress] Device 0 CPU core 2
ip-10-232-1-159:57:57 [0] NCCL INFO Connected to proxy localRank 0 -> connection 0x754e54009560
ip-10-232-1-159:57:134 [0] NCCL INFO Could not get speed from /sys/class/net/ens5/speed. Defaulting to 10 Gbps.
ip-10-232-1-159:57:57 [0] NCCL INFO Channel 01/1 : 0[0] -> 1[0] [send] via NET/Socket/0/Shared
ip-10-232-1-159:57:134 [0] NCCL INFO New proxy recv connection 1 from local rank 0, transport 2
ip-10-232-1-159:57:57 [0] NCCL INFO Connected to proxy localRank 0 -> connection 0x754e540095e8
ip-10-232-1-159:57:134 [0] NCCL INFO Could not get speed from /sys/class/net/ens5/speed. Defaulting to 10 Gbps.
ip-10-232-1-159:57:134 [0] NCCL INFO NET/Socket: Using 2 threads and 8 sockets per thread
ip-10-232-1-159:57:57 [0] NCCL INFO Channel 01/1 : 1[0] -> 0[0] [receive] via NET/Socket/0/Shared
ip-10-232-1-159:57:57 [0] NCCL INFO Initialized NET plugin Socket
ip-10-232-1-159:57:57 [0] NCCL INFO Could not get speed from /sys/class/net/ens5/speed. Defaulting to 10 Gbps.
ip-10-232-1-159:57:57 [0] NCCL INFO Assigned NET plugin Socket to comm
ip-10-232-1-159:57:57 [0] NCCL INFO Failed to initialize any GIN plugin
ip-10-232-1-159:57:57 [0] NCCL INFO Using network Socket
ip-10-232-1-159:57:57 [0] NCCL INFO [Rank 1] ncclCommInitRankConfig comm 0x5c17e666dfd0 rank 1 nranks 2 cudaDev 0 nvmlDev 0 busId 1e0 commId 0xfc3facc8cdc3fba5 - Init START
ip-10-232-1-159:57:57 [0] NCCL INFO Topology detection : could not read /sys/devices/pci0000:00/0000:00:1e.0/../max_link_speed, ignoring
ip-10-232-1-159:57:57 [0] NCCL INFO Topology detection : could not read /sys/devices/pci0000:00/0000:00:1e.0/../max_link_width, ignoring
ip-10-232-1-159:57:57 [0] NCCL INFO Topology detection : could not read /sys/devices/system/node/node-1/cpumap, ignoring
ip-10-232-1-159:57:57 [0] NCCL INFO TOPO/NET : Importing network plugins to topology
ip-10-232-1-159:57:57 [0] NCCL INFO Could not get speed from /sys/class/net/ens5/speed. Defaulting to 10 Gbps.
ip-10-232-1-159:57:57 [0] NCCL INFO Topology detection : could not read /sys/devices/pci0000:00/0000:00:05.0/../max_link_speed, ignoring
ip-10-232-1-159:57:57 [0] NCCL INFO Topology detection : could not read /sys/devices/pci0000:00/0000:00:05.0/../max_link_width, ignoring
ip-10-232-1-159:57:57 [0] NCCL INFO Topology detection : could not read /sys/devices/system/node/node-1/cpumap, ignoring
ip-10-232-1-159:57:57 [0] NCCL INFO NET/Socket : GPU Direct RDMA Disabled for HCA 0 'ens5'
ip-10-232-1-159:57:57 [0] NCCL INFO ncclTopoPopulateNics : Filled ens5 in topo with pciPath=/sys/devices/pci0000:00/0000:00:05.0 net=1 gin=(null) keep=1 coll=(null)
ip-10-232-1-159:57:57 [0] NCCL INFO KV Convert to int : could not find value of 'Unknown' in dictionary, falling back to 60
ip-10-232-1-159:57:57 [0] NCCL INFO === System : maxBw 1.2 totalBw 24.0 ===
ip-10-232-1-159:57:57 [0] NCCL INFO CPU/0-ffffffffffffff (1/2/-1)
ip-10-232-1-159:57:57 [0] NCCL INFO + PCI[24.0] - GPU/0-1e0 (1)
ip-10-232-1-159:57:57 [0] NCCL INFO + PCI[12.0] - NIC/0-50
ip-10-232-1-159:57:57 [0] NCCL INFO               + NET[1.2] - NET/0-0 (0/0/0/1.250000)
ip-10-232-1-159:57:57 [0] NCCL INFO ==========================================
ip-10-232-1-159:57:57 [0] NCCL INFO GPU/0-1e0 :GPU/0-1e0 (0/5000.0/LOC) CPU/0-ffffffffffffff (1/24.0/PHB) NET/0-0 (3/1.2/PHB) 
ip-10-232-1-159:57:57 [0] NCCL INFO NET/0-0 :GPU/0-1e0 (3/1.2/PHB) CPU/0-ffffffffffffff (2/1.2/PHB) NET/0-0 (0/5000.0/LOC) 
ip-10-232-1-159:57:57 [0] NCCL INFO ncclTopoGetCpuAffinity: Affinity for GPU 0 is empty, ignoring. (GPU affinity =  ; CPU affinity = 0-3).
ip-10-232-1-159:57:57 [0] NCCL INFO Pattern 4, crossNic 0, nChannels 1, bw 1.200000/1.200000, type LOC/PHB, sameChannels 1
ip-10-232-1-159:57:57 [0] NCCL INFO  0 : NET/0-0 GPU/0-1e0 NET/0-0
ip-10-232-1-159:57:57 [0] NCCL INFO Pattern 3, crossNic 0, nChannels 1, bw 2.400000/1.200000, type LOC/PHB, sameChannels 1
ip-10-232-1-159:57:57 [0] NCCL INFO  0 : NET/0-0 GPU/0-1e0 NET/0-0
ip-10-232-1-159:57:57 [0] NCCL INFO Could not get speed from /sys/class/net/ens5/speed. Defaulting to 10 Gbps.
ip-10-232-1-159:57:57 [0] NCCL INFO comm 0x5c17e666dfd0 rank 1 nRanks 2 nNodes 2 localRanks 1 localRank 0 MNNVL 0
ip-10-232-1-159:57:57 [0] NCCL INFO Tree 0 : 0 -> 1 -> -1/-1/-1
ip-10-232-1-159:57:57 [0] NCCL INFO Tree 1 : -1 -> 1 -> 0/-1/-1
ip-10-232-1-159:57:57 [0] NCCL INFO Ring 00 : 0 -> 1 -> 0
ip-10-232-1-159:57:57 [0] NCCL INFO Ring 01 : 0 -> 1 -> 0
ip-10-232-1-159:57:57 [0] NCCL INFO Trees [0] -1/-1/-1->1->0 [1] 0/-1/-1->1->-1
ip-10-232-1-159:57:57 [0] NCCL INFO P2P Chunksize set to 131072
ip-10-232-1-159:57:57 [0] NCCL INFO Check P2P Type isAllDirectP2p 1 directMode 0 isAllCudaP2p 1
ip-10-232-1-159:57:57 [0] NCCL INFO ncclP2pSchedule: group size used is 1
ip-10-232-1-159:57:141 [0] NCCL INFO [Proxy Service] Device 0 CPU core 3
ip-10-232-1-159:57:142 [0] NCCL INFO [Proxy Service UDS] Device 0 CPU core 0
ip-10-232-1-159:57:57 [0] NCCL INFO threadThresholds 8/8/64 | 16/8/64 | 512 | 512
ip-10-232-1-159:57:57 [0] NCCL INFO 2 coll channels, 2 collnet channels, 0 nvls channels, 2 p2p channels, 1 p2p channels per peer
ip-10-232-1-159:57:57 [0] NCCL INFO Symmetric VA size=24GB
ip-10-232-1-159:57:57 [0] NCCL INFO Symmetric memory is not supported. cuMemEnable 1, globalGinSupport 0, globalNicFused 0 cuMemGdrSupport 1
ip-10-232-1-159:57:57 [0] NCCL INFO ncclCommInitRankConfig comm 0x5c17e666dfd0 rank 1 nranks 2 cudaDev 0 nvmlDev 0 busId 1e0 commId 0xfc3facc8cdc3fba5 - Init COMPLETE
ip-10-232-1-159:57:57 [0] NCCL INFO Init timings - ncclCommInitRankConfig: rank 1 nranks 2 total 0.40 (kernels 0.00, alloc 0.00, bootstrap 0.28, allgathers 0.11, topo 0.00, graphs 0.00, connections 0.00, rest 0.00)
ip-10-232-1-159:57:141 [0] NCCL INFO New proxy recv connection 0 from local rank 0, transport 2
ip-10-232-1-159:57:143 [0] NCCL INFO [Proxy Progress] Device 0 CPU core 1
ip-10-232-1-159:57:57 [0] NCCL INFO Connected to proxy localRank 0 -> connection 0x754e7c009560
ip-10-232-1-159:57:141 [0] NCCL INFO Could not get speed from /sys/class/net/ens5/speed. Defaulting to 10 Gbps.
ip-10-232-1-159:57:141 [0] NCCL INFO NET/Socket: Using 2 threads and 8 sockets per thread
ip-10-232-1-159:57:57 [0] NCCL INFO Channel 01/1 : 0[0] -> 1[0] [receive] via NET/Socket/0/Shared
ip-10-232-1-159:57:141 [0] NCCL INFO New proxy send connection 1 from local rank 0, transport 2
ip-10-232-1-159:57:57 [0] NCCL INFO Connected to proxy localRank 0 -> connection 0x754e7c0095e8
ip-10-232-1-159:57:141 [0] NCCL INFO Could not get speed from /sys/class/net/ens5/speed. Defaulting to 10 Gbps.
ip-10-232-1-159:57:57 [0] NCCL INFO Channel 01/1 : 1[0] -> 0[0] [send] via NET/Socket/0/Shared
ip-10-232-1-159:57:57 [0] NCCL INFO Initialized NET plugin Socket
ip-10-232-1-159:57:57 [0] NCCL INFO Could not get speed from /sys/class/net/ens5/speed. Defaulting to 10 Gbps.
ip-10-232-1-159:57:57 [0] NCCL INFO Assigned NET plugin Socket to comm
ip-10-232-1-159:57:57 [0] NCCL INFO Failed to initialize any GIN plugin
ip-10-232-1-159:57:57 [0] NCCL INFO Using network Socket
ip-10-232-1-159:57:57 [0] NCCL INFO [Rank 1] ncclCommInitRankConfig comm 0x5c17e6792dc0 rank 1 nranks 2 cudaDev 0 nvmlDev 0 busId 1e0 commId 0xd8e913acda069d3f - Init START
ip-10-232-1-159:57:57 [0] NCCL INFO Topology detection : could not read /sys/devices/pci0000:00/0000:00:1e.0/../max_link_speed, ignoring
ip-10-232-1-159:57:57 [0] NCCL INFO Topology detection : could not read /sys/devices/pci0000:00/0000:00:1e.0/../max_link_width, ignoring
ip-10-232-1-159:57:57 [0] NCCL INFO Topology detection : could not read /sys/devices/system/node/node-1/cpumap, ignoring
ip-10-232-1-159:57:57 [0] NCCL INFO TOPO/NET : Importing network plugins to topology
ip-10-232-1-159:57:57 [0] NCCL INFO Could not get speed from /sys/class/net/ens5/speed. Defaulting to 10 Gbps.
ip-10-232-1-159:57:57 [0] NCCL INFO Topology detection : could not read /sys/devices/pci0000:00/0000:00:05.0/../max_link_speed, ignoring
ip-10-232-1-159:57:57 [0] NCCL INFO Topology detection : could not read /sys/devices/pci0000:00/0000:00:05.0/../max_link_width, ignoring
ip-10-232-1-159:57:57 [0] NCCL INFO Topology detection : could not read /sys/devices/system/node/node-1/cpumap, ignoring
ip-10-232-1-159:57:57 [0] NCCL INFO NET/Socket : GPU Direct RDMA Disabled for HCA 0 'ens5'
ip-10-232-1-159:57:57 [0] NCCL INFO ncclTopoPopulateNics : Filled ens5 in topo with pciPath=/sys/devices/pci0000:00/0000:00:05.0 net=1 gin=(null) keep=1 coll=(null)
ip-10-232-1-159:57:57 [0] NCCL INFO KV Convert to int : could not find value of 'Unknown' in dictionary, falling back to 60
ip-10-232-1-159:57:57 [0] NCCL INFO === System : maxBw 1.2 totalBw 24.0 ===
ip-10-232-1-159:57:57 [0] NCCL INFO CPU/0-ffffffffffffff (1/2/-1)
ip-10-232-1-159:57:57 [0] NCCL INFO + PCI[24.0] - GPU/0-1e0 (1)
ip-10-232-1-159:57:57 [0] NCCL INFO + PCI[12.0] - NIC/0-50
ip-10-232-1-159:57:57 [0] NCCL INFO               + NET[1.2] - NET/0-0 (0/0/0/1.250000)
ip-10-232-1-159:57:57 [0] NCCL INFO ==========================================
ip-10-232-1-159:57:57 [0] NCCL INFO GPU/0-1e0 :GPU/0-1e0 (0/5000.0/LOC) CPU/0-ffffffffffffff (1/24.0/PHB) NET/0-0 (3/1.2/PHB) 
ip-10-232-1-159:57:57 [0] NCCL INFO NET/0-0 :GPU/0-1e0 (3/1.2/PHB) CPU/0-ffffffffffffff (2/1.2/PHB) NET/0-0 (0/5000.0/LOC) 
ip-10-232-1-159:57:57 [0] NCCL INFO ncclTopoGetCpuAffinity: Affinity for GPU 0 is empty, ignoring. (GPU affinity =  ; CPU affinity = 0-3).
ip-10-232-1-159:57:57 [0] NCCL INFO Pattern 4, crossNic 0, nChannels 1, bw 1.200000/1.200000, type LOC/PHB, sameChannels 1
ip-10-232-1-159:57:57 [0] NCCL INFO  0 : NET/0-0 GPU/0-1e0 NET/0-0
ip-10-232-1-159:57:57 [0] NCCL INFO Pattern 3, crossNic 0, nChannels 1, bw 2.400000/1.200000, type LOC/PHB, sameChannels 1
ip-10-232-1-159:57:57 [0] NCCL INFO  0 : NET/0-0 GPU/0-1e0 NET/0-0
ip-10-232-1-159:57:57 [0] NCCL INFO Could not get speed from /sys/class/net/ens5/speed. Defaulting to 10 Gbps.
ip-10-232-1-159:57:57 [0] NCCL INFO comm 0x5c17e6792dc0 rank 1 nRanks 2 nNodes 2 localRanks 1 localRank 0 MNNVL 0
ip-10-232-1-159:57:57 [0] NCCL INFO Tree 0 : 0 -> 1 -> -1/-1/-1
ip-10-232-1-159:57:57 [0] NCCL INFO Tree 1 : -1 -> 1 -> 0/-1/-1
ip-10-232-1-159:57:57 [0] NCCL INFO Ring 00 : 0 -> 1 -> 0
ip-10-232-1-159:57:57 [0] NCCL INFO Ring 01 : 0 -> 1 -> 0
ip-10-232-1-159:57:57 [0] NCCL INFO Trees [0] -1/-1/-1->1->0 [1] 0/-1/-1->1->-1
ip-10-232-1-159:57:57 [0] NCCL INFO P2P Chunksize set to 131072
ip-10-232-1-159:57:57 [0] NCCL INFO Check P2P Type isAllDirectP2p 1 directMode 0 isAllCudaP2p 1
ip-10-232-1-159:57:148 [0] NCCL INFO [Proxy Service] Device 0 CPU core 2
ip-10-232-1-159:57:57 [0] NCCL INFO ncclP2pSchedule: group size used is 1
ip-10-232-1-159:57:149 [0] NCCL INFO [Proxy Service UDS] Device 0 CPU core 3
ip-10-232-1-159:57:57 [0] NCCL INFO threadThresholds 8/8/64 | 16/8/64 | 512 | 512
ip-10-232-1-159:57:57 [0] NCCL INFO 2 coll channels, 2 collnet channels, 0 nvls channels, 2 p2p channels, 1 p2p channels per peer
ip-10-232-1-159:57:57 [0] NCCL INFO Symmetric VA size=24GB
ip-10-232-1-159:57:57 [0] NCCL INFO Symmetric memory is not supported. cuMemEnable 1, globalGinSupport 0, globalNicFused 0 cuMemGdrSupport 1
ip-10-232-1-159:57:57 [0] NCCL INFO ncclCommInitRankConfig comm 0x5c17e6792dc0 rank 1 nranks 2 cudaDev 0 nvmlDev 0 busId 1e0 commId 0xd8e913acda069d3f - Init COMPLETE
ip-10-232-1-159:57:57 [0] NCCL INFO Init timings - ncclCommInitRankConfig: rank 1 nranks 2 total 0.09 (kernels 0.00, alloc 0.00, bootstrap 0.06, allgathers 0.03, topo 0.00, graphs 0.00, connections 0.00, rest 0.00)
ip-10-232-1-159:57:148 [0] NCCL INFO New proxy recv connection 0 from local rank 0, transport 2
ip-10-232-1-159:57:150 [0] NCCL INFO [Proxy Progress] Device 0 CPU core 1
ip-10-232-1-159:57:57 [0] NCCL INFO Connected to proxy localRank 0 -> connection 0x754eb0009560
ip-10-232-1-159:57:148 [0] NCCL INFO Could not get speed from /sys/class/net/ens5/speed. Defaulting to 10 Gbps.
ip-10-232-1-159:57:148 [0] NCCL INFO NET/Socket: Using 2 threads and 8 sockets per thread
ip-10-232-1-159:57:57 [0] NCCL INFO Channel 01/1 : 0[0] -> 1[0] [receive] via NET/Socket/0/Shared
ip-10-232-1-159:57:148 [0] NCCL INFO New proxy send connection 1 from local rank 0, transport 2
ip-10-232-1-159:57:57 [0] NCCL INFO Connected to proxy localRank 0 -> connection 0x754eb00095e8
ip-10-232-1-159:57:148 [0] NCCL INFO Could not get speed from /sys/class/net/ens5/speed. Defaulting to 10 Gbps.
ip-10-232-1-159:57:57 [0] NCCL INFO Channel 01/1 : 1[0] -> 0[0] [send] via NET/Socket/0/Shared
ip-10-232-1-159:57:57 [0] NCCL INFO Initialized NET plugin Socket
ip-10-232-1-159:57:57 [0] NCCL INFO Could not get speed from /sys/class/net/ens5/speed. Defaulting to 10 Gbps.
ip-10-232-1-159:57:57 [0] NCCL INFO Assigned NET plugin Socket to comm
ip-10-232-1-159:57:57 [0] NCCL INFO Failed to initialize any GIN plugin
ip-10-232-1-159:57:57 [0] NCCL INFO Using network Socket
ip-10-232-1-159:57:57 [0] NCCL INFO [Rank 1] ncclCommInitRankConfig comm 0x5c17ec28f130 rank 1 nranks 2 cudaDev 0 nvmlDev 0 busId 1e0 commId 0xa343a536b33e75f - Init START
ip-10-232-1-159:57:57 [0] NCCL INFO Topology detection : could not read /sys/devices/pci0000:00/0000:00:1e.0/../max_link_speed, ignoring
ip-10-232-1-159:57:57 [0] NCCL INFO Topology detection : could not read /sys/devices/pci0000:00/0000:00:1e.0/../max_link_width, ignoring
ip-10-232-1-159:57:57 [0] NCCL INFO Topology detection : could not read /sys/devices/system/node/node-1/cpumap, ignoring
ip-10-232-1-159:57:57 [0] NCCL INFO TOPO/NET : Importing network plugins to topology
ip-10-232-1-159:57:57 [0] NCCL INFO Could not get speed from /sys/class/net/ens5/speed. Defaulting to 10 Gbps.
ip-10-232-1-159:57:57 [0] NCCL INFO Topology detection : could not read /sys/devices/pci0000:00/0000:00:05.0/../max_link_speed, ignoring
ip-10-232-1-159:57:57 [0] NCCL INFO Topology detection : could not read /sys/devices/pci0000:00/0000:00:05.0/../max_link_width, ignoring
ip-10-232-1-159:57:57 [0] NCCL INFO Topology detection : could not read /sys/devices/system/node/node-1/cpumap, ignoring
ip-10-232-1-159:57:57 [0] NCCL INFO NET/Socket : GPU Direct RDMA Disabled for HCA 0 'ens5'
ip-10-232-1-159:57:57 [0] NCCL INFO ncclTopoPopulateNics : Filled ens5 in topo with pciPath=/sys/devices/pci0000:00/0000:00:05.0 net=1 gin=(null) keep=1 coll=(null)
ip-10-232-1-159:57:57 [0] NCCL INFO KV Convert to int : could not find value of 'Unknown' in dictionary, falling back to 60
ip-10-232-1-159:57:57 [0] NCCL INFO === System : maxBw 1.2 totalBw 24.0 ===
ip-10-232-1-159:57:57 [0] NCCL INFO CPU/0-ffffffffffffff (1/2/-1)
ip-10-232-1-159:57:57 [0] NCCL INFO + PCI[24.0] - GPU/0-1e0 (1)
ip-10-232-1-159:57:57 [0] NCCL INFO + PCI[12.0] - NIC/0-50
ip-10-232-1-159:57:57 [0] NCCL INFO               + NET[1.2] - NET/0-0 (0/0/0/1.250000)
ip-10-232-1-159:57:57 [0] NCCL INFO ==========================================
ip-10-232-1-159:57:57 [0] NCCL INFO GPU/0-1e0 :GPU/0-1e0 (0/5000.0/LOC) CPU/0-ffffffffffffff (1/24.0/PHB) NET/0-0 (3/1.2/PHB) 
ip-10-232-1-159:57:57 [0] NCCL INFO NET/0-0 :GPU/0-1e0 (3/1.2/PHB) CPU/0-ffffffffffffff (2/1.2/PHB) NET/0-0 (0/5000.0/LOC) 
ip-10-232-1-159:57:57 [0] NCCL INFO ncclTopoGetCpuAffinity: Affinity for GPU 0 is empty, ignoring. (GPU affinity =  ; CPU affinity = 0-3).
ip-10-232-1-159:57:57 [0] NCCL INFO Pattern 4, crossNic 0, nChannels 1, bw 1.200000/1.200000, type LOC/PHB, sameChannels 1
ip-10-232-1-159:57:57 [0] NCCL INFO  0 : NET/0-0 GPU/0-1e0 NET/0-0
ip-10-232-1-159:57:57 [0] NCCL INFO Pattern 3, crossNic 0, nChannels 1, bw 2.400000/1.200000, type LOC/PHB, sameChannels 1
ip-10-232-1-159:57:57 [0] NCCL INFO  0 : NET/0-0 GPU/0-1e0 NET/0-0
ip-10-232-1-159:57:57 [0] NCCL INFO Could not get speed from /sys/class/net/ens5/speed. Defaulting to 10 Gbps.
ip-10-232-1-159:57:57 [0] NCCL INFO comm 0x5c17ec28f130 rank 1 nRanks 2 nNodes 2 localRanks 1 localRank 0 MNNVL 0
ip-10-232-1-159:57:57 [0] NCCL INFO Tree 0 : 0 -> 1 -> -1/-1/-1
ip-10-232-1-159:57:57 [0] NCCL INFO Tree 1 : -1 -> 1 -> 0/-1/-1
ip-10-232-1-159:57:57 [0] NCCL INFO Ring 00 : 0 -> 1 -> 0
ip-10-232-1-159:57:57 [0] NCCL INFO Ring 01 : 0 -> 1 -> 0
ip-10-232-1-159:57:57 [0] NCCL INFO Trees [0] -1/-1/-1->1->0 [1] 0/-1/-1->1->-1
ip-10-232-1-159:57:57 [0] NCCL INFO P2P Chunksize set to 131072
ip-10-232-1-159:57:57 [0] NCCL INFO Check P2P Type isAllDirectP2p 1 directMode 0 isAllCudaP2p 1
ip-10-232-1-159:57:155 [0] NCCL INFO [Proxy Service] Device 0 CPU core 2
ip-10-232-1-159:57:57 [0] NCCL INFO ncclP2pSchedule: group size used is 1
ip-10-232-1-159:57:156 [0] NCCL INFO [Proxy Service UDS] Device 0 CPU core 0
ip-10-232-1-159:57:57 [0] NCCL INFO threadThresholds 8/8/64 | 16/8/64 | 512 | 512
ip-10-232-1-159:57:57 [0] NCCL INFO 2 coll channels, 2 collnet channels, 0 nvls channels, 2 p2p channels, 1 p2p channels per peer
ip-10-232-1-159:57:57 [0] NCCL INFO Symmetric VA size=24GB
ip-10-232-1-159:57:57 [0] NCCL INFO Symmetric memory is not supported. cuMemEnable 1, globalGinSupport 0, globalNicFused 0 cuMemGdrSupport 1
ip-10-232-1-159:57:57 [0] NCCL INFO ncclCommInitRankConfig comm 0x5c17ec28f130 rank 1 nranks 2 cudaDev 0 nvmlDev 0 busId 1e0 commId 0xa343a536b33e75f - Init COMPLETE
ip-10-232-1-159:57:57 [0] NCCL INFO Init timings - ncclCommInitRankConfig: rank 1 nranks 2 total 0.41 (kernels 0.00, alloc 0.00, bootstrap 0.29, allgathers 0.11, topo 0.00, graphs 0.00, connections 0.00, rest 0.00)
ip-10-232-1-159:57:155 [0] NCCL INFO New proxy recv connection 0 from local rank 0, transport 2
ip-10-232-1-159:57:157 [0] NCCL INFO [Proxy Progress] Device 0 CPU core 0
ip-10-232-1-159:57:57 [0] NCCL INFO Connected to proxy localRank 0 -> connection 0x754ed686dd10
ip-10-232-1-159:57:155 [0] NCCL INFO Could not get speed from /sys/class/net/ens5/speed. Defaulting to 10 Gbps.
ip-10-232-1-159:57:155 [0] NCCL INFO NET/Socket: Using 2 threads and 8 sockets per thread
ip-10-232-1-159:57:57 [0] NCCL INFO Channel 01/1 : 0[0] -> 1[0] [receive] via NET/Socket/0/Shared
ip-10-232-1-159:57:155 [0] NCCL INFO New proxy send connection 1 from local rank 0, transport 2
ip-10-232-1-159:57:57 [0] NCCL INFO Connected to proxy localRank 0 -> connection 0x754ed686dd98
ip-10-232-1-159:57:155 [0] NCCL INFO Could not get speed from /sys/class/net/ens5/speed. Defaulting to 10 Gbps.
ip-10-232-1-159:57:57 [0] NCCL INFO Channel 01/1 : 1[0] -> 0[0] [send] via NET/Socket/0/Shared
ip-10-232-1-159:57:57 [0] NCCL INFO Initialized NET plugin Socket
ip-10-232-1-159:57:57 [0] NCCL INFO Could not get speed from /sys/class/net/ens5/speed. Defaulting to 10 Gbps.
ip-10-232-1-159:57:57 [0] NCCL INFO Assigned NET plugin Socket to comm
ip-10-232-1-159:57:57 [0] NCCL INFO Failed to initialize any GIN plugin
ip-10-232-1-159:57:57 [0] NCCL INFO Using network Socket
ip-10-232-1-159:57:57 [0] NCCL INFO [Rank 0] ncclCommInitRankConfig comm 0x5c17f20ee400 rank 0 nranks 2 cudaDev 0 nvmlDev 0 busId 1e0 commId 0x3bd0965014e5f9f8 - Init START
ip-10-232-1-159:57:57 [0] NCCL INFO Topology detection : could not read /sys/devices/pci0000:00/0000:00:1e.0/../max_link_speed, ignoring
ip-10-232-1-159:57:57 [0] NCCL INFO Topology detection : could not read /sys/devices/pci0000:00/0000:00:1e.0/../max_link_width, ignoring
ip-10-232-1-159:57:57 [0] NCCL INFO Topology detection : could not read /sys/devices/system/node/node-1/cpumap, ignoring
ip-10-232-1-159:57:57 [0] NCCL INFO TOPO/NET : Importing network plugins to topology
ip-10-232-1-159:57:57 [0] NCCL INFO Could not get speed from /sys/class/net/ens5/speed. Defaulting to 10 Gbps.
ip-10-232-1-159:57:57 [0] NCCL INFO Topology detection : could not read /sys/devices/pci0000:00/0000:00:05.0/../max_link_speed, ignoring
ip-10-232-1-159:57:57 [0] NCCL INFO Topology detection : could not read /sys/devices/pci0000:00/0000:00:05.0/../max_link_width, ignoring
ip-10-232-1-159:57:57 [0] NCCL INFO Topology detection : could not read /sys/devices/system/node/node-1/cpumap, ignoring
ip-10-232-1-159:57:57 [0] NCCL INFO NET/Socket : GPU Direct RDMA Disabled for HCA 0 'ens5'
ip-10-232-1-159:57:57 [0] NCCL INFO ncclTopoPopulateNics : Filled ens5 in topo with pciPath=/sys/devices/pci0000:00/0000:00:05.0 net=1 gin=(null) keep=1 coll=(null)
ip-10-232-1-159:57:57 [0] NCCL INFO KV Convert to int : could not find value of 'Unknown' in dictionary, falling back to 60
ip-10-232-1-159:57:57 [0] NCCL INFO === System : maxBw 1.2 totalBw 24.0 ===
ip-10-232-1-159:57:57 [0] NCCL INFO CPU/0-ffffffffffffff (1/2/-1)
ip-10-232-1-159:57:57 [0] NCCL INFO + PCI[24.0] - GPU/0-1e0 (0)
ip-10-232-1-159:57:57 [0] NCCL INFO + PCI[12.0] - NIC/0-50
ip-10-232-1-159:57:57 [0] NCCL INFO               + NET[1.2] - NET/0-0 (0/0/0/1.250000)
ip-10-232-1-159:57:57 [0] NCCL INFO ==========================================
ip-10-232-1-159:57:57 [0] NCCL INFO GPU/0-1e0 :GPU/0-1e0 (0/5000.0/LOC) CPU/0-ffffffffffffff (1/24.0/PHB) NET/0-0 (3/1.2/PHB) 
ip-10-232-1-159:57:57 [0] NCCL INFO NET/0-0 :GPU/0-1e0 (3/1.2/PHB) CPU/0-ffffffffffffff (2/1.2/PHB) NET/0-0 (0/5000.0/LOC) 
ip-10-232-1-159:57:57 [0] NCCL INFO ncclTopoGetCpuAffinity: Affinity for GPU 0 is empty, ignoring. (GPU affinity =  ; CPU affinity = 0-3).
ip-10-232-1-159:57:57 [0] NCCL INFO Pattern 4, crossNic 0, nChannels 1, bw 1.200000/1.200000, type LOC/PHB, sameChannels 1
ip-10-232-1-159:57:57 [0] NCCL INFO  0 : NET/0-0 GPU/0-1e0 NET/0-0
ip-10-232-1-159:57:57 [0] NCCL INFO Pattern 3, crossNic 0, nChannels 1, bw 2.400000/1.200000, type LOC/PHB, sameChannels 1
ip-10-232-1-159:57:57 [0] NCCL INFO  0 : NET/0-0 GPU/0-1e0 NET/0-0
ip-10-232-1-159:57:57 [0] NCCL INFO Could not get speed from /sys/class/net/ens5/speed. Defaulting to 10 Gbps.
ip-10-232-1-159:57:57 [0] NCCL INFO comm 0x5c17f20ee400 rank 0 nRanks 2 nNodes 2 localRanks 1 localRank 0 MNNVL 0
ip-10-232-1-159:57:57 [0] NCCL INFO Tree 0 : -1 -> 0 -> 1/-1/-1
ip-10-232-1-159:57:57 [0] NCCL INFO Tree 1 : 1 -> 0 -> -1/-1/-1
ip-10-232-1-159:57:57 [0] NCCL INFO Channel 00/02 : 0 1
ip-10-232-1-159:57:57 [0] NCCL INFO Channel 01/02 : 0 1
ip-10-232-1-159:57:57 [0] NCCL INFO Ring 00 : 1 -> 0 -> 1
ip-10-232-1-159:57:57 [0] NCCL INFO Ring 01 : 1 -> 0 -> 1
ip-10-232-1-159:57:57 [0] NCCL INFO Trees [0] 1/-1/-1->0->-1 [1] -1/-1/-1->0->1
ip-10-232-1-159:57:57 [0] NCCL INFO P2P Chunksize set to 131072
ip-10-232-1-159:57:57 [0] NCCL INFO Check P2P Type isAllDirectP2p 1 directMode 0 isAllCudaP2p 1
ip-10-232-1-159:57:163 [0] NCCL INFO [Proxy Service] Device 0 CPU core 0
ip-10-232-1-159:57:57 [0] NCCL INFO ncclP2pSchedule: group size used is 1
ip-10-232-1-159:57:164 [0] NCCL INFO [Proxy Service UDS] Device 0 CPU core 0
ip-10-232-1-159:57:57 [0] NCCL INFO threadThresholds 8/8/64 | 16/8/64 | 512 | 512
ip-10-232-1-159:57:57 [0] NCCL INFO 2 coll channels, 2 collnet channels, 0 nvls channels, 2 p2p channels, 1 p2p channels per peer
ip-10-232-1-159:57:57 [0] NCCL INFO Symmetric VA size=24GB
ip-10-232-1-159:57:57 [0] NCCL INFO Symmetric memory is not supported. cuMemEnable 1, globalGinSupport 0, globalNicFused 0 cuMemGdrSupport 1
ip-10-232-1-159:57:57 [0] NCCL INFO CC Off, workFifoBytes 1048576
ip-10-232-1-159:57:57 [0] NCCL INFO ncclCommInitRankConfig comm 0x5c17f20ee400 rank 0 nranks 2 cudaDev 0 nvmlDev 0 busId 1e0 commId 0x3bd0965014e5f9f8 - Init COMPLETE
ip-10-232-1-159:57:57 [0] NCCL INFO Init timings - ncclCommInitRankConfig: rank 0 nranks 2 total 0.77 (kernels 0.00, alloc 0.00, bootstrap 0.60, allgathers 0.17, topo 0.00, graphs 0.00, connections 0.00, rest 0.00)
ip-10-232-1-159:57:163 [0] NCCL INFO New proxy send connection 0 from local rank 0, transport 2
ip-10-232-1-159:57:165 [0] NCCL INFO [Proxy Progress] Device 0 CPU core 3
ip-10-232-1-159:57:57 [0] NCCL INFO Connected to proxy localRank 0 -> connection 0x754f5c008ae0
ip-10-232-1-159:57:163 [0] NCCL INFO Could not get speed from /sys/class/net/ens5/speed. Defaulting to 10 Gbps.
ip-10-232-1-159:57:57 [0] NCCL INFO Channel 01/1 : 0[0] -> 1[0] [send] via NET/Socket/0/Shared
ip-10-232-1-159:57:163 [0] NCCL INFO New proxy recv connection 1 from local rank 0, transport 2
ip-10-232-1-159:57:57 [0] NCCL INFO Connected to proxy localRank 0 -> connection 0x754f5c008b68
ip-10-232-1-159:57:163 [0] NCCL INFO Could not get speed from /sys/class/net/ens5/speed. Defaulting to 10 Gbps.
ip-10-232-1-159:57:163 [0] NCCL INFO NET/Socket: Using 2 threads and 8 sockets per thread
ip-10-232-1-159:57:57 [0] NCCL INFO Channel 01/1 : 1[0] -> 0[0] [receive] via NET/Socket/0/Shared
ip-10-232-1-159:57:57 [0] NCCL INFO Initialized NET plugin Socket
ip-10-232-1-159:57:57 [0] NCCL INFO Could not get speed from /sys/class/net/ens5/speed. Defaulting to 10 Gbps.
ip-10-232-1-159:57:57 [0] NCCL INFO Assigned NET plugin Socket to comm
ip-10-232-1-159:57:57 [0] NCCL INFO Failed to initialize any GIN plugin
ip-10-232-1-159:57:57 [0] NCCL INFO Using network Socket
ip-10-232-1-159:57:57 [0] NCCL INFO [Rank 0] ncclCommInitRankConfig comm 0x5c17ec3b3f20 rank 0 nranks 2 cudaDev 0 nvmlDev 0 busId 1e0 commId 0xaa3d7aa106f3249c - Init START
ip-10-232-1-159:57:57 [0] NCCL INFO Topology detection : could not read /sys/devices/pci0000:00/0000:00:1e.0/../max_link_speed, ignoring
ip-10-232-1-159:57:57 [0] NCCL INFO Topology detection : could not read /sys/devices/pci0000:00/0000:00:1e.0/../max_link_width, ignoring
ip-10-232-1-159:57:57 [0] NCCL INFO Topology detection : could not read /sys/devices/system/node/node-1/cpumap, ignoring
ip-10-232-1-159:57:57 [0] NCCL INFO TOPO/NET : Importing network plugins to topology
ip-10-232-1-159:57:57 [0] NCCL INFO Could not get speed from /sys/class/net/ens5/speed. Defaulting to 10 Gbps.
ip-10-232-1-159:57:57 [0] NCCL INFO Topology detection : could not read /sys/devices/pci0000:00/0000:00:05.0/../max_link_speed, ignoring
ip-10-232-1-159:57:57 [0] NCCL INFO Topology detection : could not read /sys/devices/pci0000:00/0000:00:05.0/../max_link_width, ignoring
ip-10-232-1-159:57:57 [0] NCCL INFO Topology detection : could not read /sys/devices/system/node/node-1/cpumap, ignoring
ip-10-232-1-159:57:57 [0] NCCL INFO NET/Socket : GPU Direct RDMA Disabled for HCA 0 'ens5'
ip-10-232-1-159:57:57 [0] NCCL INFO ncclTopoPopulateNics : Filled ens5 in topo with pciPath=/sys/devices/pci0000:00/0000:00:05.0 net=1 gin=(null) keep=1 coll=(null)
ip-10-232-1-159:57:57 [0] NCCL INFO KV Convert to int : could not find value of 'Unknown' in dictionary, falling back to 60
ip-10-232-1-159:57:57 [0] NCCL INFO === System : maxBw 1.2 totalBw 24.0 ===
ip-10-232-1-159:57:57 [0] NCCL INFO CPU/0-ffffffffffffff (1/2/-1)
ip-10-232-1-159:57:57 [0] NCCL INFO + PCI[24.0] - GPU/0-1e0 (0)
ip-10-232-1-159:57:57 [0] NCCL INFO + PCI[12.0] - NIC/0-50
ip-10-232-1-159:57:57 [0] NCCL INFO               + NET[1.2] - NET/0-0 (0/0/0/1.250000)
ip-10-232-1-159:57:57 [0] NCCL INFO ==========================================
ip-10-232-1-159:57:57 [0] NCCL INFO GPU/0-1e0 :GPU/0-1e0 (0/5000.0/LOC) CPU/0-ffffffffffffff (1/24.0/PHB) NET/0-0 (3/1.2/PHB) 
ip-10-232-1-159:57:57 [0] NCCL INFO NET/0-0 :GPU/0-1e0 (3/1.2/PHB) CPU/0-ffffffffffffff (2/1.2/PHB) NET/0-0 (0/5000.0/LOC) 
ip-10-232-1-159:57:57 [0] NCCL INFO ncclTopoGetCpuAffinity: Affinity for GPU 0 is empty, ignoring. (GPU affinity =  ; CPU affinity = 0-3).
ip-10-232-1-159:57:57 [0] NCCL INFO Pattern 4, crossNic 0, nChannels 1, bw 1.200000/1.200000, type LOC/PHB, sameChannels 1
ip-10-232-1-159:57:57 [0] NCCL INFO  0 : NET/0-0 GPU/0-1e0 NET/0-0
ip-10-232-1-159:57:57 [0] NCCL INFO Pattern 3, crossNic 0, nChannels 1, bw 2.400000/1.200000, type LOC/PHB, sameChannels 1
ip-10-232-1-159:57:57 [0] NCCL INFO  0 : NET/0-0 GPU/0-1e0 NET/0-0
ip-10-232-1-159:57:57 [0] NCCL INFO Could not get speed from /sys/class/net/ens5/speed. Defaulting to 10 Gbps.
ip-10-232-1-159:57:57 [0] NCCL INFO comm 0x5c17ec3b3f20 rank 0 nRanks 2 nNodes 2 localRanks 1 localRank 0 MNNVL 0
ip-10-232-1-159:57:57 [0] NCCL INFO Tree 0 : -1 -> 0 -> 1/-1/-1
ip-10-232-1-159:57:57 [0] NCCL INFO Tree 1 : 1 -> 0 -> -1/-1/-1
ip-10-232-1-159:57:57 [0] NCCL INFO Channel 00/02 : 0 1
ip-10-232-1-159:57:57 [0] NCCL INFO Channel 01/02 : 0 1
ip-10-232-1-159:57:57 [0] NCCL INFO Ring 00 : 1 -> 0 -> 1
ip-10-232-1-159:57:57 [0] NCCL INFO Ring 01 : 1 -> 0 -> 1
ip-10-232-1-159:57:57 [0] NCCL INFO Trees [0] 1/-1/-1->0->-1 [1] -1/-1/-1->0->1
ip-10-232-1-159:57:57 [0] NCCL INFO P2P Chunksize set to 131072
ip-10-232-1-159:57:57 [0] NCCL INFO Check P2P Type isAllDirectP2p 1 directMode 0 isAllCudaP2p 1
ip-10-232-1-159:57:57 [0] NCCL INFO ncclP2pSchedule: group size used is 1
ip-10-232-1-159:57:171 [0] NCCL INFO [Proxy Service] Device 0 CPU core 3
ip-10-232-1-159:57:172 [0] NCCL INFO [Proxy Service UDS] Device 0 CPU core 3
ip-10-232-1-159:57:57 [0] NCCL INFO threadThresholds 8/8/64 | 16/8/64 | 512 | 512
ip-10-232-1-159:57:57 [0] NCCL INFO 2 coll channels, 2 collnet channels, 0 nvls channels, 2 p2p channels, 1 p2p channels per peer
ip-10-232-1-159:57:57 [0] NCCL INFO Symmetric VA size=24GB
ip-10-232-1-159:57:57 [0] NCCL INFO Symmetric memory is not supported. cuMemEnable 1, globalGinSupport 0, globalNicFused 0 cuMemGdrSupport 1
ip-10-232-1-159:57:57 [0] NCCL INFO CC Off, workFifoBytes 1048576
ip-10-232-1-159:57:57 [0] NCCL INFO ncclCommInitRankConfig comm 0x5c17ec3b3f20 rank 0 nranks 2 cudaDev 0 nvmlDev 0 busId 1e0 commId 0xaa3d7aa106f3249c - Init COMPLETE
ip-10-232-1-159:57:57 [0] NCCL INFO Init timings - ncclCommInitRankConfig: rank 0 nranks 2 total 0.83 (kernels 0.00, alloc 0.00, bootstrap 0.64, allgathers 0.19, topo 0.00, graphs 0.00, connections 0.00, rest 0.00)
ip-10-232-1-159:57:171 [0] NCCL INFO New proxy send connection 0 from local rank 0, transport 2
ip-10-232-1-159:57:173 [0] NCCL INFO [Proxy Progress] Device 0 CPU core 1
ip-10-232-1-159:57:57 [0] NCCL INFO Connected to proxy localRank 0 -> connection 0x754f680b8c00
ip-10-232-1-159:57:171 [0] NCCL INFO Could not get speed from /sys/class/net/ens5/speed. Defaulting to 10 Gbps.
ip-10-232-1-159:57:57 [0] NCCL INFO Channel 01/1 : 0[0] -> 1[0] [send] via NET/Socket/0/Shared
ip-10-232-1-159:57:171 [0] NCCL INFO New proxy recv connection 1 from local rank 0, transport 2
ip-10-232-1-159:57:57 [0] NCCL INFO Connected to proxy localRank 0 -> connection 0x754f680b8c88
ip-10-232-1-159:57:171 [0] NCCL INFO Could not get speed from /sys/class/net/ens5/speed. Defaulting to 10 Gbps.
ip-10-232-1-159:57:171 [0] NCCL INFO NET/Socket: Using 2 threads and 8 sockets per thread
ip-10-232-1-159:57:57 [0] NCCL INFO Channel 01/1 : 1[0] -> 0[0] [receive] via NET/Socket/0/Shared
ip-10-232-1-159:57:57 [0] NCCL INFO Initialized NET plugin Socket
ip-10-232-1-159:57:57 [0] NCCL INFO Could not get speed from /sys/class/net/ens5/speed. Defaulting to 10 Gbps.
ip-10-232-1-159:57:57 [0] NCCL INFO Assigned NET plugin Socket to comm
ip-10-232-1-159:57:57 [0] NCCL INFO Failed to initialize any GIN plugin
ip-10-232-1-159:57:57 [0] NCCL INFO Using network Socket
ip-10-232-1-159:57:57 [0] NCCL INFO [Rank 0] ncclCommInitRankConfig comm 0x5c17ec56f9d0 rank 0 nranks 2 cudaDev 0 nvmlDev 0 busId 1e0 commId 0x4f7991a25959318e - Init START
ip-10-232-1-159:57:57 [0] NCCL INFO Topology detection : could not read /sys/devices/pci0000:00/0000:00:1e.0/../max_link_speed, ignoring
ip-10-232-1-159:57:57 [0] NCCL INFO Topology detection : could not read /sys/devices/pci0000:00/0000:00:1e.0/../max_link_width, ignoring
ip-10-232-1-159:57:57 [0] NCCL INFO Topology detection : could not read /sys/devices/system/node/node-1/cpumap, ignoring
ip-10-232-1-159:57:57 [0] NCCL INFO TOPO/NET : Importing network plugins to topology
ip-10-232-1-159:57:57 [0] NCCL INFO Could not get speed from /sys/class/net/ens5/speed. Defaulting to 10 Gbps.
ip-10-232-1-159:57:57 [0] NCCL INFO Topology detection : could not read /sys/devices/pci0000:00/0000:00:05.0/../max_link_speed, ignoring
ip-10-232-1-159:57:57 [0] NCCL INFO Topology detection : could not read /sys/devices/pci0000:00/0000:00:05.0/../max_link_width, ignoring
ip-10-232-1-159:57:57 [0] NCCL INFO Topology detection : could not read /sys/devices/system/node/node-1/cpumap, ignoring
ip-10-232-1-159:57:57 [0] NCCL INFO NET/Socket : GPU Direct RDMA Disabled for HCA 0 'ens5'
ip-10-232-1-159:57:57 [0] NCCL INFO ncclTopoPopulateNics : Filled ens5 in topo with pciPath=/sys/devices/pci0000:00/0000:00:05.0 net=1 gin=(null) keep=1 coll=(null)
ip-10-232-1-159:57:57 [0] NCCL INFO KV Convert to int : could not find value of 'Unknown' in dictionary, falling back to 60
ip-10-232-1-159:57:57 [0] NCCL INFO === System : maxBw 1.2 totalBw 24.0 ===
ip-10-232-1-159:57:57 [0] NCCL INFO CPU/0-ffffffffffffff (1/2/-1)
ip-10-232-1-159:57:57 [0] NCCL INFO + PCI[24.0] - GPU/0-1e0 (0)
ip-10-232-1-159:57:57 [0] NCCL INFO + PCI[12.0] - NIC/0-50
ip-10-232-1-159:57:57 [0] NCCL INFO               + NET[1.2] - NET/0-0 (0/0/0/1.250000)
ip-10-232-1-159:57:57 [0] NCCL INFO ==========================================
ip-10-232-1-159:57:57 [0] NCCL INFO GPU/0-1e0 :GPU/0-1e0 (0/5000.0/LOC) CPU/0-ffffffffffffff (1/24.0/PHB) NET/0-0 (3/1.2/PHB) 
ip-10-232-1-159:57:57 [0] NCCL INFO NET/0-0 :GPU/0-1e0 (3/1.2/PHB) CPU/0-ffffffffffffff (2/1.2/PHB) NET/0-0 (0/5000.0/LOC) 
ip-10-232-1-159:57:57 [0] NCCL INFO ncclTopoGetCpuAffinity: Affinity for GPU 0 is empty, ignoring. (GPU affinity =  ; CPU affinity = 0-3).
ip-10-232-1-159:57:57 [0] NCCL INFO Pattern 4, crossNic 0, nChannels 1, bw 1.200000/1.200000, type LOC/PHB, sameChannels 1
ip-10-232-1-159:57:57 [0] NCCL INFO  0 : NET/0-0 GPU/0-1e0 NET/0-0
ip-10-232-1-159:57:57 [0] NCCL INFO Pattern 3, crossNic 0, nChannels 1, bw 2.400000/1.200000, type LOC/PHB, sameChannels 1
ip-10-232-1-159:57:57 [0] NCCL INFO  0 : NET/0-0 GPU/0-1e0 NET/0-0
ip-10-232-1-159:57:57 [0] NCCL INFO Could not get speed from /sys/class/net/ens5/speed. Defaulting to 10 Gbps.
ip-10-232-1-159:57:57 [0] NCCL INFO comm 0x5c17ec56f9d0 rank 0 nRanks 2 nNodes 2 localRanks 1 localRank 0 MNNVL 0
ip-10-232-1-159:57:57 [0] NCCL INFO Tree 0 : -1 -> 0 -> 1/-1/-1
ip-10-232-1-159:57:57 [0] NCCL INFO Tree 1 : 1 -> 0 -> -1/-1/-1
ip-10-232-1-159:57:57 [0] NCCL INFO Channel 00/02 : 0 1
ip-10-232-1-159:57:57 [0] NCCL INFO Channel 01/02 : 0 1
ip-10-232-1-159:57:57 [0] NCCL INFO Ring 00 : 1 -> 0 -> 1
ip-10-232-1-159:57:57 [0] NCCL INFO Ring 01 : 1 -> 0 -> 1
ip-10-232-1-159:57:57 [0] NCCL INFO Trees [0] 1/-1/-1->0->-1 [1] -1/-1/-1->0->1
ip-10-232-1-159:57:57 [0] NCCL INFO P2P Chunksize set to 131072
ip-10-232-1-159:57:57 [0] NCCL INFO Check P2P Type isAllDirectP2p 1 directMode 0 isAllCudaP2p 1
ip-10-232-1-159:57:57 [0] NCCL INFO ncclP2pSchedule: group size used is 1
ip-10-232-1-159:57:179 [0] NCCL INFO [Proxy Service] Device 0 CPU core 1
ip-10-232-1-159:57:180 [0] NCCL INFO [Proxy Service UDS] Device 0 CPU core 1
ip-10-232-1-159:57:57 [0] NCCL INFO threadThresholds 8/8/64 | 16/8/64 | 512 | 512
ip-10-232-1-159:57:57 [0] NCCL INFO 2 coll channels, 2 collnet channels, 0 nvls channels, 2 p2p channels, 1 p2p channels per peer
ip-10-232-1-159:57:57 [0] NCCL INFO Symmetric VA size=24GB
ip-10-232-1-159:57:57 [0] NCCL INFO Symmetric memory is not supported. cuMemEnable 1, globalGinSupport 0, globalNicFused 0 cuMemGdrSupport 1
ip-10-232-1-159:57:57 [0] NCCL INFO CC Off, workFifoBytes 1048576
ip-10-232-1-159:57:57 [0] NCCL INFO ncclCommInitRankConfig comm 0x5c17ec56f9d0 rank 0 nranks 2 cudaDev 0 nvmlDev 0 busId 1e0 commId 0x4f7991a25959318e - Init COMPLETE
ip-10-232-1-159:57:57 [0] NCCL INFO Init timings - ncclCommInitRankConfig: rank 0 nranks 2 total 1.29 (kernels 0.00, alloc 0.00, bootstrap 1.05, allgathers 0.23, topo 0.00, graphs 0.00, connections 0.00, rest 0.00)
ip-10-232-1-159:57:179 [0] NCCL INFO New proxy send connection 0 from local rank 0, transport 2
ip-10-232-1-159:57:181 [0] NCCL INFO [Proxy Progress] Device 0 CPU core 2
ip-10-232-1-159:57:57 [0] NCCL INFO Connected to proxy localRank 0 -> connection 0x754f84005260
ip-10-232-1-159:57:179 [0] NCCL INFO Could not get speed from /sys/class/net/ens5/speed. Defaulting to 10 Gbps.
ip-10-232-1-159:57:57 [0] NCCL INFO Channel 01/1 : 0[0] -> 1[0] [send] via NET/Socket/0/Shared
ip-10-232-1-159:57:179 [0] NCCL INFO New proxy recv connection 1 from local rank 0, transport 2
ip-10-232-1-159:57:57 [0] NCCL INFO Connected to proxy localRank 0 -> connection 0x754f840052e8
ip-10-232-1-159:57:179 [0] NCCL INFO Could not get speed from /sys/class/net/ens5/speed. Defaulting to 10 Gbps.
ip-10-232-1-159:57:179 [0] NCCL INFO NET/Socket: Using 2 threads and 8 sockets per thread
ip-10-232-1-159:57:57 [0] NCCL INFO Channel 01/1 : 1[0] -> 0[0] [receive] via NET/Socket/0/Shared
ip-10-232-1-159:57:57 [0] NCCL INFO Initialized NET plugin Socket
ip-10-232-1-159:57:57 [0] NCCL INFO Could not get speed from /sys/class/net/ens5/speed. Defaulting to 10 Gbps.
ip-10-232-1-159:57:57 [0] NCCL INFO Assigned NET plugin Socket to comm
ip-10-232-1-159:57:57 [0] NCCL INFO Failed to initialize any GIN plugin
ip-10-232-1-159:57:57 [0] NCCL INFO Using network Socket
ip-10-232-1-159:57:57 [0] NCCL INFO [Rank 0] ncclCommInitRankConfig comm 0x5c17f2b132c0 rank 0 nranks 2 cudaDev 0 nvmlDev 0 busId 1e0 commId 0x68bb798152c795fd - Init START
ip-10-232-1-159:57:57 [0] NCCL INFO Topology detection : could not read /sys/devices/pci0000:00/0000:00:1e.0/../max_link_speed, ignoring
ip-10-232-1-159:57:57 [0] NCCL INFO Topology detection : could not read /sys/devices/pci0000:00/0000:00:1e.0/../max_link_width, ignoring
ip-10-232-1-159:57:57 [0] NCCL INFO Topology detection : could not read /sys/devices/system/node/node-1/cpumap, ignoring
ip-10-232-1-159:57:57 [0] NCCL INFO TOPO/NET : Importing network plugins to topology
ip-10-232-1-159:57:57 [0] NCCL INFO Could not get speed from /sys/class/net/ens5/speed. Defaulting to 10 Gbps.
ip-10-232-1-159:57:57 [0] NCCL INFO Topology detection : could not read /sys/devices/pci0000:00/0000:00:05.0/../max_link_speed, ignoring
ip-10-232-1-159:57:57 [0] NCCL INFO Topology detection : could not read /sys/devices/pci0000:00/0000:00:05.0/../max_link_width, ignoring
ip-10-232-1-159:57:57 [0] NCCL INFO Topology detection : could not read /sys/devices/system/node/node-1/cpumap, ignoring
ip-10-232-1-159:57:57 [0] NCCL INFO NET/Socket : GPU Direct RDMA Disabled for HCA 0 'ens5'
ip-10-232-1-159:57:57 [0] NCCL INFO ncclTopoPopulateNics : Filled ens5 in topo with pciPath=/sys/devices/pci0000:00/0000:00:05.0 net=1 gin=(null) keep=1 coll=(null)
ip-10-232-1-159:57:57 [0] NCCL INFO KV Convert to int : could not find value of 'Unknown' in dictionary, falling back to 60
ip-10-232-1-159:57:57 [0] NCCL INFO === System : maxBw 1.2 totalBw 24.0 ===
ip-10-232-1-159:57:57 [0] NCCL INFO CPU/0-ffffffffffffff (1/2/-1)
ip-10-232-1-159:57:57 [0] NCCL INFO + PCI[24.0] - GPU/0-1e0 (0)
ip-10-232-1-159:57:57 [0] NCCL INFO + PCI[12.0] - NIC/0-50
ip-10-232-1-159:57:57 [0] NCCL INFO               + NET[1.2] - NET/0-0 (0/0/0/1.250000)
ip-10-232-1-159:57:57 [0] NCCL INFO ==========================================
ip-10-232-1-159:57:57 [0] NCCL INFO GPU/0-1e0 :GPU/0-1e0 (0/5000.0/LOC) CPU/0-ffffffffffffff (1/24.0/PHB) NET/0-0 (3/1.2/PHB) 
ip-10-232-1-159:57:57 [0] NCCL INFO NET/0-0 :GPU/0-1e0 (3/1.2/PHB) CPU/0-ffffffffffffff (2/1.2/PHB) NET/0-0 (0/5000.0/LOC) 
ip-10-232-1-159:57:57 [0] NCCL INFO ncclTopoGetCpuAffinity: Affinity for GPU 0 is empty, ignoring. (GPU affinity =  ; CPU affinity = 0-3).
ip-10-232-1-159:57:57 [0] NCCL INFO Pattern 4, crossNic 0, nChannels 1, bw 1.200000/1.200000, type LOC/PHB, sameChannels 1
ip-10-232-1-159:57:57 [0] NCCL INFO  0 : NET/0-0 GPU/0-1e0 NET/0-0
ip-10-232-1-159:57:57 [0] NCCL INFO Pattern 3, crossNic 0, nChannels 1, bw 2.400000/1.200000, type LOC/PHB, sameChannels 1
ip-10-232-1-159:57:57 [0] NCCL INFO  0 : NET/0-0 GPU/0-1e0 NET/0-0
ip-10-232-1-159:57:57 [0] NCCL INFO Could not get speed from /sys/class/net/ens5/speed. Defaulting to 10 Gbps.
ip-10-232-1-159:57:57 [0] NCCL INFO comm 0x5c17f2b132c0 rank 0 nRanks 2 nNodes 2 localRanks 1 localRank 0 MNNVL 0
ip-10-232-1-159:57:57 [0] NCCL INFO Tree 0 : -1 -> 0 -> 1/-1/-1
ip-10-232-1-159:57:57 [0] NCCL INFO Tree 1 : 1 -> 0 -> -1/-1/-1
ip-10-232-1-159:57:57 [0] NCCL INFO Channel 00/02 : 0 1
ip-10-232-1-159:57:57 [0] NCCL INFO Channel 01/02 : 0 1
ip-10-232-1-159:57:57 [0] NCCL INFO Ring 00 : 1 -> 0 -> 1
ip-10-232-1-159:57:57 [0] NCCL INFO Ring 01 : 1 -> 0 -> 1
ip-10-232-1-159:57:57 [0] NCCL INFO Trees [0] 1/-1/-1->0->-1 [1] -1/-1/-1->0->1
ip-10-232-1-159:57:57 [0] NCCL INFO P2P Chunksize set to 131072
ip-10-232-1-159:57:57 [0] NCCL INFO Check P2P Type isAllDirectP2p 1 directMode 0 isAllCudaP2p 1
ip-10-232-1-159:57:187 [0] NCCL INFO [Proxy Service] Device 0 CPU core 2
ip-10-232-1-159:57:188 [0] NCCL INFO [Proxy Service UDS] Device 0 CPU core 1
ip-10-232-1-159:57:57 [0] NCCL INFO ncclP2pSchedule: group size used is 1
ip-10-232-1-159:57:57 [0] NCCL INFO threadThresholds 8/8/64 | 16/8/64 | 512 | 512
ip-10-232-1-159:57:57 [0] NCCL INFO 2 coll channels, 2 collnet channels, 0 nvls channels, 2 p2p channels, 1 p2p channels per peer
ip-10-232-1-159:57:57 [0] NCCL INFO Symmetric VA size=24GB
ip-10-232-1-159:57:57 [0] NCCL INFO Symmetric memory is not supported. cuMemEnable 1, globalGinSupport 0, globalNicFused 0 cuMemGdrSupport 1
ip-10-232-1-159:57:57 [0] NCCL INFO CC Off, workFifoBytes 1048576
ip-10-232-1-159:57:57 [0] NCCL INFO ncclCommInitRankConfig comm 0x5c17f2b132c0 rank 0 nranks 2 cudaDev 0 nvmlDev 0 busId 1e0 commId 0x68bb798152c795fd - Init COMPLETE
ip-10-232-1-159:57:57 [0] NCCL INFO Init timings - ncclCommInitRankConfig: rank 0 nranks 2 total 0.97 (kernels 0.00, alloc 0.00, bootstrap 0.77, allgathers 0.19, topo 0.00, graphs 0.00, connections 0.00, rest 0.00)
ip-10-232-1-159:57:187 [0] NCCL INFO New proxy send connection 0 from local rank 0, transport 2
ip-10-232-1-159:57:189 [0] NCCL INFO [Proxy Progress] Device 0 CPU core 0
ip-10-232-1-159:57:57 [0] NCCL INFO Connected to proxy localRank 0 -> connection 0x754fac005220
ip-10-232-1-159:57:187 [0] NCCL INFO Could not get speed from /sys/class/net/ens5/speed. Defaulting to 10 Gbps.
ip-10-232-1-159:57:57 [0] NCCL INFO Channel 01/1 : 0[0] -> 1[0] [send] via NET/Socket/0/Shared
ip-10-232-1-159:57:187 [0] NCCL INFO New proxy recv connection 1 from local rank 0, transport 2
ip-10-232-1-159:57:57 [0] NCCL INFO Connected to proxy localRank 0 -> connection 0x754fac0052a8
ip-10-232-1-159:57:187 [0] NCCL INFO Could not get speed from /sys/class/net/ens5/speed. Defaulting to 10 Gbps.
ip-10-232-1-159:57:187 [0] NCCL INFO NET/Socket: Using 2 threads and 8 sockets per thread
ip-10-232-1-159:57:57 [0] NCCL INFO Channel 01/1 : 1[0] -> 0[0] [receive] via NET/Socket/0/Shared
ip-10-232-1-159:57:57 [0] NCCL INFO Initialized NET plugin Socket
ip-10-232-1-159:57:57 [0] NCCL INFO Could not get speed from /sys/class/net/ens5/speed. Defaulting to 10 Gbps.
ip-10-232-1-159:57:57 [0] NCCL INFO Assigned NET plugin Socket to comm
ip-10-232-1-159:57:57 [0] NCCL INFO Failed to initialize any GIN plugin
ip-10-232-1-159:57:57 [0] NCCL INFO Using network Socket
ip-10-232-1-159:57:57 [0] NCCL INFO [Rank 0] ncclCommInitRankConfig comm 0x5c17edbe9b60 rank 0 nranks 2 cudaDev 0 nvmlDev 0 busId 1e0 commId 0x7f38f5da225bca3b - Init START
ip-10-232-1-159:57:57 [0] NCCL INFO Topology detection : could not read /sys/devices/pci0000:00/0000:00:1e.0/../max_link_speed, ignoring
ip-10-232-1-159:57:57 [0] NCCL INFO Topology detection : could not read /sys/devices/pci0000:00/0000:00:1e.0/../max_link_width, ignoring
ip-10-232-1-159:57:57 [0] NCCL INFO Topology detection : could not read /sys/devices/system/node/node-1/cpumap, ignoring
ip-10-232-1-159:57:57 [0] NCCL INFO TOPO/NET : Importing network plugins to topology
ip-10-232-1-159:57:57 [0] NCCL INFO Could not get speed from /sys/class/net/ens5/speed. Defaulting to 10 Gbps.
ip-10-232-1-159:57:57 [0] NCCL INFO Topology detection : could not read /sys/devices/pci0000:00/0000:00:05.0/../max_link_speed, ignoring
ip-10-232-1-159:57:57 [0] NCCL INFO Topology detection : could not read /sys/devices/pci0000:00/0000:00:05.0/../max_link_width, ignoring
ip-10-232-1-159:57:57 [0] NCCL INFO Topology detection : could not read /sys/devices/system/node/node-1/cpumap, ignoring
ip-10-232-1-159:57:57 [0] NCCL INFO NET/Socket : GPU Direct RDMA Disabled for HCA 0 'ens5'
ip-10-232-1-159:57:57 [0] NCCL INFO ncclTopoPopulateNics : Filled ens5 in topo with pciPath=/sys/devices/pci0000:00/0000:00:05.0 net=1 gin=(null) keep=1 coll=(null)
ip-10-232-1-159:57:57 [0] NCCL INFO KV Convert to int : could not find value of 'Unknown' in dictionary, falling back to 60
ip-10-232-1-159:57:57 [0] NCCL INFO === System : maxBw 1.2 totalBw 24.0 ===
ip-10-232-1-159:57:57 [0] NCCL INFO CPU/0-ffffffffffffff (1/2/-1)
ip-10-232-1-159:57:57 [0] NCCL INFO + PCI[24.0] - GPU/0-1e0 (0)
ip-10-232-1-159:57:57 [0] NCCL INFO + PCI[12.0] - NIC/0-50
ip-10-232-1-159:57:57 [0] NCCL INFO               + NET[1.2] - NET/0-0 (0/0/0/1.250000)
ip-10-232-1-159:57:57 [0] NCCL INFO ==========================================
ip-10-232-1-159:57:57 [0] NCCL INFO GPU/0-1e0 :GPU/0-1e0 (0/5000.0/LOC) CPU/0-ffffffffffffff (1/24.0/PHB) NET/0-0 (3/1.2/PHB) 
ip-10-232-1-159:57:57 [0] NCCL INFO NET/0-0 :GPU/0-1e0 (3/1.2/PHB) CPU/0-ffffffffffffff (2/1.2/PHB) NET/0-0 (0/5000.0/LOC) 
ip-10-232-1-159:57:57 [0] NCCL INFO ncclTopoGetCpuAffinity: Affinity for GPU 0 is empty, ignoring. (GPU affinity =  ; CPU affinity = 0-3).
ip-10-232-1-159:57:57 [0] NCCL INFO Pattern 4, crossNic 0, nChannels 1, bw 1.200000/1.200000, type LOC/PHB, sameChannels 1
ip-10-232-1-159:57:57 [0] NCCL INFO  0 : NET/0-0 GPU/0-1e0 NET/0-0
ip-10-232-1-159:57:57 [0] NCCL INFO Pattern 3, crossNic 0, nChannels 1, bw 2.400000/1.200000, type LOC/PHB, sameChannels 1
ip-10-232-1-159:57:57 [0] NCCL INFO  0 : NET/0-0 GPU/0-1e0 NET/0-0
ip-10-232-1-159:57:57 [0] NCCL INFO Could not get speed from /sys/class/net/ens5/speed. Defaulting to 10 Gbps.
ip-10-232-1-159:57:57 [0] NCCL INFO comm 0x5c17edbe9b60 rank 0 nRanks 2 nNodes 2 localRanks 1 localRank 0 MNNVL 0
ip-10-232-1-159:57:57 [0] NCCL INFO Tree 0 : -1 -> 0 -> 1/-1/-1
ip-10-232-1-159:57:57 [0] NCCL INFO Tree 1 : 1 -> 0 -> -1/-1/-1
ip-10-232-1-159:57:57 [0] NCCL INFO Channel 00/02 : 0 1
ip-10-232-1-159:57:57 [0] NCCL INFO Channel 01/02 : 0 1
ip-10-232-1-159:57:57 [0] NCCL INFO Ring 00 : 1 -> 0 -> 1
ip-10-232-1-159:57:57 [0] NCCL INFO Ring 01 : 1 -> 0 -> 1
ip-10-232-1-159:57:57 [0] NCCL INFO Trees [0] 1/-1/-1->0->-1 [1] -1/-1/-1->0->1
ip-10-232-1-159:57:57 [0] NCCL INFO P2P Chunksize set to 131072
ip-10-232-1-159:57:57 [0] NCCL INFO Check P2P Type isAllDirectP2p 1 directMode 0 isAllCudaP2p 1
ip-10-232-1-159:57:195 [0] NCCL INFO [Proxy Service] Device 0 CPU core 2
ip-10-232-1-159:57:57 [0] NCCL INFO ncclP2pSchedule: group size used is 1
ip-10-232-1-159:57:196 [0] NCCL INFO [Proxy Service UDS] Device 0 CPU core 0
ip-10-232-1-159:57:57 [0] NCCL INFO threadThresholds 8/8/64 | 16/8/64 | 512 | 512
ip-10-232-1-159:57:57 [0] NCCL INFO 2 coll channels, 2 collnet channels, 0 nvls channels, 2 p2p channels, 1 p2p channels per peer
ip-10-232-1-159:57:57 [0] NCCL INFO Symmetric VA size=24GB
ip-10-232-1-159:57:57 [0] NCCL INFO Symmetric memory is not supported. cuMemEnable 1, globalGinSupport 0, globalNicFused 0 cuMemGdrSupport 1
ip-10-232-1-159:57:57 [0] NCCL INFO CC Off, workFifoBytes 1048576
ip-10-232-1-159:57:57 [0] NCCL INFO ncclCommInitRankConfig comm 0x5c17edbe9b60 rank 0 nranks 2 cudaDev 0 nvmlDev 0 busId 1e0 commId 0x7f38f5da225bca3b - Init COMPLETE
ip-10-232-1-159:57:57 [0] NCCL INFO Init timings - ncclCommInitRankConfig: rank 0 nranks 2 total 1.00 (kernels 0.00, alloc 0.00, bootstrap 0.80, allgathers 0.19, topo 0.00, graphs 0.00, connections 0.00, rest 0.00)
ip-10-232-1-159:57:195 [0] NCCL INFO New proxy send connection 0 from local rank 0, transport 2
ip-10-232-1-159:57:197 [0] NCCL INFO [Proxy Progress] Device 0 CPU core 0
ip-10-232-1-159:57:57 [0] NCCL INFO Connected to proxy localRank 0 -> connection 0x754e4400db50
ip-10-232-1-159:57:195 [0] NCCL INFO Could not get speed from /sys/class/net/ens5/speed. Defaulting to 10 Gbps.
ip-10-232-1-159:57:57 [0] NCCL INFO Channel 01/1 : 0[0] -> 1[0] [send] via NET/Socket/0/Shared
ip-10-232-1-159:57:195 [0] NCCL INFO New proxy recv connection 1 from local rank 0, transport 2
ip-10-232-1-159:57:57 [0] NCCL INFO Connected to proxy localRank 0 -> connection 0x754e4400dbd8
ip-10-232-1-159:57:195 [0] NCCL INFO Could not get speed from /sys/class/net/ens5/speed. Defaulting to 10 Gbps.
ip-10-232-1-159:57:195 [0] NCCL INFO NET/Socket: Using 2 threads and 8 sockets per thread
ip-10-232-1-159:57:57 [0] NCCL INFO Channel 01/1 : 1[0] -> 0[0] [receive] via NET/Socket/0/Shared
ip-10-232-1-159:57:57 [0] NCCL INFO Initialized NET plugin Socket
ip-10-232-1-159:57:57 [0] NCCL INFO Could not get speed from /sys/class/net/ens5/speed. Defaulting to 10 Gbps.
ip-10-232-1-159:57:57 [0] NCCL INFO Assigned NET plugin Socket to comm
ip-10-232-1-159:57:57 [0] NCCL INFO Failed to initialize any GIN plugin
ip-10-232-1-159:57:57 [0] NCCL INFO Using network Socket
ip-10-232-1-159:57:57 [0] NCCL INFO [Rank 0] ncclCommInitRankConfig comm 0x5c17ed4dc9c0 rank 0 nranks 2 cudaDev 0 nvmlDev 0 busId 1e0 commId 0xf7b9c6f6d43844a9 - Init START
ip-10-232-1-159:57:57 [0] NCCL INFO Topology detection : could not read /sys/devices/pci0000:00/0000:00:1e.0/../max_link_speed, ignoring
ip-10-232-1-159:57:57 [0] NCCL INFO Topology detection : could not read /sys/devices/pci0000:00/0000:00:1e.0/../max_link_width, ignoring
ip-10-232-1-159:57:57 [0] NCCL INFO Topology detection : could not read /sys/devices/system/node/node-1/cpumap, ignoring
ip-10-232-1-159:57:57 [0] NCCL INFO TOPO/NET : Importing network plugins to topology
ip-10-232-1-159:57:57 [0] NCCL INFO Could not get speed from /sys/class/net/ens5/speed. Defaulting to 10 Gbps.
ip-10-232-1-159:57:57 [0] NCCL INFO Topology detection : could not read /sys/devices/pci0000:00/0000:00:05.0/../max_link_speed, ignoring
ip-10-232-1-159:57:57 [0] NCCL INFO Topology detection : could not read /sys/devices/pci0000:00/0000:00:05.0/../max_link_width, ignoring
ip-10-232-1-159:57:57 [0] NCCL INFO Topology detection : could not read /sys/devices/system/node/node-1/cpumap, ignoring
ip-10-232-1-159:57:57 [0] NCCL INFO NET/Socket : GPU Direct RDMA Disabled for HCA 0 'ens5'
ip-10-232-1-159:57:57 [0] NCCL INFO ncclTopoPopulateNics : Filled ens5 in topo with pciPath=/sys/devices/pci0000:00/0000:00:05.0 net=1 gin=(null) keep=1 coll=(null)
ip-10-232-1-159:57:57 [0] NCCL INFO KV Convert to int : could not find value of 'Unknown' in dictionary, falling back to 60
ip-10-232-1-159:57:57 [0] NCCL INFO === System : maxBw 1.2 totalBw 24.0 ===
ip-10-232-1-159:57:57 [0] NCCL INFO CPU/0-ffffffffffffff (1/2/-1)
ip-10-232-1-159:57:57 [0] NCCL INFO + PCI[24.0] - GPU/0-1e0 (0)
ip-10-232-1-159:57:57 [0] NCCL INFO + PCI[12.0] - NIC/0-50
ip-10-232-1-159:57:57 [0] NCCL INFO               + NET[1.2] - NET/0-0 (0/0/0/1.250000)
ip-10-232-1-159:57:57 [0] NCCL INFO ==========================================
ip-10-232-1-159:57:57 [0] NCCL INFO GPU/0-1e0 :GPU/0-1e0 (0/5000.0/LOC) CPU/0-ffffffffffffff (1/24.0/PHB) NET/0-0 (3/1.2/PHB) 
ip-10-232-1-159:57:57 [0] NCCL INFO NET/0-0 :GPU/0-1e0 (3/1.2/PHB) CPU/0-ffffffffffffff (2/1.2/PHB) NET/0-0 (0/5000.0/LOC) 
ip-10-232-1-159:57:57 [0] NCCL INFO ncclTopoGetCpuAffinity: Affinity for GPU 0 is empty, ignoring. (GPU affinity =  ; CPU affinity = 0-3).
ip-10-232-1-159:57:57 [0] NCCL INFO Pattern 4, crossNic 0, nChannels 1, bw 1.200000/1.200000, type LOC/PHB, sameChannels 1
ip-10-232-1-159:57:57 [0] NCCL INFO  0 : NET/0-0 GPU/0-1e0 NET/0-0
ip-10-232-1-159:57:57 [0] NCCL INFO Pattern 3, crossNic 0, nChannels 1, bw 2.400000/1.200000, type LOC/PHB, sameChannels 1
ip-10-232-1-159:57:57 [0] NCCL INFO  0 : NET/0-0 GPU/0-1e0 NET/0-0
ip-10-232-1-159:57:57 [0] NCCL INFO Could not get speed from /sys/class/net/ens5/speed. Defaulting to 10 Gbps.
ip-10-232-1-159:57:57 [0] NCCL INFO comm 0x5c17ed4dc9c0 rank 0 nRanks 2 nNodes 2 localRanks 1 localRank 0 MNNVL 0
ip-10-232-1-159:57:57 [0] NCCL INFO Tree 0 : -1 -> 0 -> 1/-1/-1
ip-10-232-1-159:57:57 [0] NCCL INFO Tree 1 : 1 -> 0 -> -1/-1/-1
ip-10-232-1-159:57:57 [0] NCCL INFO Channel 00/02 : 0 1
ip-10-232-1-159:57:57 [0] NCCL INFO Channel 01/02 : 0 1
ip-10-232-1-159:57:57 [0] NCCL INFO Ring 00 : 1 -> 0 -> 1
ip-10-232-1-159:57:57 [0] NCCL INFO Ring 01 : 1 -> 0 -> 1
ip-10-232-1-159:57:57 [0] NCCL INFO Trees [0] 1/-1/-1->0->-1 [1] -1/-1/-1->0->1
ip-10-232-1-159:57:57 [0] NCCL INFO P2P Chunksize set to 131072
ip-10-232-1-159:57:57 [0] NCCL INFO Check P2P Type isAllDirectP2p 1 directMode 0 isAllCudaP2p 1
ip-10-232-1-159:57:203 [0] NCCL INFO [Proxy Service] Device 0 CPU core 3
ip-10-232-1-159:57:57 [0] NCCL INFO ncclP2pSchedule: group size used is 1
ip-10-232-1-159:57:204 [0] NCCL INFO [Proxy Service UDS] Device 0 CPU core 1
ip-10-232-1-159:57:57 [0] NCCL INFO threadThresholds 8/8/64 | 16/8/64 | 512 | 512
ip-10-232-1-159:57:57 [0] NCCL INFO 2 coll channels, 2 collnet channels, 0 nvls channels, 2 p2p channels, 1 p2p channels per peer
ip-10-232-1-159:57:57 [0] NCCL INFO Symmetric VA size=24GB
ip-10-232-1-159:57:57 [0] NCCL INFO Symmetric memory is not supported. cuMemEnable 1, globalGinSupport 0, globalNicFused 0 cuMemGdrSupport 1
ip-10-232-1-159:57:57 [0] NCCL INFO CC Off, workFifoBytes 1048576
ip-10-232-1-159:57:57 [0] NCCL INFO ncclCommInitRankConfig comm 0x5c17ed4dc9c0 rank 0 nranks 2 cudaDev 0 nvmlDev 0 busId 1e0 commId 0xf7b9c6f6d43844a9 - Init COMPLETE
ip-10-232-1-159:57:57 [0] NCCL INFO Init timings - ncclCommInitRankConfig: rank 0 nranks 2 total 1.20 (kernels 0.00, alloc 0.00, bootstrap 0.95, allgathers 0.24, topo 0.00, graphs 0.00, connections 0.00, rest 0.00)
ip-10-232-1-159:57:203 [0] NCCL INFO New proxy send connection 0 from local rank 0, transport 2
ip-10-232-1-159:57:205 [0] NCCL INFO [Proxy Progress] Device 0 CPU core 1
ip-10-232-1-159:57:57 [0] NCCL INFO Connected to proxy localRank 0 -> connection 0x754e5c0256a0
ip-10-232-1-159:57:203 [0] NCCL INFO Could not get speed from /sys/class/net/ens5/speed. Defaulting to 10 Gbps.
ip-10-232-1-159:57:57 [0] NCCL INFO Channel 01/1 : 0[0] -> 1[0] [send] via NET/Socket/0/Shared
ip-10-232-1-159:57:203 [0] NCCL INFO New proxy recv connection 1 from local rank 0, transport 2
ip-10-232-1-159:57:57 [0] NCCL INFO Connected to proxy localRank 0 -> connection 0x754e5c025728
ip-10-232-1-159:57:203 [0] NCCL INFO Could not get speed from /sys/class/net/ens5/speed. Defaulting to 10 Gbps.
ip-10-232-1-159:57:203 [0] NCCL INFO NET/Socket: Using 2 threads and 8 sockets per thread
ip-10-232-1-159:57:57 [0] NCCL INFO Channel 01/1 : 1[0] -> 0[0] [receive] via NET/Socket/0/Shared
ip-10-232-1-159:57:57 [0] NCCL INFO Initialized NET plugin Socket
ip-10-232-1-159:57:57 [0] NCCL INFO Could not get speed from /sys/class/net/ens5/speed. Defaulting to 10 Gbps.
ip-10-232-1-159:57:57 [0] NCCL INFO Assigned NET plugin Socket to comm
ip-10-232-1-159:57:57 [0] NCCL INFO Failed to initialize any GIN plugin
ip-10-232-1-159:57:57 [0] NCCL INFO Using network Socket
ip-10-232-1-159:57:57 [0] NCCL INFO [Rank 0] ncclCommInitRankConfig comm 0x5c17ed6b0710 rank 0 nranks 2 cudaDev 0 nvmlDev 0 busId 1e0 commId 0xf8c49380f80700cf - Init START
ip-10-232-1-159:57:57 [0] NCCL INFO Topology detection : could not read /sys/devices/pci0000:00/0000:00:1e.0/../max_link_speed, ignoring
ip-10-232-1-159:57:57 [0] NCCL INFO Topology detection : could not read /sys/devices/pci0000:00/0000:00:1e.0/../max_link_width, ignoring
ip-10-232-1-159:57:57 [0] NCCL INFO Topology detection : could not read /sys/devices/system/node/node-1/cpumap, ignoring
ip-10-232-1-159:57:57 [0] NCCL INFO TOPO/NET : Importing network plugins to topology
ip-10-232-1-159:57:57 [0] NCCL INFO Could not get speed from /sys/class/net/ens5/speed. Defaulting to 10 Gbps.
ip-10-232-1-159:57:57 [0] NCCL INFO Topology detection : could not read /sys/devices/pci0000:00/0000:00:05.0/../max_link_speed, ignoring
ip-10-232-1-159:57:57 [0] NCCL INFO Topology detection : could not read /sys/devices/pci0000:00/0000:00:05.0/../max_link_width, ignoring
ip-10-232-1-159:57:57 [0] NCCL INFO Topology detection : could not read /sys/devices/system/node/node-1/cpumap, ignoring
ip-10-232-1-159:57:57 [0] NCCL INFO NET/Socket : GPU Direct RDMA Disabled for HCA 0 'ens5'
ip-10-232-1-159:57:57 [0] NCCL INFO ncclTopoPopulateNics : Filled ens5 in topo with pciPath=/sys/devices/pci0000:00/0000:00:05.0 net=1 gin=(null) keep=1 coll=(null)
ip-10-232-1-159:57:57 [0] NCCL INFO KV Convert to int : could not find value of 'Unknown' in dictionary, falling back to 60
ip-10-232-1-159:57:57 [0] NCCL INFO === System : maxBw 1.2 totalBw 24.0 ===
ip-10-232-1-159:57:57 [0] NCCL INFO CPU/0-ffffffffffffff (1/2/-1)
ip-10-232-1-159:57:57 [0] NCCL INFO + PCI[24.0] - GPU/0-1e0 (0)
ip-10-232-1-159:57:57 [0] NCCL INFO + PCI[12.0] - NIC/0-50
ip-10-232-1-159:57:57 [0] NCCL INFO               + NET[1.2] - NET/0-0 (0/0/0/1.250000)
ip-10-232-1-159:57:57 [0] NCCL INFO ==========================================
ip-10-232-1-159:57:57 [0] NCCL INFO GPU/0-1e0 :GPU/0-1e0 (0/5000.0/LOC) CPU/0-ffffffffffffff (1/24.0/PHB) NET/0-0 (3/1.2/PHB) 
ip-10-232-1-159:57:57 [0] NCCL INFO NET/0-0 :GPU/0-1e0 (3/1.2/PHB) CPU/0-ffffffffffffff (2/1.2/PHB) NET/0-0 (0/5000.0/LOC) 
ip-10-232-1-159:57:57 [0] NCCL INFO ncclTopoGetCpuAffinity: Affinity for GPU 0 is empty, ignoring. (GPU affinity =  ; CPU affinity = 0-3).
ip-10-232-1-159:57:57 [0] NCCL INFO Pattern 4, crossNic 0, nChannels 1, bw 1.200000/1.200000, type LOC/PHB, sameChannels 1
ip-10-232-1-159:57:57 [0] NCCL INFO  0 : NET/0-0 GPU/0-1e0 NET/0-0
ip-10-232-1-159:57:57 [0] NCCL INFO Pattern 3, crossNic 0, nChannels 1, bw 2.400000/1.200000, type LOC/PHB, sameChannels 1
ip-10-232-1-159:57:57 [0] NCCL INFO  0 : NET/0-0 GPU/0-1e0 NET/0-0
ip-10-232-1-159:57:57 [0] NCCL INFO Could not get speed from /sys/class/net/ens5/speed. Defaulting to 10 Gbps.
ip-10-232-1-159:57:57 [0] NCCL INFO comm 0x5c17ed6b0710 rank 0 nRanks 2 nNodes 2 localRanks 1 localRank 0 MNNVL 0
ip-10-232-1-159:57:57 [0] NCCL INFO Tree 0 : -1 -> 0 -> 1/-1/-1
ip-10-232-1-159:57:57 [0] NCCL INFO Tree 1 : 1 -> 0 -> -1/-1/-1
ip-10-232-1-159:57:57 [0] NCCL INFO Channel 00/02 : 0 1
ip-10-232-1-159:57:57 [0] NCCL INFO Channel 01/02 : 0 1
ip-10-232-1-159:57:57 [0] NCCL INFO Ring 00 : 1 -> 0 -> 1
ip-10-232-1-159:57:57 [0] NCCL INFO Ring 01 : 1 -> 0 -> 1
ip-10-232-1-159:57:57 [0] NCCL INFO Trees [0] 1/-1/-1->0->-1 [1] -1/-1/-1->0->1
ip-10-232-1-159:57:57 [0] NCCL INFO P2P Chunksize set to 131072
ip-10-232-1-159:57:57 [0] NCCL INFO Check P2P Type isAllDirectP2p 1 directMode 0 isAllCudaP2p 1
ip-10-232-1-159:57:211 [0] NCCL INFO [Proxy Service] Device 0 CPU core 2
ip-10-232-1-159:57:57 [0] NCCL INFO ncclP2pSchedule: group size used is 1
ip-10-232-1-159:57:212 [0] NCCL INFO [Proxy Service UDS] Device 0 CPU core 0
ip-10-232-1-159:57:57 [0] NCCL INFO threadThresholds 8/8/64 | 16/8/64 | 512 | 512
ip-10-232-1-159:57:57 [0] NCCL INFO 2 coll channels, 2 collnet channels, 0 nvls channels, 2 p2p channels, 1 p2p channels per peer
ip-10-232-1-159:57:57 [0] NCCL INFO Symmetric VA size=24GB
ip-10-232-1-159:57:57 [0] NCCL INFO Symmetric memory is not supported. cuMemEnable 1, globalGinSupport 0, globalNicFused 0 cuMemGdrSupport 1
ip-10-232-1-159:57:57 [0] NCCL INFO CC Off, workFifoBytes 1048576
ip-10-232-1-159:57:57 [0] NCCL INFO ncclCommInitRankConfig comm 0x5c17ed6b0710 rank 0 nranks 2 cudaDev 0 nvmlDev 0 busId 1e0 commId 0xf8c49380f80700cf - Init COMPLETE
ip-10-232-1-159:57:57 [0] NCCL INFO Init timings - ncclCommInitRankConfig: rank 0 nranks 2 total 0.79 (kernels 0.00, alloc 0.00, bootstrap 0.61, allgathers 0.17, topo 0.00, graphs 0.00, connections 0.00, rest 0.00)
ip-10-232-1-159:57:211 [0] NCCL INFO New proxy send connection 0 from local rank 0, transport 2
ip-10-232-1-159:57:213 [0] NCCL INFO [Proxy Progress] Device 0 CPU core 0
ip-10-232-1-159:57:57 [0] NCCL INFO Connected to proxy localRank 0 -> connection 0x754ea8027a50
ip-10-232-1-159:57:211 [0] NCCL INFO Could not get speed from /sys/class/net/ens5/speed. Defaulting to 10 Gbps.
ip-10-232-1-159:57:57 [0] NCCL INFO Channel 01/1 : 0[0] -> 1[0] [send] via NET/Socket/0/Shared
ip-10-232-1-159:57:211 [0] NCCL INFO New proxy recv connection 1 from local rank 0, transport 2
ip-10-232-1-159:57:57 [0] NCCL INFO Connected to proxy localRank 0 -> connection 0x754ea8027ad8
ip-10-232-1-159:57:211 [0] NCCL INFO Could not get speed from /sys/class/net/ens5/speed. Defaulting to 10 Gbps.
ip-10-232-1-159:57:211 [0] NCCL INFO NET/Socket: Using 2 threads and 8 sockets per thread
ip-10-232-1-159:57:57 [0] NCCL INFO Channel 01/1 : 1[0] -> 0[0] [receive] via NET/Socket/0/Shared
ip-10-232-1-159:57:57 [0] NCCL INFO comm 0x5c17ed6b0710 rank 0 nranks 2 cudaDev 0 busId 1e0 - Destroy COMPLETE
ip-10-232-1-159:57:57 [0] NCCL INFO comm 0x5c17e1f708b0 rank 0 nranks 2 cudaDev 0 busId 1e0 - Destroy COMPLETE
ip-10-232-1-159:57:57 [0] NCCL INFO comm 0x5c17e60e7640 rank 4 nranks 16 cudaDev 0 busId 1e0 - Destroy COMPLETE
ip-10-232-1-159:57:57 [0] NCCL INFO comm 0x5c17e6426600 rank 0 nranks 2 cudaDev 0 busId 1e0 - Destroy COMPLETE
ip-10-232-1-159:57:57 [0] NCCL INFO comm 0x5c17e9807740 rank 0 nranks 2 cudaDev 0 busId 1e0 - Destroy COMPLETE
ip-10-232-1-159:57:57 [0] NCCL INFO comm 0x5c17e6b0c430 rank 1 nranks 2 cudaDev 0 busId 1e0 - Destroy COMPLETE
ip-10-232-1-159:57:57 [0] NCCL INFO comm 0x5c17e666dfd0 rank 1 nranks 2 cudaDev 0 busId 1e0 - Destroy COMPLETE
ip-10-232-1-159:57:57 [0] NCCL INFO comm 0x5c17ec28f130 rank 1 nranks 2 cudaDev 0 busId 1e0 - Destroy COMPLETE
ip-10-232-1-159:57:57 [0] NCCL INFO comm 0x5c17e6cc68f0 rank 0 nranks 2 cudaDev 0 busId 1e0 - Destroy COMPLETE
ip-10-232-1-159:57:57 [0] NCCL INFO comm 0x5c17f20ee400 rank 0 nranks 2 cudaDev 0 busId 1e0 - Destroy COMPLETE
ip-10-232-1-159:57:57 [0] NCCL INFO comm 0x5c17e6792dc0 rank 1 nranks 2 cudaDev 0 busId 1e0 - Destroy COMPLETE
ip-10-232-1-159:57:57 [0] NCCL INFO comm 0x5c17edbe9b60 rank 0 nranks 2 cudaDev 0 busId 1e0 - Destroy COMPLETE
ip-10-232-1-159:57:57 [0] NCCL INFO comm 0x5c17ec56f9d0 rank 0 nranks 2 cudaDev 0 busId 1e0 - Destroy COMPLETE
ip-10-232-1-159:57:57 [0] NCCL INFO comm 0x5c17ed4dc9c0 rank 0 nranks 2 cudaDev 0 busId 1e0 - Destroy COMPLETE
ip-10-232-1-159:57:57 [0] NCCL INFO comm 0x5c17ec3b3f20 rank 0 nranks 2 cudaDev 0 busId 1e0 - Destroy COMPLETE
ip-10-232-1-159:57:57 [0] NCCL INFO comm 0x5c17f2b132c0 rank 0 nranks 2 cudaDev 0 busId 1e0 - Destroy COMPLETE
ip-10-232-1-159:57:57 [0] NCCL INFO ENV/Plugin: Closing env plugin ncclEnvDefault
