Warning: You are sending unauthenticated requests to the HF Hub. Please set a HF_TOKEN to enable higher rate limits and faster downloads.
Generating train split:   0%|          | 0/50000 [00:00<?, ? examples/s]Generating train split:   0%|          | 100/50000 [00:00<01:00, 821.68 examples/s]Generating train split:  34%|███▍      | 17200/50000 [00:00<00:00, 89688.97 examples/s]Generating train split:  76%|███████▌  | 37900/50000 [00:00<00:00, 98619.37 examples/s]Generating train split: 100%|██████████| 50000/50000 [00:00<00:00, 104213.77 examples/s]
Generating test split:   0%|          | 0/10000 [00:00<?, ? examples/s]Generating test split: 100%|██████████| 10000/10000 [00:00<00:00, 253033.22 examples/s]
[W909 10:02:13.886866274 Utils.hpp:166] Warning: Environment variable NCCL_BLOCKING_WAIT is deprecated; use TORCH_NCCL_BLOCKING_WAIT instead (function operator())
[W909 10:02:13.886895754 Utils.hpp:137] Warning: Environment variable NCCL_ASYNC_ERROR_HANDLING is deprecated; use TORCH_NCCL_ASYNC_ERROR_HANDLING instead (function operator())
[rank6]:[W909 10:02:18.748669519 ProcessGroupNCCL.cpp:4215] Warning: An unbatched P2P op (send/recv) was called on this ProcessGroup with size 16.  In lazy initialization mode, this will result in a new 2-rank NCCL communicator to be created. (function operator())
ip-10-233-4-28:56:56 [0] NCCL INFO ENV/Plugin: Could not find: libnccl-env.so
ip-10-233-4-28:56:56 [0] NCCL INFO NCCL_SOCKET_IFNAME set to ens5
ip-10-233-4-28:56:56 [0] NCCL INFO cudaDriverVersion 13020
ip-10-233-4-28:56:56 [0] NCCL INFO NCCL version 2.29.7+cuda13.2
ip-10-233-4-28:56:56 [0] NCCL INFO NCCL git version stable b81d6a5a3
ip-10-233-4-28:56:56 [0] NCCL INFO NET/Plugin: Could not find: libnccl-net.so
ip-10-233-4-28:56:56 [0] NCCL INFO transport/net_ib/init.cc:396 -> 3
ip-10-233-4-28:56:56 [0] NCCL INFO Failed to initialize NET plugin IB
ip-10-233-4-28:56:56 [0] NCCL INFO NET/Socket : Using [0]ens5:10.233.4.28<0>
ip-10-233-4-28:56:56 [0] NCCL INFO Initialized NET plugin Socket
ip-10-233-4-28:56:56 [0] NCCL INFO Could not get speed from /sys/class/net/ens5/speed. Defaulting to 10 Gbps.
ip-10-233-4-28:56:56 [0] NCCL INFO Assigned NET plugin Socket to comm
ip-10-233-4-28:56:56 [0] NCCL INFO GIN/Plugin: Could not find: libnccl-gin.so

[2026-09-09 10:02:18] ip-10-233-4-28:56:56 [0] misc/ibvwrap.cc:173 NCCL WARN lib wrapper not initialized.
ip-10-233-4-28:56:56 [0] NCCL INFO transport/net_ib/gdr.cc:56 -> 3
ip-10-233-4-28:56:56 [0] NCCL INFO Unable to use GIN: Peermem is not supported, nor DMA-BUF.
ip-10-233-4-28:56:56 [0] NCCL INFO Unable to use GIN: Peermem is not supported, nor DMA-BUF.
ip-10-233-4-28:56:56 [0] NCCL INFO Failed to initialize any GIN plugin
ip-10-233-4-28:56:56 [0] NCCL INFO Using network Socket
ip-10-233-4-28:56:56 [0] NCCL INFO [Rank 0] ncclCommInitRankConfig comm 0x598b92757f10 rank 0 nranks 2 cudaDev 0 nvmlDev 0 busId 1e0 commId 0x45b087441deadb11 - Init START
ip-10-233-4-28:56:56 [0] NCCL INFO RAS client listening socket at 127.0.0.1<28028>
ip-10-233-4-28:56:56 [0] NCCL INFO Topology detection : could not read /sys/devices/pci0000:00/0000:00:1e.0/../max_link_speed, ignoring
ip-10-233-4-28:56:56 [0] NCCL INFO Topology detection : could not read /sys/devices/pci0000:00/0000:00:1e.0/../max_link_width, ignoring
ip-10-233-4-28:56:56 [0] NCCL INFO Topology detection : could not read /sys/devices/system/node/node-1/cpumap, ignoring
ip-10-233-4-28:56:56 [0] NCCL INFO TOPO/NET : Importing network plugins to topology
ip-10-233-4-28:56:56 [0] NCCL INFO Could not get speed from /sys/class/net/ens5/speed. Defaulting to 10 Gbps.
ip-10-233-4-28:56:56 [0] NCCL INFO Topology detection : could not read /sys/devices/pci0000:00/0000:00:05.0/../max_link_speed, ignoring
ip-10-233-4-28:56:56 [0] NCCL INFO Topology detection : could not read /sys/devices/pci0000:00/0000:00:05.0/../max_link_width, ignoring
ip-10-233-4-28:56:56 [0] NCCL INFO Topology detection : could not read /sys/devices/system/node/node-1/cpumap, ignoring
ip-10-233-4-28:56:56 [0] NCCL INFO NET/Socket : GPU Direct RDMA Disabled for HCA 0 'ens5'
ip-10-233-4-28:56:56 [0] NCCL INFO ncclTopoPopulateNics : Filled ens5 in topo with pciPath=/sys/devices/pci0000:00/0000:00:05.0 net=1 gin=(null) keep=1 coll=(null)
ip-10-233-4-28:56:56 [0] NCCL INFO KV Convert to int : could not find value of 'Unknown' in dictionary, falling back to 60
ip-10-233-4-28:56:56 [0] NCCL INFO === System : maxBw 1.2 totalBw 24.0 ===
ip-10-233-4-28:56:56 [0] NCCL INFO CPU/0-ffffffffffffff (1/2/-1)
ip-10-233-4-28:56:56 [0] NCCL INFO + PCI[24.0] - GPU/0-1e0 (0)
ip-10-233-4-28:56:56 [0] NCCL INFO + PCI[12.0] - NIC/0-50
ip-10-233-4-28:56:56 [0] NCCL INFO               + NET[1.2] - NET/0-0 (0/0/0/1.250000)
ip-10-233-4-28:56:56 [0] NCCL INFO ==========================================
ip-10-233-4-28:56:56 [0] NCCL INFO GPU/0-1e0 :GPU/0-1e0 (0/5000.0/LOC) CPU/0-ffffffffffffff (1/24.0/PHB) NET/0-0 (3/1.2/PHB) 
ip-10-233-4-28:56:56 [0] NCCL INFO NET/0-0 :GPU/0-1e0 (3/1.2/PHB) CPU/0-ffffffffffffff (2/1.2/PHB) NET/0-0 (0/5000.0/LOC) 
ip-10-233-4-28:56:56 [0] NCCL INFO ncclTopoGetCpuAffinity: Affinity for GPU 0 is empty, ignoring. (GPU affinity =  ; CPU affinity = 0-3).
ip-10-233-4-28:56:56 [0] NCCL INFO Pattern 4, crossNic 0, nChannels 1, bw 1.200000/1.200000, type LOC/PHB, sameChannels 1
ip-10-233-4-28:56:56 [0] NCCL INFO  0 : NET/0-0 GPU/0-1e0 NET/0-0
ip-10-233-4-28:56:56 [0] NCCL INFO Pattern 3, crossNic 0, nChannels 1, bw 2.400000/1.200000, type LOC/PHB, sameChannels 1
ip-10-233-4-28:56:56 [0] NCCL INFO  0 : NET/0-0 GPU/0-1e0 NET/0-0
ip-10-233-4-28:56:56 [0] NCCL INFO Could not get speed from /sys/class/net/ens5/speed. Defaulting to 10 Gbps.
ip-10-233-4-28:56:56 [0] NCCL INFO comm 0x598b92757f10 rank 0 nRanks 2 nNodes 2 localRanks 1 localRank 0 MNNVL 0
ip-10-233-4-28:56:56 [0] NCCL INFO Tree 0 : -1 -> 0 -> 1/-1/-1
ip-10-233-4-28:56:56 [0] NCCL INFO Tree 1 : 1 -> 0 -> -1/-1/-1
ip-10-233-4-28:56:56 [0] NCCL INFO Channel 00/02 : 0 1
ip-10-233-4-28:56:56 [0] NCCL INFO Channel 01/02 : 0 1
ip-10-233-4-28:56:56 [0] NCCL INFO Ring 00 : 1 -> 0 -> 1
ip-10-233-4-28:56:56 [0] NCCL INFO Ring 01 : 1 -> 0 -> 1
ip-10-233-4-28:56:56 [0] NCCL INFO Trees [0] 1/-1/-1->0->-1 [1] -1/-1/-1->0->1
ip-10-233-4-28:56:56 [0] NCCL INFO P2P Chunksize set to 131072
ip-10-233-4-28:56:56 [0] NCCL INFO PROFILER/Plugin: Could not find: libnccl-profiler.so
ip-10-233-4-28:56:56 [0] NCCL INFO Check P2P Type isAllDirectP2p 1 directMode 0 isAllCudaP2p 1
ip-10-233-4-28:56:56 [0] NCCL INFO ncclP2pSchedule: group size used is 1
ip-10-233-4-28:56:102 [0] NCCL INFO [Proxy Service UDS] Device 0 CPU core 0
ip-10-233-4-28:56:101 [0] NCCL INFO [Proxy Service] Device 0 CPU core 3
ip-10-233-4-28:56:56 [0] NCCL INFO TUNER/Plugin: Could not find: libnccl-tuner.so
ip-10-233-4-28:56:56 [0] NCCL INFO threadThresholds 8/8/64 | 16/8/64 | 512 | 512
ip-10-233-4-28:56:56 [0] NCCL INFO 2 coll channels, 2 collnet channels, 0 nvls channels, 2 p2p channels, 1 p2p channels per peer
ip-10-233-4-28:56:56 [0] NCCL INFO Symmetric VA size=24GB
ip-10-233-4-28:56:56 [0] NCCL INFO Symmetric memory is not supported. cuMemEnable 1, globalGinSupport 0, globalNicFused 0 cuMemGdrSupport 1
ip-10-233-4-28:56:56 [0] NCCL INFO CC Off, workFifoBytes 1048576
ip-10-233-4-28:56:56 [0] NCCL INFO ncclCommInitRankConfig comm 0x598b92757f10 rank 0 nranks 2 cudaDev 0 nvmlDev 0 busId 1e0 commId 0x45b087441deadb11 - Init COMPLETE
ip-10-233-4-28:56:56 [0] NCCL INFO Init timings - ncclCommInitRankConfig: rank 0 nranks 2 total 7.91 (kernels 0.18, alloc 0.02, bootstrap 7.68, allgathers 0.02, topo 0.00, graphs 0.00, connections 0.00, rest 0.00)
ip-10-233-4-28:56:101 [0] NCCL INFO New proxy send connection 0 from local rank 0, transport 2
ip-10-233-4-28:56:103 [0] NCCL INFO [Proxy Progress] Device 0 CPU core 1
ip-10-233-4-28:56:56 [0] NCCL INFO Connected to proxy localRank 0 -> connection 0x752ac8004f70
ip-10-233-4-28:56:101 [0] NCCL INFO Could not get speed from /sys/class/net/ens5/speed. Defaulting to 10 Gbps.
ip-10-233-4-28:56:56 [0] NCCL INFO Channel 01/1 : 0[0] -> 1[0] [send] via NET/Socket/0/Shared
[rank6]:[W909 10:02:27.505955153 ProcessGroupNCCL.cpp:4215] Warning: An unbatched P2P op (send/recv) was called on this ProcessGroup with size 16.  In lazy initialization mode, this will result in a new 2-rank NCCL communicator to be created. (function operator())
ip-10-233-4-28:56:101 [0] NCCL INFO New proxy recv connection 1 from local rank 0, transport 2
ip-10-233-4-28:56:56 [0] NCCL INFO Connected to proxy localRank 0 -> connection 0x752ac8004ff8
ip-10-233-4-28:56:101 [0] NCCL INFO Could not get speed from /sys/class/net/ens5/speed. Defaulting to 10 Gbps.
ip-10-233-4-28:56:101 [0] NCCL INFO NET/Socket: Using 2 threads and 8 sockets per thread
ip-10-233-4-28:56:56 [0] NCCL INFO Channel 01/1 : 1[0] -> 0[0] [receive] via NET/Socket/0/Shared
ip-10-233-4-28:56:56 [0] NCCL INFO Initialized NET plugin Socket
ip-10-233-4-28:56:56 [0] NCCL INFO Could not get speed from /sys/class/net/ens5/speed. Defaulting to 10 Gbps.
ip-10-233-4-28:56:56 [0] NCCL INFO Assigned NET plugin Socket to comm
ip-10-233-4-28:56:56 [0] NCCL INFO Failed to initialize any GIN plugin
ip-10-233-4-28:56:56 [0] NCCL INFO Using network Socket
ip-10-233-4-28:56:56 [0] NCCL INFO [Rank 6] ncclCommInitRankConfig comm 0x598b968ce8b0 rank 6 nranks 16 cudaDev 0 nvmlDev 0 busId 1e0 commId 0xb52e73f562d9812f - Init START
ip-10-233-4-28:56:56 [0] NCCL INFO Topology detection : could not read /sys/devices/pci0000:00/0000:00:1e.0/../max_link_speed, ignoring
ip-10-233-4-28:56:56 [0] NCCL INFO Topology detection : could not read /sys/devices/pci0000:00/0000:00:1e.0/../max_link_width, ignoring
ip-10-233-4-28:56:56 [0] NCCL INFO Topology detection : could not read /sys/devices/system/node/node-1/cpumap, ignoring
ip-10-233-4-28:56:56 [0] NCCL INFO TOPO/NET : Importing network plugins to topology
ip-10-233-4-28:56:56 [0] NCCL INFO Could not get speed from /sys/class/net/ens5/speed. Defaulting to 10 Gbps.
ip-10-233-4-28:56:56 [0] NCCL INFO Topology detection : could not read /sys/devices/pci0000:00/0000:00:05.0/../max_link_speed, ignoring
ip-10-233-4-28:56:56 [0] NCCL INFO Topology detection : could not read /sys/devices/pci0000:00/0000:00:05.0/../max_link_width, ignoring
ip-10-233-4-28:56:56 [0] NCCL INFO Topology detection : could not read /sys/devices/system/node/node-1/cpumap, ignoring
ip-10-233-4-28:56:56 [0] NCCL INFO NET/Socket : GPU Direct RDMA Disabled for HCA 0 'ens5'
ip-10-233-4-28:56:56 [0] NCCL INFO ncclTopoPopulateNics : Filled ens5 in topo with pciPath=/sys/devices/pci0000:00/0000:00:05.0 net=1 gin=(null) keep=1 coll=(null)
ip-10-233-4-28:56:56 [0] NCCL INFO KV Convert to int : could not find value of 'Unknown' in dictionary, falling back to 60
ip-10-233-4-28:56:56 [0] NCCL INFO === System : maxBw 1.2 totalBw 24.0 ===
ip-10-233-4-28:56:56 [0] NCCL INFO CPU/0-ffffffffffffff (1/2/-1)
ip-10-233-4-28:56:56 [0] NCCL INFO + PCI[24.0] - GPU/0-1e0 (6)
ip-10-233-4-28:56:56 [0] NCCL INFO + PCI[12.0] - NIC/0-50
ip-10-233-4-28:56:56 [0] NCCL INFO               + NET[1.2] - NET/0-0 (0/0/0/1.250000)
ip-10-233-4-28:56:56 [0] NCCL INFO ==========================================
ip-10-233-4-28:56:56 [0] NCCL INFO GPU/0-1e0 :GPU/0-1e0 (0/5000.0/LOC) CPU/0-ffffffffffffff (1/24.0/PHB) NET/0-0 (3/1.2/PHB) 
ip-10-233-4-28:56:56 [0] NCCL INFO NET/0-0 :GPU/0-1e0 (3/1.2/PHB) CPU/0-ffffffffffffff (2/1.2/PHB) NET/0-0 (0/5000.0/LOC) 
ip-10-233-4-28:56:56 [0] NCCL INFO ncclTopoGetCpuAffinity: Affinity for GPU 0 is empty, ignoring. (GPU affinity =  ; CPU affinity = 0-3).
ip-10-233-4-28:56:56 [0] NCCL INFO Pattern 4, crossNic 0, nChannels 1, bw 1.200000/1.200000, type LOC/PHB, sameChannels 1
ip-10-233-4-28:56:56 [0] NCCL INFO  0 : NET/0-0 GPU/0-1e0 NET/0-0
ip-10-233-4-28:56:56 [0] NCCL INFO Pattern 3, crossNic 0, nChannels 1, bw 2.400000/1.200000, type LOC/PHB, sameChannels 1
ip-10-233-4-28:56:56 [0] NCCL INFO  0 : NET/0-0 GPU/0-1e0 NET/0-0
ip-10-233-4-28:56:56 [0] NCCL INFO Could not get speed from /sys/class/net/ens5/speed. Defaulting to 10 Gbps.
ip-10-233-4-28:56:56 [0] NCCL INFO comm 0x598b968ce8b0 rank 6 nRanks 16 nNodes 16 localRanks 1 localRank 0 MNNVL 0
ip-10-233-4-28:56:56 [0] NCCL INFO Tree 0 : 4 -> 6 -> 5/7/-1
ip-10-233-4-28:56:56 [0] NCCL INFO Tree 1 : 5 -> 6 -> -1/-1/-1
ip-10-233-4-28:56:56 [0] NCCL INFO Ring 00 : 5 -> 6 -> 7
ip-10-233-4-28:56:56 [0] NCCL INFO Ring 01 : 5 -> 6 -> 7
ip-10-233-4-28:56:56 [0] NCCL INFO Trees [0] 5/7/-1->6->4 [1] -1/-1/-1->6->5
ip-10-233-4-28:56:56 [0] NCCL INFO P2P Chunksize set to 131072
ip-10-233-4-28:56:56 [0] NCCL INFO Check P2P Type isAllDirectP2p 1 directMode 0 isAllCudaP2p 1
ip-10-233-4-28:56:56 [0] NCCL INFO ncclP2pSchedule: group size used is 1
ip-10-233-4-28:56:108 [0] NCCL INFO [Proxy Service] Device 0 CPU core 3
ip-10-233-4-28:56:109 [0] NCCL INFO [Proxy Service UDS] Device 0 CPU core 0
ip-10-233-4-28:56:56 [0] NCCL INFO threadThresholds 8/8/64 | 128/8/64 | 512 | 512
ip-10-233-4-28:56:56 [0] NCCL INFO 2 coll channels, 2 collnet channels, 0 nvls channels, 2 p2p channels, 1 p2p channels per peer
ip-10-233-4-28:56:56 [0] NCCL INFO Symmetric VA size=24GB
ip-10-233-4-28:56:56 [0] NCCL INFO Symmetric memory is not supported. cuMemEnable 1, globalGinSupport 0, globalNicFused 0 cuMemGdrSupport 1
ip-10-233-4-28:56:56 [0] NCCL INFO ncclCommInitRankConfig comm 0x598b968ce8b0 rank 6 nranks 16 cudaDev 0 nvmlDev 0 busId 1e0 commId 0xb52e73f562d9812f - Init COMPLETE
ip-10-233-4-28:56:56 [0] NCCL INFO Init timings - ncclCommInitRankConfig: rank 6 nranks 16 total 37.25 (kernels 0.00, alloc 0.00, bootstrap 34.19, allgathers 3.05, topo 0.00, graphs 0.00, connections 0.00, rest 0.00)
ip-10-233-4-28:56:108 [0] NCCL INFO New proxy recv connection 0 from local rank 0, transport 2
ip-10-233-4-28:56:110 [0] NCCL INFO [Proxy Progress] Device 0 CPU core 2
ip-10-233-4-28:56:56 [0] NCCL INFO Connected to proxy localRank 0 -> connection 0x752a94004f70
ip-10-233-4-28:56:108 [0] NCCL INFO Could not get speed from /sys/class/net/ens5/speed. Defaulting to 10 Gbps.
ip-10-233-4-28:56:108 [0] NCCL INFO NET/Socket: Using 2 threads and 8 sockets per thread
ip-10-233-4-28:56:56 [0] NCCL INFO Channel 00/0 : 5[0] -> 6[0] [receive] via NET/Socket/0
ip-10-233-4-28:56:108 [0] NCCL INFO New proxy recv connection 1 from local rank 0, transport 2
ip-10-233-4-28:56:56 [0] NCCL INFO Connected to proxy localRank 0 -> connection 0x752a94004ff8
ip-10-233-4-28:56:108 [0] NCCL INFO Could not get speed from /sys/class/net/ens5/speed. Defaulting to 10 Gbps.
ip-10-233-4-28:56:108 [0] NCCL INFO NET/Socket: Using 2 threads and 8 sockets per thread
ip-10-233-4-28:56:56 [0] NCCL INFO Channel 01/0 : 5[0] -> 6[0] [receive] via NET/Socket/0
ip-10-233-4-28:56:108 [0] NCCL INFO New proxy send connection 2 from local rank 0, transport 2
ip-10-233-4-28:56:56 [0] NCCL INFO Connected to proxy localRank 0 -> connection 0x752a94005080
ip-10-233-4-28:56:108 [0] NCCL INFO Could not get speed from /sys/class/net/ens5/speed. Defaulting to 10 Gbps.
ip-10-233-4-28:56:56 [0] NCCL INFO Channel 00/0 : 6[0] -> 7[0] [send] via NET/Socket/0
ip-10-233-4-28:56:108 [0] NCCL INFO New proxy recv connection 3 from local rank 0, transport 2
ip-10-233-4-28:56:56 [0] NCCL INFO Connected to proxy localRank 0 -> connection 0x752a94005108
ip-10-233-4-28:56:108 [0] NCCL INFO Could not get speed from /sys/class/net/ens5/speed. Defaulting to 10 Gbps.
ip-10-233-4-28:56:108 [0] NCCL INFO NET/Socket: Using 2 threads and 8 sockets per thread
ip-10-233-4-28:56:56 [0] NCCL INFO Channel 00/0 : 4[0] -> 6[0] [receive] via NET/Socket/0
ip-10-233-4-28:56:108 [0] NCCL INFO New proxy send connection 4 from local rank 0, transport 2
ip-10-233-4-28:56:56 [0] NCCL INFO Connected to proxy localRank 0 -> connection 0x752a94005190
ip-10-233-4-28:56:108 [0] NCCL INFO Could not get speed from /sys/class/net/ens5/speed. Defaulting to 10 Gbps.
ip-10-233-4-28:56:56 [0] NCCL INFO Channel 00/0 : 6[0] -> 4[0] [send] via NET/Socket/0
ip-10-233-4-28:56:108 [0] NCCL INFO New proxy recv connection 5 from local rank 0, transport 2
ip-10-233-4-28:56:56 [0] NCCL INFO Connected to proxy localRank 0 -> connection 0x752a94005218
ip-10-233-4-28:56:108 [0] NCCL INFO Could not get speed from /sys/class/net/ens5/speed. Defaulting to 10 Gbps.
ip-10-233-4-28:56:108 [0] NCCL INFO NET/Socket: Using 2 threads and 8 sockets per thread
ip-10-233-4-28:56:56 [0] NCCL INFO Channel 00/0 : 7[0] -> 6[0] [receive] via NET/Socket/0
ip-10-233-4-28:56:108 [0] NCCL INFO New proxy send connection 6 from local rank 0, transport 2
ip-10-233-4-28:56:56 [0] NCCL INFO Connected to proxy localRank 0 -> connection 0x752a940052a0
ip-10-233-4-28:56:108 [0] NCCL INFO Could not get speed from /sys/class/net/ens5/speed. Defaulting to 10 Gbps.
ip-10-233-4-28:56:56 [0] NCCL INFO Channel 00/0 : 6[0] -> 5[0] [send] via NET/Socket/0
ip-10-233-4-28:56:108 [0] NCCL INFO New proxy send connection 7 from local rank 0, transport 2
ip-10-233-4-28:56:56 [0] NCCL INFO Connected to proxy localRank 0 -> connection 0x752a94005328
ip-10-233-4-28:56:108 [0] NCCL INFO Could not get speed from /sys/class/net/ens5/speed. Defaulting to 10 Gbps.
ip-10-233-4-28:56:56 [0] NCCL INFO Channel 01/0 : 6[0] -> 5[0] [send] via NET/Socket/0
ip-10-233-4-28:56:56 [0] NCCL INFO Connected all trees
ip-10-233-4-28:56:56 [0] NCCL INFO Initialized NET plugin Socket
ip-10-233-4-28:56:56 [0] NCCL INFO Could not get speed from /sys/class/net/ens5/speed. Defaulting to 10 Gbps.
ip-10-233-4-28:56:56 [0] NCCL INFO Assigned NET plugin Socket to comm
ip-10-233-4-28:56:56 [0] NCCL INFO Failed to initialize any GIN plugin
ip-10-233-4-28:56:56 [0] NCCL INFO Using network Socket
ip-10-233-4-28:56:56 [0] NCCL INFO [Rank 0] ncclCommInitRankConfig comm 0x598b96c7a800 rank 0 nranks 2 cudaDev 0 nvmlDev 0 busId 1e0 commId 0x5370288f782950b9 - Init START
ip-10-233-4-28:56:56 [0] NCCL INFO Topology detection : could not read /sys/devices/pci0000:00/0000:00:1e.0/../max_link_speed, ignoring
ip-10-233-4-28:56:56 [0] NCCL INFO Topology detection : could not read /sys/devices/pci0000:00/0000:00:1e.0/../max_link_width, ignoring
ip-10-233-4-28:56:56 [0] NCCL INFO Topology detection : could not read /sys/devices/system/node/node-1/cpumap, ignoring
ip-10-233-4-28:56:56 [0] NCCL INFO TOPO/NET : Importing network plugins to topology
ip-10-233-4-28:56:56 [0] NCCL INFO Could not get speed from /sys/class/net/ens5/speed. Defaulting to 10 Gbps.
ip-10-233-4-28:56:56 [0] NCCL INFO Topology detection : could not read /sys/devices/pci0000:00/0000:00:05.0/../max_link_speed, ignoring
ip-10-233-4-28:56:56 [0] NCCL INFO Topology detection : could not read /sys/devices/pci0000:00/0000:00:05.0/../max_link_width, ignoring
ip-10-233-4-28:56:56 [0] NCCL INFO Topology detection : could not read /sys/devices/system/node/node-1/cpumap, ignoring
ip-10-233-4-28:56:56 [0] NCCL INFO NET/Socket : GPU Direct RDMA Disabled for HCA 0 'ens5'
ip-10-233-4-28:56:56 [0] NCCL INFO ncclTopoPopulateNics : Filled ens5 in topo with pciPath=/sys/devices/pci0000:00/0000:00:05.0 net=1 gin=(null) keep=1 coll=(null)
ip-10-233-4-28:56:56 [0] NCCL INFO KV Convert to int : could not find value of 'Unknown' in dictionary, falling back to 60
ip-10-233-4-28:56:56 [0] NCCL INFO === System : maxBw 1.2 totalBw 24.0 ===
ip-10-233-4-28:56:56 [0] NCCL INFO CPU/0-ffffffffffffff (1/2/-1)
ip-10-233-4-28:56:56 [0] NCCL INFO + PCI[24.0] - GPU/0-1e0 (0)
ip-10-233-4-28:56:56 [0] NCCL INFO + PCI[12.0] - NIC/0-50
ip-10-233-4-28:56:56 [0] NCCL INFO               + NET[1.2] - NET/0-0 (0/0/0/1.250000)
ip-10-233-4-28:56:56 [0] NCCL INFO ==========================================
ip-10-233-4-28:56:56 [0] NCCL INFO GPU/0-1e0 :GPU/0-1e0 (0/5000.0/LOC) CPU/0-ffffffffffffff (1/24.0/PHB) NET/0-0 (3/1.2/PHB) 
ip-10-233-4-28:56:56 [0] NCCL INFO NET/0-0 :GPU/0-1e0 (3/1.2/PHB) CPU/0-ffffffffffffff (2/1.2/PHB) NET/0-0 (0/5000.0/LOC) 
ip-10-233-4-28:56:56 [0] NCCL INFO ncclTopoGetCpuAffinity: Affinity for GPU 0 is empty, ignoring. (GPU affinity =  ; CPU affinity = 0-3).
ip-10-233-4-28:56:56 [0] NCCL INFO Pattern 4, crossNic 0, nChannels 1, bw 1.200000/1.200000, type LOC/PHB, sameChannels 1
ip-10-233-4-28:56:56 [0] NCCL INFO  0 : NET/0-0 GPU/0-1e0 NET/0-0
ip-10-233-4-28:56:56 [0] NCCL INFO Pattern 3, crossNic 0, nChannels 1, bw 2.400000/1.200000, type LOC/PHB, sameChannels 1
ip-10-233-4-28:56:56 [0] NCCL INFO  0 : NET/0-0 GPU/0-1e0 NET/0-0
ip-10-233-4-28:56:56 [0] NCCL INFO Could not get speed from /sys/class/net/ens5/speed. Defaulting to 10 Gbps.
ip-10-233-4-28:56:56 [0] NCCL INFO comm 0x598b96c7a800 rank 0 nRanks 2 nNodes 2 localRanks 1 localRank 0 MNNVL 0
ip-10-233-4-28:56:56 [0] NCCL INFO Tree 0 : -1 -> 0 -> 1/-1/-1
ip-10-233-4-28:56:56 [0] NCCL INFO Tree 1 : 1 -> 0 -> -1/-1/-1
ip-10-233-4-28:56:56 [0] NCCL INFO Channel 00/02 : 0 1
ip-10-233-4-28:56:56 [0] NCCL INFO Channel 01/02 : 0 1
ip-10-233-4-28:56:56 [0] NCCL INFO Ring 00 : 1 -> 0 -> 1
ip-10-233-4-28:56:56 [0] NCCL INFO Ring 01 : 1 -> 0 -> 1
ip-10-233-4-28:56:56 [0] NCCL INFO Trees [0] 1/-1/-1->0->-1 [1] -1/-1/-1->0->1
ip-10-233-4-28:56:56 [0] NCCL INFO P2P Chunksize set to 131072
ip-10-233-4-28:56:56 [0] NCCL INFO Check P2P Type isAllDirectP2p 1 directMode 0 isAllCudaP2p 1
ip-10-233-4-28:56:112 [0] NCCL INFO [Proxy Service] Device 0 CPU core 2
ip-10-233-4-28:56:56 [0] NCCL INFO ncclP2pSchedule: group size used is 1
ip-10-233-4-28:56:113 [0] NCCL INFO [Proxy Service UDS] Device 0 CPU core 1
ip-10-233-4-28:56:56 [0] NCCL INFO threadThresholds 8/8/64 | 16/8/64 | 512 | 512
ip-10-233-4-28:56:56 [0] NCCL INFO 2 coll channels, 2 collnet channels, 0 nvls channels, 2 p2p channels, 1 p2p channels per peer
ip-10-233-4-28:56:56 [0] NCCL INFO Symmetric VA size=24GB
ip-10-233-4-28:56:56 [0] NCCL INFO Symmetric memory is not supported. cuMemEnable 1, globalGinSupport 0, globalNicFused 0 cuMemGdrSupport 1
ip-10-233-4-28:56:56 [0] NCCL INFO CC Off, workFifoBytes 1048576
ip-10-233-4-28:56:56 [0] NCCL INFO ncclCommInitRankConfig comm 0x598b96c7a800 rank 0 nranks 2 cudaDev 0 nvmlDev 0 busId 1e0 commId 0x5370288f782950b9 - Init COMPLETE
ip-10-233-4-28:56:56 [0] NCCL INFO Init timings - ncclCommInitRankConfig: rank 0 nranks 2 total 0.53 (kernels 0.00, alloc 0.00, bootstrap 0.48, allgathers 0.05, topo 0.00, graphs 0.00, connections 0.00, rest 0.00)
ip-10-233-4-28:56:112 [0] NCCL INFO New proxy send connection 0 from local rank 0, transport 2
ip-10-233-4-28:56:114 [0] NCCL INFO [Proxy Progress] Device 0 CPU core 0
ip-10-233-4-28:56:56 [0] NCCL INFO Connected to proxy localRank 0 -> connection 0x752a6c004f70
ip-10-233-4-28:56:112 [0] NCCL INFO Could not get speed from /sys/class/net/ens5/speed. Defaulting to 10 Gbps.
ip-10-233-4-28:56:56 [0] NCCL INFO Channel 01/1 : 0[0] -> 1[0] [send] via NET/Socket/0/Shared
ip-10-233-4-28:56:112 [0] NCCL INFO New proxy recv connection 1 from local rank 0, transport 2
ip-10-233-4-28:56:56 [0] NCCL INFO Connected to proxy localRank 0 -> connection 0x752a6c004ff8
ip-10-233-4-28:56:112 [0] NCCL INFO Could not get speed from /sys/class/net/ens5/speed. Defaulting to 10 Gbps.
ip-10-233-4-28:56:112 [0] NCCL INFO NET/Socket: Using 2 threads and 8 sockets per thread
ip-10-233-4-28:56:56 [0] NCCL INFO Channel 01/1 : 1[0] -> 0[0] [receive] via NET/Socket/0/Shared
ip-10-233-4-28:56:56 [0] NCCL INFO Initialized NET plugin Socket
ip-10-233-4-28:56:56 [0] NCCL INFO Could not get speed from /sys/class/net/ens5/speed. Defaulting to 10 Gbps.
ip-10-233-4-28:56:56 [0] NCCL INFO Assigned NET plugin Socket to comm
ip-10-233-4-28:56:56 [0] NCCL INFO Failed to initialize any GIN plugin
ip-10-233-4-28:56:56 [0] NCCL INFO Using network Socket
ip-10-233-4-28:56:56 [0] NCCL INFO [Rank 1] ncclCommInitRankConfig comm 0x598b992dbcc0 rank 1 nranks 2 cudaDev 0 nvmlDev 0 busId 1e0 commId 0xe22cabe35317db72 - Init START
ip-10-233-4-28:56:56 [0] NCCL INFO Topology detection : could not read /sys/devices/pci0000:00/0000:00:1e.0/../max_link_speed, ignoring
ip-10-233-4-28:56:56 [0] NCCL INFO Topology detection : could not read /sys/devices/pci0000:00/0000:00:1e.0/../max_link_width, ignoring
ip-10-233-4-28:56:56 [0] NCCL INFO Topology detection : could not read /sys/devices/system/node/node-1/cpumap, ignoring
ip-10-233-4-28:56:56 [0] NCCL INFO TOPO/NET : Importing network plugins to topology
ip-10-233-4-28:56:56 [0] NCCL INFO Could not get speed from /sys/class/net/ens5/speed. Defaulting to 10 Gbps.
ip-10-233-4-28:56:56 [0] NCCL INFO Topology detection : could not read /sys/devices/pci0000:00/0000:00:05.0/../max_link_speed, ignoring
ip-10-233-4-28:56:56 [0] NCCL INFO Topology detection : could not read /sys/devices/pci0000:00/0000:00:05.0/../max_link_width, ignoring
ip-10-233-4-28:56:56 [0] NCCL INFO Topology detection : could not read /sys/devices/system/node/node-1/cpumap, ignoring
ip-10-233-4-28:56:56 [0] NCCL INFO NET/Socket : GPU Direct RDMA Disabled for HCA 0 'ens5'
ip-10-233-4-28:56:56 [0] NCCL INFO ncclTopoPopulateNics : Filled ens5 in topo with pciPath=/sys/devices/pci0000:00/0000:00:05.0 net=1 gin=(null) keep=1 coll=(null)
ip-10-233-4-28:56:56 [0] NCCL INFO KV Convert to int : could not find value of 'Unknown' in dictionary, falling back to 60
ip-10-233-4-28:56:56 [0] NCCL INFO === System : maxBw 1.2 totalBw 24.0 ===
ip-10-233-4-28:56:56 [0] NCCL INFO CPU/0-ffffffffffffff (1/2/-1)
ip-10-233-4-28:56:56 [0] NCCL INFO + PCI[24.0] - GPU/0-1e0 (1)
ip-10-233-4-28:56:56 [0] NCCL INFO + PCI[12.0] - NIC/0-50
ip-10-233-4-28:56:56 [0] NCCL INFO               + NET[1.2] - NET/0-0 (0/0/0/1.250000)
ip-10-233-4-28:56:56 [0] NCCL INFO ==========================================
ip-10-233-4-28:56:56 [0] NCCL INFO GPU/0-1e0 :GPU/0-1e0 (0/5000.0/LOC) CPU/0-ffffffffffffff (1/24.0/PHB) NET/0-0 (3/1.2/PHB) 
ip-10-233-4-28:56:56 [0] NCCL INFO NET/0-0 :GPU/0-1e0 (3/1.2/PHB) CPU/0-ffffffffffffff (2/1.2/PHB) NET/0-0 (0/5000.0/LOC) 
ip-10-233-4-28:56:56 [0] NCCL INFO ncclTopoGetCpuAffinity: Affinity for GPU 0 is empty, ignoring. (GPU affinity =  ; CPU affinity = 0-3).
ip-10-233-4-28:56:56 [0] NCCL INFO Pattern 4, crossNic 0, nChannels 1, bw 1.200000/1.200000, type LOC/PHB, sameChannels 1
ip-10-233-4-28:56:56 [0] NCCL INFO  0 : NET/0-0 GPU/0-1e0 NET/0-0
ip-10-233-4-28:56:56 [0] NCCL INFO Pattern 3, crossNic 0, nChannels 1, bw 2.400000/1.200000, type LOC/PHB, sameChannels 1
ip-10-233-4-28:56:56 [0] NCCL INFO  0 : NET/0-0 GPU/0-1e0 NET/0-0
ip-10-233-4-28:56:56 [0] NCCL INFO Could not get speed from /sys/class/net/ens5/speed. Defaulting to 10 Gbps.
ip-10-233-4-28:56:56 [0] NCCL INFO comm 0x598b992dbcc0 rank 1 nRanks 2 nNodes 2 localRanks 1 localRank 0 MNNVL 0
ip-10-233-4-28:56:56 [0] NCCL INFO Tree 0 : 0 -> 1 -> -1/-1/-1
ip-10-233-4-28:56:56 [0] NCCL INFO Tree 1 : -1 -> 1 -> 0/-1/-1
ip-10-233-4-28:56:56 [0] NCCL INFO Ring 00 : 0 -> 1 -> 0
ip-10-233-4-28:56:56 [0] NCCL INFO Ring 01 : 0 -> 1 -> 0
ip-10-233-4-28:56:56 [0] NCCL INFO Trees [0] -1/-1/-1->1->0 [1] 0/-1/-1->1->-1
ip-10-233-4-28:56:56 [0] NCCL INFO P2P Chunksize set to 131072
ip-10-233-4-28:56:56 [0] NCCL INFO Check P2P Type isAllDirectP2p 1 directMode 0 isAllCudaP2p 1
ip-10-233-4-28:56:56 [0] NCCL INFO ncclP2pSchedule: group size used is 1
ip-10-233-4-28:56:119 [0] NCCL INFO [Proxy Service] Device 0 CPU core 3
ip-10-233-4-28:56:120 [0] NCCL INFO [Proxy Service UDS] Device 0 CPU core 2
ip-10-233-4-28:56:56 [0] NCCL INFO threadThresholds 8/8/64 | 16/8/64 | 512 | 512
ip-10-233-4-28:56:56 [0] NCCL INFO 2 coll channels, 2 collnet channels, 0 nvls channels, 2 p2p channels, 1 p2p channels per peer
ip-10-233-4-28:56:56 [0] NCCL INFO Symmetric VA size=24GB
ip-10-233-4-28:56:56 [0] NCCL INFO Symmetric memory is not supported. cuMemEnable 1, globalGinSupport 0, globalNicFused 0 cuMemGdrSupport 1
ip-10-233-4-28:56:56 [0] NCCL INFO ncclCommInitRankConfig comm 0x598b992dbcc0 rank 1 nranks 2 cudaDev 0 nvmlDev 0 busId 1e0 commId 0xe22cabe35317db72 - Init COMPLETE
ip-10-233-4-28:56:56 [0] NCCL INFO Init timings - ncclCommInitRankConfig: rank 1 nranks 2 total 1.06 (kernels 0.00, alloc 0.00, bootstrap 0.75, allgathers 0.30, topo 0.00, graphs 0.00, connections 0.00, rest 0.00)
ip-10-233-4-28:56:119 [0] NCCL INFO New proxy recv connection 0 from local rank 0, transport 2
ip-10-233-4-28:56:121 [0] NCCL INFO [Proxy Progress] Device 0 CPU core 1
ip-10-233-4-28:56:56 [0] NCCL INFO Connected to proxy localRank 0 -> connection 0x752a4c004f70
ip-10-233-4-28:56:119 [0] NCCL INFO Could not get speed from /sys/class/net/ens5/speed. Defaulting to 10 Gbps.
ip-10-233-4-28:56:119 [0] NCCL INFO NET/Socket: Using 2 threads and 8 sockets per thread
ip-10-233-4-28:56:56 [0] NCCL INFO Channel 01/1 : 0[0] -> 1[0] [receive] via NET/Socket/0/Shared
ip-10-233-4-28:56:119 [0] NCCL INFO New proxy send connection 1 from local rank 0, transport 2
ip-10-233-4-28:56:56 [0] NCCL INFO Connected to proxy localRank 0 -> connection 0x752a4c004ff8
ip-10-233-4-28:56:119 [0] NCCL INFO Could not get speed from /sys/class/net/ens5/speed. Defaulting to 10 Gbps.
ip-10-233-4-28:56:56 [0] NCCL INFO Channel 01/1 : 1[0] -> 0[0] [send] via NET/Socket/0/Shared
ip-10-233-4-28:56:56 [0] NCCL INFO Initialized NET plugin Socket
ip-10-233-4-28:56:56 [0] NCCL INFO Could not get speed from /sys/class/net/ens5/speed. Defaulting to 10 Gbps.
ip-10-233-4-28:56:56 [0] NCCL INFO Assigned NET plugin Socket to comm
ip-10-233-4-28:56:56 [0] NCCL INFO Failed to initialize any GIN plugin
ip-10-233-4-28:56:56 [0] NCCL INFO Using network Socket
ip-10-233-4-28:56:56 [0] NCCL INFO [Rank 0] ncclCommInitRankConfig comm 0x598b9818a620 rank 0 nranks 2 cudaDev 0 nvmlDev 0 busId 1e0 commId 0x4852d3228b49c928 - Init START
ip-10-233-4-28:56:56 [0] NCCL INFO Topology detection : could not read /sys/devices/pci0000:00/0000:00:1e.0/../max_link_speed, ignoring
ip-10-233-4-28:56:56 [0] NCCL INFO Topology detection : could not read /sys/devices/pci0000:00/0000:00:1e.0/../max_link_width, ignoring
ip-10-233-4-28:56:56 [0] NCCL INFO Topology detection : could not read /sys/devices/system/node/node-1/cpumap, ignoring
ip-10-233-4-28:56:56 [0] NCCL INFO TOPO/NET : Importing network plugins to topology
ip-10-233-4-28:56:56 [0] NCCL INFO Could not get speed from /sys/class/net/ens5/speed. Defaulting to 10 Gbps.
ip-10-233-4-28:56:56 [0] NCCL INFO Topology detection : could not read /sys/devices/pci0000:00/0000:00:05.0/../max_link_speed, ignoring
ip-10-233-4-28:56:56 [0] NCCL INFO Topology detection : could not read /sys/devices/pci0000:00/0000:00:05.0/../max_link_width, ignoring
ip-10-233-4-28:56:56 [0] NCCL INFO Topology detection : could not read /sys/devices/system/node/node-1/cpumap, ignoring
ip-10-233-4-28:56:56 [0] NCCL INFO NET/Socket : GPU Direct RDMA Disabled for HCA 0 'ens5'
ip-10-233-4-28:56:56 [0] NCCL INFO ncclTopoPopulateNics : Filled ens5 in topo with pciPath=/sys/devices/pci0000:00/0000:00:05.0 net=1 gin=(null) keep=1 coll=(null)
ip-10-233-4-28:56:56 [0] NCCL INFO KV Convert to int : could not find value of 'Unknown' in dictionary, falling back to 60
ip-10-233-4-28:56:56 [0] NCCL INFO === System : maxBw 1.2 totalBw 24.0 ===
ip-10-233-4-28:56:56 [0] NCCL INFO CPU/0-ffffffffffffff (1/2/-1)
ip-10-233-4-28:56:56 [0] NCCL INFO + PCI[24.0] - GPU/0-1e0 (0)
ip-10-233-4-28:56:56 [0] NCCL INFO + PCI[12.0] - NIC/0-50
ip-10-233-4-28:56:56 [0] NCCL INFO               + NET[1.2] - NET/0-0 (0/0/0/1.250000)
ip-10-233-4-28:56:56 [0] NCCL INFO ==========================================
ip-10-233-4-28:56:56 [0] NCCL INFO GPU/0-1e0 :GPU/0-1e0 (0/5000.0/LOC) CPU/0-ffffffffffffff (1/24.0/PHB) NET/0-0 (3/1.2/PHB) 
ip-10-233-4-28:56:56 [0] NCCL INFO NET/0-0 :GPU/0-1e0 (3/1.2/PHB) CPU/0-ffffffffffffff (2/1.2/PHB) NET/0-0 (0/5000.0/LOC) 
ip-10-233-4-28:56:56 [0] NCCL INFO ncclTopoGetCpuAffinity: Affinity for GPU 0 is empty, ignoring. (GPU affinity =  ; CPU affinity = 0-3).
ip-10-233-4-28:56:56 [0] NCCL INFO Pattern 4, crossNic 0, nChannels 1, bw 1.200000/1.200000, type LOC/PHB, sameChannels 1
ip-10-233-4-28:56:56 [0] NCCL INFO  0 : NET/0-0 GPU/0-1e0 NET/0-0
ip-10-233-4-28:56:56 [0] NCCL INFO Pattern 3, crossNic 0, nChannels 1, bw 2.400000/1.200000, type LOC/PHB, sameChannels 1
ip-10-233-4-28:56:56 [0] NCCL INFO  0 : NET/0-0 GPU/0-1e0 NET/0-0
ip-10-233-4-28:56:56 [0] NCCL INFO Could not get speed from /sys/class/net/ens5/speed. Defaulting to 10 Gbps.
ip-10-233-4-28:56:56 [0] NCCL INFO comm 0x598b9818a620 rank 0 nRanks 2 nNodes 2 localRanks 1 localRank 0 MNNVL 0
ip-10-233-4-28:56:56 [0] NCCL INFO Tree 0 : -1 -> 0 -> 1/-1/-1
ip-10-233-4-28:56:56 [0] NCCL INFO Tree 1 : 1 -> 0 -> -1/-1/-1
ip-10-233-4-28:56:56 [0] NCCL INFO Channel 00/02 : 0 1
ip-10-233-4-28:56:56 [0] NCCL INFO Channel 01/02 : 0 1
ip-10-233-4-28:56:56 [0] NCCL INFO Ring 00 : 1 -> 0 -> 1
ip-10-233-4-28:56:56 [0] NCCL INFO Ring 01 : 1 -> 0 -> 1
ip-10-233-4-28:56:56 [0] NCCL INFO Trees [0] 1/-1/-1->0->-1 [1] -1/-1/-1->0->1
ip-10-233-4-28:56:56 [0] NCCL INFO P2P Chunksize set to 131072
ip-10-233-4-28:56:56 [0] NCCL INFO Check P2P Type isAllDirectP2p 1 directMode 0 isAllCudaP2p 1
ip-10-233-4-28:56:127 [0] NCCL INFO [Proxy Service] Device 0 CPU core 2
ip-10-233-4-28:56:56 [0] NCCL INFO ncclP2pSchedule: group size used is 1
ip-10-233-4-28:56:128 [0] NCCL INFO [Proxy Service UDS] Device 0 CPU core 3
ip-10-233-4-28:56:56 [0] NCCL INFO threadThresholds 8/8/64 | 16/8/64 | 512 | 512
ip-10-233-4-28:56:56 [0] NCCL INFO 2 coll channels, 2 collnet channels, 0 nvls channels, 2 p2p channels, 1 p2p channels per peer
ip-10-233-4-28:56:56 [0] NCCL INFO Symmetric VA size=24GB
ip-10-233-4-28:56:56 [0] NCCL INFO Symmetric memory is not supported. cuMemEnable 1, globalGinSupport 0, globalNicFused 0 cuMemGdrSupport 1
ip-10-233-4-28:56:56 [0] NCCL INFO CC Off, workFifoBytes 1048576
ip-10-233-4-28:56:56 [0] NCCL INFO ncclCommInitRankConfig comm 0x598b9818a620 rank 0 nranks 2 cudaDev 0 nvmlDev 0 busId 1e0 commId 0x4852d3228b49c928 - Init COMPLETE
ip-10-233-4-28:56:56 [0] NCCL INFO Init timings - ncclCommInitRankConfig: rank 0 nranks 2 total 0.24 (kernels 0.00, alloc 0.00, bootstrap 0.22, allgathers 0.02, topo 0.00, graphs 0.00, connections 0.00, rest 0.00)
ip-10-233-4-28:56:127 [0] NCCL INFO New proxy send connection 0 from local rank 0, transport 2
ip-10-233-4-28:56:129 [0] NCCL INFO [Proxy Progress] Device 0 CPU core 3
ip-10-233-4-28:56:56 [0] NCCL INFO Connected to proxy localRank 0 -> connection 0x752a480164b0
ip-10-233-4-28:56:127 [0] NCCL INFO Could not get speed from /sys/class/net/ens5/speed. Defaulting to 10 Gbps.
ip-10-233-4-28:56:56 [0] NCCL INFO Channel 01/1 : 0[0] -> 1[0] [send] via NET/Socket/0/Shared
ip-10-233-4-28:56:127 [0] NCCL INFO New proxy recv connection 1 from local rank 0, transport 2
ip-10-233-4-28:56:56 [0] NCCL INFO Connected to proxy localRank 0 -> connection 0x752a48016538
ip-10-233-4-28:56:127 [0] NCCL INFO Could not get speed from /sys/class/net/ens5/speed. Defaulting to 10 Gbps.
ip-10-233-4-28:56:127 [0] NCCL INFO NET/Socket: Using 2 threads and 8 sockets per thread
ip-10-233-4-28:56:56 [0] NCCL INFO Channel 01/1 : 1[0] -> 0[0] [receive] via NET/Socket/0/Shared
ip-10-233-4-28:56:56 [0] NCCL INFO Initialized NET plugin Socket
ip-10-233-4-28:56:56 [0] NCCL INFO Could not get speed from /sys/class/net/ens5/speed. Defaulting to 10 Gbps.
ip-10-233-4-28:56:56 [0] NCCL INFO Assigned NET plugin Socket to comm
ip-10-233-4-28:56:56 [0] NCCL INFO Failed to initialize any GIN plugin
ip-10-233-4-28:56:56 [0] NCCL INFO Using network Socket
ip-10-233-4-28:56:56 [0] NCCL INFO [Rank 1] ncclCommInitRankConfig comm 0x598b9912b260 rank 1 nranks 2 cudaDev 0 nvmlDev 0 busId 1e0 commId 0xab72e9972c9d1d24 - Init START
ip-10-233-4-28:56:56 [0] NCCL INFO Topology detection : could not read /sys/devices/pci0000:00/0000:00:1e.0/../max_link_speed, ignoring
ip-10-233-4-28:56:56 [0] NCCL INFO Topology detection : could not read /sys/devices/pci0000:00/0000:00:1e.0/../max_link_width, ignoring
ip-10-233-4-28:56:56 [0] NCCL INFO Topology detection : could not read /sys/devices/system/node/node-1/cpumap, ignoring
ip-10-233-4-28:56:56 [0] NCCL INFO TOPO/NET : Importing network plugins to topology
ip-10-233-4-28:56:56 [0] NCCL INFO Could not get speed from /sys/class/net/ens5/speed. Defaulting to 10 Gbps.
ip-10-233-4-28:56:56 [0] NCCL INFO Topology detection : could not read /sys/devices/pci0000:00/0000:00:05.0/../max_link_speed, ignoring
ip-10-233-4-28:56:56 [0] NCCL INFO Topology detection : could not read /sys/devices/pci0000:00/0000:00:05.0/../max_link_width, ignoring
ip-10-233-4-28:56:56 [0] NCCL INFO Topology detection : could not read /sys/devices/system/node/node-1/cpumap, ignoring
ip-10-233-4-28:56:56 [0] NCCL INFO NET/Socket : GPU Direct RDMA Disabled for HCA 0 'ens5'
ip-10-233-4-28:56:56 [0] NCCL INFO ncclTopoPopulateNics : Filled ens5 in topo with pciPath=/sys/devices/pci0000:00/0000:00:05.0 net=1 gin=(null) keep=1 coll=(null)
ip-10-233-4-28:56:56 [0] NCCL INFO KV Convert to int : could not find value of 'Unknown' in dictionary, falling back to 60
ip-10-233-4-28:56:56 [0] NCCL INFO === System : maxBw 1.2 totalBw 24.0 ===
ip-10-233-4-28:56:56 [0] NCCL INFO CPU/0-ffffffffffffff (1/2/-1)
ip-10-233-4-28:56:56 [0] NCCL INFO + PCI[24.0] - GPU/0-1e0 (1)
ip-10-233-4-28:56:56 [0] NCCL INFO + PCI[12.0] - NIC/0-50
ip-10-233-4-28:56:56 [0] NCCL INFO               + NET[1.2] - NET/0-0 (0/0/0/1.250000)
ip-10-233-4-28:56:56 [0] NCCL INFO ==========================================
ip-10-233-4-28:56:56 [0] NCCL INFO GPU/0-1e0 :GPU/0-1e0 (0/5000.0/LOC) CPU/0-ffffffffffffff (1/24.0/PHB) NET/0-0 (3/1.2/PHB) 
ip-10-233-4-28:56:56 [0] NCCL INFO NET/0-0 :GPU/0-1e0 (3/1.2/PHB) CPU/0-ffffffffffffff (2/1.2/PHB) NET/0-0 (0/5000.0/LOC) 
ip-10-233-4-28:56:56 [0] NCCL INFO ncclTopoGetCpuAffinity: Affinity for GPU 0 is empty, ignoring. (GPU affinity =  ; CPU affinity = 0-3).
ip-10-233-4-28:56:56 [0] NCCL INFO Pattern 4, crossNic 0, nChannels 1, bw 1.200000/1.200000, type LOC/PHB, sameChannels 1
ip-10-233-4-28:56:56 [0] NCCL INFO  0 : NET/0-0 GPU/0-1e0 NET/0-0
ip-10-233-4-28:56:56 [0] NCCL INFO Pattern 3, crossNic 0, nChannels 1, bw 2.400000/1.200000, type LOC/PHB, sameChannels 1
ip-10-233-4-28:56:56 [0] NCCL INFO  0 : NET/0-0 GPU/0-1e0 NET/0-0
ip-10-233-4-28:56:56 [0] NCCL INFO Could not get speed from /sys/class/net/ens5/speed. Defaulting to 10 Gbps.
ip-10-233-4-28:56:56 [0] NCCL INFO comm 0x598b9912b260 rank 1 nRanks 2 nNodes 2 localRanks 1 localRank 0 MNNVL 0
ip-10-233-4-28:56:56 [0] NCCL INFO Tree 0 : 0 -> 1 -> -1/-1/-1
ip-10-233-4-28:56:56 [0] NCCL INFO Tree 1 : -1 -> 1 -> 0/-1/-1
ip-10-233-4-28:56:56 [0] NCCL INFO Ring 00 : 0 -> 1 -> 0
ip-10-233-4-28:56:56 [0] NCCL INFO Ring 01 : 0 -> 1 -> 0
ip-10-233-4-28:56:56 [0] NCCL INFO Trees [0] -1/-1/-1->1->0 [1] 0/-1/-1->1->-1
ip-10-233-4-28:56:56 [0] NCCL INFO P2P Chunksize set to 131072
ip-10-233-4-28:56:56 [0] NCCL INFO Check P2P Type isAllDirectP2p 1 directMode 0 isAllCudaP2p 1
ip-10-233-4-28:56:56 [0] NCCL INFO ncclP2pSchedule: group size used is 1
ip-10-233-4-28:56:135 [0] NCCL INFO [Proxy Service UDS] Device 0 CPU core 3
ip-10-233-4-28:56:134 [0] NCCL INFO [Proxy Service] Device 0 CPU core 3
ip-10-233-4-28:56:56 [0] NCCL INFO threadThresholds 8/8/64 | 16/8/64 | 512 | 512
ip-10-233-4-28:56:56 [0] NCCL INFO 2 coll channels, 2 collnet channels, 0 nvls channels, 2 p2p channels, 1 p2p channels per peer
ip-10-233-4-28:56:56 [0] NCCL INFO Symmetric VA size=24GB
ip-10-233-4-28:56:56 [0] NCCL INFO Symmetric memory is not supported. cuMemEnable 1, globalGinSupport 0, globalNicFused 0 cuMemGdrSupport 1
ip-10-233-4-28:56:56 [0] NCCL INFO ncclCommInitRankConfig comm 0x598b9912b260 rank 1 nranks 2 cudaDev 0 nvmlDev 0 busId 1e0 commId 0xab72e9972c9d1d24 - Init COMPLETE
ip-10-233-4-28:56:56 [0] NCCL INFO Init timings - ncclCommInitRankConfig: rank 1 nranks 2 total 1.06 (kernels 0.00, alloc 0.00, bootstrap 0.75, allgathers 0.30, topo 0.00, graphs 0.00, connections 0.00, rest 0.00)
ip-10-233-4-28:56:134 [0] NCCL INFO New proxy recv connection 0 from local rank 0, transport 2
ip-10-233-4-28:56:136 [0] NCCL INFO [Proxy Progress] Device 0 CPU core 1
ip-10-233-4-28:56:56 [0] NCCL INFO Connected to proxy localRank 0 -> connection 0x752a5c0164b0
ip-10-233-4-28:56:134 [0] NCCL INFO Could not get speed from /sys/class/net/ens5/speed. Defaulting to 10 Gbps.
ip-10-233-4-28:56:134 [0] NCCL INFO NET/Socket: Using 2 threads and 8 sockets per thread
ip-10-233-4-28:56:56 [0] NCCL INFO Channel 01/1 : 0[0] -> 1[0] [receive] via NET/Socket/0/Shared
ip-10-233-4-28:56:134 [0] NCCL INFO New proxy send connection 1 from local rank 0, transport 2
ip-10-233-4-28:56:56 [0] NCCL INFO Connected to proxy localRank 0 -> connection 0x752a5c016538
ip-10-233-4-28:56:134 [0] NCCL INFO Could not get speed from /sys/class/net/ens5/speed. Defaulting to 10 Gbps.
ip-10-233-4-28:56:56 [0] NCCL INFO Channel 01/1 : 1[0] -> 0[0] [send] via NET/Socket/0/Shared
ip-10-233-4-28:56:56 [0] NCCL INFO Initialized NET plugin Socket
ip-10-233-4-28:56:56 [0] NCCL INFO Could not get speed from /sys/class/net/ens5/speed. Defaulting to 10 Gbps.
ip-10-233-4-28:56:56 [0] NCCL INFO Assigned NET plugin Socket to comm
ip-10-233-4-28:56:56 [0] NCCL INFO Failed to initialize any GIN plugin
ip-10-233-4-28:56:56 [0] NCCL INFO Using network Socket
ip-10-233-4-28:56:56 [0] NCCL INFO [Rank 0] ncclCommInitRankConfig comm 0x598b983af420 rank 0 nranks 2 cudaDev 0 nvmlDev 0 busId 1e0 commId 0xd3e2b3ca8afecfc8 - Init START
ip-10-233-4-28:56:56 [0] NCCL INFO Topology detection : could not read /sys/devices/pci0000:00/0000:00:1e.0/../max_link_speed, ignoring
ip-10-233-4-28:56:56 [0] NCCL INFO Topology detection : could not read /sys/devices/pci0000:00/0000:00:1e.0/../max_link_width, ignoring
ip-10-233-4-28:56:56 [0] NCCL INFO Topology detection : could not read /sys/devices/system/node/node-1/cpumap, ignoring
ip-10-233-4-28:56:56 [0] NCCL INFO TOPO/NET : Importing network plugins to topology
ip-10-233-4-28:56:56 [0] NCCL INFO Could not get speed from /sys/class/net/ens5/speed. Defaulting to 10 Gbps.
ip-10-233-4-28:56:56 [0] NCCL INFO Topology detection : could not read /sys/devices/pci0000:00/0000:00:05.0/../max_link_speed, ignoring
ip-10-233-4-28:56:56 [0] NCCL INFO Topology detection : could not read /sys/devices/pci0000:00/0000:00:05.0/../max_link_width, ignoring
ip-10-233-4-28:56:56 [0] NCCL INFO Topology detection : could not read /sys/devices/system/node/node-1/cpumap, ignoring
ip-10-233-4-28:56:56 [0] NCCL INFO NET/Socket : GPU Direct RDMA Disabled for HCA 0 'ens5'
ip-10-233-4-28:56:56 [0] NCCL INFO ncclTopoPopulateNics : Filled ens5 in topo with pciPath=/sys/devices/pci0000:00/0000:00:05.0 net=1 gin=(null) keep=1 coll=(null)
ip-10-233-4-28:56:56 [0] NCCL INFO KV Convert to int : could not find value of 'Unknown' in dictionary, falling back to 60
ip-10-233-4-28:56:56 [0] NCCL INFO === System : maxBw 1.2 totalBw 24.0 ===
ip-10-233-4-28:56:56 [0] NCCL INFO CPU/0-ffffffffffffff (1/2/-1)
ip-10-233-4-28:56:56 [0] NCCL INFO + PCI[24.0] - GPU/0-1e0 (0)
ip-10-233-4-28:56:56 [0] NCCL INFO + PCI[12.0] - NIC/0-50
ip-10-233-4-28:56:56 [0] NCCL INFO               + NET[1.2] - NET/0-0 (0/0/0/1.250000)
ip-10-233-4-28:56:56 [0] NCCL INFO ==========================================
ip-10-233-4-28:56:56 [0] NCCL INFO GPU/0-1e0 :GPU/0-1e0 (0/5000.0/LOC) CPU/0-ffffffffffffff (1/24.0/PHB) NET/0-0 (3/1.2/PHB) 
ip-10-233-4-28:56:56 [0] NCCL INFO NET/0-0 :GPU/0-1e0 (3/1.2/PHB) CPU/0-ffffffffffffff (2/1.2/PHB) NET/0-0 (0/5000.0/LOC) 
ip-10-233-4-28:56:56 [0] NCCL INFO ncclTopoGetCpuAffinity: Affinity for GPU 0 is empty, ignoring. (GPU affinity =  ; CPU affinity = 0-3).
ip-10-233-4-28:56:56 [0] NCCL INFO Pattern 4, crossNic 0, nChannels 1, bw 1.200000/1.200000, type LOC/PHB, sameChannels 1
ip-10-233-4-28:56:56 [0] NCCL INFO  0 : NET/0-0 GPU/0-1e0 NET/0-0
ip-10-233-4-28:56:56 [0] NCCL INFO Pattern 3, crossNic 0, nChannels 1, bw 2.400000/1.200000, type LOC/PHB, sameChannels 1
ip-10-233-4-28:56:56 [0] NCCL INFO  0 : NET/0-0 GPU/0-1e0 NET/0-0
ip-10-233-4-28:56:56 [0] NCCL INFO Could not get speed from /sys/class/net/ens5/speed. Defaulting to 10 Gbps.
ip-10-233-4-28:56:56 [0] NCCL INFO comm 0x598b983af420 rank 0 nRanks 2 nNodes 2 localRanks 1 localRank 0 MNNVL 0
ip-10-233-4-28:56:56 [0] NCCL INFO Tree 0 : -1 -> 0 -> 1/-1/-1
ip-10-233-4-28:56:56 [0] NCCL INFO Tree 1 : 1 -> 0 -> -1/-1/-1
ip-10-233-4-28:56:56 [0] NCCL INFO Channel 00/02 : 0 1
ip-10-233-4-28:56:56 [0] NCCL INFO Channel 01/02 : 0 1
ip-10-233-4-28:56:56 [0] NCCL INFO Ring 00 : 1 -> 0 -> 1
ip-10-233-4-28:56:56 [0] NCCL INFO Ring 01 : 1 -> 0 -> 1
ip-10-233-4-28:56:56 [0] NCCL INFO Trees [0] 1/-1/-1->0->-1 [1] -1/-1/-1->0->1
ip-10-233-4-28:56:56 [0] NCCL INFO P2P Chunksize set to 131072
ip-10-233-4-28:56:56 [0] NCCL INFO Check P2P Type isAllDirectP2p 1 directMode 0 isAllCudaP2p 1
ip-10-233-4-28:56:56 [0] NCCL INFO ncclP2pSchedule: group size used is 1
ip-10-233-4-28:56:143 [0] NCCL INFO [Proxy Service UDS] Device 0 CPU core 2
ip-10-233-4-28:56:142 [0] NCCL INFO [Proxy Service] Device 0 CPU core 3
ip-10-233-4-28:56:56 [0] NCCL INFO threadThresholds 8/8/64 | 16/8/64 | 512 | 512
ip-10-233-4-28:56:56 [0] NCCL INFO 2 coll channels, 2 collnet channels, 0 nvls channels, 2 p2p channels, 1 p2p channels per peer
ip-10-233-4-28:56:56 [0] NCCL INFO Symmetric VA size=24GB
ip-10-233-4-28:56:56 [0] NCCL INFO Symmetric memory is not supported. cuMemEnable 1, globalGinSupport 0, globalNicFused 0 cuMemGdrSupport 1
ip-10-233-4-28:56:56 [0] NCCL INFO CC Off, workFifoBytes 1048576
ip-10-233-4-28:56:56 [0] NCCL INFO ncclCommInitRankConfig comm 0x598b983af420 rank 0 nranks 2 cudaDev 0 nvmlDev 0 busId 1e0 commId 0xd3e2b3ca8afecfc8 - Init COMPLETE
ip-10-233-4-28:56:56 [0] NCCL INFO Init timings - ncclCommInitRankConfig: rank 0 nranks 2 total 0.25 (kernels 0.00, alloc 0.00, bootstrap 0.23, allgathers 0.02, topo 0.01, graphs 0.00, connections 0.00, rest 0.00)
ip-10-233-4-28:56:142 [0] NCCL INFO New proxy send connection 0 from local rank 0, transport 2
ip-10-233-4-28:56:144 [0] NCCL INFO [Proxy Progress] Device 0 CPU core 1
ip-10-233-4-28:56:56 [0] NCCL INFO Connected to proxy localRank 0 -> connection 0x752a8c009560
ip-10-233-4-28:56:142 [0] NCCL INFO Could not get speed from /sys/class/net/ens5/speed. Defaulting to 10 Gbps.
ip-10-233-4-28:56:56 [0] NCCL INFO Channel 01/1 : 0[0] -> 1[0] [send] via NET/Socket/0/Shared
ip-10-233-4-28:56:142 [0] NCCL INFO New proxy recv connection 1 from local rank 0, transport 2
ip-10-233-4-28:56:56 [0] NCCL INFO Connected to proxy localRank 0 -> connection 0x752a8c0095e8
ip-10-233-4-28:56:142 [0] NCCL INFO Could not get speed from /sys/class/net/ens5/speed. Defaulting to 10 Gbps.
ip-10-233-4-28:56:142 [0] NCCL INFO NET/Socket: Using 2 threads and 8 sockets per thread
ip-10-233-4-28:56:56 [0] NCCL INFO Channel 01/1 : 1[0] -> 0[0] [receive] via NET/Socket/0/Shared
ip-10-233-4-28:56:56 [0] NCCL INFO Initialized NET plugin Socket
ip-10-233-4-28:56:56 [0] NCCL INFO Could not get speed from /sys/class/net/ens5/speed. Defaulting to 10 Gbps.
ip-10-233-4-28:56:56 [0] NCCL INFO Assigned NET plugin Socket to comm
ip-10-233-4-28:56:56 [0] NCCL INFO Failed to initialize any GIN plugin
ip-10-233-4-28:56:56 [0] NCCL INFO Using network Socket
ip-10-233-4-28:56:56 [0] NCCL INFO [Rank 0] ncclCommInitRankConfig comm 0x598ba08bed00 rank 0 nranks 2 cudaDev 0 nvmlDev 0 busId 1e0 commId 0x9f3bb2f767604825 - Init START
ip-10-233-4-28:56:56 [0] NCCL INFO Topology detection : could not read /sys/devices/pci0000:00/0000:00:1e.0/../max_link_speed, ignoring
ip-10-233-4-28:56:56 [0] NCCL INFO Topology detection : could not read /sys/devices/pci0000:00/0000:00:1e.0/../max_link_width, ignoring
ip-10-233-4-28:56:56 [0] NCCL INFO Topology detection : could not read /sys/devices/system/node/node-1/cpumap, ignoring
ip-10-233-4-28:56:56 [0] NCCL INFO TOPO/NET : Importing network plugins to topology
ip-10-233-4-28:56:56 [0] NCCL INFO Could not get speed from /sys/class/net/ens5/speed. Defaulting to 10 Gbps.
ip-10-233-4-28:56:56 [0] NCCL INFO Topology detection : could not read /sys/devices/pci0000:00/0000:00:05.0/../max_link_speed, ignoring
ip-10-233-4-28:56:56 [0] NCCL INFO Topology detection : could not read /sys/devices/pci0000:00/0000:00:05.0/../max_link_width, ignoring
ip-10-233-4-28:56:56 [0] NCCL INFO Topology detection : could not read /sys/devices/system/node/node-1/cpumap, ignoring
ip-10-233-4-28:56:56 [0] NCCL INFO NET/Socket : GPU Direct RDMA Disabled for HCA 0 'ens5'
ip-10-233-4-28:56:56 [0] NCCL INFO ncclTopoPopulateNics : Filled ens5 in topo with pciPath=/sys/devices/pci0000:00/0000:00:05.0 net=1 gin=(null) keep=1 coll=(null)
ip-10-233-4-28:56:56 [0] NCCL INFO KV Convert to int : could not find value of 'Unknown' in dictionary, falling back to 60
ip-10-233-4-28:56:56 [0] NCCL INFO === System : maxBw 1.2 totalBw 24.0 ===
ip-10-233-4-28:56:56 [0] NCCL INFO CPU/0-ffffffffffffff (1/2/-1)
ip-10-233-4-28:56:56 [0] NCCL INFO + PCI[24.0] - GPU/0-1e0 (0)
ip-10-233-4-28:56:56 [0] NCCL INFO + PCI[12.0] - NIC/0-50
ip-10-233-4-28:56:56 [0] NCCL INFO               + NET[1.2] - NET/0-0 (0/0/0/1.250000)
ip-10-233-4-28:56:56 [0] NCCL INFO ==========================================
ip-10-233-4-28:56:56 [0] NCCL INFO GPU/0-1e0 :GPU/0-1e0 (0/5000.0/LOC) CPU/0-ffffffffffffff (1/24.0/PHB) NET/0-0 (3/1.2/PHB) 
ip-10-233-4-28:56:56 [0] NCCL INFO NET/0-0 :GPU/0-1e0 (3/1.2/PHB) CPU/0-ffffffffffffff (2/1.2/PHB) NET/0-0 (0/5000.0/LOC) 
ip-10-233-4-28:56:56 [0] NCCL INFO ncclTopoGetCpuAffinity: Affinity for GPU 0 is empty, ignoring. (GPU affinity =  ; CPU affinity = 0-3).
ip-10-233-4-28:56:56 [0] NCCL INFO Pattern 4, crossNic 0, nChannels 1, bw 1.200000/1.200000, type LOC/PHB, sameChannels 1
ip-10-233-4-28:56:56 [0] NCCL INFO  0 : NET/0-0 GPU/0-1e0 NET/0-0
ip-10-233-4-28:56:56 [0] NCCL INFO Pattern 3, crossNic 0, nChannels 1, bw 2.400000/1.200000, type LOC/PHB, sameChannels 1
ip-10-233-4-28:56:56 [0] NCCL INFO  0 : NET/0-0 GPU/0-1e0 NET/0-0
ip-10-233-4-28:56:56 [0] NCCL INFO Could not get speed from /sys/class/net/ens5/speed. Defaulting to 10 Gbps.
ip-10-233-4-28:56:56 [0] NCCL INFO comm 0x598ba08bed00 rank 0 nRanks 2 nNodes 2 localRanks 1 localRank 0 MNNVL 0
ip-10-233-4-28:56:56 [0] NCCL INFO Tree 0 : -1 -> 0 -> 1/-1/-1
ip-10-233-4-28:56:56 [0] NCCL INFO Tree 1 : 1 -> 0 -> -1/-1/-1
ip-10-233-4-28:56:56 [0] NCCL INFO Channel 00/02 : 0 1
ip-10-233-4-28:56:56 [0] NCCL INFO Channel 01/02 : 0 1
ip-10-233-4-28:56:56 [0] NCCL INFO Ring 00 : 1 -> 0 -> 1
ip-10-233-4-28:56:56 [0] NCCL INFO Ring 01 : 1 -> 0 -> 1
ip-10-233-4-28:56:56 [0] NCCL INFO Trees [0] 1/-1/-1->0->-1 [1] -1/-1/-1->0->1
ip-10-233-4-28:56:56 [0] NCCL INFO P2P Chunksize set to 131072
ip-10-233-4-28:56:56 [0] NCCL INFO Check P2P Type isAllDirectP2p 1 directMode 0 isAllCudaP2p 1
ip-10-233-4-28:56:150 [0] NCCL INFO [Proxy Service] Device 0 CPU core 2
ip-10-233-4-28:56:56 [0] NCCL INFO ncclP2pSchedule: group size used is 1
ip-10-233-4-28:56:151 [0] NCCL INFO [Proxy Service UDS] Device 0 CPU core 1
ip-10-233-4-28:56:56 [0] NCCL INFO threadThresholds 8/8/64 | 16/8/64 | 512 | 512
ip-10-233-4-28:56:56 [0] NCCL INFO 2 coll channels, 2 collnet channels, 0 nvls channels, 2 p2p channels, 1 p2p channels per peer
ip-10-233-4-28:56:56 [0] NCCL INFO Symmetric VA size=24GB
ip-10-233-4-28:56:56 [0] NCCL INFO Symmetric memory is not supported. cuMemEnable 1, globalGinSupport 0, globalNicFused 0 cuMemGdrSupport 1
ip-10-233-4-28:56:56 [0] NCCL INFO CC Off, workFifoBytes 1048576
ip-10-233-4-28:56:56 [0] NCCL INFO ncclCommInitRankConfig comm 0x598ba08bed00 rank 0 nranks 2 cudaDev 0 nvmlDev 0 busId 1e0 commId 0x9f3bb2f767604825 - Init COMPLETE
ip-10-233-4-28:56:56 [0] NCCL INFO Init timings - ncclCommInitRankConfig: rank 0 nranks 2 total 0.22 (kernels 0.00, alloc 0.00, bootstrap 0.21, allgathers 0.00, topo 0.00, graphs 0.00, connections 0.00, rest 0.00)
ip-10-233-4-28:56:150 [0] NCCL INFO New proxy send connection 0 from local rank 0, transport 2
ip-10-233-4-28:56:152 [0] NCCL INFO [Proxy Progress] Device 0 CPU core 0
ip-10-233-4-28:56:56 [0] NCCL INFO Connected to proxy localRank 0 -> connection 0x752ac8020f80
ip-10-233-4-28:56:150 [0] NCCL INFO Could not get speed from /sys/class/net/ens5/speed. Defaulting to 10 Gbps.
ip-10-233-4-28:56:56 [0] NCCL INFO Channel 01/1 : 0[0] -> 1[0] [send] via NET/Socket/0/Shared
ip-10-233-4-28:56:150 [0] NCCL INFO New proxy recv connection 1 from local rank 0, transport 2
ip-10-233-4-28:56:56 [0] NCCL INFO Connected to proxy localRank 0 -> connection 0x752ac8021008
ip-10-233-4-28:56:150 [0] NCCL INFO Could not get speed from /sys/class/net/ens5/speed. Defaulting to 10 Gbps.
ip-10-233-4-28:56:150 [0] NCCL INFO NET/Socket: Using 2 threads and 8 sockets per thread
ip-10-233-4-28:56:56 [0] NCCL INFO Channel 01/1 : 1[0] -> 0[0] [receive] via NET/Socket/0/Shared
ip-10-233-4-28:56:56 [0] NCCL INFO Initialized NET plugin Socket
ip-10-233-4-28:56:56 [0] NCCL INFO Could not get speed from /sys/class/net/ens5/speed. Defaulting to 10 Gbps.
ip-10-233-4-28:56:56 [0] NCCL INFO Assigned NET plugin Socket to comm
ip-10-233-4-28:56:56 [0] NCCL INFO Failed to initialize any GIN plugin
ip-10-233-4-28:56:56 [0] NCCL INFO Using network Socket
ip-10-233-4-28:56:56 [0] NCCL INFO [Rank 1] ncclCommInitRankConfig comm 0x598ba09e3af0 rank 1 nranks 2 cudaDev 0 nvmlDev 0 busId 1e0 commId 0x564ef37da8b4f11b - Init START
ip-10-233-4-28:56:56 [0] NCCL INFO Topology detection : could not read /sys/devices/pci0000:00/0000:00:1e.0/../max_link_speed, ignoring
ip-10-233-4-28:56:56 [0] NCCL INFO Topology detection : could not read /sys/devices/pci0000:00/0000:00:1e.0/../max_link_width, ignoring
ip-10-233-4-28:56:56 [0] NCCL INFO Topology detection : could not read /sys/devices/system/node/node-1/cpumap, ignoring
ip-10-233-4-28:56:56 [0] NCCL INFO TOPO/NET : Importing network plugins to topology
ip-10-233-4-28:56:56 [0] NCCL INFO Could not get speed from /sys/class/net/ens5/speed. Defaulting to 10 Gbps.
ip-10-233-4-28:56:56 [0] NCCL INFO Topology detection : could not read /sys/devices/pci0000:00/0000:00:05.0/../max_link_speed, ignoring
ip-10-233-4-28:56:56 [0] NCCL INFO Topology detection : could not read /sys/devices/pci0000:00/0000:00:05.0/../max_link_width, ignoring
ip-10-233-4-28:56:56 [0] NCCL INFO Topology detection : could not read /sys/devices/system/node/node-1/cpumap, ignoring
ip-10-233-4-28:56:56 [0] NCCL INFO NET/Socket : GPU Direct RDMA Disabled for HCA 0 'ens5'
ip-10-233-4-28:56:56 [0] NCCL INFO ncclTopoPopulateNics : Filled ens5 in topo with pciPath=/sys/devices/pci0000:00/0000:00:05.0 net=1 gin=(null) keep=1 coll=(null)
ip-10-233-4-28:56:56 [0] NCCL INFO KV Convert to int : could not find value of 'Unknown' in dictionary, falling back to 60
ip-10-233-4-28:56:56 [0] NCCL INFO === System : maxBw 1.2 totalBw 24.0 ===
ip-10-233-4-28:56:56 [0] NCCL INFO CPU/0-ffffffffffffff (1/2/-1)
ip-10-233-4-28:56:56 [0] NCCL INFO + PCI[24.0] - GPU/0-1e0 (1)
ip-10-233-4-28:56:56 [0] NCCL INFO + PCI[12.0] - NIC/0-50
ip-10-233-4-28:56:56 [0] NCCL INFO               + NET[1.2] - NET/0-0 (0/0/0/1.250000)
ip-10-233-4-28:56:56 [0] NCCL INFO ==========================================
ip-10-233-4-28:56:56 [0] NCCL INFO GPU/0-1e0 :GPU/0-1e0 (0/5000.0/LOC) CPU/0-ffffffffffffff (1/24.0/PHB) NET/0-0 (3/1.2/PHB) 
ip-10-233-4-28:56:56 [0] NCCL INFO NET/0-0 :GPU/0-1e0 (3/1.2/PHB) CPU/0-ffffffffffffff (2/1.2/PHB) NET/0-0 (0/5000.0/LOC) 
ip-10-233-4-28:56:56 [0] NCCL INFO ncclTopoGetCpuAffinity: Affinity for GPU 0 is empty, ignoring. (GPU affinity =  ; CPU affinity = 0-3).
ip-10-233-4-28:56:56 [0] NCCL INFO Pattern 4, crossNic 0, nChannels 1, bw 1.200000/1.200000, type LOC/PHB, sameChannels 1
ip-10-233-4-28:56:56 [0] NCCL INFO  0 : NET/0-0 GPU/0-1e0 NET/0-0
ip-10-233-4-28:56:56 [0] NCCL INFO Pattern 3, crossNic 0, nChannels 1, bw 2.400000/1.200000, type LOC/PHB, sameChannels 1
ip-10-233-4-28:56:56 [0] NCCL INFO  0 : NET/0-0 GPU/0-1e0 NET/0-0
ip-10-233-4-28:56:56 [0] NCCL INFO Could not get speed from /sys/class/net/ens5/speed. Defaulting to 10 Gbps.
ip-10-233-4-28:56:56 [0] NCCL INFO comm 0x598ba09e3af0 rank 1 nRanks 2 nNodes 2 localRanks 1 localRank 0 MNNVL 0
ip-10-233-4-28:56:56 [0] NCCL INFO Tree 0 : 0 -> 1 -> -1/-1/-1
ip-10-233-4-28:56:56 [0] NCCL INFO Tree 1 : -1 -> 1 -> 0/-1/-1
ip-10-233-4-28:56:56 [0] NCCL INFO Ring 00 : 0 -> 1 -> 0
ip-10-233-4-28:56:56 [0] NCCL INFO Ring 01 : 0 -> 1 -> 0
ip-10-233-4-28:56:56 [0] NCCL INFO Trees [0] -1/-1/-1->1->0 [1] 0/-1/-1->1->-1
ip-10-233-4-28:56:56 [0] NCCL INFO P2P Chunksize set to 131072
ip-10-233-4-28:56:56 [0] NCCL INFO Check P2P Type isAllDirectP2p 1 directMode 0 isAllCudaP2p 1
ip-10-233-4-28:56:56 [0] NCCL INFO ncclP2pSchedule: group size used is 1
ip-10-233-4-28:56:157 [0] NCCL INFO [Proxy Service] Device 0 CPU core 0
ip-10-233-4-28:56:158 [0] NCCL INFO [Proxy Service UDS] Device 0 CPU core 3
ip-10-233-4-28:56:56 [0] NCCL INFO threadThresholds 8/8/64 | 16/8/64 | 512 | 512
ip-10-233-4-28:56:56 [0] NCCL INFO 2 coll channels, 2 collnet channels, 0 nvls channels, 2 p2p channels, 1 p2p channels per peer
ip-10-233-4-28:56:56 [0] NCCL INFO Symmetric VA size=24GB
ip-10-233-4-28:56:56 [0] NCCL INFO Symmetric memory is not supported. cuMemEnable 1, globalGinSupport 0, globalNicFused 0 cuMemGdrSupport 1
ip-10-233-4-28:56:56 [0] NCCL INFO ncclCommInitRankConfig comm 0x598ba09e3af0 rank 1 nranks 2 cudaDev 0 nvmlDev 0 busId 1e0 commId 0x564ef37da8b4f11b - Init COMPLETE
ip-10-233-4-28:56:56 [0] NCCL INFO Init timings - ncclCommInitRankConfig: rank 1 nranks 2 total 0.68 (kernels 0.00, alloc 0.00, bootstrap 0.48, allgathers 0.19, topo 0.00, graphs 0.00, connections 0.00, rest 0.00)
ip-10-233-4-28:56:157 [0] NCCL INFO New proxy recv connection 0 from local rank 0, transport 2
ip-10-233-4-28:56:159 [0] NCCL INFO [Proxy Progress] Device 0 CPU core 2
ip-10-233-4-28:56:56 [0] NCCL INFO Connected to proxy localRank 0 -> connection 0x752b6001f950
ip-10-233-4-28:56:157 [0] NCCL INFO Could not get speed from /sys/class/net/ens5/speed. Defaulting to 10 Gbps.
ip-10-233-4-28:56:157 [0] NCCL INFO NET/Socket: Using 2 threads and 8 sockets per thread
ip-10-233-4-28:56:56 [0] NCCL INFO Channel 01/1 : 0[0] -> 1[0] [receive] via NET/Socket/0/Shared
ip-10-233-4-28:56:157 [0] NCCL INFO New proxy send connection 1 from local rank 0, transport 2
ip-10-233-4-28:56:56 [0] NCCL INFO Connected to proxy localRank 0 -> connection 0x752b6001f9d8
ip-10-233-4-28:56:157 [0] NCCL INFO Could not get speed from /sys/class/net/ens5/speed. Defaulting to 10 Gbps.
ip-10-233-4-28:56:56 [0] NCCL INFO Channel 01/1 : 1[0] -> 0[0] [send] via NET/Socket/0/Shared
ip-10-233-4-28:56:56 [0] NCCL INFO Initialized NET plugin Socket
ip-10-233-4-28:56:56 [0] NCCL INFO Could not get speed from /sys/class/net/ens5/speed. Defaulting to 10 Gbps.
ip-10-233-4-28:56:56 [0] NCCL INFO Assigned NET plugin Socket to comm
ip-10-233-4-28:56:56 [0] NCCL INFO Failed to initialize any GIN plugin
ip-10-233-4-28:56:56 [0] NCCL INFO Using network Socket
ip-10-233-4-28:56:56 [0] NCCL INFO [Rank 0] ncclCommInitRankConfig comm 0x598ba0c0f7d0 rank 0 nranks 2 cudaDev 0 nvmlDev 0 busId 1e0 commId 0xfbf9a4503392ae2f - Init START
ip-10-233-4-28:56:56 [0] NCCL INFO Topology detection : could not read /sys/devices/pci0000:00/0000:00:1e.0/../max_link_speed, ignoring
ip-10-233-4-28:56:56 [0] NCCL INFO Topology detection : could not read /sys/devices/pci0000:00/0000:00:1e.0/../max_link_width, ignoring
ip-10-233-4-28:56:56 [0] NCCL INFO Topology detection : could not read /sys/devices/system/node/node-1/cpumap, ignoring
ip-10-233-4-28:56:56 [0] NCCL INFO TOPO/NET : Importing network plugins to topology
ip-10-233-4-28:56:56 [0] NCCL INFO Could not get speed from /sys/class/net/ens5/speed. Defaulting to 10 Gbps.
ip-10-233-4-28:56:56 [0] NCCL INFO Topology detection : could not read /sys/devices/pci0000:00/0000:00:05.0/../max_link_speed, ignoring
ip-10-233-4-28:56:56 [0] NCCL INFO Topology detection : could not read /sys/devices/pci0000:00/0000:00:05.0/../max_link_width, ignoring
ip-10-233-4-28:56:56 [0] NCCL INFO Topology detection : could not read /sys/devices/system/node/node-1/cpumap, ignoring
ip-10-233-4-28:56:56 [0] NCCL INFO NET/Socket : GPU Direct RDMA Disabled for HCA 0 'ens5'
ip-10-233-4-28:56:56 [0] NCCL INFO ncclTopoPopulateNics : Filled ens5 in topo with pciPath=/sys/devices/pci0000:00/0000:00:05.0 net=1 gin=(null) keep=1 coll=(null)
ip-10-233-4-28:56:56 [0] NCCL INFO KV Convert to int : could not find value of 'Unknown' in dictionary, falling back to 60
ip-10-233-4-28:56:56 [0] NCCL INFO === System : maxBw 1.2 totalBw 24.0 ===
ip-10-233-4-28:56:56 [0] NCCL INFO CPU/0-ffffffffffffff (1/2/-1)
ip-10-233-4-28:56:56 [0] NCCL INFO + PCI[24.0] - GPU/0-1e0 (0)
ip-10-233-4-28:56:56 [0] NCCL INFO + PCI[12.0] - NIC/0-50
ip-10-233-4-28:56:56 [0] NCCL INFO               + NET[1.2] - NET/0-0 (0/0/0/1.250000)
ip-10-233-4-28:56:56 [0] NCCL INFO ==========================================
ip-10-233-4-28:56:56 [0] NCCL INFO GPU/0-1e0 :GPU/0-1e0 (0/5000.0/LOC) CPU/0-ffffffffffffff (1/24.0/PHB) NET/0-0 (3/1.2/PHB) 
ip-10-233-4-28:56:56 [0] NCCL INFO NET/0-0 :GPU/0-1e0 (3/1.2/PHB) CPU/0-ffffffffffffff (2/1.2/PHB) NET/0-0 (0/5000.0/LOC) 
ip-10-233-4-28:56:56 [0] NCCL INFO ncclTopoGetCpuAffinity: Affinity for GPU 0 is empty, ignoring. (GPU affinity =  ; CPU affinity = 0-3).
ip-10-233-4-28:56:56 [0] NCCL INFO Pattern 4, crossNic 0, nChannels 1, bw 1.200000/1.200000, type LOC/PHB, sameChannels 1
ip-10-233-4-28:56:56 [0] NCCL INFO  0 : NET/0-0 GPU/0-1e0 NET/0-0
ip-10-233-4-28:56:56 [0] NCCL INFO Pattern 3, crossNic 0, nChannels 1, bw 2.400000/1.200000, type LOC/PHB, sameChannels 1
ip-10-233-4-28:56:56 [0] NCCL INFO  0 : NET/0-0 GPU/0-1e0 NET/0-0
ip-10-233-4-28:56:56 [0] NCCL INFO Could not get speed from /sys/class/net/ens5/speed. Defaulting to 10 Gbps.
ip-10-233-4-28:56:56 [0] NCCL INFO comm 0x598ba0c0f7d0 rank 0 nRanks 2 nNodes 2 localRanks 1 localRank 0 MNNVL 0
ip-10-233-4-28:56:56 [0] NCCL INFO Tree 0 : -1 -> 0 -> 1/-1/-1
ip-10-233-4-28:56:56 [0] NCCL INFO Tree 1 : 1 -> 0 -> -1/-1/-1
ip-10-233-4-28:56:56 [0] NCCL INFO Channel 00/02 : 0 1
ip-10-233-4-28:56:56 [0] NCCL INFO Channel 01/02 : 0 1
ip-10-233-4-28:56:56 [0] NCCL INFO Ring 00 : 1 -> 0 -> 1
ip-10-233-4-28:56:56 [0] NCCL INFO Ring 01 : 1 -> 0 -> 1
ip-10-233-4-28:56:56 [0] NCCL INFO Trees [0] 1/-1/-1->0->-1 [1] -1/-1/-1->0->1
ip-10-233-4-28:56:56 [0] NCCL INFO P2P Chunksize set to 131072
ip-10-233-4-28:56:56 [0] NCCL INFO Check P2P Type isAllDirectP2p 1 directMode 0 isAllCudaP2p 1
ip-10-233-4-28:56:56 [0] NCCL INFO ncclP2pSchedule: group size used is 1
ip-10-233-4-28:56:165 [0] NCCL INFO [Proxy Service] Device 0 CPU core 3
ip-10-233-4-28:56:166 [0] NCCL INFO [Proxy Service UDS] Device 0 CPU core 3
ip-10-233-4-28:56:56 [0] NCCL INFO threadThresholds 8/8/64 | 16/8/64 | 512 | 512
ip-10-233-4-28:56:56 [0] NCCL INFO 2 coll channels, 2 collnet channels, 0 nvls channels, 2 p2p channels, 1 p2p channels per peer
ip-10-233-4-28:56:56 [0] NCCL INFO Symmetric VA size=24GB
ip-10-233-4-28:56:56 [0] NCCL INFO Symmetric memory is not supported. cuMemEnable 1, globalGinSupport 0, globalNicFused 0 cuMemGdrSupport 1
ip-10-233-4-28:56:56 [0] NCCL INFO CC Off, workFifoBytes 1048576
ip-10-233-4-28:56:56 [0] NCCL INFO ncclCommInitRankConfig comm 0x598ba0c0f7d0 rank 0 nranks 2 cudaDev 0 nvmlDev 0 busId 1e0 commId 0xfbf9a4503392ae2f - Init COMPLETE
ip-10-233-4-28:56:56 [0] NCCL INFO Init timings - ncclCommInitRankConfig: rank 0 nranks 2 total 0.39 (kernels 0.00, alloc 0.00, bootstrap 0.34, allgathers 0.04, topo 0.00, graphs 0.00, connections 0.00, rest 0.00)
ip-10-233-4-28:56:165 [0] NCCL INFO New proxy send connection 0 from local rank 0, transport 2
ip-10-233-4-28:56:167 [0] NCCL INFO [Proxy Progress] Device 0 CPU core 1
ip-10-233-4-28:56:56 [0] NCCL INFO Connected to proxy localRank 0 -> connection 0x752b7001b870
ip-10-233-4-28:56:165 [0] NCCL INFO Could not get speed from /sys/class/net/ens5/speed. Defaulting to 10 Gbps.
ip-10-233-4-28:56:56 [0] NCCL INFO Channel 01/1 : 0[0] -> 1[0] [send] via NET/Socket/0/Shared
ip-10-233-4-28:56:165 [0] NCCL INFO New proxy recv connection 1 from local rank 0, transport 2
ip-10-233-4-28:56:56 [0] NCCL INFO Connected to proxy localRank 0 -> connection 0x752b7001b8f8
ip-10-233-4-28:56:165 [0] NCCL INFO Could not get speed from /sys/class/net/ens5/speed. Defaulting to 10 Gbps.
ip-10-233-4-28:56:165 [0] NCCL INFO NET/Socket: Using 2 threads and 8 sockets per thread
ip-10-233-4-28:56:56 [0] NCCL INFO Channel 01/1 : 1[0] -> 0[0] [receive] via NET/Socket/0/Shared
ip-10-233-4-28:56:56 [0] NCCL INFO Initialized NET plugin Socket
ip-10-233-4-28:56:56 [0] NCCL INFO Could not get speed from /sys/class/net/ens5/speed. Defaulting to 10 Gbps.
ip-10-233-4-28:56:56 [0] NCCL INFO Assigned NET plugin Socket to comm
ip-10-233-4-28:56:56 [0] NCCL INFO Failed to initialize any GIN plugin
ip-10-233-4-28:56:56 [0] NCCL INFO Using network Socket
ip-10-233-4-28:56:56 [0] NCCL INFO [Rank 0] ncclCommInitRankConfig comm 0x598b9f75bdc0 rank 0 nranks 2 cudaDev 0 nvmlDev 0 busId 1e0 commId 0x7ea3cbfd8c6034a5 - Init START
ip-10-233-4-28:56:56 [0] NCCL INFO Topology detection : could not read /sys/devices/pci0000:00/0000:00:1e.0/../max_link_speed, ignoring
ip-10-233-4-28:56:56 [0] NCCL INFO Topology detection : could not read /sys/devices/pci0000:00/0000:00:1e.0/../max_link_width, ignoring
ip-10-233-4-28:56:56 [0] NCCL INFO Topology detection : could not read /sys/devices/system/node/node-1/cpumap, ignoring
ip-10-233-4-28:56:56 [0] NCCL INFO TOPO/NET : Importing network plugins to topology
ip-10-233-4-28:56:56 [0] NCCL INFO Could not get speed from /sys/class/net/ens5/speed. Defaulting to 10 Gbps.
ip-10-233-4-28:56:56 [0] NCCL INFO Topology detection : could not read /sys/devices/pci0000:00/0000:00:05.0/../max_link_speed, ignoring
ip-10-233-4-28:56:56 [0] NCCL INFO Topology detection : could not read /sys/devices/pci0000:00/0000:00:05.0/../max_link_width, ignoring
ip-10-233-4-28:56:56 [0] NCCL INFO Topology detection : could not read /sys/devices/system/node/node-1/cpumap, ignoring
ip-10-233-4-28:56:56 [0] NCCL INFO NET/Socket : GPU Direct RDMA Disabled for HCA 0 'ens5'
ip-10-233-4-28:56:56 [0] NCCL INFO ncclTopoPopulateNics : Filled ens5 in topo with pciPath=/sys/devices/pci0000:00/0000:00:05.0 net=1 gin=(null) keep=1 coll=(null)
ip-10-233-4-28:56:56 [0] NCCL INFO KV Convert to int : could not find value of 'Unknown' in dictionary, falling back to 60
ip-10-233-4-28:56:56 [0] NCCL INFO === System : maxBw 1.2 totalBw 24.0 ===
ip-10-233-4-28:56:56 [0] NCCL INFO CPU/0-ffffffffffffff (1/2/-1)
ip-10-233-4-28:56:56 [0] NCCL INFO + PCI[24.0] - GPU/0-1e0 (0)
ip-10-233-4-28:56:56 [0] NCCL INFO + PCI[12.0] - NIC/0-50
ip-10-233-4-28:56:56 [0] NCCL INFO               + NET[1.2] - NET/0-0 (0/0/0/1.250000)
ip-10-233-4-28:56:56 [0] NCCL INFO ==========================================
ip-10-233-4-28:56:56 [0] NCCL INFO GPU/0-1e0 :GPU/0-1e0 (0/5000.0/LOC) CPU/0-ffffffffffffff (1/24.0/PHB) NET/0-0 (3/1.2/PHB) 
ip-10-233-4-28:56:56 [0] NCCL INFO NET/0-0 :GPU/0-1e0 (3/1.2/PHB) CPU/0-ffffffffffffff (2/1.2/PHB) NET/0-0 (0/5000.0/LOC) 
ip-10-233-4-28:56:56 [0] NCCL INFO ncclTopoGetCpuAffinity: Affinity for GPU 0 is empty, ignoring. (GPU affinity =  ; CPU affinity = 0-3).
ip-10-233-4-28:56:56 [0] NCCL INFO Pattern 4, crossNic 0, nChannels 1, bw 1.200000/1.200000, type LOC/PHB, sameChannels 1
ip-10-233-4-28:56:56 [0] NCCL INFO  0 : NET/0-0 GPU/0-1e0 NET/0-0
ip-10-233-4-28:56:56 [0] NCCL INFO Pattern 3, crossNic 0, nChannels 1, bw 2.400000/1.200000, type LOC/PHB, sameChannels 1
ip-10-233-4-28:56:56 [0] NCCL INFO  0 : NET/0-0 GPU/0-1e0 NET/0-0
ip-10-233-4-28:56:56 [0] NCCL INFO Could not get speed from /sys/class/net/ens5/speed. Defaulting to 10 Gbps.
ip-10-233-4-28:56:56 [0] NCCL INFO comm 0x598b9f75bdc0 rank 0 nRanks 2 nNodes 2 localRanks 1 localRank 0 MNNVL 0
ip-10-233-4-28:56:56 [0] NCCL INFO Tree 0 : -1 -> 0 -> 1/-1/-1
ip-10-233-4-28:56:56 [0] NCCL INFO Tree 1 : 1 -> 0 -> -1/-1/-1
ip-10-233-4-28:56:56 [0] NCCL INFO Channel 00/02 : 0 1
ip-10-233-4-28:56:56 [0] NCCL INFO Channel 01/02 : 0 1
ip-10-233-4-28:56:56 [0] NCCL INFO Ring 00 : 1 -> 0 -> 1
ip-10-233-4-28:56:56 [0] NCCL INFO Ring 01 : 1 -> 0 -> 1
ip-10-233-4-28:56:56 [0] NCCL INFO Trees [0] 1/-1/-1->0->-1 [1] -1/-1/-1->0->1
ip-10-233-4-28:56:56 [0] NCCL INFO P2P Chunksize set to 131072
ip-10-233-4-28:56:56 [0] NCCL INFO Check P2P Type isAllDirectP2p 1 directMode 0 isAllCudaP2p 1
ip-10-233-4-28:56:56 [0] NCCL INFO ncclP2pSchedule: group size used is 1
ip-10-233-4-28:56:173 [0] NCCL INFO [Proxy Service] Device 0 CPU core 3
ip-10-233-4-28:56:174 [0] NCCL INFO [Proxy Service UDS] Device 0 CPU core 3
ip-10-233-4-28:56:56 [0] NCCL INFO threadThresholds 8/8/64 | 16/8/64 | 512 | 512
ip-10-233-4-28:56:56 [0] NCCL INFO 2 coll channels, 2 collnet channels, 0 nvls channels, 2 p2p channels, 1 p2p channels per peer
ip-10-233-4-28:56:56 [0] NCCL INFO Symmetric VA size=24GB
ip-10-233-4-28:56:56 [0] NCCL INFO Symmetric memory is not supported. cuMemEnable 1, globalGinSupport 0, globalNicFused 0 cuMemGdrSupport 1
ip-10-233-4-28:56:56 [0] NCCL INFO CC Off, workFifoBytes 1048576
ip-10-233-4-28:56:56 [0] NCCL INFO ncclCommInitRankConfig comm 0x598b9f75bdc0 rank 0 nranks 2 cudaDev 0 nvmlDev 0 busId 1e0 commId 0x7ea3cbfd8c6034a5 - Init COMPLETE
ip-10-233-4-28:56:56 [0] NCCL INFO Init timings - ncclCommInitRankConfig: rank 0 nranks 2 total 0.26 (kernels 0.00, alloc 0.00, bootstrap 0.23, allgathers 0.02, topo 0.00, graphs 0.00, connections 0.00, rest 0.00)
ip-10-233-4-28:56:173 [0] NCCL INFO New proxy send connection 0 from local rank 0, transport 2
ip-10-233-4-28:56:175 [0] NCCL INFO [Proxy Progress] Device 0 CPU core 0
ip-10-233-4-28:56:56 [0] NCCL INFO Connected to proxy localRank 0 -> connection 0x752b7c02ddf0
ip-10-233-4-28:56:173 [0] NCCL INFO Could not get speed from /sys/class/net/ens5/speed. Defaulting to 10 Gbps.
ip-10-233-4-28:56:56 [0] NCCL INFO Channel 01/1 : 0[0] -> 1[0] [send] via NET/Socket/0/Shared
ip-10-233-4-28:56:173 [0] NCCL INFO New proxy recv connection 1 from local rank 0, transport 2
ip-10-233-4-28:56:56 [0] NCCL INFO Connected to proxy localRank 0 -> connection 0x752b7c02de78
ip-10-233-4-28:56:173 [0] NCCL INFO Could not get speed from /sys/class/net/ens5/speed. Defaulting to 10 Gbps.
ip-10-233-4-28:56:173 [0] NCCL INFO NET/Socket: Using 2 threads and 8 sockets per thread
ip-10-233-4-28:56:56 [0] NCCL INFO Channel 01/1 : 1[0] -> 0[0] [receive] via NET/Socket/0/Shared
ip-10-233-4-28:56:56 [0] NCCL INFO Initialized NET plugin Socket
ip-10-233-4-28:56:56 [0] NCCL INFO Could not get speed from /sys/class/net/ens5/speed. Defaulting to 10 Gbps.
ip-10-233-4-28:56:56 [0] NCCL INFO Assigned NET plugin Socket to comm
ip-10-233-4-28:56:56 [0] NCCL INFO Failed to initialize any GIN plugin
ip-10-233-4-28:56:56 [0] NCCL INFO Using network Socket
ip-10-233-4-28:56:56 [0] NCCL INFO [Rank 1] ncclCommInitRankConfig comm 0x598b9faccb20 rank 1 nranks 2 cudaDev 0 nvmlDev 0 busId 1e0 commId 0x87ad2b5bf9f567b5 - Init START
ip-10-233-4-28:56:56 [0] NCCL INFO Topology detection : could not read /sys/devices/pci0000:00/0000:00:1e.0/../max_link_speed, ignoring
ip-10-233-4-28:56:56 [0] NCCL INFO Topology detection : could not read /sys/devices/pci0000:00/0000:00:1e.0/../max_link_width, ignoring
ip-10-233-4-28:56:56 [0] NCCL INFO Topology detection : could not read /sys/devices/system/node/node-1/cpumap, ignoring
ip-10-233-4-28:56:56 [0] NCCL INFO TOPO/NET : Importing network plugins to topology
ip-10-233-4-28:56:56 [0] NCCL INFO Could not get speed from /sys/class/net/ens5/speed. Defaulting to 10 Gbps.
ip-10-233-4-28:56:56 [0] NCCL INFO Topology detection : could not read /sys/devices/pci0000:00/0000:00:05.0/../max_link_speed, ignoring
ip-10-233-4-28:56:56 [0] NCCL INFO Topology detection : could not read /sys/devices/pci0000:00/0000:00:05.0/../max_link_width, ignoring
ip-10-233-4-28:56:56 [0] NCCL INFO Topology detection : could not read /sys/devices/system/node/node-1/cpumap, ignoring
ip-10-233-4-28:56:56 [0] NCCL INFO NET/Socket : GPU Direct RDMA Disabled for HCA 0 'ens5'
ip-10-233-4-28:56:56 [0] NCCL INFO ncclTopoPopulateNics : Filled ens5 in topo with pciPath=/sys/devices/pci0000:00/0000:00:05.0 net=1 gin=(null) keep=1 coll=(null)
ip-10-233-4-28:56:56 [0] NCCL INFO KV Convert to int : could not find value of 'Unknown' in dictionary, falling back to 60
ip-10-233-4-28:56:56 [0] NCCL INFO === System : maxBw 1.2 totalBw 24.0 ===
ip-10-233-4-28:56:56 [0] NCCL INFO CPU/0-ffffffffffffff (1/2/-1)
ip-10-233-4-28:56:56 [0] NCCL INFO + PCI[24.0] - GPU/0-1e0 (1)
ip-10-233-4-28:56:56 [0] NCCL INFO + PCI[12.0] - NIC/0-50
ip-10-233-4-28:56:56 [0] NCCL INFO               + NET[1.2] - NET/0-0 (0/0/0/1.250000)
ip-10-233-4-28:56:56 [0] NCCL INFO ==========================================
ip-10-233-4-28:56:56 [0] NCCL INFO GPU/0-1e0 :GPU/0-1e0 (0/5000.0/LOC) CPU/0-ffffffffffffff (1/24.0/PHB) NET/0-0 (3/1.2/PHB) 
ip-10-233-4-28:56:56 [0] NCCL INFO NET/0-0 :GPU/0-1e0 (3/1.2/PHB) CPU/0-ffffffffffffff (2/1.2/PHB) NET/0-0 (0/5000.0/LOC) 
ip-10-233-4-28:56:56 [0] NCCL INFO ncclTopoGetCpuAffinity: Affinity for GPU 0 is empty, ignoring. (GPU affinity =  ; CPU affinity = 0-3).
ip-10-233-4-28:56:56 [0] NCCL INFO Pattern 4, crossNic 0, nChannels 1, bw 1.200000/1.200000, type LOC/PHB, sameChannels 1
ip-10-233-4-28:56:56 [0] NCCL INFO  0 : NET/0-0 GPU/0-1e0 NET/0-0
ip-10-233-4-28:56:56 [0] NCCL INFO Pattern 3, crossNic 0, nChannels 1, bw 2.400000/1.200000, type LOC/PHB, sameChannels 1
ip-10-233-4-28:56:56 [0] NCCL INFO  0 : NET/0-0 GPU/0-1e0 NET/0-0
ip-10-233-4-28:56:56 [0] NCCL INFO Could not get speed from /sys/class/net/ens5/speed. Defaulting to 10 Gbps.
ip-10-233-4-28:56:56 [0] NCCL INFO comm 0x598b9faccb20 rank 1 nRanks 2 nNodes 2 localRanks 1 localRank 0 MNNVL 0
ip-10-233-4-28:56:56 [0] NCCL INFO Tree 0 : 0 -> 1 -> -1/-1/-1
ip-10-233-4-28:56:56 [0] NCCL INFO Tree 1 : -1 -> 1 -> 0/-1/-1
ip-10-233-4-28:56:56 [0] NCCL INFO Ring 00 : 0 -> 1 -> 0
ip-10-233-4-28:56:56 [0] NCCL INFO Ring 01 : 0 -> 1 -> 0
ip-10-233-4-28:56:56 [0] NCCL INFO Trees [0] -1/-1/-1->1->0 [1] 0/-1/-1->1->-1
ip-10-233-4-28:56:56 [0] NCCL INFO P2P Chunksize set to 131072
ip-10-233-4-28:56:56 [0] NCCL INFO Check P2P Type isAllDirectP2p 1 directMode 0 isAllCudaP2p 1
ip-10-233-4-28:56:56 [0] NCCL INFO ncclP2pSchedule: group size used is 1
ip-10-233-4-28:56:180 [0] NCCL INFO [Proxy Service] Device 0 CPU core 3
ip-10-233-4-28:56:181 [0] NCCL INFO [Proxy Service UDS] Device 0 CPU core 3
ip-10-233-4-28:56:56 [0] NCCL INFO threadThresholds 8/8/64 | 16/8/64 | 512 | 512
ip-10-233-4-28:56:56 [0] NCCL INFO 2 coll channels, 2 collnet channels, 0 nvls channels, 2 p2p channels, 1 p2p channels per peer
ip-10-233-4-28:56:56 [0] NCCL INFO Symmetric VA size=24GB
ip-10-233-4-28:56:56 [0] NCCL INFO Symmetric memory is not supported. cuMemEnable 1, globalGinSupport 0, globalNicFused 0 cuMemGdrSupport 1
ip-10-233-4-28:56:56 [0] NCCL INFO ncclCommInitRankConfig comm 0x598b9faccb20 rank 1 nranks 2 cudaDev 0 nvmlDev 0 busId 1e0 commId 0x87ad2b5bf9f567b5 - Init COMPLETE
ip-10-233-4-28:56:56 [0] NCCL INFO Init timings - ncclCommInitRankConfig: rank 1 nranks 2 total 0.63 (kernels 0.00, alloc 0.00, bootstrap 0.45, allgathers 0.18, topo 0.00, graphs 0.00, connections 0.00, rest 0.00)
ip-10-233-4-28:56:180 [0] NCCL INFO New proxy recv connection 0 from local rank 0, transport 2
ip-10-233-4-28:56:182 [0] NCCL INFO [Proxy Progress] Device 0 CPU core 1
ip-10-233-4-28:56:56 [0] NCCL INFO Connected to proxy localRank 0 -> connection 0x752b90005260
ip-10-233-4-28:56:180 [0] NCCL INFO Could not get speed from /sys/class/net/ens5/speed. Defaulting to 10 Gbps.
ip-10-233-4-28:56:180 [0] NCCL INFO NET/Socket: Using 2 threads and 8 sockets per thread
ip-10-233-4-28:56:56 [0] NCCL INFO Channel 01/1 : 0[0] -> 1[0] [receive] via NET/Socket/0/Shared
ip-10-233-4-28:56:180 [0] NCCL INFO New proxy send connection 1 from local rank 0, transport 2
ip-10-233-4-28:56:56 [0] NCCL INFO Connected to proxy localRank 0 -> connection 0x752b900052e8
ip-10-233-4-28:56:180 [0] NCCL INFO Could not get speed from /sys/class/net/ens5/speed. Defaulting to 10 Gbps.
ip-10-233-4-28:56:56 [0] NCCL INFO Channel 01/1 : 1[0] -> 0[0] [send] via NET/Socket/0/Shared
ip-10-233-4-28:56:56 [0] NCCL INFO Initialized NET plugin Socket
ip-10-233-4-28:56:56 [0] NCCL INFO Could not get speed from /sys/class/net/ens5/speed. Defaulting to 10 Gbps.
ip-10-233-4-28:56:56 [0] NCCL INFO Assigned NET plugin Socket to comm
ip-10-233-4-28:56:56 [0] NCCL INFO Failed to initialize any GIN plugin
ip-10-233-4-28:56:56 [0] NCCL INFO Using network Socket
ip-10-233-4-28:56:56 [0] NCCL INFO [Rank 1] ncclCommInitRankConfig comm 0x598b98e42100 rank 1 nranks 2 cudaDev 0 nvmlDev 0 busId 1e0 commId 0x68bb798152c795fd - Init START
ip-10-233-4-28:56:56 [0] NCCL INFO Topology detection : could not read /sys/devices/pci0000:00/0000:00:1e.0/../max_link_speed, ignoring
ip-10-233-4-28:56:56 [0] NCCL INFO Topology detection : could not read /sys/devices/pci0000:00/0000:00:1e.0/../max_link_width, ignoring
ip-10-233-4-28:56:56 [0] NCCL INFO Topology detection : could not read /sys/devices/system/node/node-1/cpumap, ignoring
ip-10-233-4-28:56:56 [0] NCCL INFO TOPO/NET : Importing network plugins to topology
ip-10-233-4-28:56:56 [0] NCCL INFO Could not get speed from /sys/class/net/ens5/speed. Defaulting to 10 Gbps.
ip-10-233-4-28:56:56 [0] NCCL INFO Topology detection : could not read /sys/devices/pci0000:00/0000:00:05.0/../max_link_speed, ignoring
ip-10-233-4-28:56:56 [0] NCCL INFO Topology detection : could not read /sys/devices/pci0000:00/0000:00:05.0/../max_link_width, ignoring
ip-10-233-4-28:56:56 [0] NCCL INFO Topology detection : could not read /sys/devices/system/node/node-1/cpumap, ignoring
ip-10-233-4-28:56:56 [0] NCCL INFO NET/Socket : GPU Direct RDMA Disabled for HCA 0 'ens5'
ip-10-233-4-28:56:56 [0] NCCL INFO ncclTopoPopulateNics : Filled ens5 in topo with pciPath=/sys/devices/pci0000:00/0000:00:05.0 net=1 gin=(null) keep=1 coll=(null)
ip-10-233-4-28:56:56 [0] NCCL INFO KV Convert to int : could not find value of 'Unknown' in dictionary, falling back to 60
ip-10-233-4-28:56:56 [0] NCCL INFO === System : maxBw 1.2 totalBw 24.0 ===
ip-10-233-4-28:56:56 [0] NCCL INFO CPU/0-ffffffffffffff (1/2/-1)
ip-10-233-4-28:56:56 [0] NCCL INFO + PCI[24.0] - GPU/0-1e0 (1)
ip-10-233-4-28:56:56 [0] NCCL INFO + PCI[12.0] - NIC/0-50
ip-10-233-4-28:56:56 [0] NCCL INFO               + NET[1.2] - NET/0-0 (0/0/0/1.250000)
ip-10-233-4-28:56:56 [0] NCCL INFO ==========================================
ip-10-233-4-28:56:56 [0] NCCL INFO GPU/0-1e0 :GPU/0-1e0 (0/5000.0/LOC) CPU/0-ffffffffffffff (1/24.0/PHB) NET/0-0 (3/1.2/PHB) 
ip-10-233-4-28:56:56 [0] NCCL INFO NET/0-0 :GPU/0-1e0 (3/1.2/PHB) CPU/0-ffffffffffffff (2/1.2/PHB) NET/0-0 (0/5000.0/LOC) 
ip-10-233-4-28:56:56 [0] NCCL INFO ncclTopoGetCpuAffinity: Affinity for GPU 0 is empty, ignoring. (GPU affinity =  ; CPU affinity = 0-3).
ip-10-233-4-28:56:56 [0] NCCL INFO Pattern 4, crossNic 0, nChannels 1, bw 1.200000/1.200000, type LOC/PHB, sameChannels 1
ip-10-233-4-28:56:56 [0] NCCL INFO  0 : NET/0-0 GPU/0-1e0 NET/0-0
ip-10-233-4-28:56:56 [0] NCCL INFO Pattern 3, crossNic 0, nChannels 1, bw 2.400000/1.200000, type LOC/PHB, sameChannels 1
ip-10-233-4-28:56:56 [0] NCCL INFO  0 : NET/0-0 GPU/0-1e0 NET/0-0
ip-10-233-4-28:56:56 [0] NCCL INFO Could not get speed from /sys/class/net/ens5/speed. Defaulting to 10 Gbps.
ip-10-233-4-28:56:56 [0] NCCL INFO comm 0x598b98e42100 rank 1 nRanks 2 nNodes 2 localRanks 1 localRank 0 MNNVL 0
ip-10-233-4-28:56:56 [0] NCCL INFO Tree 0 : 0 -> 1 -> -1/-1/-1
ip-10-233-4-28:56:56 [0] NCCL INFO Tree 1 : -1 -> 1 -> 0/-1/-1
ip-10-233-4-28:56:56 [0] NCCL INFO Ring 00 : 0 -> 1 -> 0
ip-10-233-4-28:56:56 [0] NCCL INFO Ring 01 : 0 -> 1 -> 0
ip-10-233-4-28:56:56 [0] NCCL INFO Trees [0] -1/-1/-1->1->0 [1] 0/-1/-1->1->-1
ip-10-233-4-28:56:56 [0] NCCL INFO P2P Chunksize set to 131072
ip-10-233-4-28:56:56 [0] NCCL INFO Check P2P Type isAllDirectP2p 1 directMode 0 isAllCudaP2p 1
ip-10-233-4-28:56:56 [0] NCCL INFO ncclP2pSchedule: group size used is 1
ip-10-233-4-28:56:188 [0] NCCL INFO [Proxy Service UDS] Device 0 CPU core 1
ip-10-233-4-28:56:187 [0] NCCL INFO [Proxy Service] Device 0 CPU core 1
ip-10-233-4-28:56:56 [0] NCCL INFO threadThresholds 8/8/64 | 16/8/64 | 512 | 512
ip-10-233-4-28:56:56 [0] NCCL INFO 2 coll channels, 2 collnet channels, 0 nvls channels, 2 p2p channels, 1 p2p channels per peer
ip-10-233-4-28:56:56 [0] NCCL INFO Symmetric VA size=24GB
ip-10-233-4-28:56:56 [0] NCCL INFO Symmetric memory is not supported. cuMemEnable 1, globalGinSupport 0, globalNicFused 0 cuMemGdrSupport 1
ip-10-233-4-28:56:56 [0] NCCL INFO ncclCommInitRankConfig comm 0x598b98e42100 rank 1 nranks 2 cudaDev 0 nvmlDev 0 busId 1e0 commId 0x68bb798152c795fd - Init COMPLETE
ip-10-233-4-28:56:56 [0] NCCL INFO Init timings - ncclCommInitRankConfig: rank 1 nranks 2 total 0.68 (kernels 0.00, alloc 0.00, bootstrap 0.48, allgathers 0.19, topo 0.00, graphs 0.00, connections 0.00, rest 0.00)
ip-10-233-4-28:56:187 [0] NCCL INFO New proxy recv connection 0 from local rank 0, transport 2
ip-10-233-4-28:56:189 [0] NCCL INFO [Proxy Progress] Device 0 CPU core 0
ip-10-233-4-28:56:56 [0] NCCL INFO Connected to proxy localRank 0 -> connection 0x752bac005310
ip-10-233-4-28:56:187 [0] NCCL INFO Could not get speed from /sys/class/net/ens5/speed. Defaulting to 10 Gbps.
ip-10-233-4-28:56:187 [0] NCCL INFO NET/Socket: Using 2 threads and 8 sockets per thread
ip-10-233-4-28:56:56 [0] NCCL INFO Channel 01/1 : 0[0] -> 1[0] [receive] via NET/Socket/0/Shared
ip-10-233-4-28:56:187 [0] NCCL INFO New proxy send connection 1 from local rank 0, transport 2
ip-10-233-4-28:56:56 [0] NCCL INFO Connected to proxy localRank 0 -> connection 0x752bac005398
ip-10-233-4-28:56:187 [0] NCCL INFO Could not get speed from /sys/class/net/ens5/speed. Defaulting to 10 Gbps.
ip-10-233-4-28:56:56 [0] NCCL INFO Channel 01/1 : 1[0] -> 0[0] [send] via NET/Socket/0/Shared
ip-10-233-4-28:56:56 [0] NCCL INFO Initialized NET plugin Socket
ip-10-233-4-28:56:56 [0] NCCL INFO Could not get speed from /sys/class/net/ens5/speed. Defaulting to 10 Gbps.
ip-10-233-4-28:56:56 [0] NCCL INFO Assigned NET plugin Socket to comm
ip-10-233-4-28:56:56 [0] NCCL INFO Failed to initialize any GIN plugin
ip-10-233-4-28:56:56 [0] NCCL INFO Using network Socket
ip-10-233-4-28:56:56 [0] NCCL INFO [Rank 0] ncclCommInitRankConfig comm 0x598b9fbf6ea0 rank 0 nranks 2 cudaDev 0 nvmlDev 0 busId 1e0 commId 0x801adcd66fdb34cf - Init START
ip-10-233-4-28:56:56 [0] NCCL INFO Topology detection : could not read /sys/devices/pci0000:00/0000:00:1e.0/../max_link_speed, ignoring
ip-10-233-4-28:56:56 [0] NCCL INFO Topology detection : could not read /sys/devices/pci0000:00/0000:00:1e.0/../max_link_width, ignoring
ip-10-233-4-28:56:56 [0] NCCL INFO Topology detection : could not read /sys/devices/system/node/node-1/cpumap, ignoring
ip-10-233-4-28:56:56 [0] NCCL INFO TOPO/NET : Importing network plugins to topology
ip-10-233-4-28:56:56 [0] NCCL INFO Could not get speed from /sys/class/net/ens5/speed. Defaulting to 10 Gbps.
ip-10-233-4-28:56:56 [0] NCCL INFO Topology detection : could not read /sys/devices/pci0000:00/0000:00:05.0/../max_link_speed, ignoring
ip-10-233-4-28:56:56 [0] NCCL INFO Topology detection : could not read /sys/devices/pci0000:00/0000:00:05.0/../max_link_width, ignoring
ip-10-233-4-28:56:56 [0] NCCL INFO Topology detection : could not read /sys/devices/system/node/node-1/cpumap, ignoring
ip-10-233-4-28:56:56 [0] NCCL INFO NET/Socket : GPU Direct RDMA Disabled for HCA 0 'ens5'
ip-10-233-4-28:56:56 [0] NCCL INFO ncclTopoPopulateNics : Filled ens5 in topo with pciPath=/sys/devices/pci0000:00/0000:00:05.0 net=1 gin=(null) keep=1 coll=(null)
ip-10-233-4-28:56:56 [0] NCCL INFO KV Convert to int : could not find value of 'Unknown' in dictionary, falling back to 60
ip-10-233-4-28:56:56 [0] NCCL INFO === System : maxBw 1.2 totalBw 24.0 ===
ip-10-233-4-28:56:56 [0] NCCL INFO CPU/0-ffffffffffffff (1/2/-1)
ip-10-233-4-28:56:56 [0] NCCL INFO + PCI[24.0] - GPU/0-1e0 (0)
ip-10-233-4-28:56:56 [0] NCCL INFO + PCI[12.0] - NIC/0-50
ip-10-233-4-28:56:56 [0] NCCL INFO               + NET[1.2] - NET/0-0 (0/0/0/1.250000)
ip-10-233-4-28:56:56 [0] NCCL INFO ==========================================
ip-10-233-4-28:56:56 [0] NCCL INFO GPU/0-1e0 :GPU/0-1e0 (0/5000.0/LOC) CPU/0-ffffffffffffff (1/24.0/PHB) NET/0-0 (3/1.2/PHB) 
ip-10-233-4-28:56:56 [0] NCCL INFO NET/0-0 :GPU/0-1e0 (3/1.2/PHB) CPU/0-ffffffffffffff (2/1.2/PHB) NET/0-0 (0/5000.0/LOC) 
ip-10-233-4-28:56:56 [0] NCCL INFO ncclTopoGetCpuAffinity: Affinity for GPU 0 is empty, ignoring. (GPU affinity =  ; CPU affinity = 0-3).
ip-10-233-4-28:56:56 [0] NCCL INFO Pattern 4, crossNic 0, nChannels 1, bw 1.200000/1.200000, type LOC/PHB, sameChannels 1
ip-10-233-4-28:56:56 [0] NCCL INFO  0 : NET/0-0 GPU/0-1e0 NET/0-0
ip-10-233-4-28:56:56 [0] NCCL INFO Pattern 3, crossNic 0, nChannels 1, bw 2.400000/1.200000, type LOC/PHB, sameChannels 1
ip-10-233-4-28:56:56 [0] NCCL INFO  0 : NET/0-0 GPU/0-1e0 NET/0-0
ip-10-233-4-28:56:56 [0] NCCL INFO Could not get speed from /sys/class/net/ens5/speed. Defaulting to 10 Gbps.
ip-10-233-4-28:56:56 [0] NCCL INFO comm 0x598b9fbf6ea0 rank 0 nRanks 2 nNodes 2 localRanks 1 localRank 0 MNNVL 0
ip-10-233-4-28:56:56 [0] NCCL INFO Tree 0 : -1 -> 0 -> 1/-1/-1
ip-10-233-4-28:56:56 [0] NCCL INFO Tree 1 : 1 -> 0 -> -1/-1/-1
ip-10-233-4-28:56:56 [0] NCCL INFO Channel 00/02 : 0 1
ip-10-233-4-28:56:56 [0] NCCL INFO Channel 01/02 : 0 1
ip-10-233-4-28:56:56 [0] NCCL INFO Ring 00 : 1 -> 0 -> 1
ip-10-233-4-28:56:56 [0] NCCL INFO Ring 01 : 1 -> 0 -> 1
ip-10-233-4-28:56:56 [0] NCCL INFO Trees [0] 1/-1/-1->0->-1 [1] -1/-1/-1->0->1
ip-10-233-4-28:56:56 [0] NCCL INFO P2P Chunksize set to 131072
ip-10-233-4-28:56:56 [0] NCCL INFO Check P2P Type isAllDirectP2p 1 directMode 0 isAllCudaP2p 1
ip-10-233-4-28:56:195 [0] NCCL INFO [Proxy Service] Device 0 CPU core 3
ip-10-233-4-28:56:56 [0] NCCL INFO ncclP2pSchedule: group size used is 1
ip-10-233-4-28:56:196 [0] NCCL INFO [Proxy Service UDS] Device 0 CPU core 3
ip-10-233-4-28:56:56 [0] NCCL INFO threadThresholds 8/8/64 | 16/8/64 | 512 | 512
ip-10-233-4-28:56:56 [0] NCCL INFO 2 coll channels, 2 collnet channels, 0 nvls channels, 2 p2p channels, 1 p2p channels per peer
ip-10-233-4-28:56:56 [0] NCCL INFO Symmetric VA size=24GB
ip-10-233-4-28:56:56 [0] NCCL INFO Symmetric memory is not supported. cuMemEnable 1, globalGinSupport 0, globalNicFused 0 cuMemGdrSupport 1
ip-10-233-4-28:56:56 [0] NCCL INFO CC Off, workFifoBytes 1048576
ip-10-233-4-28:56:56 [0] NCCL INFO ncclCommInitRankConfig comm 0x598b9fbf6ea0 rank 0 nranks 2 cudaDev 0 nvmlDev 0 busId 1e0 commId 0x801adcd66fdb34cf - Init COMPLETE
ip-10-233-4-28:56:56 [0] NCCL INFO Init timings - ncclCommInitRankConfig: rank 0 nranks 2 total 1.74 (kernels 0.00, alloc 0.00, bootstrap 1.33, allgathers 0.40, topo 0.00, graphs 0.00, connections 0.00, rest 0.00)
ip-10-233-4-28:56:195 [0] NCCL INFO New proxy send connection 0 from local rank 0, transport 2
ip-10-233-4-28:56:197 [0] NCCL INFO [Proxy Progress] Device 0 CPU core 2
ip-10-233-4-28:56:56 [0] NCCL INFO Connected to proxy localRank 0 -> connection 0x752a48032600
ip-10-233-4-28:56:195 [0] NCCL INFO Could not get speed from /sys/class/net/ens5/speed. Defaulting to 10 Gbps.
ip-10-233-4-28:56:56 [0] NCCL INFO Channel 01/1 : 0[0] -> 1[0] [send] via NET/Socket/0/Shared
ip-10-233-4-28:56:195 [0] NCCL INFO New proxy recv connection 1 from local rank 0, transport 2
ip-10-233-4-28:56:56 [0] NCCL INFO Connected to proxy localRank 0 -> connection 0x752a48032688
ip-10-233-4-28:56:195 [0] NCCL INFO Could not get speed from /sys/class/net/ens5/speed. Defaulting to 10 Gbps.
ip-10-233-4-28:56:195 [0] NCCL INFO NET/Socket: Using 2 threads and 8 sockets per thread
ip-10-233-4-28:56:56 [0] NCCL INFO Channel 01/1 : 1[0] -> 0[0] [receive] via NET/Socket/0/Shared
ip-10-233-4-28:56:56 [0] NCCL INFO Initialized NET plugin Socket
ip-10-233-4-28:56:56 [0] NCCL INFO Could not get speed from /sys/class/net/ens5/speed. Defaulting to 10 Gbps.
ip-10-233-4-28:56:56 [0] NCCL INFO Assigned NET plugin Socket to comm
ip-10-233-4-28:56:56 [0] NCCL INFO Failed to initialize any GIN plugin
ip-10-233-4-28:56:56 [0] NCCL INFO Using network Socket
ip-10-233-4-28:56:56 [0] NCCL INFO [Rank 1] ncclCommInitRankConfig comm 0x598b9fda43d0 rank 1 nranks 2 cudaDev 0 nvmlDev 0 busId 1e0 commId 0x5111b885ada0e255 - Init START
ip-10-233-4-28:56:56 [0] NCCL INFO Topology detection : could not read /sys/devices/pci0000:00/0000:00:1e.0/../max_link_speed, ignoring
ip-10-233-4-28:56:56 [0] NCCL INFO Topology detection : could not read /sys/devices/pci0000:00/0000:00:1e.0/../max_link_width, ignoring
ip-10-233-4-28:56:56 [0] NCCL INFO Topology detection : could not read /sys/devices/system/node/node-1/cpumap, ignoring
ip-10-233-4-28:56:56 [0] NCCL INFO TOPO/NET : Importing network plugins to topology
ip-10-233-4-28:56:56 [0] NCCL INFO Could not get speed from /sys/class/net/ens5/speed. Defaulting to 10 Gbps.
ip-10-233-4-28:56:56 [0] NCCL INFO Topology detection : could not read /sys/devices/pci0000:00/0000:00:05.0/../max_link_speed, ignoring
ip-10-233-4-28:56:56 [0] NCCL INFO Topology detection : could not read /sys/devices/pci0000:00/0000:00:05.0/../max_link_width, ignoring
ip-10-233-4-28:56:56 [0] NCCL INFO Topology detection : could not read /sys/devices/system/node/node-1/cpumap, ignoring
ip-10-233-4-28:56:56 [0] NCCL INFO NET/Socket : GPU Direct RDMA Disabled for HCA 0 'ens5'
ip-10-233-4-28:56:56 [0] NCCL INFO ncclTopoPopulateNics : Filled ens5 in topo with pciPath=/sys/devices/pci0000:00/0000:00:05.0 net=1 gin=(null) keep=1 coll=(null)
ip-10-233-4-28:56:56 [0] NCCL INFO KV Convert to int : could not find value of 'Unknown' in dictionary, falling back to 60
ip-10-233-4-28:56:56 [0] NCCL INFO === System : maxBw 1.2 totalBw 24.0 ===
ip-10-233-4-28:56:56 [0] NCCL INFO CPU/0-ffffffffffffff (1/2/-1)
ip-10-233-4-28:56:56 [0] NCCL INFO + PCI[24.0] - GPU/0-1e0 (1)
ip-10-233-4-28:56:56 [0] NCCL INFO + PCI[12.0] - NIC/0-50
ip-10-233-4-28:56:56 [0] NCCL INFO               + NET[1.2] - NET/0-0 (0/0/0/1.250000)
ip-10-233-4-28:56:56 [0] NCCL INFO ==========================================
ip-10-233-4-28:56:56 [0] NCCL INFO GPU/0-1e0 :GPU/0-1e0 (0/5000.0/LOC) CPU/0-ffffffffffffff (1/24.0/PHB) NET/0-0 (3/1.2/PHB) 
ip-10-233-4-28:56:56 [0] NCCL INFO NET/0-0 :GPU/0-1e0 (3/1.2/PHB) CPU/0-ffffffffffffff (2/1.2/PHB) NET/0-0 (0/5000.0/LOC) 
ip-10-233-4-28:56:56 [0] NCCL INFO ncclTopoGetCpuAffinity: Affinity for GPU 0 is empty, ignoring. (GPU affinity =  ; CPU affinity = 0-3).
ip-10-233-4-28:56:56 [0] NCCL INFO Pattern 4, crossNic 0, nChannels 1, bw 1.200000/1.200000, type LOC/PHB, sameChannels 1
ip-10-233-4-28:56:56 [0] NCCL INFO  0 : NET/0-0 GPU/0-1e0 NET/0-0
ip-10-233-4-28:56:56 [0] NCCL INFO Pattern 3, crossNic 0, nChannels 1, bw 2.400000/1.200000, type LOC/PHB, sameChannels 1
ip-10-233-4-28:56:56 [0] NCCL INFO  0 : NET/0-0 GPU/0-1e0 NET/0-0
ip-10-233-4-28:56:56 [0] NCCL INFO Could not get speed from /sys/class/net/ens5/speed. Defaulting to 10 Gbps.
ip-10-233-4-28:56:56 [0] NCCL INFO comm 0x598b9fda43d0 rank 1 nRanks 2 nNodes 2 localRanks 1 localRank 0 MNNVL 0
ip-10-233-4-28:56:56 [0] NCCL INFO Tree 0 : 0 -> 1 -> -1/-1/-1
ip-10-233-4-28:56:56 [0] NCCL INFO Tree 1 : -1 -> 1 -> 0/-1/-1
ip-10-233-4-28:56:56 [0] NCCL INFO Ring 00 : 0 -> 1 -> 0
ip-10-233-4-28:56:56 [0] NCCL INFO Ring 01 : 0 -> 1 -> 0
ip-10-233-4-28:56:56 [0] NCCL INFO Trees [0] -1/-1/-1->1->0 [1] 0/-1/-1->1->-1
ip-10-233-4-28:56:56 [0] NCCL INFO P2P Chunksize set to 131072
ip-10-233-4-28:56:56 [0] NCCL INFO Check P2P Type isAllDirectP2p 1 directMode 0 isAllCudaP2p 1
ip-10-233-4-28:56:202 [0] NCCL INFO [Proxy Service] Device 0 CPU core 2
ip-10-233-4-28:56:56 [0] NCCL INFO ncclP2pSchedule: group size used is 1
ip-10-233-4-28:56:203 [0] NCCL INFO [Proxy Service UDS] Device 0 CPU core 3
ip-10-233-4-28:56:56 [0] NCCL INFO threadThresholds 8/8/64 | 16/8/64 | 512 | 512
ip-10-233-4-28:56:56 [0] NCCL INFO 2 coll channels, 2 collnet channels, 0 nvls channels, 2 p2p channels, 1 p2p channels per peer
ip-10-233-4-28:56:56 [0] NCCL INFO Symmetric VA size=24GB
ip-10-233-4-28:56:56 [0] NCCL INFO Symmetric memory is not supported. cuMemEnable 1, globalGinSupport 0, globalNicFused 0 cuMemGdrSupport 1
ip-10-233-4-28:56:56 [0] NCCL INFO ncclCommInitRankConfig comm 0x598b9fda43d0 rank 1 nranks 2 cudaDev 0 nvmlDev 0 busId 1e0 commId 0x5111b885ada0e255 - Init COMPLETE
ip-10-233-4-28:56:56 [0] NCCL INFO Init timings - ncclCommInitRankConfig: rank 1 nranks 2 total 0.64 (kernels 0.00, alloc 0.00, bootstrap 0.45, allgathers 0.18, topo 0.00, graphs 0.00, connections 0.00, rest 0.00)
ip-10-233-4-28:56:202 [0] NCCL INFO New proxy recv connection 0 from local rank 0, transport 2
ip-10-233-4-28:56:204 [0] NCCL INFO [Proxy Progress] Device 0 CPU core 0
ip-10-233-4-28:56:56 [0] NCCL INFO Connected to proxy localRank 0 -> connection 0x752a5c032620
ip-10-233-4-28:56:202 [0] NCCL INFO Could not get speed from /sys/class/net/ens5/speed. Defaulting to 10 Gbps.
ip-10-233-4-28:56:202 [0] NCCL INFO NET/Socket: Using 2 threads and 8 sockets per thread
ip-10-233-4-28:56:56 [0] NCCL INFO Channel 01/1 : 0[0] -> 1[0] [receive] via NET/Socket/0/Shared
ip-10-233-4-28:56:202 [0] NCCL INFO New proxy send connection 1 from local rank 0, transport 2
ip-10-233-4-28:56:56 [0] NCCL INFO Connected to proxy localRank 0 -> connection 0x752a5c0326a8
ip-10-233-4-28:56:202 [0] NCCL INFO Could not get speed from /sys/class/net/ens5/speed. Defaulting to 10 Gbps.
ip-10-233-4-28:56:56 [0] NCCL INFO Channel 01/1 : 1[0] -> 0[0] [send] via NET/Socket/0/Shared
ip-10-233-4-28:56:56 [0] NCCL INFO Initialized NET plugin Socket
ip-10-233-4-28:56:56 [0] NCCL INFO Could not get speed from /sys/class/net/ens5/speed. Defaulting to 10 Gbps.
ip-10-233-4-28:56:56 [0] NCCL INFO Assigned NET plugin Socket to comm
ip-10-233-4-28:56:56 [0] NCCL INFO Failed to initialize any GIN plugin
ip-10-233-4-28:56:56 [0] NCCL INFO Using network Socket
ip-10-233-4-28:56:56 [0] NCCL INFO [Rank 0] ncclCommInitRankConfig comm 0x598b9edbec40 rank 0 nranks 2 cudaDev 0 nvmlDev 0 busId 1e0 commId 0xaf6de2319f42a1c4 - Init START
ip-10-233-4-28:56:56 [0] NCCL INFO Topology detection : could not read /sys/devices/pci0000:00/0000:00:1e.0/../max_link_speed, ignoring
ip-10-233-4-28:56:56 [0] NCCL INFO Topology detection : could not read /sys/devices/pci0000:00/0000:00:1e.0/../max_link_width, ignoring
ip-10-233-4-28:56:56 [0] NCCL INFO Topology detection : could not read /sys/devices/system/node/node-1/cpumap, ignoring
ip-10-233-4-28:56:56 [0] NCCL INFO TOPO/NET : Importing network plugins to topology
ip-10-233-4-28:56:56 [0] NCCL INFO Could not get speed from /sys/class/net/ens5/speed. Defaulting to 10 Gbps.
ip-10-233-4-28:56:56 [0] NCCL INFO Topology detection : could not read /sys/devices/pci0000:00/0000:00:05.0/../max_link_speed, ignoring
ip-10-233-4-28:56:56 [0] NCCL INFO Topology detection : could not read /sys/devices/pci0000:00/0000:00:05.0/../max_link_width, ignoring
ip-10-233-4-28:56:56 [0] NCCL INFO Topology detection : could not read /sys/devices/system/node/node-1/cpumap, ignoring
ip-10-233-4-28:56:56 [0] NCCL INFO NET/Socket : GPU Direct RDMA Disabled for HCA 0 'ens5'
ip-10-233-4-28:56:56 [0] NCCL INFO ncclTopoPopulateNics : Filled ens5 in topo with pciPath=/sys/devices/pci0000:00/0000:00:05.0 net=1 gin=(null) keep=1 coll=(null)
ip-10-233-4-28:56:56 [0] NCCL INFO KV Convert to int : could not find value of 'Unknown' in dictionary, falling back to 60
ip-10-233-4-28:56:56 [0] NCCL INFO === System : maxBw 1.2 totalBw 24.0 ===
ip-10-233-4-28:56:56 [0] NCCL INFO CPU/0-ffffffffffffff (1/2/-1)
ip-10-233-4-28:56:56 [0] NCCL INFO + PCI[24.0] - GPU/0-1e0 (0)
ip-10-233-4-28:56:56 [0] NCCL INFO + PCI[12.0] - NIC/0-50
ip-10-233-4-28:56:56 [0] NCCL INFO               + NET[1.2] - NET/0-0 (0/0/0/1.250000)
ip-10-233-4-28:56:56 [0] NCCL INFO ==========================================
ip-10-233-4-28:56:56 [0] NCCL INFO GPU/0-1e0 :GPU/0-1e0 (0/5000.0/LOC) CPU/0-ffffffffffffff (1/24.0/PHB) NET/0-0 (3/1.2/PHB) 
ip-10-233-4-28:56:56 [0] NCCL INFO NET/0-0 :GPU/0-1e0 (3/1.2/PHB) CPU/0-ffffffffffffff (2/1.2/PHB) NET/0-0 (0/5000.0/LOC) 
ip-10-233-4-28:56:56 [0] NCCL INFO ncclTopoGetCpuAffinity: Affinity for GPU 0 is empty, ignoring. (GPU affinity =  ; CPU affinity = 0-3).
ip-10-233-4-28:56:56 [0] NCCL INFO Pattern 4, crossNic 0, nChannels 1, bw 1.200000/1.200000, type LOC/PHB, sameChannels 1
ip-10-233-4-28:56:56 [0] NCCL INFO  0 : NET/0-0 GPU/0-1e0 NET/0-0
ip-10-233-4-28:56:56 [0] NCCL INFO Pattern 3, crossNic 0, nChannels 1, bw 2.400000/1.200000, type LOC/PHB, sameChannels 1
ip-10-233-4-28:56:56 [0] NCCL INFO  0 : NET/0-0 GPU/0-1e0 NET/0-0
ip-10-233-4-28:56:56 [0] NCCL INFO Could not get speed from /sys/class/net/ens5/speed. Defaulting to 10 Gbps.
ip-10-233-4-28:56:56 [0] NCCL INFO comm 0x598b9edbec40 rank 0 nRanks 2 nNodes 2 localRanks 1 localRank 0 MNNVL 0
ip-10-233-4-28:56:56 [0] NCCL INFO Tree 0 : -1 -> 0 -> 1/-1/-1
ip-10-233-4-28:56:56 [0] NCCL INFO Tree 1 : 1 -> 0 -> -1/-1/-1
ip-10-233-4-28:56:56 [0] NCCL INFO Channel 00/02 : 0 1
ip-10-233-4-28:56:56 [0] NCCL INFO Channel 01/02 : 0 1
ip-10-233-4-28:56:56 [0] NCCL INFO Ring 00 : 1 -> 0 -> 1
ip-10-233-4-28:56:56 [0] NCCL INFO Ring 01 : 1 -> 0 -> 1
ip-10-233-4-28:56:56 [0] NCCL INFO Trees [0] 1/-1/-1->0->-1 [1] -1/-1/-1->0->1
ip-10-233-4-28:56:56 [0] NCCL INFO P2P Chunksize set to 131072
ip-10-233-4-28:56:56 [0] NCCL INFO Check P2P Type isAllDirectP2p 1 directMode 0 isAllCudaP2p 1
ip-10-233-4-28:56:210 [0] NCCL INFO [Proxy Service] Device 0 CPU core 2
ip-10-233-4-28:56:56 [0] NCCL INFO ncclP2pSchedule: group size used is 1
ip-10-233-4-28:56:211 [0] NCCL INFO [Proxy Service UDS] Device 0 CPU core 2
ip-10-233-4-28:56:56 [0] NCCL INFO threadThresholds 8/8/64 | 16/8/64 | 512 | 512
ip-10-233-4-28:56:56 [0] NCCL INFO 2 coll channels, 2 collnet channels, 0 nvls channels, 2 p2p channels, 1 p2p channels per peer
ip-10-233-4-28:56:56 [0] NCCL INFO Symmetric VA size=24GB
ip-10-233-4-28:56:56 [0] NCCL INFO Symmetric memory is not supported. cuMemEnable 1, globalGinSupport 0, globalNicFused 0 cuMemGdrSupport 1
ip-10-233-4-28:56:56 [0] NCCL INFO CC Off, workFifoBytes 1048576
ip-10-233-4-28:56:56 [0] NCCL INFO ncclCommInitRankConfig comm 0x598b9edbec40 rank 0 nranks 2 cudaDev 0 nvmlDev 0 busId 1e0 commId 0xaf6de2319f42a1c4 - Init COMPLETE
ip-10-233-4-28:56:56 [0] NCCL INFO Init timings - ncclCommInitRankConfig: rank 0 nranks 2 total 1.74 (kernels 0.00, alloc 0.00, bootstrap 1.33, allgathers 0.40, topo 0.00, graphs 0.00, connections 0.00, rest 0.00)
ip-10-233-4-28:56:210 [0] NCCL INFO New proxy send connection 0 from local rank 0, transport 2
ip-10-233-4-28:56:212 [0] NCCL INFO [Proxy Progress] Device 0 CPU core 0
ip-10-233-4-28:56:56 [0] NCCL INFO Connected to proxy localRank 0 -> connection 0x752a8c0256b0
ip-10-233-4-28:56:210 [0] NCCL INFO Could not get speed from /sys/class/net/ens5/speed. Defaulting to 10 Gbps.
ip-10-233-4-28:56:56 [0] NCCL INFO Channel 01/1 : 0[0] -> 1[0] [send] via NET/Socket/0/Shared
ip-10-233-4-28:56:210 [0] NCCL INFO New proxy recv connection 1 from local rank 0, transport 2
ip-10-233-4-28:56:56 [0] NCCL INFO Connected to proxy localRank 0 -> connection 0x752a8c025738
ip-10-233-4-28:56:210 [0] NCCL INFO Could not get speed from /sys/class/net/ens5/speed. Defaulting to 10 Gbps.
ip-10-233-4-28:56:210 [0] NCCL INFO NET/Socket: Using 2 threads and 8 sockets per thread
ip-10-233-4-28:56:56 [0] NCCL INFO Channel 01/1 : 1[0] -> 0[0] [receive] via NET/Socket/0/Shared
ip-10-233-4-28:56:56 [0] NCCL INFO comm 0x598b9edbec40 rank 0 nranks 2 cudaDev 0 busId 1e0 - Destroy COMPLETE
ip-10-233-4-28:56:56 [0] NCCL INFO comm 0x598b9fda43d0 rank 1 nranks 2 cudaDev 0 busId 1e0 - Destroy COMPLETE
ip-10-233-4-28:56:56 [0] NCCL INFO comm 0x598b9fbf6ea0 rank 0 nranks 2 cudaDev 0 busId 1e0 - Destroy COMPLETE
ip-10-233-4-28:56:56 [0] NCCL INFO comm 0x598b92757f10 rank 0 nranks 2 cudaDev 0 busId 1e0 - Destroy COMPLETE
ip-10-233-4-28:56:56 [0] NCCL INFO comm 0x598b96c7a800 rank 0 nranks 2 cudaDev 0 busId 1e0 - Destroy COMPLETE
ip-10-233-4-28:56:56 [0] NCCL INFO comm 0x598ba08bed00 rank 0 nranks 2 cudaDev 0 busId 1e0 - Destroy COMPLETE
ip-10-233-4-28:56:56 [0] NCCL INFO comm 0x598b992dbcc0 rank 1 nranks 2 cudaDev 0 busId 1e0 - Destroy COMPLETE
ip-10-233-4-28:56:56 [0] NCCL INFO comm 0x598ba09e3af0 rank 1 nranks 2 cudaDev 0 busId 1e0 - Destroy COMPLETE
ip-10-233-4-28:56:56 [0] NCCL INFO comm 0x598b9f75bdc0 rank 0 nranks 2 cudaDev 0 busId 1e0 - Destroy COMPLETE
ip-10-233-4-28:56:56 [0] NCCL INFO comm 0x598b9818a620 rank 0 nranks 2 cudaDev 0 busId 1e0 - Destroy COMPLETE
ip-10-233-4-28:56:56 [0] NCCL INFO comm 0x598b983af420 rank 0 nranks 2 cudaDev 0 busId 1e0 - Destroy COMPLETE
ip-10-233-4-28:56:56 [0] NCCL INFO comm 0x598b9912b260 rank 1 nranks 2 cudaDev 0 busId 1e0 - Destroy COMPLETE
ip-10-233-4-28:56:56 [0] NCCL INFO comm 0x598ba0c0f7d0 rank 0 nranks 2 cudaDev 0 busId 1e0 - Destroy COMPLETE
ip-10-233-4-28:56:56 [0] NCCL INFO comm 0x598b968ce8b0 rank 6 nranks 16 cudaDev 0 busId 1e0 - Destroy COMPLETE
ip-10-233-4-28:56:56 [0] NCCL INFO comm 0x598b9faccb20 rank 1 nranks 2 cudaDev 0 busId 1e0 - Destroy COMPLETE
ip-10-233-4-28:56:56 [0] NCCL INFO comm 0x598b98e42100 rank 1 nranks 2 cudaDev 0 busId 1e0 - Destroy COMPLETE
ip-10-233-4-28:56:56 [0] NCCL INFO ENV/Plugin: Closing env plugin ncclEnvDefault
