Warning: You are sending unauthenticated requests to the HF Hub. Please set a HF_TOKEN to enable higher rate limits and faster downloads.
Generating train split:   0%|          | 0/50000 [00:00<?, ? examples/s]Generating train split:  33%|███▎      | 16600/50000 [00:00<00:00, 165331.63 examples/s]Generating train split:  77%|███████▋  | 38700/50000 [00:00<00:00, 125687.20 examples/s]Generating train split: 100%|██████████| 50000/50000 [00:00<00:00, 145163.27 examples/s]
Generating test split:   0%|          | 0/10000 [00:00<?, ? examples/s]Generating test split: 100%|██████████| 10000/10000 [00:00<00:00, 247206.54 examples/s]
[W909 10:01:53.008965070 Utils.hpp:166] Warning: Environment variable NCCL_BLOCKING_WAIT is deprecated; use TORCH_NCCL_BLOCKING_WAIT instead (function operator())
[W909 10:01:53.008989591 Utils.hpp:137] Warning: Environment variable NCCL_ASYNC_ERROR_HANDLING is deprecated; use TORCH_NCCL_ASYNC_ERROR_HANDLING instead (function operator())
[rank2]:[W909 10:01:57.798185403 ProcessGroupNCCL.cpp:4215] Warning: An unbatched P2P op (send/recv) was called on this ProcessGroup with size 16.  In lazy initialization mode, this will result in a new 2-rank NCCL communicator to be created. (function operator())
ip-10-231-1-43:56:56 [0] NCCL INFO ENV/Plugin: Could not find: libnccl-env.so
ip-10-231-1-43:56:56 [0] NCCL INFO NCCL_SOCKET_IFNAME set to ens5
ip-10-231-1-43:56:56 [0] NCCL INFO cudaDriverVersion 13020
ip-10-231-1-43:56:56 [0] NCCL INFO NCCL version 2.29.7+cuda13.2
ip-10-231-1-43:56:56 [0] NCCL INFO NCCL git version stable b81d6a5a3
ip-10-231-1-43:56:56 [0] NCCL INFO NET/Plugin: Could not find: libnccl-net.so
ip-10-231-1-43:56:56 [0] NCCL INFO transport/net_ib/init.cc:396 -> 3
ip-10-231-1-43:56:56 [0] NCCL INFO Failed to initialize NET plugin IB
ip-10-231-1-43:56:56 [0] NCCL INFO NET/Socket : Using [0]ens5:10.231.1.43<0>
ip-10-231-1-43:56:56 [0] NCCL INFO Initialized NET plugin Socket
ip-10-231-1-43:56:56 [0] NCCL INFO Could not get speed from /sys/class/net/ens5/speed. Defaulting to 10 Gbps.
ip-10-231-1-43:56:56 [0] NCCL INFO Assigned NET plugin Socket to comm
ip-10-231-1-43:56:56 [0] NCCL INFO GIN/Plugin: Could not find: libnccl-gin.so

[2026-09-09 10:01:57] ip-10-231-1-43:56:56 [0] misc/ibvwrap.cc:173 NCCL WARN lib wrapper not initialized.
ip-10-231-1-43:56:56 [0] NCCL INFO transport/net_ib/gdr.cc:56 -> 3
ip-10-231-1-43:56:56 [0] NCCL INFO Unable to use GIN: Peermem is not supported, nor DMA-BUF.
ip-10-231-1-43:56:56 [0] NCCL INFO Unable to use GIN: Peermem is not supported, nor DMA-BUF.
ip-10-231-1-43:56:56 [0] NCCL INFO Failed to initialize any GIN plugin
ip-10-231-1-43:56:56 [0] NCCL INFO Using network Socket
ip-10-231-1-43:56:56 [0] NCCL INFO [Rank 0] ncclCommInitRankConfig comm 0x631fae52b060 rank 0 nranks 2 cudaDev 0 nvmlDev 0 busId 1e0 commId 0x86561434efc74c7b - Init START
ip-10-231-1-43:56:56 [0] NCCL INFO RAS client listening socket at 127.0.0.1<28028>
ip-10-231-1-43:56:56 [0] NCCL INFO Topology detection : could not read /sys/devices/pci0000:00/0000:00:1e.0/../max_link_speed, ignoring
ip-10-231-1-43:56:56 [0] NCCL INFO Topology detection : could not read /sys/devices/pci0000:00/0000:00:1e.0/../max_link_width, ignoring
ip-10-231-1-43:56:56 [0] NCCL INFO Topology detection : could not read /sys/devices/system/node/node-1/cpumap, ignoring
ip-10-231-1-43:56:56 [0] NCCL INFO TOPO/NET : Importing network plugins to topology
ip-10-231-1-43:56:56 [0] NCCL INFO Could not get speed from /sys/class/net/ens5/speed. Defaulting to 10 Gbps.
ip-10-231-1-43:56:56 [0] NCCL INFO Topology detection : could not read /sys/devices/pci0000:00/0000:00:05.0/../max_link_speed, ignoring
ip-10-231-1-43:56:56 [0] NCCL INFO Topology detection : could not read /sys/devices/pci0000:00/0000:00:05.0/../max_link_width, ignoring
ip-10-231-1-43:56:56 [0] NCCL INFO Topology detection : could not read /sys/devices/system/node/node-1/cpumap, ignoring
ip-10-231-1-43:56:56 [0] NCCL INFO NET/Socket : GPU Direct RDMA Disabled for HCA 0 'ens5'
ip-10-231-1-43:56:56 [0] NCCL INFO ncclTopoPopulateNics : Filled ens5 in topo with pciPath=/sys/devices/pci0000:00/0000:00:05.0 net=1 gin=(null) keep=1 coll=(null)
ip-10-231-1-43:56:56 [0] NCCL INFO KV Convert to int : could not find value of 'Unknown' in dictionary, falling back to 60
ip-10-231-1-43:56:56 [0] NCCL INFO === System : maxBw 1.2 totalBw 24.0 ===
ip-10-231-1-43:56:56 [0] NCCL INFO CPU/0-ffffffffffffff (1/2/-1)
ip-10-231-1-43:56:56 [0] NCCL INFO + PCI[24.0] - GPU/0-1e0 (0)
ip-10-231-1-43:56:56 [0] NCCL INFO + PCI[12.0] - NIC/0-50
ip-10-231-1-43:56:56 [0] NCCL INFO               + NET[1.2] - NET/0-0 (0/0/0/1.250000)
ip-10-231-1-43:56:56 [0] NCCL INFO ==========================================
ip-10-231-1-43:56:56 [0] NCCL INFO GPU/0-1e0 :GPU/0-1e0 (0/5000.0/LOC) CPU/0-ffffffffffffff (1/24.0/PHB) NET/0-0 (3/1.2/PHB) 
ip-10-231-1-43:56:56 [0] NCCL INFO NET/0-0 :GPU/0-1e0 (3/1.2/PHB) CPU/0-ffffffffffffff (2/1.2/PHB) NET/0-0 (0/5000.0/LOC) 
ip-10-231-1-43:56:56 [0] NCCL INFO ncclTopoGetCpuAffinity: Affinity for GPU 0 is empty, ignoring. (GPU affinity =  ; CPU affinity = 0-3).
ip-10-231-1-43:56:56 [0] NCCL INFO Pattern 4, crossNic 0, nChannels 1, bw 1.200000/1.200000, type LOC/PHB, sameChannels 1
ip-10-231-1-43:56:56 [0] NCCL INFO  0 : NET/0-0 GPU/0-1e0 NET/0-0
ip-10-231-1-43:56:56 [0] NCCL INFO Pattern 3, crossNic 0, nChannels 1, bw 2.400000/1.200000, type LOC/PHB, sameChannels 1
ip-10-231-1-43:56:56 [0] NCCL INFO  0 : NET/0-0 GPU/0-1e0 NET/0-0
ip-10-231-1-43:56:56 [0] NCCL INFO Could not get speed from /sys/class/net/ens5/speed. Defaulting to 10 Gbps.
ip-10-231-1-43:56:56 [0] NCCL INFO comm 0x631fae52b060 rank 0 nRanks 2 nNodes 2 localRanks 1 localRank 0 MNNVL 0
ip-10-231-1-43:56:56 [0] NCCL INFO Tree 0 : -1 -> 0 -> 1/-1/-1
ip-10-231-1-43:56:56 [0] NCCL INFO Tree 1 : 1 -> 0 -> -1/-1/-1
ip-10-231-1-43:56:56 [0] NCCL INFO Channel 00/02 : 0 1
ip-10-231-1-43:56:56 [0] NCCL INFO Channel 01/02 : 0 1
ip-10-231-1-43:56:56 [0] NCCL INFO Ring 00 : 1 -> 0 -> 1
ip-10-231-1-43:56:56 [0] NCCL INFO Ring 01 : 1 -> 0 -> 1
ip-10-231-1-43:56:56 [0] NCCL INFO Trees [0] 1/-1/-1->0->-1 [1] -1/-1/-1->0->1
ip-10-231-1-43:56:56 [0] NCCL INFO P2P Chunksize set to 131072
ip-10-231-1-43:56:56 [0] NCCL INFO PROFILER/Plugin: Could not find: libnccl-profiler.so
ip-10-231-1-43:56:56 [0] NCCL INFO Check P2P Type isAllDirectP2p 1 directMode 0 isAllCudaP2p 1
ip-10-231-1-43:56:56 [0] NCCL INFO ncclP2pSchedule: group size used is 1
ip-10-231-1-43:56:101 [0] NCCL INFO [Proxy Service] Device 0 CPU core 2
ip-10-231-1-43:56:102 [0] NCCL INFO [Proxy Service UDS] Device 0 CPU core 2
ip-10-231-1-43:56:56 [0] NCCL INFO TUNER/Plugin: Could not find: libnccl-tuner.so
ip-10-231-1-43:56:56 [0] NCCL INFO threadThresholds 8/8/64 | 16/8/64 | 512 | 512
ip-10-231-1-43:56:56 [0] NCCL INFO 2 coll channels, 2 collnet channels, 0 nvls channels, 2 p2p channels, 1 p2p channels per peer
ip-10-231-1-43:56:56 [0] NCCL INFO Symmetric VA size=24GB
ip-10-231-1-43:56:56 [0] NCCL INFO Symmetric memory is not supported. cuMemEnable 1, globalGinSupport 0, globalNicFused 0 cuMemGdrSupport 1
ip-10-231-1-43:56:56 [0] NCCL INFO CC Off, workFifoBytes 1048576
ip-10-231-1-43:56:56 [0] NCCL INFO ncclCommInitRankConfig comm 0x631fae52b060 rank 0 nranks 2 cudaDev 0 nvmlDev 0 busId 1e0 commId 0x86561434efc74c7b - Init COMPLETE
ip-10-231-1-43:56:56 [0] NCCL INFO Init timings - ncclCommInitRankConfig: rank 0 nranks 2 total 25.51 (kernels 0.15, alloc 0.02, bootstrap 24.99, allgathers 0.34, topo 0.00, graphs 0.00, connections 0.00, rest 0.00)
ip-10-231-1-43:56:101 [0] NCCL INFO New proxy send connection 0 from local rank 0, transport 2
ip-10-231-1-43:56:103 [0] NCCL INFO [Proxy Progress] Device 0 CPU core 0
ip-10-231-1-43:56:56 [0] NCCL INFO Connected to proxy localRank 0 -> connection 0x708190004f70
ip-10-231-1-43:56:101 [0] NCCL INFO Could not get speed from /sys/class/net/ens5/speed. Defaulting to 10 Gbps.
ip-10-231-1-43:56:56 [0] NCCL INFO Channel 01/1 : 0[0] -> 1[0] [send] via NET/Socket/0/Shared
[rank2]:[W909 10:02:34.312253051 ProcessGroupNCCL.cpp:4215] Warning: An unbatched P2P op (send/recv) was called on this ProcessGroup with size 16.  In lazy initialization mode, this will result in a new 2-rank NCCL communicator to be created. (function operator())
ip-10-231-1-43:56:101 [0] NCCL INFO New proxy recv connection 1 from local rank 0, transport 2
ip-10-231-1-43:56:56 [0] NCCL INFO Connected to proxy localRank 0 -> connection 0x708190004ff8
ip-10-231-1-43:56:101 [0] NCCL INFO Could not get speed from /sys/class/net/ens5/speed. Defaulting to 10 Gbps.
ip-10-231-1-43:56:101 [0] NCCL INFO NET/Socket: Using 2 threads and 8 sockets per thread
ip-10-231-1-43:56:56 [0] NCCL INFO Channel 01/1 : 1[0] -> 0[0] [receive] via NET/Socket/0/Shared
ip-10-231-1-43:56:56 [0] NCCL INFO Initialized NET plugin Socket
ip-10-231-1-43:56:56 [0] NCCL INFO Could not get speed from /sys/class/net/ens5/speed. Defaulting to 10 Gbps.
ip-10-231-1-43:56:56 [0] NCCL INFO Assigned NET plugin Socket to comm
ip-10-231-1-43:56:56 [0] NCCL INFO Failed to initialize any GIN plugin
ip-10-231-1-43:56:56 [0] NCCL INFO Using network Socket
ip-10-231-1-43:56:56 [0] NCCL INFO [Rank 2] ncclCommInitRankConfig comm 0x631fb26a15f0 rank 2 nranks 16 cudaDev 0 nvmlDev 0 busId 1e0 commId 0xb52e73f562d9812f - Init START
ip-10-231-1-43:56:56 [0] NCCL INFO Topology detection : could not read /sys/devices/pci0000:00/0000:00:1e.0/../max_link_speed, ignoring
ip-10-231-1-43:56:56 [0] NCCL INFO Topology detection : could not read /sys/devices/pci0000:00/0000:00:1e.0/../max_link_width, ignoring
ip-10-231-1-43:56:56 [0] NCCL INFO Topology detection : could not read /sys/devices/system/node/node-1/cpumap, ignoring
ip-10-231-1-43:56:56 [0] NCCL INFO TOPO/NET : Importing network plugins to topology
ip-10-231-1-43:56:56 [0] NCCL INFO Could not get speed from /sys/class/net/ens5/speed. Defaulting to 10 Gbps.
ip-10-231-1-43:56:56 [0] NCCL INFO Topology detection : could not read /sys/devices/pci0000:00/0000:00:05.0/../max_link_speed, ignoring
ip-10-231-1-43:56:56 [0] NCCL INFO Topology detection : could not read /sys/devices/pci0000:00/0000:00:05.0/../max_link_width, ignoring
ip-10-231-1-43:56:56 [0] NCCL INFO Topology detection : could not read /sys/devices/system/node/node-1/cpumap, ignoring
ip-10-231-1-43:56:56 [0] NCCL INFO NET/Socket : GPU Direct RDMA Disabled for HCA 0 'ens5'
ip-10-231-1-43:56:56 [0] NCCL INFO ncclTopoPopulateNics : Filled ens5 in topo with pciPath=/sys/devices/pci0000:00/0000:00:05.0 net=1 gin=(null) keep=1 coll=(null)
ip-10-231-1-43:56:56 [0] NCCL INFO KV Convert to int : could not find value of 'Unknown' in dictionary, falling back to 60
ip-10-231-1-43:56:56 [0] NCCL INFO === System : maxBw 1.2 totalBw 24.0 ===
ip-10-231-1-43:56:56 [0] NCCL INFO CPU/0-ffffffffffffff (1/2/-1)
ip-10-231-1-43:56:56 [0] NCCL INFO + PCI[24.0] - GPU/0-1e0 (2)
ip-10-231-1-43:56:56 [0] NCCL INFO + PCI[12.0] - NIC/0-50
ip-10-231-1-43:56:56 [0] NCCL INFO               + NET[1.2] - NET/0-0 (0/0/0/1.250000)
ip-10-231-1-43:56:56 [0] NCCL INFO ==========================================
ip-10-231-1-43:56:56 [0] NCCL INFO GPU/0-1e0 :GPU/0-1e0 (0/5000.0/LOC) CPU/0-ffffffffffffff (1/24.0/PHB) NET/0-0 (3/1.2/PHB) 
ip-10-231-1-43:56:56 [0] NCCL INFO NET/0-0 :GPU/0-1e0 (3/1.2/PHB) CPU/0-ffffffffffffff (2/1.2/PHB) NET/0-0 (0/5000.0/LOC) 
ip-10-231-1-43:56:56 [0] NCCL INFO ncclTopoGetCpuAffinity: Affinity for GPU 0 is empty, ignoring. (GPU affinity =  ; CPU affinity = 0-3).
ip-10-231-1-43:56:56 [0] NCCL INFO Pattern 4, crossNic 0, nChannels 1, bw 1.200000/1.200000, type LOC/PHB, sameChannels 1
ip-10-231-1-43:56:56 [0] NCCL INFO  0 : NET/0-0 GPU/0-1e0 NET/0-0
ip-10-231-1-43:56:56 [0] NCCL INFO Pattern 3, crossNic 0, nChannels 1, bw 2.400000/1.200000, type LOC/PHB, sameChannels 1
ip-10-231-1-43:56:56 [0] NCCL INFO  0 : NET/0-0 GPU/0-1e0 NET/0-0
ip-10-231-1-43:56:56 [0] NCCL INFO Could not get speed from /sys/class/net/ens5/speed. Defaulting to 10 Gbps.
ip-10-231-1-43:56:56 [0] NCCL INFO comm 0x631fb26a15f0 rank 2 nRanks 16 nNodes 16 localRanks 1 localRank 0 MNNVL 0
ip-10-231-1-43:56:56 [0] NCCL INFO Tree 0 : 4 -> 2 -> 1/3/-1
ip-10-231-1-43:56:56 [0] NCCL INFO Tree 1 : 1 -> 2 -> -1/-1/-1
ip-10-231-1-43:56:56 [0] NCCL INFO Ring 00 : 1 -> 2 -> 3
ip-10-231-1-43:56:56 [0] NCCL INFO Ring 01 : 1 -> 2 -> 3
ip-10-231-1-43:56:56 [0] NCCL INFO Trees [0] 1/3/-1->2->4 [1] -1/-1/-1->2->1
ip-10-231-1-43:56:56 [0] NCCL INFO P2P Chunksize set to 131072
ip-10-231-1-43:56:56 [0] NCCL INFO Check P2P Type isAllDirectP2p 1 directMode 0 isAllCudaP2p 1
ip-10-231-1-43:56:56 [0] NCCL INFO ncclP2pSchedule: group size used is 1
ip-10-231-1-43:56:108 [0] NCCL INFO [Proxy Service] Device 0 CPU core 2
ip-10-231-1-43:56:109 [0] NCCL INFO [Proxy Service UDS] Device 0 CPU core 1
ip-10-231-1-43:56:56 [0] NCCL INFO threadThresholds 8/8/64 | 128/8/64 | 512 | 512
ip-10-231-1-43:56:56 [0] NCCL INFO 2 coll channels, 2 collnet channels, 0 nvls channels, 2 p2p channels, 1 p2p channels per peer
ip-10-231-1-43:56:56 [0] NCCL INFO Symmetric VA size=24GB
ip-10-231-1-43:56:56 [0] NCCL INFO Symmetric memory is not supported. cuMemEnable 1, globalGinSupport 0, globalNicFused 0 cuMemGdrSupport 1
ip-10-231-1-43:56:56 [0] NCCL INFO ncclCommInitRankConfig comm 0x631fb26a15f0 rank 2 nranks 16 cudaDev 0 nvmlDev 0 busId 1e0 commId 0xb52e73f562d9812f - Init COMPLETE
ip-10-231-1-43:56:56 [0] NCCL INFO Init timings - ncclCommInitRankConfig: rank 2 nranks 16 total 20.62 (kernels 0.00, alloc 0.00, bootstrap 17.50, allgathers 3.12, topo 0.00, graphs 0.00, connections 0.00, rest 0.00)
ip-10-231-1-43:56:108 [0] NCCL INFO New proxy recv connection 0 from local rank 0, transport 2
ip-10-231-1-43:56:110 [0] NCCL INFO [Proxy Progress] Device 0 CPU core 0
ip-10-231-1-43:56:56 [0] NCCL INFO Connected to proxy localRank 0 -> connection 0x70815c004f70
ip-10-231-1-43:56:108 [0] NCCL INFO Could not get speed from /sys/class/net/ens5/speed. Defaulting to 10 Gbps.
ip-10-231-1-43:56:108 [0] NCCL INFO NET/Socket: Using 2 threads and 8 sockets per thread
ip-10-231-1-43:56:56 [0] NCCL INFO Channel 00/0 : 1[0] -> 2[0] [receive] via NET/Socket/0
ip-10-231-1-43:56:108 [0] NCCL INFO New proxy recv connection 1 from local rank 0, transport 2
ip-10-231-1-43:56:56 [0] NCCL INFO Connected to proxy localRank 0 -> connection 0x70815c004ff8
ip-10-231-1-43:56:108 [0] NCCL INFO Could not get speed from /sys/class/net/ens5/speed. Defaulting to 10 Gbps.
ip-10-231-1-43:56:108 [0] NCCL INFO NET/Socket: Using 2 threads and 8 sockets per thread
ip-10-231-1-43:56:56 [0] NCCL INFO Channel 01/0 : 1[0] -> 2[0] [receive] via NET/Socket/0
ip-10-231-1-43:56:108 [0] NCCL INFO New proxy send connection 2 from local rank 0, transport 2
ip-10-231-1-43:56:56 [0] NCCL INFO Connected to proxy localRank 0 -> connection 0x70815c005080
ip-10-231-1-43:56:108 [0] NCCL INFO Could not get speed from /sys/class/net/ens5/speed. Defaulting to 10 Gbps.
ip-10-231-1-43:56:56 [0] NCCL INFO Channel 00/0 : 2[0] -> 3[0] [send] via NET/Socket/0
ip-10-231-1-43:56:108 [0] NCCL INFO New proxy send connection 3 from local rank 0, transport 2
ip-10-231-1-43:56:56 [0] NCCL INFO Connected to proxy localRank 0 -> connection 0x70815c005108
ip-10-231-1-43:56:108 [0] NCCL INFO Could not get speed from /sys/class/net/ens5/speed. Defaulting to 10 Gbps.
ip-10-231-1-43:56:56 [0] NCCL INFO Channel 00/0 : 2[0] -> 4[0] [send] via NET/Socket/0
ip-10-231-1-43:56:108 [0] NCCL INFO New proxy recv connection 4 from local rank 0, transport 2
ip-10-231-1-43:56:56 [0] NCCL INFO Connected to proxy localRank 0 -> connection 0x70815c005190
ip-10-231-1-43:56:108 [0] NCCL INFO Could not get speed from /sys/class/net/ens5/speed. Defaulting to 10 Gbps.
ip-10-231-1-43:56:108 [0] NCCL INFO NET/Socket: Using 2 threads and 8 sockets per thread
ip-10-231-1-43:56:56 [0] NCCL INFO Channel 00/0 : 4[0] -> 2[0] [receive] via NET/Socket/0
ip-10-231-1-43:56:108 [0] NCCL INFO New proxy recv connection 5 from local rank 0, transport 2
ip-10-231-1-43:56:56 [0] NCCL INFO Connected to proxy localRank 0 -> connection 0x70815c005218
ip-10-231-1-43:56:108 [0] NCCL INFO Could not get speed from /sys/class/net/ens5/speed. Defaulting to 10 Gbps.
ip-10-231-1-43:56:108 [0] NCCL INFO NET/Socket: Using 2 threads and 8 sockets per thread
ip-10-231-1-43:56:56 [0] NCCL INFO Channel 00/0 : 3[0] -> 2[0] [receive] via NET/Socket/0
ip-10-231-1-43:56:108 [0] NCCL INFO New proxy send connection 6 from local rank 0, transport 2
ip-10-231-1-43:56:56 [0] NCCL INFO Connected to proxy localRank 0 -> connection 0x70815c0052a0
ip-10-231-1-43:56:108 [0] NCCL INFO Could not get speed from /sys/class/net/ens5/speed. Defaulting to 10 Gbps.
ip-10-231-1-43:56:56 [0] NCCL INFO Channel 00/0 : 2[0] -> 1[0] [send] via NET/Socket/0
ip-10-231-1-43:56:108 [0] NCCL INFO New proxy send connection 7 from local rank 0, transport 2
ip-10-231-1-43:56:56 [0] NCCL INFO Connected to proxy localRank 0 -> connection 0x70815c005328
ip-10-231-1-43:56:108 [0] NCCL INFO Could not get speed from /sys/class/net/ens5/speed. Defaulting to 10 Gbps.
ip-10-231-1-43:56:56 [0] NCCL INFO Channel 01/0 : 2[0] -> 1[0] [send] via NET/Socket/0
ip-10-231-1-43:56:56 [0] NCCL INFO Connected all trees
ip-10-231-1-43:56:56 [0] NCCL INFO Initialized NET plugin Socket
ip-10-231-1-43:56:56 [0] NCCL INFO Could not get speed from /sys/class/net/ens5/speed. Defaulting to 10 Gbps.
ip-10-231-1-43:56:56 [0] NCCL INFO Assigned NET plugin Socket to comm
ip-10-231-1-43:56:56 [0] NCCL INFO Failed to initialize any GIN plugin
ip-10-231-1-43:56:56 [0] NCCL INFO Using network Socket
ip-10-231-1-43:56:56 [0] NCCL INFO [Rank 0] ncclCommInitRankConfig comm 0x631fb298dec0 rank 0 nranks 2 cudaDev 0 nvmlDev 0 busId 1e0 commId 0xaec29e5021a05bc1 - Init START
ip-10-231-1-43:56:56 [0] NCCL INFO Topology detection : could not read /sys/devices/pci0000:00/0000:00:1e.0/../max_link_speed, ignoring
ip-10-231-1-43:56:56 [0] NCCL INFO Topology detection : could not read /sys/devices/pci0000:00/0000:00:1e.0/../max_link_width, ignoring
ip-10-231-1-43:56:56 [0] NCCL INFO Topology detection : could not read /sys/devices/system/node/node-1/cpumap, ignoring
ip-10-231-1-43:56:56 [0] NCCL INFO TOPO/NET : Importing network plugins to topology
ip-10-231-1-43:56:56 [0] NCCL INFO Could not get speed from /sys/class/net/ens5/speed. Defaulting to 10 Gbps.
ip-10-231-1-43:56:56 [0] NCCL INFO Topology detection : could not read /sys/devices/pci0000:00/0000:00:05.0/../max_link_speed, ignoring
ip-10-231-1-43:56:56 [0] NCCL INFO Topology detection : could not read /sys/devices/pci0000:00/0000:00:05.0/../max_link_width, ignoring
ip-10-231-1-43:56:56 [0] NCCL INFO Topology detection : could not read /sys/devices/system/node/node-1/cpumap, ignoring
ip-10-231-1-43:56:56 [0] NCCL INFO NET/Socket : GPU Direct RDMA Disabled for HCA 0 'ens5'
ip-10-231-1-43:56:56 [0] NCCL INFO ncclTopoPopulateNics : Filled ens5 in topo with pciPath=/sys/devices/pci0000:00/0000:00:05.0 net=1 gin=(null) keep=1 coll=(null)
ip-10-231-1-43:56:56 [0] NCCL INFO KV Convert to int : could not find value of 'Unknown' in dictionary, falling back to 60
ip-10-231-1-43:56:56 [0] NCCL INFO === System : maxBw 1.2 totalBw 24.0 ===
ip-10-231-1-43:56:56 [0] NCCL INFO CPU/0-ffffffffffffff (1/2/-1)
ip-10-231-1-43:56:56 [0] NCCL INFO + PCI[24.0] - GPU/0-1e0 (0)
ip-10-231-1-43:56:56 [0] NCCL INFO + PCI[12.0] - NIC/0-50
ip-10-231-1-43:56:56 [0] NCCL INFO               + NET[1.2] - NET/0-0 (0/0/0/1.250000)
ip-10-231-1-43:56:56 [0] NCCL INFO ==========================================
ip-10-231-1-43:56:56 [0] NCCL INFO GPU/0-1e0 :GPU/0-1e0 (0/5000.0/LOC) CPU/0-ffffffffffffff (1/24.0/PHB) NET/0-0 (3/1.2/PHB) 
ip-10-231-1-43:56:56 [0] NCCL INFO NET/0-0 :GPU/0-1e0 (3/1.2/PHB) CPU/0-ffffffffffffff (2/1.2/PHB) NET/0-0 (0/5000.0/LOC) 
ip-10-231-1-43:56:56 [0] NCCL INFO ncclTopoGetCpuAffinity: Affinity for GPU 0 is empty, ignoring. (GPU affinity =  ; CPU affinity = 0-3).
ip-10-231-1-43:56:56 [0] NCCL INFO Pattern 4, crossNic 0, nChannels 1, bw 1.200000/1.200000, type LOC/PHB, sameChannels 1
ip-10-231-1-43:56:56 [0] NCCL INFO  0 : NET/0-0 GPU/0-1e0 NET/0-0
ip-10-231-1-43:56:56 [0] NCCL INFO Pattern 3, crossNic 0, nChannels 1, bw 2.400000/1.200000, type LOC/PHB, sameChannels 1
ip-10-231-1-43:56:56 [0] NCCL INFO  0 : NET/0-0 GPU/0-1e0 NET/0-0
ip-10-231-1-43:56:56 [0] NCCL INFO Could not get speed from /sys/class/net/ens5/speed. Defaulting to 10 Gbps.
ip-10-231-1-43:56:56 [0] NCCL INFO comm 0x631fb298dec0 rank 0 nRanks 2 nNodes 2 localRanks 1 localRank 0 MNNVL 0
ip-10-231-1-43:56:56 [0] NCCL INFO Tree 0 : -1 -> 0 -> 1/-1/-1
ip-10-231-1-43:56:56 [0] NCCL INFO Tree 1 : 1 -> 0 -> -1/-1/-1
ip-10-231-1-43:56:56 [0] NCCL INFO Channel 00/02 : 0 1
ip-10-231-1-43:56:56 [0] NCCL INFO Channel 01/02 : 0 1
ip-10-231-1-43:56:56 [0] NCCL INFO Ring 00 : 1 -> 0 -> 1
ip-10-231-1-43:56:56 [0] NCCL INFO Ring 01 : 1 -> 0 -> 1
ip-10-231-1-43:56:56 [0] NCCL INFO Trees [0] 1/-1/-1->0->-1 [1] -1/-1/-1->0->1
ip-10-231-1-43:56:56 [0] NCCL INFO P2P Chunksize set to 131072
ip-10-231-1-43:56:56 [0] NCCL INFO Check P2P Type isAllDirectP2p 1 directMode 0 isAllCudaP2p 1
ip-10-231-1-43:56:56 [0] NCCL INFO ncclP2pSchedule: group size used is 1
ip-10-231-1-43:56:112 [0] NCCL INFO [Proxy Service] Device 0 CPU core 1
ip-10-231-1-43:56:113 [0] NCCL INFO [Proxy Service UDS] Device 0 CPU core 1
ip-10-231-1-43:56:56 [0] NCCL INFO threadThresholds 8/8/64 | 16/8/64 | 512 | 512
ip-10-231-1-43:56:56 [0] NCCL INFO 2 coll channels, 2 collnet channels, 0 nvls channels, 2 p2p channels, 1 p2p channels per peer
ip-10-231-1-43:56:56 [0] NCCL INFO Symmetric VA size=24GB
ip-10-231-1-43:56:56 [0] NCCL INFO Symmetric memory is not supported. cuMemEnable 1, globalGinSupport 0, globalNicFused 0 cuMemGdrSupport 1
ip-10-231-1-43:56:56 [0] NCCL INFO CC Off, workFifoBytes 1048576
ip-10-231-1-43:56:56 [0] NCCL INFO ncclCommInitRankConfig comm 0x631fb298dec0 rank 0 nranks 2 cudaDev 0 nvmlDev 0 busId 1e0 commId 0xaec29e5021a05bc1 - Init COMPLETE
ip-10-231-1-43:56:56 [0] NCCL INFO Init timings - ncclCommInitRankConfig: rank 0 nranks 2 total 1.55 (kernels 0.00, alloc 0.00, bootstrap 1.21, allgathers 0.34, topo 0.00, graphs 0.00, connections 0.00, rest 0.00)
ip-10-231-1-43:56:112 [0] NCCL INFO New proxy send connection 0 from local rank 0, transport 2
ip-10-231-1-43:56:114 [0] NCCL INFO [Proxy Progress] Device 0 CPU core 2
ip-10-231-1-43:56:56 [0] NCCL INFO Connected to proxy localRank 0 -> connection 0x708134004f70
ip-10-231-1-43:56:112 [0] NCCL INFO Could not get speed from /sys/class/net/ens5/speed. Defaulting to 10 Gbps.
ip-10-231-1-43:56:56 [0] NCCL INFO Channel 01/1 : 0[0] -> 1[0] [send] via NET/Socket/0/Shared
ip-10-231-1-43:56:112 [0] NCCL INFO New proxy recv connection 1 from local rank 0, transport 2
ip-10-231-1-43:56:56 [0] NCCL INFO Connected to proxy localRank 0 -> connection 0x708134004ff8
ip-10-231-1-43:56:112 [0] NCCL INFO Could not get speed from /sys/class/net/ens5/speed. Defaulting to 10 Gbps.
ip-10-231-1-43:56:112 [0] NCCL INFO NET/Socket: Using 2 threads and 8 sockets per thread
ip-10-231-1-43:56:56 [0] NCCL INFO Channel 01/1 : 1[0] -> 0[0] [receive] via NET/Socket/0/Shared
ip-10-231-1-43:56:56 [0] NCCL INFO Initialized NET plugin Socket
ip-10-231-1-43:56:56 [0] NCCL INFO Could not get speed from /sys/class/net/ens5/speed. Defaulting to 10 Gbps.
ip-10-231-1-43:56:56 [0] NCCL INFO Assigned NET plugin Socket to comm
ip-10-231-1-43:56:56 [0] NCCL INFO Failed to initialize any GIN plugin
ip-10-231-1-43:56:56 [0] NCCL INFO Using network Socket
ip-10-231-1-43:56:56 [0] NCCL INFO [Rank 0] ncclCommInitRankConfig comm 0x631fb2ab2cb0 rank 0 nranks 2 cudaDev 0 nvmlDev 0 busId 1e0 commId 0xe22cabe35317db72 - Init START
ip-10-231-1-43:56:56 [0] NCCL INFO Topology detection : could not read /sys/devices/pci0000:00/0000:00:1e.0/../max_link_speed, ignoring
ip-10-231-1-43:56:56 [0] NCCL INFO Topology detection : could not read /sys/devices/pci0000:00/0000:00:1e.0/../max_link_width, ignoring
ip-10-231-1-43:56:56 [0] NCCL INFO Topology detection : could not read /sys/devices/system/node/node-1/cpumap, ignoring
ip-10-231-1-43:56:56 [0] NCCL INFO TOPO/NET : Importing network plugins to topology
ip-10-231-1-43:56:56 [0] NCCL INFO Could not get speed from /sys/class/net/ens5/speed. Defaulting to 10 Gbps.
ip-10-231-1-43:56:56 [0] NCCL INFO Topology detection : could not read /sys/devices/pci0000:00/0000:00:05.0/../max_link_speed, ignoring
ip-10-231-1-43:56:56 [0] NCCL INFO Topology detection : could not read /sys/devices/pci0000:00/0000:00:05.0/../max_link_width, ignoring
ip-10-231-1-43:56:56 [0] NCCL INFO Topology detection : could not read /sys/devices/system/node/node-1/cpumap, ignoring
ip-10-231-1-43:56:56 [0] NCCL INFO NET/Socket : GPU Direct RDMA Disabled for HCA 0 'ens5'
ip-10-231-1-43:56:56 [0] NCCL INFO ncclTopoPopulateNics : Filled ens5 in topo with pciPath=/sys/devices/pci0000:00/0000:00:05.0 net=1 gin=(null) keep=1 coll=(null)
ip-10-231-1-43:56:56 [0] NCCL INFO KV Convert to int : could not find value of 'Unknown' in dictionary, falling back to 60
ip-10-231-1-43:56:56 [0] NCCL INFO === System : maxBw 1.2 totalBw 24.0 ===
ip-10-231-1-43:56:56 [0] NCCL INFO CPU/0-ffffffffffffff (1/2/-1)
ip-10-231-1-43:56:56 [0] NCCL INFO + PCI[24.0] - GPU/0-1e0 (0)
ip-10-231-1-43:56:56 [0] NCCL INFO + PCI[12.0] - NIC/0-50
ip-10-231-1-43:56:56 [0] NCCL INFO               + NET[1.2] - NET/0-0 (0/0/0/1.250000)
ip-10-231-1-43:56:56 [0] NCCL INFO ==========================================
ip-10-231-1-43:56:56 [0] NCCL INFO GPU/0-1e0 :GPU/0-1e0 (0/5000.0/LOC) CPU/0-ffffffffffffff (1/24.0/PHB) NET/0-0 (3/1.2/PHB) 
ip-10-231-1-43:56:56 [0] NCCL INFO NET/0-0 :GPU/0-1e0 (3/1.2/PHB) CPU/0-ffffffffffffff (2/1.2/PHB) NET/0-0 (0/5000.0/LOC) 
ip-10-231-1-43:56:56 [0] NCCL INFO ncclTopoGetCpuAffinity: Affinity for GPU 0 is empty, ignoring. (GPU affinity =  ; CPU affinity = 0-3).
ip-10-231-1-43:56:56 [0] NCCL INFO Pattern 4, crossNic 0, nChannels 1, bw 1.200000/1.200000, type LOC/PHB, sameChannels 1
ip-10-231-1-43:56:56 [0] NCCL INFO  0 : NET/0-0 GPU/0-1e0 NET/0-0
ip-10-231-1-43:56:56 [0] NCCL INFO Pattern 3, crossNic 0, nChannels 1, bw 2.400000/1.200000, type LOC/PHB, sameChannels 1
ip-10-231-1-43:56:56 [0] NCCL INFO  0 : NET/0-0 GPU/0-1e0 NET/0-0
ip-10-231-1-43:56:56 [0] NCCL INFO Could not get speed from /sys/class/net/ens5/speed. Defaulting to 10 Gbps.
ip-10-231-1-43:56:56 [0] NCCL INFO comm 0x631fb2ab2cb0 rank 0 nRanks 2 nNodes 2 localRanks 1 localRank 0 MNNVL 0
ip-10-231-1-43:56:56 [0] NCCL INFO Tree 0 : -1 -> 0 -> 1/-1/-1
ip-10-231-1-43:56:56 [0] NCCL INFO Tree 1 : 1 -> 0 -> -1/-1/-1
ip-10-231-1-43:56:56 [0] NCCL INFO Channel 00/02 : 0 1
ip-10-231-1-43:56:56 [0] NCCL INFO Channel 01/02 : 0 1
ip-10-231-1-43:56:56 [0] NCCL INFO Ring 00 : 1 -> 0 -> 1
ip-10-231-1-43:56:56 [0] NCCL INFO Ring 01 : 1 -> 0 -> 1
ip-10-231-1-43:56:56 [0] NCCL INFO Trees [0] 1/-1/-1->0->-1 [1] -1/-1/-1->0->1
ip-10-231-1-43:56:56 [0] NCCL INFO P2P Chunksize set to 131072
ip-10-231-1-43:56:56 [0] NCCL INFO Check P2P Type isAllDirectP2p 1 directMode 0 isAllCudaP2p 1
ip-10-231-1-43:56:120 [0] NCCL INFO [Proxy Service] Device 0 CPU core 3
ip-10-231-1-43:56:121 [0] NCCL INFO [Proxy Service UDS] Device 0 CPU core 2
ip-10-231-1-43:56:56 [0] NCCL INFO ncclP2pSchedule: group size used is 1
ip-10-231-1-43:56:56 [0] NCCL INFO threadThresholds 8/8/64 | 16/8/64 | 512 | 512
ip-10-231-1-43:56:56 [0] NCCL INFO 2 coll channels, 2 collnet channels, 0 nvls channels, 2 p2p channels, 1 p2p channels per peer
ip-10-231-1-43:56:56 [0] NCCL INFO Symmetric VA size=24GB
ip-10-231-1-43:56:56 [0] NCCL INFO Symmetric memory is not supported. cuMemEnable 1, globalGinSupport 0, globalNicFused 0 cuMemGdrSupport 1
ip-10-231-1-43:56:56 [0] NCCL INFO CC Off, workFifoBytes 1048576
ip-10-231-1-43:56:56 [0] NCCL INFO ncclCommInitRankConfig comm 0x631fb2ab2cb0 rank 0 nranks 2 cudaDev 0 nvmlDev 0 busId 1e0 commId 0xe22cabe35317db72 - Init COMPLETE
ip-10-231-1-43:56:56 [0] NCCL INFO Init timings - ncclCommInitRankConfig: rank 0 nranks 2 total 1.37 (kernels 0.00, alloc 0.00, bootstrap 1.06, allgathers 0.30, topo 0.00, graphs 0.00, connections 0.00, rest 0.00)
ip-10-231-1-43:56:120 [0] NCCL INFO New proxy send connection 0 from local rank 0, transport 2
ip-10-231-1-43:56:122 [0] NCCL INFO [Proxy Progress] Device 0 CPU core 1
ip-10-231-1-43:56:56 [0] NCCL INFO Connected to proxy localRank 0 -> connection 0x708118004f70
ip-10-231-1-43:56:120 [0] NCCL INFO Could not get speed from /sys/class/net/ens5/speed. Defaulting to 10 Gbps.
ip-10-231-1-43:56:56 [0] NCCL INFO Channel 01/1 : 0[0] -> 1[0] [send] via NET/Socket/0/Shared
ip-10-231-1-43:56:120 [0] NCCL INFO New proxy recv connection 1 from local rank 0, transport 2
ip-10-231-1-43:56:56 [0] NCCL INFO Connected to proxy localRank 0 -> connection 0x708118004ff8
ip-10-231-1-43:56:120 [0] NCCL INFO Could not get speed from /sys/class/net/ens5/speed. Defaulting to 10 Gbps.
ip-10-231-1-43:56:120 [0] NCCL INFO NET/Socket: Using 2 threads and 8 sockets per thread
ip-10-231-1-43:56:56 [0] NCCL INFO Channel 01/1 : 1[0] -> 0[0] [receive] via NET/Socket/0/Shared
ip-10-231-1-43:56:56 [0] NCCL INFO Initialized NET plugin Socket
ip-10-231-1-43:56:56 [0] NCCL INFO Could not get speed from /sys/class/net/ens5/speed. Defaulting to 10 Gbps.
ip-10-231-1-43:56:56 [0] NCCL INFO Assigned NET plugin Socket to comm
ip-10-231-1-43:56:56 [0] NCCL INFO Failed to initialize any GIN plugin
ip-10-231-1-43:56:56 [0] NCCL INFO Using network Socket
ip-10-231-1-43:56:56 [0] NCCL INFO [Rank 0] ncclCommInitRankConfig comm 0x631fb2cca650 rank 0 nranks 2 cudaDev 0 nvmlDev 0 busId 1e0 commId 0x48ff46b343e1f13c - Init START
ip-10-231-1-43:56:56 [0] NCCL INFO Topology detection : could not read /sys/devices/pci0000:00/0000:00:1e.0/../max_link_speed, ignoring
ip-10-231-1-43:56:56 [0] NCCL INFO Topology detection : could not read /sys/devices/pci0000:00/0000:00:1e.0/../max_link_width, ignoring
ip-10-231-1-43:56:56 [0] NCCL INFO Topology detection : could not read /sys/devices/system/node/node-1/cpumap, ignoring
ip-10-231-1-43:56:56 [0] NCCL INFO TOPO/NET : Importing network plugins to topology
ip-10-231-1-43:56:56 [0] NCCL INFO Could not get speed from /sys/class/net/ens5/speed. Defaulting to 10 Gbps.
ip-10-231-1-43:56:56 [0] NCCL INFO Topology detection : could not read /sys/devices/pci0000:00/0000:00:05.0/../max_link_speed, ignoring
ip-10-231-1-43:56:56 [0] NCCL INFO Topology detection : could not read /sys/devices/pci0000:00/0000:00:05.0/../max_link_width, ignoring
ip-10-231-1-43:56:56 [0] NCCL INFO Topology detection : could not read /sys/devices/system/node/node-1/cpumap, ignoring
ip-10-231-1-43:56:56 [0] NCCL INFO NET/Socket : GPU Direct RDMA Disabled for HCA 0 'ens5'
ip-10-231-1-43:56:56 [0] NCCL INFO ncclTopoPopulateNics : Filled ens5 in topo with pciPath=/sys/devices/pci0000:00/0000:00:05.0 net=1 gin=(null) keep=1 coll=(null)
ip-10-231-1-43:56:56 [0] NCCL INFO KV Convert to int : could not find value of 'Unknown' in dictionary, falling back to 60
ip-10-231-1-43:56:56 [0] NCCL INFO === System : maxBw 1.2 totalBw 24.0 ===
ip-10-231-1-43:56:56 [0] NCCL INFO CPU/0-ffffffffffffff (1/2/-1)
ip-10-231-1-43:56:56 [0] NCCL INFO + PCI[24.0] - GPU/0-1e0 (0)
ip-10-231-1-43:56:56 [0] NCCL INFO + PCI[12.0] - NIC/0-50
ip-10-231-1-43:56:56 [0] NCCL INFO               + NET[1.2] - NET/0-0 (0/0/0/1.250000)
ip-10-231-1-43:56:56 [0] NCCL INFO ==========================================
ip-10-231-1-43:56:56 [0] NCCL INFO GPU/0-1e0 :GPU/0-1e0 (0/5000.0/LOC) CPU/0-ffffffffffffff (1/24.0/PHB) NET/0-0 (3/1.2/PHB) 
ip-10-231-1-43:56:56 [0] NCCL INFO NET/0-0 :GPU/0-1e0 (3/1.2/PHB) CPU/0-ffffffffffffff (2/1.2/PHB) NET/0-0 (0/5000.0/LOC) 
ip-10-231-1-43:56:56 [0] NCCL INFO ncclTopoGetCpuAffinity: Affinity for GPU 0 is empty, ignoring. (GPU affinity =  ; CPU affinity = 0-3).
ip-10-231-1-43:56:56 [0] NCCL INFO Pattern 4, crossNic 0, nChannels 1, bw 1.200000/1.200000, type LOC/PHB, sameChannels 1
ip-10-231-1-43:56:56 [0] NCCL INFO  0 : NET/0-0 GPU/0-1e0 NET/0-0
ip-10-231-1-43:56:56 [0] NCCL INFO Pattern 3, crossNic 0, nChannels 1, bw 2.400000/1.200000, type LOC/PHB, sameChannels 1
ip-10-231-1-43:56:56 [0] NCCL INFO  0 : NET/0-0 GPU/0-1e0 NET/0-0
ip-10-231-1-43:56:56 [0] NCCL INFO Could not get speed from /sys/class/net/ens5/speed. Defaulting to 10 Gbps.
ip-10-231-1-43:56:56 [0] NCCL INFO comm 0x631fb2cca650 rank 0 nRanks 2 nNodes 2 localRanks 1 localRank 0 MNNVL 0
ip-10-231-1-43:56:56 [0] NCCL INFO Tree 0 : -1 -> 0 -> 1/-1/-1
ip-10-231-1-43:56:56 [0] NCCL INFO Tree 1 : 1 -> 0 -> -1/-1/-1
ip-10-231-1-43:56:56 [0] NCCL INFO Channel 00/02 : 0 1
ip-10-231-1-43:56:56 [0] NCCL INFO Channel 01/02 : 0 1
ip-10-231-1-43:56:56 [0] NCCL INFO Ring 00 : 1 -> 0 -> 1
ip-10-231-1-43:56:56 [0] NCCL INFO Ring 01 : 1 -> 0 -> 1
ip-10-231-1-43:56:56 [0] NCCL INFO Trees [0] 1/-1/-1->0->-1 [1] -1/-1/-1->0->1
ip-10-231-1-43:56:56 [0] NCCL INFO P2P Chunksize set to 131072
ip-10-231-1-43:56:56 [0] NCCL INFO Check P2P Type isAllDirectP2p 1 directMode 0 isAllCudaP2p 1
ip-10-231-1-43:56:128 [0] NCCL INFO [Proxy Service] Device 0 CPU core 0
ip-10-231-1-43:56:129 [0] NCCL INFO [Proxy Service UDS] Device 0 CPU core 0
ip-10-231-1-43:56:56 [0] NCCL INFO ncclP2pSchedule: group size used is 1
ip-10-231-1-43:56:56 [0] NCCL INFO threadThresholds 8/8/64 | 16/8/64 | 512 | 512
ip-10-231-1-43:56:56 [0] NCCL INFO 2 coll channels, 2 collnet channels, 0 nvls channels, 2 p2p channels, 1 p2p channels per peer
ip-10-231-1-43:56:56 [0] NCCL INFO Symmetric VA size=24GB
ip-10-231-1-43:56:56 [0] NCCL INFO Symmetric memory is not supported. cuMemEnable 1, globalGinSupport 0, globalNicFused 0 cuMemGdrSupport 1
ip-10-231-1-43:56:56 [0] NCCL INFO CC Off, workFifoBytes 1048576
ip-10-231-1-43:56:56 [0] NCCL INFO ncclCommInitRankConfig comm 0x631fb2cca650 rank 0 nranks 2 cudaDev 0 nvmlDev 0 busId 1e0 commId 0x48ff46b343e1f13c - Init COMPLETE
ip-10-231-1-43:56:56 [0] NCCL INFO Init timings - ncclCommInitRankConfig: rank 0 nranks 2 total 1.48 (kernels 0.00, alloc 0.00, bootstrap 1.13, allgathers 0.34, topo 0.00, graphs 0.00, connections 0.00, rest 0.00)
ip-10-231-1-43:56:128 [0] NCCL INFO New proxy send connection 0 from local rank 0, transport 2
ip-10-231-1-43:56:130 [0] NCCL INFO [Proxy Progress] Device 0 CPU core 2
ip-10-231-1-43:56:56 [0] NCCL INFO Connected to proxy localRank 0 -> connection 0x70810c0164b0
ip-10-231-1-43:56:128 [0] NCCL INFO Could not get speed from /sys/class/net/ens5/speed. Defaulting to 10 Gbps.
ip-10-231-1-43:56:56 [0] NCCL INFO Channel 01/1 : 0[0] -> 1[0] [send] via NET/Socket/0/Shared
ip-10-231-1-43:56:128 [0] NCCL INFO New proxy recv connection 1 from local rank 0, transport 2
ip-10-231-1-43:56:56 [0] NCCL INFO Connected to proxy localRank 0 -> connection 0x70810c016538
ip-10-231-1-43:56:128 [0] NCCL INFO Could not get speed from /sys/class/net/ens5/speed. Defaulting to 10 Gbps.
ip-10-231-1-43:56:128 [0] NCCL INFO NET/Socket: Using 2 threads and 8 sockets per thread
ip-10-231-1-43:56:56 [0] NCCL INFO Channel 01/1 : 1[0] -> 0[0] [receive] via NET/Socket/0/Shared
ip-10-231-1-43:56:56 [0] NCCL INFO Initialized NET plugin Socket
ip-10-231-1-43:56:56 [0] NCCL INFO Could not get speed from /sys/class/net/ens5/speed. Defaulting to 10 Gbps.
ip-10-231-1-43:56:56 [0] NCCL INFO Assigned NET plugin Socket to comm
ip-10-231-1-43:56:56 [0] NCCL INFO Failed to initialize any GIN plugin
ip-10-231-1-43:56:56 [0] NCCL INFO Using network Socket
ip-10-231-1-43:56:56 [0] NCCL INFO [Rank 0] ncclCommInitRankConfig comm 0x631fb2f1f1f0 rank 0 nranks 2 cudaDev 0 nvmlDev 0 busId 1e0 commId 0x1fe98633b5945047 - Init START
ip-10-231-1-43:56:56 [0] NCCL INFO Topology detection : could not read /sys/devices/pci0000:00/0000:00:1e.0/../max_link_speed, ignoring
ip-10-231-1-43:56:56 [0] NCCL INFO Topology detection : could not read /sys/devices/pci0000:00/0000:00:1e.0/../max_link_width, ignoring
ip-10-231-1-43:56:56 [0] NCCL INFO Topology detection : could not read /sys/devices/system/node/node-1/cpumap, ignoring
ip-10-231-1-43:56:56 [0] NCCL INFO TOPO/NET : Importing network plugins to topology
ip-10-231-1-43:56:56 [0] NCCL INFO Could not get speed from /sys/class/net/ens5/speed. Defaulting to 10 Gbps.
ip-10-231-1-43:56:56 [0] NCCL INFO Topology detection : could not read /sys/devices/pci0000:00/0000:00:05.0/../max_link_speed, ignoring
ip-10-231-1-43:56:56 [0] NCCL INFO Topology detection : could not read /sys/devices/pci0000:00/0000:00:05.0/../max_link_width, ignoring
ip-10-231-1-43:56:56 [0] NCCL INFO Topology detection : could not read /sys/devices/system/node/node-1/cpumap, ignoring
ip-10-231-1-43:56:56 [0] NCCL INFO NET/Socket : GPU Direct RDMA Disabled for HCA 0 'ens5'
ip-10-231-1-43:56:56 [0] NCCL INFO ncclTopoPopulateNics : Filled ens5 in topo with pciPath=/sys/devices/pci0000:00/0000:00:05.0 net=1 gin=(null) keep=1 coll=(null)
ip-10-231-1-43:56:56 [0] NCCL INFO KV Convert to int : could not find value of 'Unknown' in dictionary, falling back to 60
ip-10-231-1-43:56:56 [0] NCCL INFO === System : maxBw 1.2 totalBw 24.0 ===
ip-10-231-1-43:56:56 [0] NCCL INFO CPU/0-ffffffffffffff (1/2/-1)
ip-10-231-1-43:56:56 [0] NCCL INFO + PCI[24.0] - GPU/0-1e0 (0)
ip-10-231-1-43:56:56 [0] NCCL INFO + PCI[12.0] - NIC/0-50
ip-10-231-1-43:56:56 [0] NCCL INFO               + NET[1.2] - NET/0-0 (0/0/0/1.250000)
ip-10-231-1-43:56:56 [0] NCCL INFO ==========================================
ip-10-231-1-43:56:56 [0] NCCL INFO GPU/0-1e0 :GPU/0-1e0 (0/5000.0/LOC) CPU/0-ffffffffffffff (1/24.0/PHB) NET/0-0 (3/1.2/PHB) 
ip-10-231-1-43:56:56 [0] NCCL INFO NET/0-0 :GPU/0-1e0 (3/1.2/PHB) CPU/0-ffffffffffffff (2/1.2/PHB) NET/0-0 (0/5000.0/LOC) 
ip-10-231-1-43:56:56 [0] NCCL INFO ncclTopoGetCpuAffinity: Affinity for GPU 0 is empty, ignoring. (GPU affinity =  ; CPU affinity = 0-3).
ip-10-231-1-43:56:56 [0] NCCL INFO Pattern 4, crossNic 0, nChannels 1, bw 1.200000/1.200000, type LOC/PHB, sameChannels 1
ip-10-231-1-43:56:56 [0] NCCL INFO  0 : NET/0-0 GPU/0-1e0 NET/0-0
ip-10-231-1-43:56:56 [0] NCCL INFO Pattern 3, crossNic 0, nChannels 1, bw 2.400000/1.200000, type LOC/PHB, sameChannels 1
ip-10-231-1-43:56:56 [0] NCCL INFO  0 : NET/0-0 GPU/0-1e0 NET/0-0
ip-10-231-1-43:56:56 [0] NCCL INFO Could not get speed from /sys/class/net/ens5/speed. Defaulting to 10 Gbps.
ip-10-231-1-43:56:56 [0] NCCL INFO comm 0x631fb2f1f1f0 rank 0 nRanks 2 nNodes 2 localRanks 1 localRank 0 MNNVL 0
ip-10-231-1-43:56:56 [0] NCCL INFO Tree 0 : -1 -> 0 -> 1/-1/-1
ip-10-231-1-43:56:56 [0] NCCL INFO Tree 1 : 1 -> 0 -> -1/-1/-1
ip-10-231-1-43:56:56 [0] NCCL INFO Channel 00/02 : 0 1
ip-10-231-1-43:56:56 [0] NCCL INFO Channel 01/02 : 0 1
ip-10-231-1-43:56:56 [0] NCCL INFO Ring 00 : 1 -> 0 -> 1
ip-10-231-1-43:56:56 [0] NCCL INFO Ring 01 : 1 -> 0 -> 1
ip-10-231-1-43:56:56 [0] NCCL INFO Trees [0] 1/-1/-1->0->-1 [1] -1/-1/-1->0->1
ip-10-231-1-43:56:56 [0] NCCL INFO P2P Chunksize set to 131072
ip-10-231-1-43:56:56 [0] NCCL INFO Check P2P Type isAllDirectP2p 1 directMode 0 isAllCudaP2p 1
ip-10-231-1-43:56:56 [0] NCCL INFO ncclP2pSchedule: group size used is 1
ip-10-231-1-43:56:136 [0] NCCL INFO [Proxy Service] Device 0 CPU core 3
ip-10-231-1-43:56:137 [0] NCCL INFO [Proxy Service UDS] Device 0 CPU core 3
ip-10-231-1-43:56:56 [0] NCCL INFO threadThresholds 8/8/64 | 16/8/64 | 512 | 512
ip-10-231-1-43:56:56 [0] NCCL INFO 2 coll channels, 2 collnet channels, 0 nvls channels, 2 p2p channels, 1 p2p channels per peer
ip-10-231-1-43:56:56 [0] NCCL INFO Symmetric VA size=24GB
ip-10-231-1-43:56:56 [0] NCCL INFO Symmetric memory is not supported. cuMemEnable 1, globalGinSupport 0, globalNicFused 0 cuMemGdrSupport 1
ip-10-231-1-43:56:56 [0] NCCL INFO CC Off, workFifoBytes 1048576
ip-10-231-1-43:56:56 [0] NCCL INFO ncclCommInitRankConfig comm 0x631fb2f1f1f0 rank 0 nranks 2 cudaDev 0 nvmlDev 0 busId 1e0 commId 0x1fe98633b5945047 - Init COMPLETE
ip-10-231-1-43:56:56 [0] NCCL INFO Init timings - ncclCommInitRankConfig: rank 0 nranks 2 total 1.22 (kernels 0.00, alloc 0.00, bootstrap 0.93, allgathers 0.28, topo 0.00, graphs 0.00, connections 0.00, rest 0.00)
ip-10-231-1-43:56:136 [0] NCCL INFO New proxy send connection 0 from local rank 0, transport 2
ip-10-231-1-43:56:138 [0] NCCL INFO [Proxy Progress] Device 0 CPU core 1
ip-10-231-1-43:56:56 [0] NCCL INFO Connected to proxy localRank 0 -> connection 0x70812c009560
ip-10-231-1-43:56:136 [0] NCCL INFO Could not get speed from /sys/class/net/ens5/speed. Defaulting to 10 Gbps.
ip-10-231-1-43:56:56 [0] NCCL INFO Channel 01/1 : 0[0] -> 1[0] [send] via NET/Socket/0/Shared
ip-10-231-1-43:56:136 [0] NCCL INFO New proxy recv connection 1 from local rank 0, transport 2
ip-10-231-1-43:56:56 [0] NCCL INFO Connected to proxy localRank 0 -> connection 0x70812c0095e8
ip-10-231-1-43:56:136 [0] NCCL INFO Could not get speed from /sys/class/net/ens5/speed. Defaulting to 10 Gbps.
ip-10-231-1-43:56:136 [0] NCCL INFO NET/Socket: Using 2 threads and 8 sockets per thread
ip-10-231-1-43:56:56 [0] NCCL INFO Channel 01/1 : 1[0] -> 0[0] [receive] via NET/Socket/0/Shared
ip-10-231-1-43:56:56 [0] NCCL INFO Initialized NET plugin Socket
ip-10-231-1-43:56:56 [0] NCCL INFO Could not get speed from /sys/class/net/ens5/speed. Defaulting to 10 Gbps.
ip-10-231-1-43:56:56 [0] NCCL INFO Assigned NET plugin Socket to comm
ip-10-231-1-43:56:56 [0] NCCL INFO Failed to initialize any GIN plugin
ip-10-231-1-43:56:56 [0] NCCL INFO Using network Socket
ip-10-231-1-43:56:56 [0] NCCL INFO [Rank 0] ncclCommInitRankConfig comm 0x631fb3143ff0 rank 0 nranks 2 cudaDev 0 nvmlDev 0 busId 1e0 commId 0x8883bf1f0691f14c - Init START
ip-10-231-1-43:56:56 [0] NCCL INFO Topology detection : could not read /sys/devices/pci0000:00/0000:00:1e.0/../max_link_speed, ignoring
ip-10-231-1-43:56:56 [0] NCCL INFO Topology detection : could not read /sys/devices/pci0000:00/0000:00:1e.0/../max_link_width, ignoring
ip-10-231-1-43:56:56 [0] NCCL INFO Topology detection : could not read /sys/devices/system/node/node-1/cpumap, ignoring
ip-10-231-1-43:56:56 [0] NCCL INFO TOPO/NET : Importing network plugins to topology
ip-10-231-1-43:56:56 [0] NCCL INFO Could not get speed from /sys/class/net/ens5/speed. Defaulting to 10 Gbps.
ip-10-231-1-43:56:56 [0] NCCL INFO Topology detection : could not read /sys/devices/pci0000:00/0000:00:05.0/../max_link_speed, ignoring
ip-10-231-1-43:56:56 [0] NCCL INFO Topology detection : could not read /sys/devices/pci0000:00/0000:00:05.0/../max_link_width, ignoring
ip-10-231-1-43:56:56 [0] NCCL INFO Topology detection : could not read /sys/devices/system/node/node-1/cpumap, ignoring
ip-10-231-1-43:56:56 [0] NCCL INFO NET/Socket : GPU Direct RDMA Disabled for HCA 0 'ens5'
ip-10-231-1-43:56:56 [0] NCCL INFO ncclTopoPopulateNics : Filled ens5 in topo with pciPath=/sys/devices/pci0000:00/0000:00:05.0 net=1 gin=(null) keep=1 coll=(null)
ip-10-231-1-43:56:56 [0] NCCL INFO KV Convert to int : could not find value of 'Unknown' in dictionary, falling back to 60
ip-10-231-1-43:56:56 [0] NCCL INFO === System : maxBw 1.2 totalBw 24.0 ===
ip-10-231-1-43:56:56 [0] NCCL INFO CPU/0-ffffffffffffff (1/2/-1)
ip-10-231-1-43:56:56 [0] NCCL INFO + PCI[24.0] - GPU/0-1e0 (0)
ip-10-231-1-43:56:56 [0] NCCL INFO + PCI[12.0] - NIC/0-50
ip-10-231-1-43:56:56 [0] NCCL INFO               + NET[1.2] - NET/0-0 (0/0/0/1.250000)
ip-10-231-1-43:56:56 [0] NCCL INFO ==========================================
ip-10-231-1-43:56:56 [0] NCCL INFO GPU/0-1e0 :GPU/0-1e0 (0/5000.0/LOC) CPU/0-ffffffffffffff (1/24.0/PHB) NET/0-0 (3/1.2/PHB) 
ip-10-231-1-43:56:56 [0] NCCL INFO NET/0-0 :GPU/0-1e0 (3/1.2/PHB) CPU/0-ffffffffffffff (2/1.2/PHB) NET/0-0 (0/5000.0/LOC) 
ip-10-231-1-43:56:56 [0] NCCL INFO ncclTopoGetCpuAffinity: Affinity for GPU 0 is empty, ignoring. (GPU affinity =  ; CPU affinity = 0-3).
ip-10-231-1-43:56:56 [0] NCCL INFO Pattern 4, crossNic 0, nChannels 1, bw 1.200000/1.200000, type LOC/PHB, sameChannels 1
ip-10-231-1-43:56:56 [0] NCCL INFO  0 : NET/0-0 GPU/0-1e0 NET/0-0
ip-10-231-1-43:56:56 [0] NCCL INFO Pattern 3, crossNic 0, nChannels 1, bw 2.400000/1.200000, type LOC/PHB, sameChannels 1
ip-10-231-1-43:56:56 [0] NCCL INFO  0 : NET/0-0 GPU/0-1e0 NET/0-0
ip-10-231-1-43:56:56 [0] NCCL INFO Could not get speed from /sys/class/net/ens5/speed. Defaulting to 10 Gbps.
ip-10-231-1-43:56:56 [0] NCCL INFO comm 0x631fb3143ff0 rank 0 nRanks 2 nNodes 2 localRanks 1 localRank 0 MNNVL 0
ip-10-231-1-43:56:56 [0] NCCL INFO Tree 0 : -1 -> 0 -> 1/-1/-1
ip-10-231-1-43:56:56 [0] NCCL INFO Tree 1 : 1 -> 0 -> -1/-1/-1
ip-10-231-1-43:56:56 [0] NCCL INFO Channel 00/02 : 0 1
ip-10-231-1-43:56:56 [0] NCCL INFO Channel 01/02 : 0 1
ip-10-231-1-43:56:56 [0] NCCL INFO Ring 00 : 1 -> 0 -> 1
ip-10-231-1-43:56:56 [0] NCCL INFO Ring 01 : 1 -> 0 -> 1
ip-10-231-1-43:56:56 [0] NCCL INFO Trees [0] 1/-1/-1->0->-1 [1] -1/-1/-1->0->1
ip-10-231-1-43:56:56 [0] NCCL INFO P2P Chunksize set to 131072
ip-10-231-1-43:56:56 [0] NCCL INFO Check P2P Type isAllDirectP2p 1 directMode 0 isAllCudaP2p 1
ip-10-231-1-43:56:144 [0] NCCL INFO [Proxy Service] Device 0 CPU core 3
ip-10-231-1-43:56:56 [0] NCCL INFO ncclP2pSchedule: group size used is 1
ip-10-231-1-43:56:145 [0] NCCL INFO [Proxy Service UDS] Device 0 CPU core 2
ip-10-231-1-43:56:56 [0] NCCL INFO threadThresholds 8/8/64 | 16/8/64 | 512 | 512
ip-10-231-1-43:56:56 [0] NCCL INFO 2 coll channels, 2 collnet channels, 0 nvls channels, 2 p2p channels, 1 p2p channels per peer
ip-10-231-1-43:56:56 [0] NCCL INFO Symmetric VA size=24GB
ip-10-231-1-43:56:56 [0] NCCL INFO Symmetric memory is not supported. cuMemEnable 1, globalGinSupport 0, globalNicFused 0 cuMemGdrSupport 1
ip-10-231-1-43:56:56 [0] NCCL INFO CC Off, workFifoBytes 1048576
ip-10-231-1-43:56:56 [0] NCCL INFO ncclCommInitRankConfig comm 0x631fb3143ff0 rank 0 nranks 2 cudaDev 0 nvmlDev 0 busId 1e0 commId 0x8883bf1f0691f14c - Init COMPLETE
ip-10-231-1-43:56:56 [0] NCCL INFO Init timings - ncclCommInitRankConfig: rank 0 nranks 2 total 0.15 (kernels 0.00, alloc 0.00, bootstrap 0.15, allgathers 0.00, topo 0.01, graphs 0.00, connections 0.00, rest 0.00)
ip-10-231-1-43:56:144 [0] NCCL INFO New proxy send connection 0 from local rank 0, transport 2
ip-10-231-1-43:56:146 [0] NCCL INFO [Proxy Progress] Device 0 CPU core 1
ip-10-231-1-43:56:56 [0] NCCL INFO Connected to proxy localRank 0 -> connection 0x70815c057660
ip-10-231-1-43:56:144 [0] NCCL INFO Could not get speed from /sys/class/net/ens5/speed. Defaulting to 10 Gbps.
ip-10-231-1-43:56:56 [0] NCCL INFO Channel 01/1 : 0[0] -> 1[0] [send] via NET/Socket/0/Shared
ip-10-231-1-43:56:144 [0] NCCL INFO New proxy recv connection 1 from local rank 0, transport 2
ip-10-231-1-43:56:56 [0] NCCL INFO Connected to proxy localRank 0 -> connection 0x70815c0576e8
ip-10-231-1-43:56:144 [0] NCCL INFO Could not get speed from /sys/class/net/ens5/speed. Defaulting to 10 Gbps.
ip-10-231-1-43:56:144 [0] NCCL INFO NET/Socket: Using 2 threads and 8 sockets per thread
ip-10-231-1-43:56:56 [0] NCCL INFO Channel 01/1 : 1[0] -> 0[0] [receive] via NET/Socket/0/Shared
ip-10-231-1-43:56:56 [0] NCCL INFO Initialized NET plugin Socket
ip-10-231-1-43:56:56 [0] NCCL INFO Could not get speed from /sys/class/net/ens5/speed. Defaulting to 10 Gbps.
ip-10-231-1-43:56:56 [0] NCCL INFO Assigned NET plugin Socket to comm
ip-10-231-1-43:56:56 [0] NCCL INFO Failed to initialize any GIN plugin
ip-10-231-1-43:56:56 [0] NCCL INFO Using network Socket
ip-10-231-1-43:56:56 [0] NCCL INFO [Rank 1] ncclCommInitRankConfig comm 0x631fb332ec90 rank 1 nranks 2 cudaDev 0 nvmlDev 0 busId 1e0 commId 0x775c1298387fa21f - Init START
ip-10-231-1-43:56:56 [0] NCCL INFO Topology detection : could not read /sys/devices/pci0000:00/0000:00:1e.0/../max_link_speed, ignoring
ip-10-231-1-43:56:56 [0] NCCL INFO Topology detection : could not read /sys/devices/pci0000:00/0000:00:1e.0/../max_link_width, ignoring
ip-10-231-1-43:56:56 [0] NCCL INFO Topology detection : could not read /sys/devices/system/node/node-1/cpumap, ignoring
ip-10-231-1-43:56:56 [0] NCCL INFO TOPO/NET : Importing network plugins to topology
ip-10-231-1-43:56:56 [0] NCCL INFO Could not get speed from /sys/class/net/ens5/speed. Defaulting to 10 Gbps.
ip-10-231-1-43:56:56 [0] NCCL INFO Topology detection : could not read /sys/devices/pci0000:00/0000:00:05.0/../max_link_speed, ignoring
ip-10-231-1-43:56:56 [0] NCCL INFO Topology detection : could not read /sys/devices/pci0000:00/0000:00:05.0/../max_link_width, ignoring
ip-10-231-1-43:56:56 [0] NCCL INFO Topology detection : could not read /sys/devices/system/node/node-1/cpumap, ignoring
ip-10-231-1-43:56:56 [0] NCCL INFO NET/Socket : GPU Direct RDMA Disabled for HCA 0 'ens5'
ip-10-231-1-43:56:56 [0] NCCL INFO ncclTopoPopulateNics : Filled ens5 in topo with pciPath=/sys/devices/pci0000:00/0000:00:05.0 net=1 gin=(null) keep=1 coll=(null)
ip-10-231-1-43:56:56 [0] NCCL INFO KV Convert to int : could not find value of 'Unknown' in dictionary, falling back to 60
ip-10-231-1-43:56:56 [0] NCCL INFO === System : maxBw 1.2 totalBw 24.0 ===
ip-10-231-1-43:56:56 [0] NCCL INFO CPU/0-ffffffffffffff (1/2/-1)
ip-10-231-1-43:56:56 [0] NCCL INFO + PCI[24.0] - GPU/0-1e0 (1)
ip-10-231-1-43:56:56 [0] NCCL INFO + PCI[12.0] - NIC/0-50
ip-10-231-1-43:56:56 [0] NCCL INFO               + NET[1.2] - NET/0-0 (0/0/0/1.250000)
ip-10-231-1-43:56:56 [0] NCCL INFO ==========================================
ip-10-231-1-43:56:56 [0] NCCL INFO GPU/0-1e0 :GPU/0-1e0 (0/5000.0/LOC) CPU/0-ffffffffffffff (1/24.0/PHB) NET/0-0 (3/1.2/PHB) 
ip-10-231-1-43:56:56 [0] NCCL INFO NET/0-0 :GPU/0-1e0 (3/1.2/PHB) CPU/0-ffffffffffffff (2/1.2/PHB) NET/0-0 (0/5000.0/LOC) 
ip-10-231-1-43:56:56 [0] NCCL INFO ncclTopoGetCpuAffinity: Affinity for GPU 0 is empty, ignoring. (GPU affinity =  ; CPU affinity = 0-3).
ip-10-231-1-43:56:56 [0] NCCL INFO Pattern 4, crossNic 0, nChannels 1, bw 1.200000/1.200000, type LOC/PHB, sameChannels 1
ip-10-231-1-43:56:56 [0] NCCL INFO  0 : NET/0-0 GPU/0-1e0 NET/0-0
ip-10-231-1-43:56:56 [0] NCCL INFO Pattern 3, crossNic 0, nChannels 1, bw 2.400000/1.200000, type LOC/PHB, sameChannels 1
ip-10-231-1-43:56:56 [0] NCCL INFO  0 : NET/0-0 GPU/0-1e0 NET/0-0
ip-10-231-1-43:56:56 [0] NCCL INFO Could not get speed from /sys/class/net/ens5/speed. Defaulting to 10 Gbps.
ip-10-231-1-43:56:56 [0] NCCL INFO comm 0x631fb332ec90 rank 1 nRanks 2 nNodes 2 localRanks 1 localRank 0 MNNVL 0
ip-10-231-1-43:56:56 [0] NCCL INFO Tree 0 : 0 -> 1 -> -1/-1/-1
ip-10-231-1-43:56:56 [0] NCCL INFO Tree 1 : -1 -> 1 -> 0/-1/-1
ip-10-231-1-43:56:56 [0] NCCL INFO Ring 00 : 0 -> 1 -> 0
ip-10-231-1-43:56:56 [0] NCCL INFO Ring 01 : 0 -> 1 -> 0
ip-10-231-1-43:56:56 [0] NCCL INFO Trees [0] -1/-1/-1->1->0 [1] 0/-1/-1->1->-1
ip-10-231-1-43:56:56 [0] NCCL INFO P2P Chunksize set to 131072
ip-10-231-1-43:56:56 [0] NCCL INFO Check P2P Type isAllDirectP2p 1 directMode 0 isAllCudaP2p 1
ip-10-231-1-43:56:151 [0] NCCL INFO [Proxy Service] Device 0 CPU core 3
ip-10-231-1-43:56:56 [0] NCCL INFO ncclP2pSchedule: group size used is 1
ip-10-231-1-43:56:152 [0] NCCL INFO [Proxy Service UDS] Device 0 CPU core 3
ip-10-231-1-43:56:56 [0] NCCL INFO threadThresholds 8/8/64 | 16/8/64 | 512 | 512
ip-10-231-1-43:56:56 [0] NCCL INFO 2 coll channels, 2 collnet channels, 0 nvls channels, 2 p2p channels, 1 p2p channels per peer
ip-10-231-1-43:56:56 [0] NCCL INFO Symmetric VA size=24GB
ip-10-231-1-43:56:56 [0] NCCL INFO Symmetric memory is not supported. cuMemEnable 1, globalGinSupport 0, globalNicFused 0 cuMemGdrSupport 1
ip-10-231-1-43:56:56 [0] NCCL INFO ncclCommInitRankConfig comm 0x631fb332ec90 rank 1 nranks 2 cudaDev 0 nvmlDev 0 busId 1e0 commId 0x775c1298387fa21f - Init COMPLETE
ip-10-231-1-43:56:56 [0] NCCL INFO Init timings - ncclCommInitRankConfig: rank 1 nranks 2 total 0.48 (kernels 0.00, alloc 0.00, bootstrap 0.34, allgathers 0.14, topo 0.00, graphs 0.00, connections 0.00, rest 0.00)
ip-10-231-1-43:56:151 [0] NCCL INFO New proxy recv connection 0 from local rank 0, transport 2
ip-10-231-1-43:56:153 [0] NCCL INFO [Proxy Progress] Device 0 CPU core 1
ip-10-231-1-43:56:56 [0] NCCL INFO Connected to proxy localRank 0 -> connection 0x708190020f80
ip-10-231-1-43:56:151 [0] NCCL INFO Could not get speed from /sys/class/net/ens5/speed. Defaulting to 10 Gbps.
ip-10-231-1-43:56:151 [0] NCCL INFO NET/Socket: Using 2 threads and 8 sockets per thread
ip-10-231-1-43:56:56 [0] NCCL INFO Channel 01/1 : 0[0] -> 1[0] [receive] via NET/Socket/0/Shared
ip-10-231-1-43:56:151 [0] NCCL INFO New proxy send connection 1 from local rank 0, transport 2
ip-10-231-1-43:56:56 [0] NCCL INFO Connected to proxy localRank 0 -> connection 0x708190021008
ip-10-231-1-43:56:151 [0] NCCL INFO Could not get speed from /sys/class/net/ens5/speed. Defaulting to 10 Gbps.
ip-10-231-1-43:56:56 [0] NCCL INFO Channel 01/1 : 1[0] -> 0[0] [send] via NET/Socket/0/Shared
ip-10-231-1-43:56:56 [0] NCCL INFO Initialized NET plugin Socket
ip-10-231-1-43:56:56 [0] NCCL INFO Could not get speed from /sys/class/net/ens5/speed. Defaulting to 10 Gbps.
ip-10-231-1-43:56:56 [0] NCCL INFO Assigned NET plugin Socket to comm
ip-10-231-1-43:56:56 [0] NCCL INFO Failed to initialize any GIN plugin
ip-10-231-1-43:56:56 [0] NCCL INFO Using network Socket
ip-10-231-1-43:56:56 [0] NCCL INFO [Rank 0] ncclCommInitRankConfig comm 0x631fbc0ab140 rank 0 nranks 2 cudaDev 0 nvmlDev 0 busId 1e0 commId 0x5f9e738a0636f43c - Init START
ip-10-231-1-43:56:56 [0] NCCL INFO Topology detection : could not read /sys/devices/pci0000:00/0000:00:1e.0/../max_link_speed, ignoring
ip-10-231-1-43:56:56 [0] NCCL INFO Topology detection : could not read /sys/devices/pci0000:00/0000:00:1e.0/../max_link_width, ignoring
ip-10-231-1-43:56:56 [0] NCCL INFO Topology detection : could not read /sys/devices/system/node/node-1/cpumap, ignoring
ip-10-231-1-43:56:56 [0] NCCL INFO TOPO/NET : Importing network plugins to topology
ip-10-231-1-43:56:56 [0] NCCL INFO Could not get speed from /sys/class/net/ens5/speed. Defaulting to 10 Gbps.
ip-10-231-1-43:56:56 [0] NCCL INFO Topology detection : could not read /sys/devices/pci0000:00/0000:00:05.0/../max_link_speed, ignoring
ip-10-231-1-43:56:56 [0] NCCL INFO Topology detection : could not read /sys/devices/pci0000:00/0000:00:05.0/../max_link_width, ignoring
ip-10-231-1-43:56:56 [0] NCCL INFO Topology detection : could not read /sys/devices/system/node/node-1/cpumap, ignoring
ip-10-231-1-43:56:56 [0] NCCL INFO NET/Socket : GPU Direct RDMA Disabled for HCA 0 'ens5'
ip-10-231-1-43:56:56 [0] NCCL INFO ncclTopoPopulateNics : Filled ens5 in topo with pciPath=/sys/devices/pci0000:00/0000:00:05.0 net=1 gin=(null) keep=1 coll=(null)
ip-10-231-1-43:56:56 [0] NCCL INFO KV Convert to int : could not find value of 'Unknown' in dictionary, falling back to 60
ip-10-231-1-43:56:56 [0] NCCL INFO === System : maxBw 1.2 totalBw 24.0 ===
ip-10-231-1-43:56:56 [0] NCCL INFO CPU/0-ffffffffffffff (1/2/-1)
ip-10-231-1-43:56:56 [0] NCCL INFO + PCI[24.0] - GPU/0-1e0 (0)
ip-10-231-1-43:56:56 [0] NCCL INFO + PCI[12.0] - NIC/0-50
ip-10-231-1-43:56:56 [0] NCCL INFO               + NET[1.2] - NET/0-0 (0/0/0/1.250000)
ip-10-231-1-43:56:56 [0] NCCL INFO ==========================================
ip-10-231-1-43:56:56 [0] NCCL INFO GPU/0-1e0 :GPU/0-1e0 (0/5000.0/LOC) CPU/0-ffffffffffffff (1/24.0/PHB) NET/0-0 (3/1.2/PHB) 
ip-10-231-1-43:56:56 [0] NCCL INFO NET/0-0 :GPU/0-1e0 (3/1.2/PHB) CPU/0-ffffffffffffff (2/1.2/PHB) NET/0-0 (0/5000.0/LOC) 
ip-10-231-1-43:56:56 [0] NCCL INFO ncclTopoGetCpuAffinity: Affinity for GPU 0 is empty, ignoring. (GPU affinity =  ; CPU affinity = 0-3).
ip-10-231-1-43:56:56 [0] NCCL INFO Pattern 4, crossNic 0, nChannels 1, bw 1.200000/1.200000, type LOC/PHB, sameChannels 1
ip-10-231-1-43:56:56 [0] NCCL INFO  0 : NET/0-0 GPU/0-1e0 NET/0-0
ip-10-231-1-43:56:56 [0] NCCL INFO Pattern 3, crossNic 0, nChannels 1, bw 2.400000/1.200000, type LOC/PHB, sameChannels 1
ip-10-231-1-43:56:56 [0] NCCL INFO  0 : NET/0-0 GPU/0-1e0 NET/0-0
ip-10-231-1-43:56:56 [0] NCCL INFO Could not get speed from /sys/class/net/ens5/speed. Defaulting to 10 Gbps.
ip-10-231-1-43:56:56 [0] NCCL INFO comm 0x631fbc0ab140 rank 0 nRanks 2 nNodes 2 localRanks 1 localRank 0 MNNVL 0
ip-10-231-1-43:56:56 [0] NCCL INFO Tree 0 : -1 -> 0 -> 1/-1/-1
ip-10-231-1-43:56:56 [0] NCCL INFO Tree 1 : 1 -> 0 -> -1/-1/-1
ip-10-231-1-43:56:56 [0] NCCL INFO Channel 00/02 : 0 1
ip-10-231-1-43:56:56 [0] NCCL INFO Channel 01/02 : 0 1
ip-10-231-1-43:56:56 [0] NCCL INFO Ring 00 : 1 -> 0 -> 1
ip-10-231-1-43:56:56 [0] NCCL INFO Ring 01 : 1 -> 0 -> 1
ip-10-231-1-43:56:56 [0] NCCL INFO Trees [0] 1/-1/-1->0->-1 [1] -1/-1/-1->0->1
ip-10-231-1-43:56:56 [0] NCCL INFO P2P Chunksize set to 131072
ip-10-231-1-43:56:56 [0] NCCL INFO Check P2P Type isAllDirectP2p 1 directMode 0 isAllCudaP2p 1
ip-10-231-1-43:56:159 [0] NCCL INFO [Proxy Service] Device 0 CPU core 3
ip-10-231-1-43:56:56 [0] NCCL INFO ncclP2pSchedule: group size used is 1
ip-10-231-1-43:56:160 [0] NCCL INFO [Proxy Service UDS] Device 0 CPU core 3
ip-10-231-1-43:56:56 [0] NCCL INFO threadThresholds 8/8/64 | 16/8/64 | 512 | 512
ip-10-231-1-43:56:56 [0] NCCL INFO 2 coll channels, 2 collnet channels, 0 nvls channels, 2 p2p channels, 1 p2p channels per peer
ip-10-231-1-43:56:56 [0] NCCL INFO Symmetric VA size=24GB
ip-10-231-1-43:56:56 [0] NCCL INFO Symmetric memory is not supported. cuMemEnable 1, globalGinSupport 0, globalNicFused 0 cuMemGdrSupport 1
ip-10-231-1-43:56:56 [0] NCCL INFO CC Off, workFifoBytes 1048576
ip-10-231-1-43:56:56 [0] NCCL INFO ncclCommInitRankConfig comm 0x631fbc0ab140 rank 0 nranks 2 cudaDev 0 nvmlDev 0 busId 1e0 commId 0x5f9e738a0636f43c - Init COMPLETE
ip-10-231-1-43:56:56 [0] NCCL INFO Init timings - ncclCommInitRankConfig: rank 0 nranks 2 total 1.17 (kernels 0.00, alloc 0.00, bootstrap 0.89, allgathers 0.27, topo 0.00, graphs 0.00, connections 0.00, rest 0.00)
ip-10-231-1-43:56:159 [0] NCCL INFO New proxy send connection 0 from local rank 0, transport 2
ip-10-231-1-43:56:161 [0] NCCL INFO [Proxy Progress] Device 0 CPU core 1
ip-10-231-1-43:56:56 [0] NCCL INFO Connected to proxy localRank 0 -> connection 0x708228021700
ip-10-231-1-43:56:159 [0] NCCL INFO Could not get speed from /sys/class/net/ens5/speed. Defaulting to 10 Gbps.
ip-10-231-1-43:56:56 [0] NCCL INFO Channel 01/1 : 0[0] -> 1[0] [send] via NET/Socket/0/Shared
ip-10-231-1-43:56:159 [0] NCCL INFO New proxy recv connection 1 from local rank 0, transport 2
ip-10-231-1-43:56:56 [0] NCCL INFO Connected to proxy localRank 0 -> connection 0x708228021788
ip-10-231-1-43:56:159 [0] NCCL INFO Could not get speed from /sys/class/net/ens5/speed. Defaulting to 10 Gbps.
ip-10-231-1-43:56:159 [0] NCCL INFO NET/Socket: Using 2 threads and 8 sockets per thread
ip-10-231-1-43:56:56 [0] NCCL INFO Channel 01/1 : 1[0] -> 0[0] [receive] via NET/Socket/0/Shared
ip-10-231-1-43:56:56 [0] NCCL INFO Initialized NET plugin Socket
ip-10-231-1-43:56:56 [0] NCCL INFO Could not get speed from /sys/class/net/ens5/speed. Defaulting to 10 Gbps.
ip-10-231-1-43:56:56 [0] NCCL INFO Assigned NET plugin Socket to comm
ip-10-231-1-43:56:56 [0] NCCL INFO Failed to initialize any GIN plugin
ip-10-231-1-43:56:56 [0] NCCL INFO Using network Socket
ip-10-231-1-43:56:56 [0] NCCL INFO [Rank 0] ncclCommInitRankConfig comm 0x631fbc2cee80 rank 0 nranks 2 cudaDev 0 nvmlDev 0 busId 1e0 commId 0x5ae91428ea88dcf - Init START
ip-10-231-1-43:56:56 [0] NCCL INFO Topology detection : could not read /sys/devices/pci0000:00/0000:00:1e.0/../max_link_speed, ignoring
ip-10-231-1-43:56:56 [0] NCCL INFO Topology detection : could not read /sys/devices/pci0000:00/0000:00:1e.0/../max_link_width, ignoring
ip-10-231-1-43:56:56 [0] NCCL INFO Topology detection : could not read /sys/devices/system/node/node-1/cpumap, ignoring
ip-10-231-1-43:56:56 [0] NCCL INFO TOPO/NET : Importing network plugins to topology
ip-10-231-1-43:56:56 [0] NCCL INFO Could not get speed from /sys/class/net/ens5/speed. Defaulting to 10 Gbps.
ip-10-231-1-43:56:56 [0] NCCL INFO Topology detection : could not read /sys/devices/pci0000:00/0000:00:05.0/../max_link_speed, ignoring
ip-10-231-1-43:56:56 [0] NCCL INFO Topology detection : could not read /sys/devices/pci0000:00/0000:00:05.0/../max_link_width, ignoring
ip-10-231-1-43:56:56 [0] NCCL INFO Topology detection : could not read /sys/devices/system/node/node-1/cpumap, ignoring
ip-10-231-1-43:56:56 [0] NCCL INFO NET/Socket : GPU Direct RDMA Disabled for HCA 0 'ens5'
ip-10-231-1-43:56:56 [0] NCCL INFO ncclTopoPopulateNics : Filled ens5 in topo with pciPath=/sys/devices/pci0000:00/0000:00:05.0 net=1 gin=(null) keep=1 coll=(null)
ip-10-231-1-43:56:56 [0] NCCL INFO KV Convert to int : could not find value of 'Unknown' in dictionary, falling back to 60
ip-10-231-1-43:56:56 [0] NCCL INFO === System : maxBw 1.2 totalBw 24.0 ===
ip-10-231-1-43:56:56 [0] NCCL INFO CPU/0-ffffffffffffff (1/2/-1)
ip-10-231-1-43:56:56 [0] NCCL INFO + PCI[24.0] - GPU/0-1e0 (0)
ip-10-231-1-43:56:56 [0] NCCL INFO + PCI[12.0] - NIC/0-50
ip-10-231-1-43:56:56 [0] NCCL INFO               + NET[1.2] - NET/0-0 (0/0/0/1.250000)
ip-10-231-1-43:56:56 [0] NCCL INFO ==========================================
ip-10-231-1-43:56:56 [0] NCCL INFO GPU/0-1e0 :GPU/0-1e0 (0/5000.0/LOC) CPU/0-ffffffffffffff (1/24.0/PHB) NET/0-0 (3/1.2/PHB) 
ip-10-231-1-43:56:56 [0] NCCL INFO NET/0-0 :GPU/0-1e0 (3/1.2/PHB) CPU/0-ffffffffffffff (2/1.2/PHB) NET/0-0 (0/5000.0/LOC) 
ip-10-231-1-43:56:56 [0] NCCL INFO ncclTopoGetCpuAffinity: Affinity for GPU 0 is empty, ignoring. (GPU affinity =  ; CPU affinity = 0-3).
ip-10-231-1-43:56:56 [0] NCCL INFO Pattern 4, crossNic 0, nChannels 1, bw 1.200000/1.200000, type LOC/PHB, sameChannels 1
ip-10-231-1-43:56:56 [0] NCCL INFO  0 : NET/0-0 GPU/0-1e0 NET/0-0
ip-10-231-1-43:56:56 [0] NCCL INFO Pattern 3, crossNic 0, nChannels 1, bw 2.400000/1.200000, type LOC/PHB, sameChannels 1
ip-10-231-1-43:56:56 [0] NCCL INFO  0 : NET/0-0 GPU/0-1e0 NET/0-0
ip-10-231-1-43:56:56 [0] NCCL INFO Could not get speed from /sys/class/net/ens5/speed. Defaulting to 10 Gbps.
ip-10-231-1-43:56:56 [0] NCCL INFO comm 0x631fbc2cee80 rank 0 nRanks 2 nNodes 2 localRanks 1 localRank 0 MNNVL 0
ip-10-231-1-43:56:56 [0] NCCL INFO Tree 0 : -1 -> 0 -> 1/-1/-1
ip-10-231-1-43:56:56 [0] NCCL INFO Tree 1 : 1 -> 0 -> -1/-1/-1
ip-10-231-1-43:56:56 [0] NCCL INFO Channel 00/02 : 0 1
ip-10-231-1-43:56:56 [0] NCCL INFO Channel 01/02 : 0 1
ip-10-231-1-43:56:56 [0] NCCL INFO Ring 00 : 1 -> 0 -> 1
ip-10-231-1-43:56:56 [0] NCCL INFO Ring 01 : 1 -> 0 -> 1
ip-10-231-1-43:56:56 [0] NCCL INFO Trees [0] 1/-1/-1->0->-1 [1] -1/-1/-1->0->1
ip-10-231-1-43:56:56 [0] NCCL INFO P2P Chunksize set to 131072
ip-10-231-1-43:56:56 [0] NCCL INFO Check P2P Type isAllDirectP2p 1 directMode 0 isAllCudaP2p 1
ip-10-231-1-43:56:56 [0] NCCL INFO ncclP2pSchedule: group size used is 1
ip-10-231-1-43:56:167 [0] NCCL INFO [Proxy Service] Device 0 CPU core 3
ip-10-231-1-43:56:168 [0] NCCL INFO [Proxy Service UDS] Device 0 CPU core 3
ip-10-231-1-43:56:56 [0] NCCL INFO threadThresholds 8/8/64 | 16/8/64 | 512 | 512
ip-10-231-1-43:56:56 [0] NCCL INFO 2 coll channels, 2 collnet channels, 0 nvls channels, 2 p2p channels, 1 p2p channels per peer
ip-10-231-1-43:56:56 [0] NCCL INFO Symmetric VA size=24GB
ip-10-231-1-43:56:56 [0] NCCL INFO Symmetric memory is not supported. cuMemEnable 1, globalGinSupport 0, globalNicFused 0 cuMemGdrSupport 1
ip-10-231-1-43:56:56 [0] NCCL INFO CC Off, workFifoBytes 1048576
ip-10-231-1-43:56:56 [0] NCCL INFO ncclCommInitRankConfig comm 0x631fbc2cee80 rank 0 nranks 2 cudaDev 0 nvmlDev 0 busId 1e0 commId 0x5ae91428ea88dcf - Init COMPLETE
ip-10-231-1-43:56:56 [0] NCCL INFO Init timings - ncclCommInitRankConfig: rank 0 nranks 2 total 1.36 (kernels 0.00, alloc 0.00, bootstrap 1.06, allgathers 0.30, topo 0.00, graphs 0.00, connections 0.00, rest 0.00)
ip-10-231-1-43:56:167 [0] NCCL INFO New proxy send connection 0 from local rank 0, transport 2
ip-10-231-1-43:56:169 [0] NCCL INFO [Proxy Progress] Device 0 CPU core 1
ip-10-231-1-43:56:56 [0] NCCL INFO Connected to proxy localRank 0 -> connection 0x70823801d640
ip-10-231-1-43:56:167 [0] NCCL INFO Could not get speed from /sys/class/net/ens5/speed. Defaulting to 10 Gbps.
ip-10-231-1-43:56:56 [0] NCCL INFO Channel 01/1 : 0[0] -> 1[0] [send] via NET/Socket/0/Shared
ip-10-231-1-43:56:167 [0] NCCL INFO New proxy recv connection 1 from local rank 0, transport 2
ip-10-231-1-43:56:56 [0] NCCL INFO Connected to proxy localRank 0 -> connection 0x70823801d6c8
ip-10-231-1-43:56:167 [0] NCCL INFO Could not get speed from /sys/class/net/ens5/speed. Defaulting to 10 Gbps.
ip-10-231-1-43:56:167 [0] NCCL INFO NET/Socket: Using 2 threads and 8 sockets per thread
ip-10-231-1-43:56:56 [0] NCCL INFO Channel 01/1 : 1[0] -> 0[0] [receive] via NET/Socket/0/Shared
ip-10-231-1-43:56:56 [0] NCCL INFO Initialized NET plugin Socket
ip-10-231-1-43:56:56 [0] NCCL INFO Could not get speed from /sys/class/net/ens5/speed. Defaulting to 10 Gbps.
ip-10-231-1-43:56:56 [0] NCCL INFO Assigned NET plugin Socket to comm
ip-10-231-1-43:56:56 [0] NCCL INFO Failed to initialize any GIN plugin
ip-10-231-1-43:56:56 [0] NCCL INFO Using network Socket
ip-10-231-1-43:56:56 [0] NCCL INFO [Rank 0] ncclCommInitRankConfig comm 0x631fbc3f3c70 rank 0 nranks 2 cudaDev 0 nvmlDev 0 busId 1e0 commId 0xfc3facc8cdc3fba5 - Init START
ip-10-231-1-43:56:56 [0] NCCL INFO Topology detection : could not read /sys/devices/pci0000:00/0000:00:1e.0/../max_link_speed, ignoring
ip-10-231-1-43:56:56 [0] NCCL INFO Topology detection : could not read /sys/devices/pci0000:00/0000:00:1e.0/../max_link_width, ignoring
ip-10-231-1-43:56:56 [0] NCCL INFO Topology detection : could not read /sys/devices/system/node/node-1/cpumap, ignoring
ip-10-231-1-43:56:56 [0] NCCL INFO TOPO/NET : Importing network plugins to topology
ip-10-231-1-43:56:56 [0] NCCL INFO Could not get speed from /sys/class/net/ens5/speed. Defaulting to 10 Gbps.
ip-10-231-1-43:56:56 [0] NCCL INFO Topology detection : could not read /sys/devices/pci0000:00/0000:00:05.0/../max_link_speed, ignoring
ip-10-231-1-43:56:56 [0] NCCL INFO Topology detection : could not read /sys/devices/pci0000:00/0000:00:05.0/../max_link_width, ignoring
ip-10-231-1-43:56:56 [0] NCCL INFO Topology detection : could not read /sys/devices/system/node/node-1/cpumap, ignoring
ip-10-231-1-43:56:56 [0] NCCL INFO NET/Socket : GPU Direct RDMA Disabled for HCA 0 'ens5'
ip-10-231-1-43:56:56 [0] NCCL INFO ncclTopoPopulateNics : Filled ens5 in topo with pciPath=/sys/devices/pci0000:00/0000:00:05.0 net=1 gin=(null) keep=1 coll=(null)
ip-10-231-1-43:56:56 [0] NCCL INFO KV Convert to int : could not find value of 'Unknown' in dictionary, falling back to 60
ip-10-231-1-43:56:56 [0] NCCL INFO === System : maxBw 1.2 totalBw 24.0 ===
ip-10-231-1-43:56:56 [0] NCCL INFO CPU/0-ffffffffffffff (1/2/-1)
ip-10-231-1-43:56:56 [0] NCCL INFO + PCI[24.0] - GPU/0-1e0 (0)
ip-10-231-1-43:56:56 [0] NCCL INFO + PCI[12.0] - NIC/0-50
ip-10-231-1-43:56:56 [0] NCCL INFO               + NET[1.2] - NET/0-0 (0/0/0/1.250000)
ip-10-231-1-43:56:56 [0] NCCL INFO ==========================================
ip-10-231-1-43:56:56 [0] NCCL INFO GPU/0-1e0 :GPU/0-1e0 (0/5000.0/LOC) CPU/0-ffffffffffffff (1/24.0/PHB) NET/0-0 (3/1.2/PHB) 
ip-10-231-1-43:56:56 [0] NCCL INFO NET/0-0 :GPU/0-1e0 (3/1.2/PHB) CPU/0-ffffffffffffff (2/1.2/PHB) NET/0-0 (0/5000.0/LOC) 
ip-10-231-1-43:56:56 [0] NCCL INFO ncclTopoGetCpuAffinity: Affinity for GPU 0 is empty, ignoring. (GPU affinity =  ; CPU affinity = 0-3).
ip-10-231-1-43:56:56 [0] NCCL INFO Pattern 4, crossNic 0, nChannels 1, bw 1.200000/1.200000, type LOC/PHB, sameChannels 1
ip-10-231-1-43:56:56 [0] NCCL INFO  0 : NET/0-0 GPU/0-1e0 NET/0-0
ip-10-231-1-43:56:56 [0] NCCL INFO Pattern 3, crossNic 0, nChannels 1, bw 2.400000/1.200000, type LOC/PHB, sameChannels 1
ip-10-231-1-43:56:56 [0] NCCL INFO  0 : NET/0-0 GPU/0-1e0 NET/0-0
ip-10-231-1-43:56:56 [0] NCCL INFO Could not get speed from /sys/class/net/ens5/speed. Defaulting to 10 Gbps.
ip-10-231-1-43:56:56 [0] NCCL INFO comm 0x631fbc3f3c70 rank 0 nRanks 2 nNodes 2 localRanks 1 localRank 0 MNNVL 0
ip-10-231-1-43:56:56 [0] NCCL INFO Tree 0 : -1 -> 0 -> 1/-1/-1
ip-10-231-1-43:56:56 [0] NCCL INFO Tree 1 : 1 -> 0 -> -1/-1/-1
ip-10-231-1-43:56:56 [0] NCCL INFO Channel 00/02 : 0 1
ip-10-231-1-43:56:56 [0] NCCL INFO Channel 01/02 : 0 1
ip-10-231-1-43:56:56 [0] NCCL INFO Ring 00 : 1 -> 0 -> 1
ip-10-231-1-43:56:56 [0] NCCL INFO Ring 01 : 1 -> 0 -> 1
ip-10-231-1-43:56:56 [0] NCCL INFO Trees [0] 1/-1/-1->0->-1 [1] -1/-1/-1->0->1
ip-10-231-1-43:56:56 [0] NCCL INFO P2P Chunksize set to 131072
ip-10-231-1-43:56:56 [0] NCCL INFO Check P2P Type isAllDirectP2p 1 directMode 0 isAllCudaP2p 1
ip-10-231-1-43:56:175 [0] NCCL INFO [Proxy Service] Device 0 CPU core 3
ip-10-231-1-43:56:56 [0] NCCL INFO ncclP2pSchedule: group size used is 1
ip-10-231-1-43:56:176 [0] NCCL INFO [Proxy Service UDS] Device 0 CPU core 3
ip-10-231-1-43:56:56 [0] NCCL INFO threadThresholds 8/8/64 | 16/8/64 | 512 | 512
ip-10-231-1-43:56:56 [0] NCCL INFO 2 coll channels, 2 collnet channels, 0 nvls channels, 2 p2p channels, 1 p2p channels per peer
ip-10-231-1-43:56:56 [0] NCCL INFO Symmetric VA size=24GB
ip-10-231-1-43:56:56 [0] NCCL INFO Symmetric memory is not supported. cuMemEnable 1, globalGinSupport 0, globalNicFused 0 cuMemGdrSupport 1
ip-10-231-1-43:56:56 [0] NCCL INFO CC Off, workFifoBytes 1048576
ip-10-231-1-43:56:56 [0] NCCL INFO ncclCommInitRankConfig comm 0x631fbc3f3c70 rank 0 nranks 2 cudaDev 0 nvmlDev 0 busId 1e0 commId 0xfc3facc8cdc3fba5 - Init COMPLETE
ip-10-231-1-43:56:56 [0] NCCL INFO Init timings - ncclCommInitRankConfig: rank 0 nranks 2 total 0.48 (kernels 0.00, alloc 0.00, bootstrap 0.36, allgathers 0.11, topo 0.00, graphs 0.00, connections 0.00, rest 0.00)
ip-10-231-1-43:56:175 [0] NCCL INFO New proxy send connection 0 from local rank 0, transport 2
ip-10-231-1-43:56:177 [0] NCCL INFO [Proxy Progress] Device 0 CPU core 0
ip-10-231-1-43:56:56 [0] NCCL INFO Connected to proxy localRank 0 -> connection 0x708248029350
ip-10-231-1-43:56:175 [0] NCCL INFO Could not get speed from /sys/class/net/ens5/speed. Defaulting to 10 Gbps.
ip-10-231-1-43:56:56 [0] NCCL INFO Channel 01/1 : 0[0] -> 1[0] [send] via NET/Socket/0/Shared
ip-10-231-1-43:56:175 [0] NCCL INFO New proxy recv connection 1 from local rank 0, transport 2
ip-10-231-1-43:56:56 [0] NCCL INFO Connected to proxy localRank 0 -> connection 0x7082480293d8
ip-10-231-1-43:56:175 [0] NCCL INFO Could not get speed from /sys/class/net/ens5/speed. Defaulting to 10 Gbps.
ip-10-231-1-43:56:175 [0] NCCL INFO NET/Socket: Using 2 threads and 8 sockets per thread
ip-10-231-1-43:56:56 [0] NCCL INFO Channel 01/1 : 1[0] -> 0[0] [receive] via NET/Socket/0/Shared
ip-10-231-1-43:56:56 [0] NCCL INFO Initialized NET plugin Socket
ip-10-231-1-43:56:56 [0] NCCL INFO Could not get speed from /sys/class/net/ens5/speed. Defaulting to 10 Gbps.
ip-10-231-1-43:56:56 [0] NCCL INFO Assigned NET plugin Socket to comm
ip-10-231-1-43:56:56 [0] NCCL INFO Failed to initialize any GIN plugin
ip-10-231-1-43:56:56 [0] NCCL INFO Using network Socket
ip-10-231-1-43:56:56 [0] NCCL INFO [Rank 0] ncclCommInitRankConfig comm 0x631fb34d6b00 rank 0 nranks 2 cudaDev 0 nvmlDev 0 busId 1e0 commId 0xa071a65c16e159b6 - Init START
ip-10-231-1-43:56:56 [0] NCCL INFO Topology detection : could not read /sys/devices/pci0000:00/0000:00:1e.0/../max_link_speed, ignoring
ip-10-231-1-43:56:56 [0] NCCL INFO Topology detection : could not read /sys/devices/pci0000:00/0000:00:1e.0/../max_link_width, ignoring
ip-10-231-1-43:56:56 [0] NCCL INFO Topology detection : could not read /sys/devices/system/node/node-1/cpumap, ignoring
ip-10-231-1-43:56:56 [0] NCCL INFO TOPO/NET : Importing network plugins to topology
ip-10-231-1-43:56:56 [0] NCCL INFO Could not get speed from /sys/class/net/ens5/speed. Defaulting to 10 Gbps.
ip-10-231-1-43:56:56 [0] NCCL INFO Topology detection : could not read /sys/devices/pci0000:00/0000:00:05.0/../max_link_speed, ignoring
ip-10-231-1-43:56:56 [0] NCCL INFO Topology detection : could not read /sys/devices/pci0000:00/0000:00:05.0/../max_link_width, ignoring
ip-10-231-1-43:56:56 [0] NCCL INFO Topology detection : could not read /sys/devices/system/node/node-1/cpumap, ignoring
ip-10-231-1-43:56:56 [0] NCCL INFO NET/Socket : GPU Direct RDMA Disabled for HCA 0 'ens5'
ip-10-231-1-43:56:56 [0] NCCL INFO ncclTopoPopulateNics : Filled ens5 in topo with pciPath=/sys/devices/pci0000:00/0000:00:05.0 net=1 gin=(null) keep=1 coll=(null)
ip-10-231-1-43:56:56 [0] NCCL INFO KV Convert to int : could not find value of 'Unknown' in dictionary, falling back to 60
ip-10-231-1-43:56:56 [0] NCCL INFO === System : maxBw 1.2 totalBw 24.0 ===
ip-10-231-1-43:56:56 [0] NCCL INFO CPU/0-ffffffffffffff (1/2/-1)
ip-10-231-1-43:56:56 [0] NCCL INFO + PCI[24.0] - GPU/0-1e0 (0)
ip-10-231-1-43:56:56 [0] NCCL INFO + PCI[12.0] - NIC/0-50
ip-10-231-1-43:56:56 [0] NCCL INFO               + NET[1.2] - NET/0-0 (0/0/0/1.250000)
ip-10-231-1-43:56:56 [0] NCCL INFO ==========================================
ip-10-231-1-43:56:56 [0] NCCL INFO GPU/0-1e0 :GPU/0-1e0 (0/5000.0/LOC) CPU/0-ffffffffffffff (1/24.0/PHB) NET/0-0 (3/1.2/PHB) 
ip-10-231-1-43:56:56 [0] NCCL INFO NET/0-0 :GPU/0-1e0 (3/1.2/PHB) CPU/0-ffffffffffffff (2/1.2/PHB) NET/0-0 (0/5000.0/LOC) 
ip-10-231-1-43:56:56 [0] NCCL INFO ncclTopoGetCpuAffinity: Affinity for GPU 0 is empty, ignoring. (GPU affinity =  ; CPU affinity = 0-3).
ip-10-231-1-43:56:56 [0] NCCL INFO Pattern 4, crossNic 0, nChannels 1, bw 1.200000/1.200000, type LOC/PHB, sameChannels 1
ip-10-231-1-43:56:56 [0] NCCL INFO  0 : NET/0-0 GPU/0-1e0 NET/0-0
ip-10-231-1-43:56:56 [0] NCCL INFO Pattern 3, crossNic 0, nChannels 1, bw 2.400000/1.200000, type LOC/PHB, sameChannels 1
ip-10-231-1-43:56:56 [0] NCCL INFO  0 : NET/0-0 GPU/0-1e0 NET/0-0
ip-10-231-1-43:56:56 [0] NCCL INFO Could not get speed from /sys/class/net/ens5/speed. Defaulting to 10 Gbps.
ip-10-231-1-43:56:56 [0] NCCL INFO comm 0x631fb34d6b00 rank 0 nRanks 2 nNodes 2 localRanks 1 localRank 0 MNNVL 0
ip-10-231-1-43:56:56 [0] NCCL INFO Tree 0 : -1 -> 0 -> 1/-1/-1
ip-10-231-1-43:56:56 [0] NCCL INFO Tree 1 : 1 -> 0 -> -1/-1/-1
ip-10-231-1-43:56:56 [0] NCCL INFO Channel 00/02 : 0 1
ip-10-231-1-43:56:56 [0] NCCL INFO Channel 01/02 : 0 1
ip-10-231-1-43:56:56 [0] NCCL INFO Ring 00 : 1 -> 0 -> 1
ip-10-231-1-43:56:56 [0] NCCL INFO Ring 01 : 1 -> 0 -> 1
ip-10-231-1-43:56:56 [0] NCCL INFO Trees [0] 1/-1/-1->0->-1 [1] -1/-1/-1->0->1
ip-10-231-1-43:56:56 [0] NCCL INFO P2P Chunksize set to 131072
ip-10-231-1-43:56:56 [0] NCCL INFO Check P2P Type isAllDirectP2p 1 directMode 0 isAllCudaP2p 1
ip-10-231-1-43:56:183 [0] NCCL INFO [Proxy Service] Device 0 CPU core 3
ip-10-231-1-43:56:184 [0] NCCL INFO [Proxy Service UDS] Device 0 CPU core 3
ip-10-231-1-43:56:56 [0] NCCL INFO ncclP2pSchedule: group size used is 1
ip-10-231-1-43:56:56 [0] NCCL INFO threadThresholds 8/8/64 | 16/8/64 | 512 | 512
ip-10-231-1-43:56:56 [0] NCCL INFO 2 coll channels, 2 collnet channels, 0 nvls channels, 2 p2p channels, 1 p2p channels per peer
ip-10-231-1-43:56:56 [0] NCCL INFO Symmetric VA size=24GB
ip-10-231-1-43:56:56 [0] NCCL INFO Symmetric memory is not supported. cuMemEnable 1, globalGinSupport 0, globalNicFused 0 cuMemGdrSupport 1
ip-10-231-1-43:56:56 [0] NCCL INFO CC Off, workFifoBytes 1048576
ip-10-231-1-43:56:56 [0] NCCL INFO ncclCommInitRankConfig comm 0x631fb34d6b00 rank 0 nranks 2 cudaDev 0 nvmlDev 0 busId 1e0 commId 0xa071a65c16e159b6 - Init COMPLETE
ip-10-231-1-43:56:56 [0] NCCL INFO Init timings - ncclCommInitRankConfig: rank 0 nranks 2 total 1.17 (kernels 0.00, alloc 0.00, bootstrap 0.90, allgathers 0.27, topo 0.00, graphs 0.00, connections 0.00, rest 0.00)
ip-10-231-1-43:56:183 [0] NCCL INFO New proxy send connection 0 from local rank 0, transport 2
ip-10-231-1-43:56:185 [0] NCCL INFO [Proxy Progress] Device 0 CPU core 1
ip-10-231-1-43:56:56 [0] NCCL INFO Connected to proxy localRank 0 -> connection 0x708260005220
ip-10-231-1-43:56:183 [0] NCCL INFO Could not get speed from /sys/class/net/ens5/speed. Defaulting to 10 Gbps.
ip-10-231-1-43:56:56 [0] NCCL INFO Channel 01/1 : 0[0] -> 1[0] [send] via NET/Socket/0/Shared
ip-10-231-1-43:56:183 [0] NCCL INFO New proxy recv connection 1 from local rank 0, transport 2
ip-10-231-1-43:56:56 [0] NCCL INFO Connected to proxy localRank 0 -> connection 0x7082600052a8
ip-10-231-1-43:56:183 [0] NCCL INFO Could not get speed from /sys/class/net/ens5/speed. Defaulting to 10 Gbps.
ip-10-231-1-43:56:183 [0] NCCL INFO NET/Socket: Using 2 threads and 8 sockets per thread
ip-10-231-1-43:56:56 [0] NCCL INFO Channel 01/1 : 1[0] -> 0[0] [receive] via NET/Socket/0/Shared
ip-10-231-1-43:56:56 [0] NCCL INFO Initialized NET plugin Socket
ip-10-231-1-43:56:56 [0] NCCL INFO Could not get speed from /sys/class/net/ens5/speed. Defaulting to 10 Gbps.
ip-10-231-1-43:56:56 [0] NCCL INFO Assigned NET plugin Socket to comm
ip-10-231-1-43:56:56 [0] NCCL INFO Failed to initialize any GIN plugin
ip-10-231-1-43:56:56 [0] NCCL INFO Using network Socket
ip-10-231-1-43:56:56 [0] NCCL INFO [Rank 0] ncclCommInitRankConfig comm 0x631fb363f980 rank 0 nranks 2 cudaDev 0 nvmlDev 0 busId 1e0 commId 0xeb19da88371f6b41 - Init START
ip-10-231-1-43:56:56 [0] NCCL INFO Topology detection : could not read /sys/devices/pci0000:00/0000:00:1e.0/../max_link_speed, ignoring
ip-10-231-1-43:56:56 [0] NCCL INFO Topology detection : could not read /sys/devices/pci0000:00/0000:00:1e.0/../max_link_width, ignoring
ip-10-231-1-43:56:56 [0] NCCL INFO Topology detection : could not read /sys/devices/system/node/node-1/cpumap, ignoring
ip-10-231-1-43:56:56 [0] NCCL INFO TOPO/NET : Importing network plugins to topology
ip-10-231-1-43:56:56 [0] NCCL INFO Could not get speed from /sys/class/net/ens5/speed. Defaulting to 10 Gbps.
ip-10-231-1-43:56:56 [0] NCCL INFO Topology detection : could not read /sys/devices/pci0000:00/0000:00:05.0/../max_link_speed, ignoring
ip-10-231-1-43:56:56 [0] NCCL INFO Topology detection : could not read /sys/devices/pci0000:00/0000:00:05.0/../max_link_width, ignoring
ip-10-231-1-43:56:56 [0] NCCL INFO Topology detection : could not read /sys/devices/system/node/node-1/cpumap, ignoring
ip-10-231-1-43:56:56 [0] NCCL INFO NET/Socket : GPU Direct RDMA Disabled for HCA 0 'ens5'
ip-10-231-1-43:56:56 [0] NCCL INFO ncclTopoPopulateNics : Filled ens5 in topo with pciPath=/sys/devices/pci0000:00/0000:00:05.0 net=1 gin=(null) keep=1 coll=(null)
ip-10-231-1-43:56:56 [0] NCCL INFO KV Convert to int : could not find value of 'Unknown' in dictionary, falling back to 60
ip-10-231-1-43:56:56 [0] NCCL INFO === System : maxBw 1.2 totalBw 24.0 ===
ip-10-231-1-43:56:56 [0] NCCL INFO CPU/0-ffffffffffffff (1/2/-1)
ip-10-231-1-43:56:56 [0] NCCL INFO + PCI[24.0] - GPU/0-1e0 (0)
ip-10-231-1-43:56:56 [0] NCCL INFO + PCI[12.0] - NIC/0-50
ip-10-231-1-43:56:56 [0] NCCL INFO               + NET[1.2] - NET/0-0 (0/0/0/1.250000)
ip-10-231-1-43:56:56 [0] NCCL INFO ==========================================
ip-10-231-1-43:56:56 [0] NCCL INFO GPU/0-1e0 :GPU/0-1e0 (0/5000.0/LOC) CPU/0-ffffffffffffff (1/24.0/PHB) NET/0-0 (3/1.2/PHB) 
ip-10-231-1-43:56:56 [0] NCCL INFO NET/0-0 :GPU/0-1e0 (3/1.2/PHB) CPU/0-ffffffffffffff (2/1.2/PHB) NET/0-0 (0/5000.0/LOC) 
ip-10-231-1-43:56:56 [0] NCCL INFO ncclTopoGetCpuAffinity: Affinity for GPU 0 is empty, ignoring. (GPU affinity =  ; CPU affinity = 0-3).
ip-10-231-1-43:56:56 [0] NCCL INFO Pattern 4, crossNic 0, nChannels 1, bw 1.200000/1.200000, type LOC/PHB, sameChannels 1
ip-10-231-1-43:56:56 [0] NCCL INFO  0 : NET/0-0 GPU/0-1e0 NET/0-0
ip-10-231-1-43:56:56 [0] NCCL INFO Pattern 3, crossNic 0, nChannels 1, bw 2.400000/1.200000, type LOC/PHB, sameChannels 1
ip-10-231-1-43:56:56 [0] NCCL INFO  0 : NET/0-0 GPU/0-1e0 NET/0-0
ip-10-231-1-43:56:56 [0] NCCL INFO Could not get speed from /sys/class/net/ens5/speed. Defaulting to 10 Gbps.
ip-10-231-1-43:56:56 [0] NCCL INFO comm 0x631fb363f980 rank 0 nRanks 2 nNodes 2 localRanks 1 localRank 0 MNNVL 0
ip-10-231-1-43:56:56 [0] NCCL INFO Tree 0 : -1 -> 0 -> 1/-1/-1
ip-10-231-1-43:56:56 [0] NCCL INFO Tree 1 : 1 -> 0 -> -1/-1/-1
ip-10-231-1-43:56:56 [0] NCCL INFO Channel 00/02 : 0 1
ip-10-231-1-43:56:56 [0] NCCL INFO Channel 01/02 : 0 1
ip-10-231-1-43:56:56 [0] NCCL INFO Ring 00 : 1 -> 0 -> 1
ip-10-231-1-43:56:56 [0] NCCL INFO Ring 01 : 1 -> 0 -> 1
ip-10-231-1-43:56:56 [0] NCCL INFO Trees [0] 1/-1/-1->0->-1 [1] -1/-1/-1->0->1
ip-10-231-1-43:56:56 [0] NCCL INFO P2P Chunksize set to 131072
ip-10-231-1-43:56:56 [0] NCCL INFO Check P2P Type isAllDirectP2p 1 directMode 0 isAllCudaP2p 1
ip-10-231-1-43:56:56 [0] NCCL INFO ncclP2pSchedule: group size used is 1
ip-10-231-1-43:56:192 [0] NCCL INFO [Proxy Service UDS] Device 0 CPU core 3
ip-10-231-1-43:56:191 [0] NCCL INFO [Proxy Service] Device 0 CPU core 0
ip-10-231-1-43:56:56 [0] NCCL INFO threadThresholds 8/8/64 | 16/8/64 | 512 | 512
ip-10-231-1-43:56:56 [0] NCCL INFO 2 coll channels, 2 collnet channels, 0 nvls channels, 2 p2p channels, 1 p2p channels per peer
ip-10-231-1-43:56:56 [0] NCCL INFO Symmetric VA size=24GB
ip-10-231-1-43:56:56 [0] NCCL INFO Symmetric memory is not supported. cuMemEnable 1, globalGinSupport 0, globalNicFused 0 cuMemGdrSupport 1
ip-10-231-1-43:56:56 [0] NCCL INFO CC Off, workFifoBytes 1048576
ip-10-231-1-43:56:56 [0] NCCL INFO ncclCommInitRankConfig comm 0x631fb363f980 rank 0 nranks 2 cudaDev 0 nvmlDev 0 busId 1e0 commId 0xeb19da88371f6b41 - Init COMPLETE
ip-10-231-1-43:56:56 [0] NCCL INFO Init timings - ncclCommInitRankConfig: rank 0 nranks 2 total 1.23 (kernels 0.00, alloc 0.00, bootstrap 0.94, allgathers 0.28, topo 0.00, graphs 0.00, connections 0.00, rest 0.00)
ip-10-231-1-43:56:191 [0] NCCL INFO New proxy send connection 0 from local rank 0, transport 2
ip-10-231-1-43:56:193 [0] NCCL INFO [Proxy Progress] Device 0 CPU core 2
ip-10-231-1-43:56:56 [0] NCCL INFO Connected to proxy localRank 0 -> connection 0x70810c032600
ip-10-231-1-43:56:191 [0] NCCL INFO Could not get speed from /sys/class/net/ens5/speed. Defaulting to 10 Gbps.
ip-10-231-1-43:56:56 [0] NCCL INFO Channel 01/1 : 0[0] -> 1[0] [send] via NET/Socket/0/Shared
ip-10-231-1-43:56:191 [0] NCCL INFO New proxy recv connection 1 from local rank 0, transport 2
ip-10-231-1-43:56:56 [0] NCCL INFO Connected to proxy localRank 0 -> connection 0x70810c032688
ip-10-231-1-43:56:191 [0] NCCL INFO Could not get speed from /sys/class/net/ens5/speed. Defaulting to 10 Gbps.
ip-10-231-1-43:56:191 [0] NCCL INFO NET/Socket: Using 2 threads and 8 sockets per thread
ip-10-231-1-43:56:56 [0] NCCL INFO Channel 01/1 : 1[0] -> 0[0] [receive] via NET/Socket/0/Shared
ip-10-231-1-43:56:56 [0] NCCL INFO Initialized NET plugin Socket
ip-10-231-1-43:56:56 [0] NCCL INFO Could not get speed from /sys/class/net/ens5/speed. Defaulting to 10 Gbps.
ip-10-231-1-43:56:56 [0] NCCL INFO Assigned NET plugin Socket to comm
ip-10-231-1-43:56:56 [0] NCCL INFO Failed to initialize any GIN plugin
ip-10-231-1-43:56:56 [0] NCCL INFO Using network Socket
ip-10-231-1-43:56:56 [0] NCCL INFO [Rank 0] ncclCommInitRankConfig comm 0x631fb3765300 rank 0 nranks 2 cudaDev 0 nvmlDev 0 busId 1e0 commId 0xfc32148040af271d - Init START
ip-10-231-1-43:56:56 [0] NCCL INFO Topology detection : could not read /sys/devices/pci0000:00/0000:00:1e.0/../max_link_speed, ignoring
ip-10-231-1-43:56:56 [0] NCCL INFO Topology detection : could not read /sys/devices/pci0000:00/0000:00:1e.0/../max_link_width, ignoring
ip-10-231-1-43:56:56 [0] NCCL INFO Topology detection : could not read /sys/devices/system/node/node-1/cpumap, ignoring
ip-10-231-1-43:56:56 [0] NCCL INFO TOPO/NET : Importing network plugins to topology
ip-10-231-1-43:56:56 [0] NCCL INFO Could not get speed from /sys/class/net/ens5/speed. Defaulting to 10 Gbps.
ip-10-231-1-43:56:56 [0] NCCL INFO Topology detection : could not read /sys/devices/pci0000:00/0000:00:05.0/../max_link_speed, ignoring
ip-10-231-1-43:56:56 [0] NCCL INFO Topology detection : could not read /sys/devices/pci0000:00/0000:00:05.0/../max_link_width, ignoring
ip-10-231-1-43:56:56 [0] NCCL INFO Topology detection : could not read /sys/devices/system/node/node-1/cpumap, ignoring
ip-10-231-1-43:56:56 [0] NCCL INFO NET/Socket : GPU Direct RDMA Disabled for HCA 0 'ens5'
ip-10-231-1-43:56:56 [0] NCCL INFO ncclTopoPopulateNics : Filled ens5 in topo with pciPath=/sys/devices/pci0000:00/0000:00:05.0 net=1 gin=(null) keep=1 coll=(null)
ip-10-231-1-43:56:56 [0] NCCL INFO KV Convert to int : could not find value of 'Unknown' in dictionary, falling back to 60
ip-10-231-1-43:56:56 [0] NCCL INFO === System : maxBw 1.2 totalBw 24.0 ===
ip-10-231-1-43:56:56 [0] NCCL INFO CPU/0-ffffffffffffff (1/2/-1)
ip-10-231-1-43:56:56 [0] NCCL INFO + PCI[24.0] - GPU/0-1e0 (0)
ip-10-231-1-43:56:56 [0] NCCL INFO + PCI[12.0] - NIC/0-50
ip-10-231-1-43:56:56 [0] NCCL INFO               + NET[1.2] - NET/0-0 (0/0/0/1.250000)
ip-10-231-1-43:56:56 [0] NCCL INFO ==========================================
ip-10-231-1-43:56:56 [0] NCCL INFO GPU/0-1e0 :GPU/0-1e0 (0/5000.0/LOC) CPU/0-ffffffffffffff (1/24.0/PHB) NET/0-0 (3/1.2/PHB) 
ip-10-231-1-43:56:56 [0] NCCL INFO NET/0-0 :GPU/0-1e0 (3/1.2/PHB) CPU/0-ffffffffffffff (2/1.2/PHB) NET/0-0 (0/5000.0/LOC) 
ip-10-231-1-43:56:56 [0] NCCL INFO ncclTopoGetCpuAffinity: Affinity for GPU 0 is empty, ignoring. (GPU affinity =  ; CPU affinity = 0-3).
ip-10-231-1-43:56:56 [0] NCCL INFO Pattern 4, crossNic 0, nChannels 1, bw 1.200000/1.200000, type LOC/PHB, sameChannels 1
ip-10-231-1-43:56:56 [0] NCCL INFO  0 : NET/0-0 GPU/0-1e0 NET/0-0
ip-10-231-1-43:56:56 [0] NCCL INFO Pattern 3, crossNic 0, nChannels 1, bw 2.400000/1.200000, type LOC/PHB, sameChannels 1
ip-10-231-1-43:56:56 [0] NCCL INFO  0 : NET/0-0 GPU/0-1e0 NET/0-0
ip-10-231-1-43:56:56 [0] NCCL INFO Could not get speed from /sys/class/net/ens5/speed. Defaulting to 10 Gbps.
ip-10-231-1-43:56:56 [0] NCCL INFO comm 0x631fb3765300 rank 0 nRanks 2 nNodes 2 localRanks 1 localRank 0 MNNVL 0
ip-10-231-1-43:56:56 [0] NCCL INFO Tree 0 : -1 -> 0 -> 1/-1/-1
ip-10-231-1-43:56:56 [0] NCCL INFO Tree 1 : 1 -> 0 -> -1/-1/-1
ip-10-231-1-43:56:56 [0] NCCL INFO Channel 00/02 : 0 1
ip-10-231-1-43:56:56 [0] NCCL INFO Channel 01/02 : 0 1
ip-10-231-1-43:56:56 [0] NCCL INFO Ring 00 : 1 -> 0 -> 1
ip-10-231-1-43:56:56 [0] NCCL INFO Ring 01 : 1 -> 0 -> 1
ip-10-231-1-43:56:56 [0] NCCL INFO Trees [0] 1/-1/-1->0->-1 [1] -1/-1/-1->0->1
ip-10-231-1-43:56:56 [0] NCCL INFO P2P Chunksize set to 131072
ip-10-231-1-43:56:56 [0] NCCL INFO Check P2P Type isAllDirectP2p 1 directMode 0 isAllCudaP2p 1
ip-10-231-1-43:56:56 [0] NCCL INFO ncclP2pSchedule: group size used is 1
ip-10-231-1-43:56:200 [0] NCCL INFO [Proxy Service UDS] Device 0 CPU core 0
ip-10-231-1-43:56:199 [0] NCCL INFO [Proxy Service] Device 0 CPU core 1
ip-10-231-1-43:56:56 [0] NCCL INFO threadThresholds 8/8/64 | 16/8/64 | 512 | 512
ip-10-231-1-43:56:56 [0] NCCL INFO 2 coll channels, 2 collnet channels, 0 nvls channels, 2 p2p channels, 1 p2p channels per peer
ip-10-231-1-43:56:56 [0] NCCL INFO Symmetric VA size=24GB
ip-10-231-1-43:56:56 [0] NCCL INFO Symmetric memory is not supported. cuMemEnable 1, globalGinSupport 0, globalNicFused 0 cuMemGdrSupport 1
ip-10-231-1-43:56:56 [0] NCCL INFO CC Off, workFifoBytes 1048576
ip-10-231-1-43:56:56 [0] NCCL INFO ncclCommInitRankConfig comm 0x631fb3765300 rank 0 nranks 2 cudaDev 0 nvmlDev 0 busId 1e0 commId 0xfc32148040af271d - Init COMPLETE
ip-10-231-1-43:56:56 [0] NCCL INFO Init timings - ncclCommInitRankConfig: rank 0 nranks 2 total 0.48 (kernels 0.00, alloc 0.00, bootstrap 0.36, allgathers 0.11, topo 0.00, graphs 0.00, connections 0.00, rest 0.00)
ip-10-231-1-43:56:199 [0] NCCL INFO New proxy send connection 0 from local rank 0, transport 2
ip-10-231-1-43:56:201 [0] NCCL INFO [Proxy Progress] Device 0 CPU core 3
ip-10-231-1-43:56:56 [0] NCCL INFO Connected to proxy localRank 0 -> connection 0x7081240164b0
ip-10-231-1-43:56:199 [0] NCCL INFO Could not get speed from /sys/class/net/ens5/speed. Defaulting to 10 Gbps.
ip-10-231-1-43:56:56 [0] NCCL INFO Channel 01/1 : 0[0] -> 1[0] [send] via NET/Socket/0/Shared
ip-10-231-1-43:56:199 [0] NCCL INFO New proxy recv connection 1 from local rank 0, transport 2
ip-10-231-1-43:56:56 [0] NCCL INFO Connected to proxy localRank 0 -> connection 0x708124016538
ip-10-231-1-43:56:199 [0] NCCL INFO Could not get speed from /sys/class/net/ens5/speed. Defaulting to 10 Gbps.
ip-10-231-1-43:56:199 [0] NCCL INFO NET/Socket: Using 2 threads and 8 sockets per thread
ip-10-231-1-43:56:56 [0] NCCL INFO Channel 01/1 : 1[0] -> 0[0] [receive] via NET/Socket/0/Shared
ip-10-231-1-43:56:56 [0] NCCL INFO Initialized NET plugin Socket
ip-10-231-1-43:56:56 [0] NCCL INFO Could not get speed from /sys/class/net/ens5/speed. Defaulting to 10 Gbps.
ip-10-231-1-43:56:56 [0] NCCL INFO Assigned NET plugin Socket to comm
ip-10-231-1-43:56:56 [0] NCCL INFO Failed to initialize any GIN plugin
ip-10-231-1-43:56:56 [0] NCCL INFO Using network Socket
ip-10-231-1-43:56:56 [0] NCCL INFO [Rank 0] ncclCommInitRankConfig comm 0x631fb3a813c0 rank 0 nranks 2 cudaDev 0 nvmlDev 0 busId 1e0 commId 0xb9dd60e7f6b36560 - Init START
ip-10-231-1-43:56:56 [0] NCCL INFO Topology detection : could not read /sys/devices/pci0000:00/0000:00:1e.0/../max_link_speed, ignoring
ip-10-231-1-43:56:56 [0] NCCL INFO Topology detection : could not read /sys/devices/pci0000:00/0000:00:1e.0/../max_link_width, ignoring
ip-10-231-1-43:56:56 [0] NCCL INFO Topology detection : could not read /sys/devices/system/node/node-1/cpumap, ignoring
ip-10-231-1-43:56:56 [0] NCCL INFO TOPO/NET : Importing network plugins to topology
ip-10-231-1-43:56:56 [0] NCCL INFO Could not get speed from /sys/class/net/ens5/speed. Defaulting to 10 Gbps.
ip-10-231-1-43:56:56 [0] NCCL INFO Topology detection : could not read /sys/devices/pci0000:00/0000:00:05.0/../max_link_speed, ignoring
ip-10-231-1-43:56:56 [0] NCCL INFO Topology detection : could not read /sys/devices/pci0000:00/0000:00:05.0/../max_link_width, ignoring
ip-10-231-1-43:56:56 [0] NCCL INFO Topology detection : could not read /sys/devices/system/node/node-1/cpumap, ignoring
ip-10-231-1-43:56:56 [0] NCCL INFO NET/Socket : GPU Direct RDMA Disabled for HCA 0 'ens5'
ip-10-231-1-43:56:56 [0] NCCL INFO ncclTopoPopulateNics : Filled ens5 in topo with pciPath=/sys/devices/pci0000:00/0000:00:05.0 net=1 gin=(null) keep=1 coll=(null)
ip-10-231-1-43:56:56 [0] NCCL INFO KV Convert to int : could not find value of 'Unknown' in dictionary, falling back to 60
ip-10-231-1-43:56:56 [0] NCCL INFO === System : maxBw 1.2 totalBw 24.0 ===
ip-10-231-1-43:56:56 [0] NCCL INFO CPU/0-ffffffffffffff (1/2/-1)
ip-10-231-1-43:56:56 [0] NCCL INFO + PCI[24.0] - GPU/0-1e0 (0)
ip-10-231-1-43:56:56 [0] NCCL INFO + PCI[12.0] - NIC/0-50
ip-10-231-1-43:56:56 [0] NCCL INFO               + NET[1.2] - NET/0-0 (0/0/0/1.250000)
ip-10-231-1-43:56:56 [0] NCCL INFO ==========================================
ip-10-231-1-43:56:56 [0] NCCL INFO GPU/0-1e0 :GPU/0-1e0 (0/5000.0/LOC) CPU/0-ffffffffffffff (1/24.0/PHB) NET/0-0 (3/1.2/PHB) 
ip-10-231-1-43:56:56 [0] NCCL INFO NET/0-0 :GPU/0-1e0 (3/1.2/PHB) CPU/0-ffffffffffffff (2/1.2/PHB) NET/0-0 (0/5000.0/LOC) 
ip-10-231-1-43:56:56 [0] NCCL INFO ncclTopoGetCpuAffinity: Affinity for GPU 0 is empty, ignoring. (GPU affinity =  ; CPU affinity = 0-3).
ip-10-231-1-43:56:56 [0] NCCL INFO Pattern 4, crossNic 0, nChannels 1, bw 1.200000/1.200000, type LOC/PHB, sameChannels 1
ip-10-231-1-43:56:56 [0] NCCL INFO  0 : NET/0-0 GPU/0-1e0 NET/0-0
ip-10-231-1-43:56:56 [0] NCCL INFO Pattern 3, crossNic 0, nChannels 1, bw 2.400000/1.200000, type LOC/PHB, sameChannels 1
ip-10-231-1-43:56:56 [0] NCCL INFO  0 : NET/0-0 GPU/0-1e0 NET/0-0
ip-10-231-1-43:56:56 [0] NCCL INFO Could not get speed from /sys/class/net/ens5/speed. Defaulting to 10 Gbps.
ip-10-231-1-43:56:56 [0] NCCL INFO comm 0x631fb3a813c0 rank 0 nRanks 2 nNodes 2 localRanks 1 localRank 0 MNNVL 0
ip-10-231-1-43:56:56 [0] NCCL INFO Tree 0 : -1 -> 0 -> 1/-1/-1
ip-10-231-1-43:56:56 [0] NCCL INFO Tree 1 : 1 -> 0 -> -1/-1/-1
ip-10-231-1-43:56:56 [0] NCCL INFO Channel 00/02 : 0 1
ip-10-231-1-43:56:56 [0] NCCL INFO Channel 01/02 : 0 1
ip-10-231-1-43:56:56 [0] NCCL INFO Ring 00 : 1 -> 0 -> 1
ip-10-231-1-43:56:56 [0] NCCL INFO Ring 01 : 1 -> 0 -> 1
ip-10-231-1-43:56:56 [0] NCCL INFO Trees [0] 1/-1/-1->0->-1 [1] -1/-1/-1->0->1
ip-10-231-1-43:56:56 [0] NCCL INFO P2P Chunksize set to 131072
ip-10-231-1-43:56:56 [0] NCCL INFO Check P2P Type isAllDirectP2p 1 directMode 0 isAllCudaP2p 1
ip-10-231-1-43:56:207 [0] NCCL INFO [Proxy Service] Device 0 CPU core 1
ip-10-231-1-43:56:56 [0] NCCL INFO ncclP2pSchedule: group size used is 1
ip-10-231-1-43:56:208 [0] NCCL INFO [Proxy Service UDS] Device 0 CPU core 1
ip-10-231-1-43:56:56 [0] NCCL INFO threadThresholds 8/8/64 | 16/8/64 | 512 | 512
ip-10-231-1-43:56:56 [0] NCCL INFO 2 coll channels, 2 collnet channels, 0 nvls channels, 2 p2p channels, 1 p2p channels per peer
ip-10-231-1-43:56:56 [0] NCCL INFO Symmetric VA size=24GB
ip-10-231-1-43:56:56 [0] NCCL INFO Symmetric memory is not supported. cuMemEnable 1, globalGinSupport 0, globalNicFused 0 cuMemGdrSupport 1
ip-10-231-1-43:56:56 [0] NCCL INFO CC Off, workFifoBytes 1048576
ip-10-231-1-43:56:56 [0] NCCL INFO ncclCommInitRankConfig comm 0x631fb3a813c0 rank 0 nranks 2 cudaDev 0 nvmlDev 0 busId 1e0 commId 0xb9dd60e7f6b36560 - Init COMPLETE
ip-10-231-1-43:56:56 [0] NCCL INFO Init timings - ncclCommInitRankConfig: rank 0 nranks 2 total 1.53 (kernels 0.00, alloc 0.00, bootstrap 1.19, allgathers 0.34, topo 0.00, graphs 0.00, connections 0.00, rest 0.00)
ip-10-231-1-43:56:207 [0] NCCL INFO New proxy send connection 0 from local rank 0, transport 2
ip-10-231-1-43:56:209 [0] NCCL INFO [Proxy Progress] Device 0 CPU core 2
ip-10-231-1-43:56:56 [0] NCCL INFO Connected to proxy localRank 0 -> connection 0x708154009560
ip-10-231-1-43:56:207 [0] NCCL INFO Could not get speed from /sys/class/net/ens5/speed. Defaulting to 10 Gbps.
ip-10-231-1-43:56:56 [0] NCCL INFO Channel 01/1 : 0[0] -> 1[0] [send] via NET/Socket/0/Shared
ip-10-231-1-43:56:207 [0] NCCL INFO New proxy recv connection 1 from local rank 0, transport 2
ip-10-231-1-43:56:56 [0] NCCL INFO Connected to proxy localRank 0 -> connection 0x7081540095e8
ip-10-231-1-43:56:207 [0] NCCL INFO Could not get speed from /sys/class/net/ens5/speed. Defaulting to 10 Gbps.
ip-10-231-1-43:56:207 [0] NCCL INFO NET/Socket: Using 2 threads and 8 sockets per thread
ip-10-231-1-43:56:56 [0] NCCL INFO Channel 01/1 : 1[0] -> 0[0] [receive] via NET/Socket/0/Shared
ip-10-231-1-43:56:56 [0] NCCL INFO Initialized NET plugin Socket
ip-10-231-1-43:56:56 [0] NCCL INFO Could not get speed from /sys/class/net/ens5/speed. Defaulting to 10 Gbps.
ip-10-231-1-43:56:56 [0] NCCL INFO Assigned NET plugin Socket to comm
ip-10-231-1-43:56:56 [0] NCCL INFO Failed to initialize any GIN plugin
ip-10-231-1-43:56:56 [0] NCCL INFO Using network Socket
ip-10-231-1-43:56:56 [0] NCCL INFO [Rank 1] ncclCommInitRankConfig comm 0x631fbb61a4a0 rank 1 nranks 2 cudaDev 0 nvmlDev 0 busId 1e0 commId 0x2357b9287b228377 - Init START
ip-10-231-1-43:56:56 [0] NCCL INFO Topology detection : could not read /sys/devices/pci0000:00/0000:00:1e.0/../max_link_speed, ignoring
ip-10-231-1-43:56:56 [0] NCCL INFO Topology detection : could not read /sys/devices/pci0000:00/0000:00:1e.0/../max_link_width, ignoring
ip-10-231-1-43:56:56 [0] NCCL INFO Topology detection : could not read /sys/devices/system/node/node-1/cpumap, ignoring
ip-10-231-1-43:56:56 [0] NCCL INFO TOPO/NET : Importing network plugins to topology
ip-10-231-1-43:56:56 [0] NCCL INFO Could not get speed from /sys/class/net/ens5/speed. Defaulting to 10 Gbps.
ip-10-231-1-43:56:56 [0] NCCL INFO Topology detection : could not read /sys/devices/pci0000:00/0000:00:05.0/../max_link_speed, ignoring
ip-10-231-1-43:56:56 [0] NCCL INFO Topology detection : could not read /sys/devices/pci0000:00/0000:00:05.0/../max_link_width, ignoring
ip-10-231-1-43:56:56 [0] NCCL INFO Topology detection : could not read /sys/devices/system/node/node-1/cpumap, ignoring
ip-10-231-1-43:56:56 [0] NCCL INFO NET/Socket : GPU Direct RDMA Disabled for HCA 0 'ens5'
ip-10-231-1-43:56:56 [0] NCCL INFO ncclTopoPopulateNics : Filled ens5 in topo with pciPath=/sys/devices/pci0000:00/0000:00:05.0 net=1 gin=(null) keep=1 coll=(null)
ip-10-231-1-43:56:56 [0] NCCL INFO KV Convert to int : could not find value of 'Unknown' in dictionary, falling back to 60
ip-10-231-1-43:56:56 [0] NCCL INFO === System : maxBw 1.2 totalBw 24.0 ===
ip-10-231-1-43:56:56 [0] NCCL INFO CPU/0-ffffffffffffff (1/2/-1)
ip-10-231-1-43:56:56 [0] NCCL INFO + PCI[24.0] - GPU/0-1e0 (1)
ip-10-231-1-43:56:56 [0] NCCL INFO + PCI[12.0] - NIC/0-50
ip-10-231-1-43:56:56 [0] NCCL INFO               + NET[1.2] - NET/0-0 (0/0/0/1.250000)
ip-10-231-1-43:56:56 [0] NCCL INFO ==========================================
ip-10-231-1-43:56:56 [0] NCCL INFO GPU/0-1e0 :GPU/0-1e0 (0/5000.0/LOC) CPU/0-ffffffffffffff (1/24.0/PHB) NET/0-0 (3/1.2/PHB) 
ip-10-231-1-43:56:56 [0] NCCL INFO NET/0-0 :GPU/0-1e0 (3/1.2/PHB) CPU/0-ffffffffffffff (2/1.2/PHB) NET/0-0 (0/5000.0/LOC) 
ip-10-231-1-43:56:56 [0] NCCL INFO ncclTopoGetCpuAffinity: Affinity for GPU 0 is empty, ignoring. (GPU affinity =  ; CPU affinity = 0-3).
ip-10-231-1-43:56:56 [0] NCCL INFO Pattern 4, crossNic 0, nChannels 1, bw 1.200000/1.200000, type LOC/PHB, sameChannels 1
ip-10-231-1-43:56:56 [0] NCCL INFO  0 : NET/0-0 GPU/0-1e0 NET/0-0
ip-10-231-1-43:56:56 [0] NCCL INFO Pattern 3, crossNic 0, nChannels 1, bw 2.400000/1.200000, type LOC/PHB, sameChannels 1
ip-10-231-1-43:56:56 [0] NCCL INFO  0 : NET/0-0 GPU/0-1e0 NET/0-0
ip-10-231-1-43:56:56 [0] NCCL INFO Could not get speed from /sys/class/net/ens5/speed. Defaulting to 10 Gbps.
ip-10-231-1-43:56:56 [0] NCCL INFO comm 0x631fbb61a4a0 rank 1 nRanks 2 nNodes 2 localRanks 1 localRank 0 MNNVL 0
ip-10-231-1-43:56:56 [0] NCCL INFO Tree 0 : 0 -> 1 -> -1/-1/-1
ip-10-231-1-43:56:56 [0] NCCL INFO Tree 1 : -1 -> 1 -> 0/-1/-1
ip-10-231-1-43:56:56 [0] NCCL INFO Ring 00 : 0 -> 1 -> 0
ip-10-231-1-43:56:56 [0] NCCL INFO Ring 01 : 0 -> 1 -> 0
ip-10-231-1-43:56:56 [0] NCCL INFO Trees [0] -1/-1/-1->1->0 [1] 0/-1/-1->1->-1
ip-10-231-1-43:56:56 [0] NCCL INFO P2P Chunksize set to 131072
ip-10-231-1-43:56:56 [0] NCCL INFO Check P2P Type isAllDirectP2p 1 directMode 0 isAllCudaP2p 1
ip-10-231-1-43:56:214 [0] NCCL INFO [Proxy Service] Device 0 CPU core 0
ip-10-231-1-43:56:215 [0] NCCL INFO [Proxy Service UDS] Device 0 CPU core 2
ip-10-231-1-43:56:56 [0] NCCL INFO ncclP2pSchedule: group size used is 1
ip-10-231-1-43:56:56 [0] NCCL INFO threadThresholds 8/8/64 | 16/8/64 | 512 | 512
ip-10-231-1-43:56:56 [0] NCCL INFO 2 coll channels, 2 collnet channels, 0 nvls channels, 2 p2p channels, 1 p2p channels per peer
ip-10-231-1-43:56:56 [0] NCCL INFO Symmetric VA size=24GB
ip-10-231-1-43:56:56 [0] NCCL INFO Symmetric memory is not supported. cuMemEnable 1, globalGinSupport 0, globalNicFused 0 cuMemGdrSupport 1
ip-10-231-1-43:56:56 [0] NCCL INFO ncclCommInitRankConfig comm 0x631fbb61a4a0 rank 1 nranks 2 cudaDev 0 nvmlDev 0 busId 1e0 commId 0x2357b9287b228377 - Init COMPLETE
ip-10-231-1-43:56:56 [0] NCCL INFO Init timings - ncclCommInitRankConfig: rank 1 nranks 2 total 0.48 (kernels 0.00, alloc 0.00, bootstrap 0.34, allgathers 0.13, topo 0.00, graphs 0.00, connections 0.00, rest 0.00)
ip-10-231-1-43:56:214 [0] NCCL INFO New proxy recv connection 0 from local rank 0, transport 2
ip-10-231-1-43:56:216 [0] NCCL INFO [Proxy Progress] Device 0 CPU core 3
ip-10-231-1-43:56:56 [0] NCCL INFO Connected to proxy localRank 0 -> connection 0x70818801aad0
ip-10-231-1-43:56:214 [0] NCCL INFO Could not get speed from /sys/class/net/ens5/speed. Defaulting to 10 Gbps.
ip-10-231-1-43:56:214 [0] NCCL INFO NET/Socket: Using 2 threads and 8 sockets per thread
ip-10-231-1-43:56:56 [0] NCCL INFO Channel 01/1 : 0[0] -> 1[0] [receive] via NET/Socket/0/Shared
ip-10-231-1-43:56:214 [0] NCCL INFO New proxy send connection 1 from local rank 0, transport 2
ip-10-231-1-43:56:56 [0] NCCL INFO Connected to proxy localRank 0 -> connection 0x70818801ab58
ip-10-231-1-43:56:214 [0] NCCL INFO Could not get speed from /sys/class/net/ens5/speed. Defaulting to 10 Gbps.
ip-10-231-1-43:56:56 [0] NCCL INFO Channel 01/1 : 1[0] -> 0[0] [send] via NET/Socket/0/Shared
ip-10-231-1-43:56:56 [0] NCCL INFO comm 0x631fbb61a4a0 rank 1 nranks 2 cudaDev 0 busId 1e0 - Destroy COMPLETE
ip-10-231-1-43:56:56 [0] NCCL INFO comm 0x631fb3765300 rank 0 nranks 2 cudaDev 0 busId 1e0 - Destroy COMPLETE
ip-10-231-1-43:56:56 [0] NCCL INFO comm 0x631fb26a15f0 rank 2 nranks 16 cudaDev 0 busId 1e0 - Destroy COMPLETE
ip-10-231-1-43:56:56 [0] NCCL INFO comm 0x631fb298dec0 rank 0 nranks 2 cudaDev 0 busId 1e0 - Destroy COMPLETE
ip-10-231-1-43:56:56 [0] NCCL INFO comm 0x631fb2f1f1f0 rank 0 nranks 2 cudaDev 0 busId 1e0 - Destroy COMPLETE
ip-10-231-1-43:56:56 [0] NCCL INFO comm 0x631fb3143ff0 rank 0 nranks 2 cudaDev 0 busId 1e0 - Destroy COMPLETE
ip-10-231-1-43:56:56 [0] NCCL INFO comm 0x631fae52b060 rank 0 nranks 2 cudaDev 0 busId 1e0 - Destroy COMPLETE
ip-10-231-1-43:56:56 [0] NCCL INFO comm 0x631fb332ec90 rank 1 nranks 2 cudaDev 0 busId 1e0 - Destroy COMPLETE
ip-10-231-1-43:56:56 [0] NCCL INFO comm 0x631fb3a813c0 rank 0 nranks 2 cudaDev 0 busId 1e0 - Destroy COMPLETE
ip-10-231-1-43:56:56 [0] NCCL INFO comm 0x631fbc2cee80 rank 0 nranks 2 cudaDev 0 busId 1e0 - Destroy COMPLETE
ip-10-231-1-43:56:56 [0] NCCL INFO comm 0x631fb2cca650 rank 0 nranks 2 cudaDev 0 busId 1e0 - Destroy COMPLETE
ip-10-231-1-43:56:56 [0] NCCL INFO comm 0x631fb34d6b00 rank 0 nranks 2 cudaDev 0 busId 1e0 - Destroy COMPLETE
ip-10-231-1-43:56:56 [0] NCCL INFO comm 0x631fbc0ab140 rank 0 nranks 2 cudaDev 0 busId 1e0 - Destroy COMPLETE
ip-10-231-1-43:56:56 [0] NCCL INFO comm 0x631fbc3f3c70 rank 0 nranks 2 cudaDev 0 busId 1e0 - Destroy COMPLETE
ip-10-231-1-43:56:56 [0] NCCL INFO comm 0x631fb2ab2cb0 rank 0 nranks 2 cudaDev 0 busId 1e0 - Destroy COMPLETE
ip-10-231-1-43:56:56 [0] NCCL INFO comm 0x631fb363f980 rank 0 nranks 2 cudaDev 0 busId 1e0 - Destroy COMPLETE
ip-10-231-1-43:56:56 [0] NCCL INFO ENV/Plugin: Closing env plugin ncclEnvDefault
