Warning: You are sending unauthenticated requests to the HF Hub. Please set a HF_TOKEN to enable higher rate limits and faster downloads.
Generating train split:   0%|          | 0/50000 [00:00<?, ? examples/s]Generating train split:  26%|██▌       | 12800/50000 [00:00<00:00, 95708.98 examples/s]Generating train split:  51%|█████     | 25600/50000 [00:00<00:00, 80282.61 examples/s]Generating train split: 100%|██████████| 50000/50000 [00:00<00:00, 135701.70 examples/s]Generating train split: 100%|██████████| 50000/50000 [00:00<00:00, 120846.71 examples/s]
Generating test split:   0%|          | 0/10000 [00:00<?, ? examples/s]Generating test split: 100%|██████████| 10000/10000 [00:00<00:00, 246883.51 examples/s]
[W909 10:02:13.503886728 Utils.hpp:166] Warning: Environment variable NCCL_BLOCKING_WAIT is deprecated; use TORCH_NCCL_BLOCKING_WAIT instead (function operator())
[W909 10:02:13.503913019 Utils.hpp:137] Warning: Environment variable NCCL_ASYNC_ERROR_HANDLING is deprecated; use TORCH_NCCL_ASYNC_ERROR_HANDLING instead (function operator())
[rank7]:[W909 10:02:18.623951680 ProcessGroupNCCL.cpp:4215] Warning: An unbatched P2P op (send/recv) was called on this ProcessGroup with size 16.  In lazy initialization mode, this will result in a new 2-rank NCCL communicator to be created. (function operator())
ip-10-233-4-98:56:56 [0] NCCL INFO ENV/Plugin: Could not find: libnccl-env.so
ip-10-233-4-98:56:56 [0] NCCL INFO NCCL_SOCKET_IFNAME set to ens5
ip-10-233-4-98:56:56 [0] NCCL INFO cudaDriverVersion 13020
ip-10-233-4-98:56:56 [0] NCCL INFO NCCL version 2.29.7+cuda13.2
ip-10-233-4-98:56:56 [0] NCCL INFO NCCL git version stable b81d6a5a3
ip-10-233-4-98:56:56 [0] NCCL INFO NET/Plugin: Could not find: libnccl-net.so
ip-10-233-4-98:56:56 [0] NCCL INFO transport/net_ib/init.cc:396 -> 3
ip-10-233-4-98:56:56 [0] NCCL INFO Failed to initialize NET plugin IB
ip-10-233-4-98:56:56 [0] NCCL INFO NET/Socket : Using [0]ens5:10.233.4.98<0>
ip-10-233-4-98:56:56 [0] NCCL INFO Initialized NET plugin Socket
ip-10-233-4-98:56:56 [0] NCCL INFO Could not get speed from /sys/class/net/ens5/speed. Defaulting to 10 Gbps.
ip-10-233-4-98:56:56 [0] NCCL INFO Assigned NET plugin Socket to comm
ip-10-233-4-98:56:56 [0] NCCL INFO GIN/Plugin: Could not find: libnccl-gin.so

[2026-09-09 10:02:18] ip-10-233-4-98:56:56 [0] misc/ibvwrap.cc:173 NCCL WARN lib wrapper not initialized.
ip-10-233-4-98:56:56 [0] NCCL INFO transport/net_ib/gdr.cc:56 -> 3
ip-10-233-4-98:56:56 [0] NCCL INFO Unable to use GIN: Peermem is not supported, nor DMA-BUF.
ip-10-233-4-98:56:56 [0] NCCL INFO Unable to use GIN: Peermem is not supported, nor DMA-BUF.
ip-10-233-4-98:56:56 [0] NCCL INFO Failed to initialize any GIN plugin
ip-10-233-4-98:56:56 [0] NCCL INFO Using network Socket
ip-10-233-4-98:56:56 [0] NCCL INFO [Rank 0] ncclCommInitRankConfig comm 0x60bce4f03590 rank 0 nranks 2 cudaDev 0 nvmlDev 0 busId 1e0 commId 0x15e6a437a378e694 - Init START
ip-10-233-4-98:56:56 [0] NCCL INFO RAS client listening socket at 127.0.0.1<28028>
ip-10-233-4-98:56:56 [0] NCCL INFO Topology detection : could not read /sys/devices/pci0000:00/0000:00:1e.0/../max_link_speed, ignoring
ip-10-233-4-98:56:56 [0] NCCL INFO Topology detection : could not read /sys/devices/pci0000:00/0000:00:1e.0/../max_link_width, ignoring
ip-10-233-4-98:56:56 [0] NCCL INFO Topology detection : could not read /sys/devices/system/node/node-1/cpumap, ignoring
ip-10-233-4-98:56:56 [0] NCCL INFO TOPO/NET : Importing network plugins to topology
ip-10-233-4-98:56:56 [0] NCCL INFO Could not get speed from /sys/class/net/ens5/speed. Defaulting to 10 Gbps.
ip-10-233-4-98:56:56 [0] NCCL INFO Topology detection : could not read /sys/devices/pci0000:00/0000:00:05.0/../max_link_speed, ignoring
ip-10-233-4-98:56:56 [0] NCCL INFO Topology detection : could not read /sys/devices/pci0000:00/0000:00:05.0/../max_link_width, ignoring
ip-10-233-4-98:56:56 [0] NCCL INFO Topology detection : could not read /sys/devices/system/node/node-1/cpumap, ignoring
ip-10-233-4-98:56:56 [0] NCCL INFO NET/Socket : GPU Direct RDMA Disabled for HCA 0 'ens5'
ip-10-233-4-98:56:56 [0] NCCL INFO ncclTopoPopulateNics : Filled ens5 in topo with pciPath=/sys/devices/pci0000:00/0000:00:05.0 net=1 gin=(null) keep=1 coll=(null)
ip-10-233-4-98:56:56 [0] NCCL INFO KV Convert to int : could not find value of 'Unknown' in dictionary, falling back to 60
ip-10-233-4-98:56:56 [0] NCCL INFO === System : maxBw 1.2 totalBw 24.0 ===
ip-10-233-4-98:56:56 [0] NCCL INFO CPU/0-ffffffffffffff (1/2/-1)
ip-10-233-4-98:56:56 [0] NCCL INFO + PCI[24.0] - GPU/0-1e0 (0)
ip-10-233-4-98:56:56 [0] NCCL INFO + PCI[12.0] - NIC/0-50
ip-10-233-4-98:56:56 [0] NCCL INFO               + NET[1.2] - NET/0-0 (0/0/0/1.250000)
ip-10-233-4-98:56:56 [0] NCCL INFO ==========================================
ip-10-233-4-98:56:56 [0] NCCL INFO GPU/0-1e0 :GPU/0-1e0 (0/5000.0/LOC) CPU/0-ffffffffffffff (1/24.0/PHB) NET/0-0 (3/1.2/PHB) 
ip-10-233-4-98:56:56 [0] NCCL INFO NET/0-0 :GPU/0-1e0 (3/1.2/PHB) CPU/0-ffffffffffffff (2/1.2/PHB) NET/0-0 (0/5000.0/LOC) 
ip-10-233-4-98:56:56 [0] NCCL INFO ncclTopoGetCpuAffinity: Affinity for GPU 0 is empty, ignoring. (GPU affinity =  ; CPU affinity = 0-3).
ip-10-233-4-98:56:56 [0] NCCL INFO Pattern 4, crossNic 0, nChannels 1, bw 1.200000/1.200000, type LOC/PHB, sameChannels 1
ip-10-233-4-98:56:56 [0] NCCL INFO  0 : NET/0-0 GPU/0-1e0 NET/0-0
ip-10-233-4-98:56:56 [0] NCCL INFO Pattern 3, crossNic 0, nChannels 1, bw 2.400000/1.200000, type LOC/PHB, sameChannels 1
ip-10-233-4-98:56:56 [0] NCCL INFO  0 : NET/0-0 GPU/0-1e0 NET/0-0
ip-10-233-4-98:56:56 [0] NCCL INFO Could not get speed from /sys/class/net/ens5/speed. Defaulting to 10 Gbps.
ip-10-233-4-98:56:56 [0] NCCL INFO comm 0x60bce4f03590 rank 0 nRanks 2 nNodes 2 localRanks 1 localRank 0 MNNVL 0
ip-10-233-4-98:56:56 [0] NCCL INFO Tree 0 : -1 -> 0 -> 1/-1/-1
ip-10-233-4-98:56:56 [0] NCCL INFO Tree 1 : 1 -> 0 -> -1/-1/-1
ip-10-233-4-98:56:56 [0] NCCL INFO Channel 00/02 : 0 1
ip-10-233-4-98:56:56 [0] NCCL INFO Channel 01/02 : 0 1
ip-10-233-4-98:56:56 [0] NCCL INFO Ring 00 : 1 -> 0 -> 1
ip-10-233-4-98:56:56 [0] NCCL INFO Ring 01 : 1 -> 0 -> 1
ip-10-233-4-98:56:56 [0] NCCL INFO Trees [0] 1/-1/-1->0->-1 [1] -1/-1/-1->0->1
ip-10-233-4-98:56:56 [0] NCCL INFO P2P Chunksize set to 131072
ip-10-233-4-98:56:56 [0] NCCL INFO PROFILER/Plugin: Could not find: libnccl-profiler.so
ip-10-233-4-98:56:56 [0] NCCL INFO Check P2P Type isAllDirectP2p 1 directMode 0 isAllCudaP2p 1
ip-10-233-4-98:56:56 [0] NCCL INFO ncclP2pSchedule: group size used is 1
ip-10-233-4-98:56:101 [0] NCCL INFO [Proxy Service] Device 0 CPU core 3
ip-10-233-4-98:56:102 [0] NCCL INFO [Proxy Service UDS] Device 0 CPU core 0
ip-10-233-4-98:56:56 [0] NCCL INFO TUNER/Plugin: Could not find: libnccl-tuner.so
ip-10-233-4-98:56:56 [0] NCCL INFO threadThresholds 8/8/64 | 16/8/64 | 512 | 512
ip-10-233-4-98:56:56 [0] NCCL INFO 2 coll channels, 2 collnet channels, 0 nvls channels, 2 p2p channels, 1 p2p channels per peer
ip-10-233-4-98:56:56 [0] NCCL INFO Symmetric VA size=24GB
ip-10-233-4-98:56:56 [0] NCCL INFO Symmetric memory is not supported. cuMemEnable 1, globalGinSupport 0, globalNicFused 0 cuMemGdrSupport 1
ip-10-233-4-98:56:56 [0] NCCL INFO CC Off, workFifoBytes 1048576
ip-10-233-4-98:56:56 [0] NCCL INFO ncclCommInitRankConfig comm 0x60bce4f03590 rank 0 nranks 2 cudaDev 0 nvmlDev 0 busId 1e0 commId 0x15e6a437a378e694 - Init COMPLETE
ip-10-233-4-98:56:56 [0] NCCL INFO Init timings - ncclCommInitRankConfig: rank 0 nranks 2 total 18.30 (kernels 0.16, alloc 0.02, bootstrap 17.70, allgathers 0.40, topo 0.00, graphs 0.00, connections 0.00, rest 0.00)
ip-10-233-4-98:56:101 [0] NCCL INFO New proxy send connection 0 from local rank 0, transport 2
ip-10-233-4-98:56:103 [0] NCCL INFO [Proxy Progress] Device 0 CPU core 1
ip-10-233-4-98:56:56 [0] NCCL INFO Connected to proxy localRank 0 -> connection 0x768edc004fa0
ip-10-233-4-98:56:101 [0] NCCL INFO Could not get speed from /sys/class/net/ens5/speed. Defaulting to 10 Gbps.
ip-10-233-4-98:56:56 [0] NCCL INFO Channel 01/1 : 0[0] -> 1[0] [send] via NET/Socket/0/Shared
[rank7]:[W909 10:02:47.257637459 ProcessGroupNCCL.cpp:4215] Warning: An unbatched P2P op (send/recv) was called on this ProcessGroup with size 16.  In lazy initialization mode, this will result in a new 2-rank NCCL communicator to be created. (function operator())
ip-10-233-4-98:56:101 [0] NCCL INFO New proxy recv connection 1 from local rank 0, transport 2
ip-10-233-4-98:56:56 [0] NCCL INFO Connected to proxy localRank 0 -> connection 0x768edc005028
ip-10-233-4-98:56:101 [0] NCCL INFO Could not get speed from /sys/class/net/ens5/speed. Defaulting to 10 Gbps.
ip-10-233-4-98:56:101 [0] NCCL INFO NET/Socket: Using 2 threads and 8 sockets per thread
ip-10-233-4-98:56:56 [0] NCCL INFO Channel 01/1 : 1[0] -> 0[0] [receive] via NET/Socket/0/Shared
ip-10-233-4-98:56:56 [0] NCCL INFO Initialized NET plugin Socket
ip-10-233-4-98:56:56 [0] NCCL INFO Could not get speed from /sys/class/net/ens5/speed. Defaulting to 10 Gbps.
ip-10-233-4-98:56:56 [0] NCCL INFO Assigned NET plugin Socket to comm
ip-10-233-4-98:56:56 [0] NCCL INFO Failed to initialize any GIN plugin
ip-10-233-4-98:56:56 [0] NCCL INFO Using network Socket
ip-10-233-4-98:56:56 [0] NCCL INFO [Rank 7] ncclCommInitRankConfig comm 0x60bce907a050 rank 7 nranks 16 cudaDev 0 nvmlDev 0 busId 1e0 commId 0xb52e73f562d9812f - Init START
ip-10-233-4-98:56:56 [0] NCCL INFO Topology detection : could not read /sys/devices/pci0000:00/0000:00:1e.0/../max_link_speed, ignoring
ip-10-233-4-98:56:56 [0] NCCL INFO Topology detection : could not read /sys/devices/pci0000:00/0000:00:1e.0/../max_link_width, ignoring
ip-10-233-4-98:56:56 [0] NCCL INFO Topology detection : could not read /sys/devices/system/node/node-1/cpumap, ignoring
ip-10-233-4-98:56:56 [0] NCCL INFO TOPO/NET : Importing network plugins to topology
ip-10-233-4-98:56:56 [0] NCCL INFO Could not get speed from /sys/class/net/ens5/speed. Defaulting to 10 Gbps.
ip-10-233-4-98:56:56 [0] NCCL INFO Topology detection : could not read /sys/devices/pci0000:00/0000:00:05.0/../max_link_speed, ignoring
ip-10-233-4-98:56:56 [0] NCCL INFO Topology detection : could not read /sys/devices/pci0000:00/0000:00:05.0/../max_link_width, ignoring
ip-10-233-4-98:56:56 [0] NCCL INFO Topology detection : could not read /sys/devices/system/node/node-1/cpumap, ignoring
ip-10-233-4-98:56:56 [0] NCCL INFO NET/Socket : GPU Direct RDMA Disabled for HCA 0 'ens5'
ip-10-233-4-98:56:56 [0] NCCL INFO ncclTopoPopulateNics : Filled ens5 in topo with pciPath=/sys/devices/pci0000:00/0000:00:05.0 net=1 gin=(null) keep=1 coll=(null)
ip-10-233-4-98:56:56 [0] NCCL INFO KV Convert to int : could not find value of 'Unknown' in dictionary, falling back to 60
ip-10-233-4-98:56:56 [0] NCCL INFO === System : maxBw 1.2 totalBw 24.0 ===
ip-10-233-4-98:56:56 [0] NCCL INFO CPU/0-ffffffffffffff (1/2/-1)
ip-10-233-4-98:56:56 [0] NCCL INFO + PCI[24.0] - GPU/0-1e0 (7)
ip-10-233-4-98:56:56 [0] NCCL INFO + PCI[12.0] - NIC/0-50
ip-10-233-4-98:56:56 [0] NCCL INFO               + NET[1.2] - NET/0-0 (0/0/0/1.250000)
ip-10-233-4-98:56:56 [0] NCCL INFO ==========================================
ip-10-233-4-98:56:56 [0] NCCL INFO GPU/0-1e0 :GPU/0-1e0 (0/5000.0/LOC) CPU/0-ffffffffffffff (1/24.0/PHB) NET/0-0 (3/1.2/PHB) 
ip-10-233-4-98:56:56 [0] NCCL INFO NET/0-0 :GPU/0-1e0 (3/1.2/PHB) CPU/0-ffffffffffffff (2/1.2/PHB) NET/0-0 (0/5000.0/LOC) 
ip-10-233-4-98:56:56 [0] NCCL INFO ncclTopoGetCpuAffinity: Affinity for GPU 0 is empty, ignoring. (GPU affinity =  ; CPU affinity = 0-3).
ip-10-233-4-98:56:56 [0] NCCL INFO Pattern 4, crossNic 0, nChannels 1, bw 1.200000/1.200000, type LOC/PHB, sameChannels 1
ip-10-233-4-98:56:56 [0] NCCL INFO  0 : NET/0-0 GPU/0-1e0 NET/0-0
ip-10-233-4-98:56:56 [0] NCCL INFO Pattern 3, crossNic 0, nChannels 1, bw 2.400000/1.200000, type LOC/PHB, sameChannels 1
ip-10-233-4-98:56:56 [0] NCCL INFO  0 : NET/0-0 GPU/0-1e0 NET/0-0
ip-10-233-4-98:56:56 [0] NCCL INFO Could not get speed from /sys/class/net/ens5/speed. Defaulting to 10 Gbps.
ip-10-233-4-98:56:56 [0] NCCL INFO comm 0x60bce907a050 rank 7 nRanks 16 nNodes 16 localRanks 1 localRank 0 MNNVL 0
ip-10-233-4-98:56:56 [0] NCCL INFO Tree 0 : 6 -> 7 -> -1/-1/-1
ip-10-233-4-98:56:56 [0] NCCL INFO Tree 1 : 15 -> 7 -> 11/3/-1
ip-10-233-4-98:56:56 [0] NCCL INFO Ring 00 : 6 -> 7 -> 8
ip-10-233-4-98:56:56 [0] NCCL INFO Ring 01 : 6 -> 7 -> 8
ip-10-233-4-98:56:56 [0] NCCL INFO Trees [0] -1/-1/-1->7->6 [1] 11/3/-1->7->15
ip-10-233-4-98:56:56 [0] NCCL INFO P2P Chunksize set to 131072
ip-10-233-4-98:56:56 [0] NCCL INFO Check P2P Type isAllDirectP2p 1 directMode 0 isAllCudaP2p 1
ip-10-233-4-98:56:56 [0] NCCL INFO ncclP2pSchedule: group size used is 1
ip-10-233-4-98:56:108 [0] NCCL INFO [Proxy Service] Device 0 CPU core 2
ip-10-233-4-98:56:109 [0] NCCL INFO [Proxy Service UDS] Device 0 CPU core 2
ip-10-233-4-98:56:56 [0] NCCL INFO threadThresholds 8/8/64 | 128/8/64 | 512 | 512
ip-10-233-4-98:56:56 [0] NCCL INFO 2 coll channels, 2 collnet channels, 0 nvls channels, 2 p2p channels, 1 p2p channels per peer
ip-10-233-4-98:56:56 [0] NCCL INFO Symmetric VA size=24GB
ip-10-233-4-98:56:56 [0] NCCL INFO Symmetric memory is not supported. cuMemEnable 1, globalGinSupport 0, globalNicFused 0 cuMemGdrSupport 1
ip-10-233-4-98:56:56 [0] NCCL INFO ncclCommInitRankConfig comm 0x60bce907a050 rank 7 nranks 16 cudaDev 0 nvmlDev 0 busId 1e0 commId 0xb52e73f562d9812f - Init COMPLETE
ip-10-233-4-98:56:56 [0] NCCL INFO Init timings - ncclCommInitRankConfig: rank 7 nranks 16 total 3.90 (kernels 0.00, alloc 0.00, bootstrap 1.07, allgathers 2.83, topo 0.00, graphs 0.00, connections 0.00, rest 0.00)
ip-10-233-4-98:56:108 [0] NCCL INFO New proxy recv connection 0 from local rank 0, transport 2
ip-10-233-4-98:56:110 [0] NCCL INFO [Proxy Progress] Device 0 CPU core 0
ip-10-233-4-98:56:56 [0] NCCL INFO Connected to proxy localRank 0 -> connection 0x768ea8004f70
ip-10-233-4-98:56:108 [0] NCCL INFO Could not get speed from /sys/class/net/ens5/speed. Defaulting to 10 Gbps.
ip-10-233-4-98:56:108 [0] NCCL INFO NET/Socket: Using 2 threads and 8 sockets per thread
ip-10-233-4-98:56:56 [0] NCCL INFO Channel 00/0 : 6[0] -> 7[0] [receive] via NET/Socket/0
ip-10-233-4-98:56:108 [0] NCCL INFO New proxy recv connection 1 from local rank 0, transport 2
ip-10-233-4-98:56:56 [0] NCCL INFO Connected to proxy localRank 0 -> connection 0x768ea8004ff8
ip-10-233-4-98:56:108 [0] NCCL INFO Could not get speed from /sys/class/net/ens5/speed. Defaulting to 10 Gbps.
ip-10-233-4-98:56:108 [0] NCCL INFO NET/Socket: Using 2 threads and 8 sockets per thread
ip-10-233-4-98:56:56 [0] NCCL INFO Channel 01/0 : 3[0] -> 7[0] [receive] via NET/Socket/0
ip-10-233-4-98:56:108 [0] NCCL INFO New proxy send connection 2 from local rank 0, transport 2
ip-10-233-4-98:56:56 [0] NCCL INFO Connected to proxy localRank 0 -> connection 0x768ea8005080
ip-10-233-4-98:56:108 [0] NCCL INFO Could not get speed from /sys/class/net/ens5/speed. Defaulting to 10 Gbps.
ip-10-233-4-98:56:56 [0] NCCL INFO Channel 01/0 : 7[0] -> 11[0] [send] via NET/Socket/0
ip-10-233-4-98:56:108 [0] NCCL INFO New proxy recv connection 3 from local rank 0, transport 2
ip-10-233-4-98:56:56 [0] NCCL INFO Connected to proxy localRank 0 -> connection 0x768ea8005108
ip-10-233-4-98:56:108 [0] NCCL INFO Could not get speed from /sys/class/net/ens5/speed. Defaulting to 10 Gbps.
ip-10-233-4-98:56:108 [0] NCCL INFO NET/Socket: Using 2 threads and 8 sockets per thread
ip-10-233-4-98:56:56 [0] NCCL INFO Channel 01/0 : 15[0] -> 7[0] [receive] via NET/Socket/0
ip-10-233-4-98:56:108 [0] NCCL INFO New proxy send connection 4 from local rank 0, transport 2
ip-10-233-4-98:56:56 [0] NCCL INFO Connected to proxy localRank 0 -> connection 0x768ea8005190
ip-10-233-4-98:56:108 [0] NCCL INFO Could not get speed from /sys/class/net/ens5/speed. Defaulting to 10 Gbps.
ip-10-233-4-98:56:56 [0] NCCL INFO Channel 01/0 : 7[0] -> 15[0] [send] via NET/Socket/0
ip-10-233-4-98:56:108 [0] NCCL INFO New proxy recv connection 5 from local rank 0, transport 2
ip-10-233-4-98:56:56 [0] NCCL INFO Connected to proxy localRank 0 -> connection 0x768ea8005218
ip-10-233-4-98:56:108 [0] NCCL INFO Could not get speed from /sys/class/net/ens5/speed. Defaulting to 10 Gbps.
ip-10-233-4-98:56:108 [0] NCCL INFO NET/Socket: Using 2 threads and 8 sockets per thread
ip-10-233-4-98:56:56 [0] NCCL INFO Channel 01/0 : 11[0] -> 7[0] [receive] via NET/Socket/0
ip-10-233-4-98:56:108 [0] NCCL INFO New proxy send connection 6 from local rank 0, transport 2
ip-10-233-4-98:56:56 [0] NCCL INFO Connected to proxy localRank 0 -> connection 0x768ea80052a0
ip-10-233-4-98:56:108 [0] NCCL INFO Could not get speed from /sys/class/net/ens5/speed. Defaulting to 10 Gbps.
ip-10-233-4-98:56:56 [0] NCCL INFO Channel 01/0 : 7[0] -> 3[0] [send] via NET/Socket/0
ip-10-233-4-98:56:108 [0] NCCL INFO New proxy send connection 7 from local rank 0, transport 2
ip-10-233-4-98:56:56 [0] NCCL INFO Connected to proxy localRank 0 -> connection 0x768ea8005328
ip-10-233-4-98:56:108 [0] NCCL INFO Could not get speed from /sys/class/net/ens5/speed. Defaulting to 10 Gbps.
ip-10-233-4-98:56:56 [0] NCCL INFO Channel 00/0 : 7[0] -> 6[0] [send] via NET/Socket/0
ip-10-233-4-98:56:56 [0] NCCL INFO Connected all trees
ip-10-233-4-98:56:56 [0] NCCL INFO Initialized NET plugin Socket
ip-10-233-4-98:56:56 [0] NCCL INFO Could not get speed from /sys/class/net/ens5/speed. Defaulting to 10 Gbps.
ip-10-233-4-98:56:56 [0] NCCL INFO Assigned NET plugin Socket to comm
ip-10-233-4-98:56:56 [0] NCCL INFO Failed to initialize any GIN plugin
ip-10-233-4-98:56:56 [0] NCCL INFO Using network Socket
ip-10-233-4-98:56:56 [0] NCCL INFO [Rank 1] ncclCommInitRankConfig comm 0x60bce93db130 rank 1 nranks 2 cudaDev 0 nvmlDev 0 busId 1e0 commId 0x1034184347501830 - Init START
ip-10-233-4-98:56:56 [0] NCCL INFO Topology detection : could not read /sys/devices/pci0000:00/0000:00:1e.0/../max_link_speed, ignoring
ip-10-233-4-98:56:56 [0] NCCL INFO Topology detection : could not read /sys/devices/pci0000:00/0000:00:1e.0/../max_link_width, ignoring
ip-10-233-4-98:56:56 [0] NCCL INFO Topology detection : could not read /sys/devices/system/node/node-1/cpumap, ignoring
ip-10-233-4-98:56:56 [0] NCCL INFO TOPO/NET : Importing network plugins to topology
ip-10-233-4-98:56:56 [0] NCCL INFO Could not get speed from /sys/class/net/ens5/speed. Defaulting to 10 Gbps.
ip-10-233-4-98:56:56 [0] NCCL INFO Topology detection : could not read /sys/devices/pci0000:00/0000:00:05.0/../max_link_speed, ignoring
ip-10-233-4-98:56:56 [0] NCCL INFO Topology detection : could not read /sys/devices/pci0000:00/0000:00:05.0/../max_link_width, ignoring
ip-10-233-4-98:56:56 [0] NCCL INFO Topology detection : could not read /sys/devices/system/node/node-1/cpumap, ignoring
ip-10-233-4-98:56:56 [0] NCCL INFO NET/Socket : GPU Direct RDMA Disabled for HCA 0 'ens5'
ip-10-233-4-98:56:56 [0] NCCL INFO ncclTopoPopulateNics : Filled ens5 in topo with pciPath=/sys/devices/pci0000:00/0000:00:05.0 net=1 gin=(null) keep=1 coll=(null)
ip-10-233-4-98:56:56 [0] NCCL INFO KV Convert to int : could not find value of 'Unknown' in dictionary, falling back to 60
ip-10-233-4-98:56:56 [0] NCCL INFO === System : maxBw 1.2 totalBw 24.0 ===
ip-10-233-4-98:56:56 [0] NCCL INFO CPU/0-ffffffffffffff (1/2/-1)
ip-10-233-4-98:56:56 [0] NCCL INFO + PCI[24.0] - GPU/0-1e0 (1)
ip-10-233-4-98:56:56 [0] NCCL INFO + PCI[12.0] - NIC/0-50
ip-10-233-4-98:56:56 [0] NCCL INFO               + NET[1.2] - NET/0-0 (0/0/0/1.250000)
ip-10-233-4-98:56:56 [0] NCCL INFO ==========================================
ip-10-233-4-98:56:56 [0] NCCL INFO GPU/0-1e0 :GPU/0-1e0 (0/5000.0/LOC) CPU/0-ffffffffffffff (1/24.0/PHB) NET/0-0 (3/1.2/PHB) 
ip-10-233-4-98:56:56 [0] NCCL INFO NET/0-0 :GPU/0-1e0 (3/1.2/PHB) CPU/0-ffffffffffffff (2/1.2/PHB) NET/0-0 (0/5000.0/LOC) 
ip-10-233-4-98:56:56 [0] NCCL INFO ncclTopoGetCpuAffinity: Affinity for GPU 0 is empty, ignoring. (GPU affinity =  ; CPU affinity = 0-3).
ip-10-233-4-98:56:56 [0] NCCL INFO Pattern 4, crossNic 0, nChannels 1, bw 1.200000/1.200000, type LOC/PHB, sameChannels 1
ip-10-233-4-98:56:56 [0] NCCL INFO  0 : NET/0-0 GPU/0-1e0 NET/0-0
ip-10-233-4-98:56:56 [0] NCCL INFO Pattern 3, crossNic 0, nChannels 1, bw 2.400000/1.200000, type LOC/PHB, sameChannels 1
ip-10-233-4-98:56:56 [0] NCCL INFO  0 : NET/0-0 GPU/0-1e0 NET/0-0
ip-10-233-4-98:56:56 [0] NCCL INFO Could not get speed from /sys/class/net/ens5/speed. Defaulting to 10 Gbps.
ip-10-233-4-98:56:56 [0] NCCL INFO comm 0x60bce93db130 rank 1 nRanks 2 nNodes 2 localRanks 1 localRank 0 MNNVL 0
ip-10-233-4-98:56:56 [0] NCCL INFO Tree 0 : 0 -> 1 -> -1/-1/-1
ip-10-233-4-98:56:56 [0] NCCL INFO Tree 1 : -1 -> 1 -> 0/-1/-1
ip-10-233-4-98:56:56 [0] NCCL INFO Ring 00 : 0 -> 1 -> 0
ip-10-233-4-98:56:56 [0] NCCL INFO Ring 01 : 0 -> 1 -> 0
ip-10-233-4-98:56:56 [0] NCCL INFO Trees [0] -1/-1/-1->1->0 [1] 0/-1/-1->1->-1
ip-10-233-4-98:56:56 [0] NCCL INFO P2P Chunksize set to 131072
ip-10-233-4-98:56:56 [0] NCCL INFO Check P2P Type isAllDirectP2p 1 directMode 0 isAllCudaP2p 1
ip-10-233-4-98:56:56 [0] NCCL INFO ncclP2pSchedule: group size used is 1
ip-10-233-4-98:56:111 [0] NCCL INFO [Proxy Service] Device 0 CPU core 2
ip-10-233-4-98:56:112 [0] NCCL INFO [Proxy Service UDS] Device 0 CPU core 3
ip-10-233-4-98:56:56 [0] NCCL INFO threadThresholds 8/8/64 | 16/8/64 | 512 | 512
ip-10-233-4-98:56:56 [0] NCCL INFO 2 coll channels, 2 collnet channels, 0 nvls channels, 2 p2p channels, 1 p2p channels per peer
ip-10-233-4-98:56:56 [0] NCCL INFO Symmetric VA size=24GB
ip-10-233-4-98:56:56 [0] NCCL INFO Symmetric memory is not supported. cuMemEnable 1, globalGinSupport 0, globalNicFused 0 cuMemGdrSupport 1
ip-10-233-4-98:56:56 [0] NCCL INFO ncclCommInitRankConfig comm 0x60bce93db130 rank 1 nranks 2 cudaDev 0 nvmlDev 0 busId 1e0 commId 0x1034184347501830 - Init COMPLETE
ip-10-233-4-98:56:56 [0] NCCL INFO Init timings - ncclCommInitRankConfig: rank 1 nranks 2 total 0.64 (kernels 0.00, alloc 0.00, bootstrap 0.45, allgathers 0.18, topo 0.01, graphs 0.00, connections 0.00, rest 0.00)
ip-10-233-4-98:56:111 [0] NCCL INFO New proxy recv connection 0 from local rank 0, transport 2
ip-10-233-4-98:56:113 [0] NCCL INFO [Proxy Progress] Device 0 CPU core 0
ip-10-233-4-98:56:56 [0] NCCL INFO Connected to proxy localRank 0 -> connection 0x768e7c004f70
ip-10-233-4-98:56:111 [0] NCCL INFO Could not get speed from /sys/class/net/ens5/speed. Defaulting to 10 Gbps.
ip-10-233-4-98:56:111 [0] NCCL INFO NET/Socket: Using 2 threads and 8 sockets per thread
ip-10-233-4-98:56:56 [0] NCCL INFO Channel 01/1 : 0[0] -> 1[0] [receive] via NET/Socket/0/Shared
ip-10-233-4-98:56:111 [0] NCCL INFO New proxy send connection 1 from local rank 0, transport 2
ip-10-233-4-98:56:56 [0] NCCL INFO Connected to proxy localRank 0 -> connection 0x768e7c004ff8
ip-10-233-4-98:56:111 [0] NCCL INFO Could not get speed from /sys/class/net/ens5/speed. Defaulting to 10 Gbps.
ip-10-233-4-98:56:56 [0] NCCL INFO Channel 01/1 : 1[0] -> 0[0] [send] via NET/Socket/0/Shared
ip-10-233-4-98:56:56 [0] NCCL INFO Initialized NET plugin Socket
ip-10-233-4-98:56:56 [0] NCCL INFO Could not get speed from /sys/class/net/ens5/speed. Defaulting to 10 Gbps.
ip-10-233-4-98:56:56 [0] NCCL INFO Assigned NET plugin Socket to comm
ip-10-233-4-98:56:56 [0] NCCL INFO Failed to initialize any GIN plugin
ip-10-233-4-98:56:56 [0] NCCL INFO Using network Socket
ip-10-233-4-98:56:56 [0] NCCL INFO [Rank 0] ncclCommInitRankConfig comm 0x60bce96200f0 rank 0 nranks 2 cudaDev 0 nvmlDev 0 busId 1e0 commId 0xd842c2179047352a - Init START
ip-10-233-4-98:56:56 [0] NCCL INFO Topology detection : could not read /sys/devices/pci0000:00/0000:00:1e.0/../max_link_speed, ignoring
ip-10-233-4-98:56:56 [0] NCCL INFO Topology detection : could not read /sys/devices/pci0000:00/0000:00:1e.0/../max_link_width, ignoring
ip-10-233-4-98:56:56 [0] NCCL INFO Topology detection : could not read /sys/devices/system/node/node-1/cpumap, ignoring
ip-10-233-4-98:56:56 [0] NCCL INFO TOPO/NET : Importing network plugins to topology
ip-10-233-4-98:56:56 [0] NCCL INFO Could not get speed from /sys/class/net/ens5/speed. Defaulting to 10 Gbps.
ip-10-233-4-98:56:56 [0] NCCL INFO Topology detection : could not read /sys/devices/pci0000:00/0000:00:05.0/../max_link_speed, ignoring
ip-10-233-4-98:56:56 [0] NCCL INFO Topology detection : could not read /sys/devices/pci0000:00/0000:00:05.0/../max_link_width, ignoring
ip-10-233-4-98:56:56 [0] NCCL INFO Topology detection : could not read /sys/devices/system/node/node-1/cpumap, ignoring
ip-10-233-4-98:56:56 [0] NCCL INFO NET/Socket : GPU Direct RDMA Disabled for HCA 0 'ens5'
ip-10-233-4-98:56:56 [0] NCCL INFO ncclTopoPopulateNics : Filled ens5 in topo with pciPath=/sys/devices/pci0000:00/0000:00:05.0 net=1 gin=(null) keep=1 coll=(null)
ip-10-233-4-98:56:56 [0] NCCL INFO KV Convert to int : could not find value of 'Unknown' in dictionary, falling back to 60
ip-10-233-4-98:56:56 [0] NCCL INFO === System : maxBw 1.2 totalBw 24.0 ===
ip-10-233-4-98:56:56 [0] NCCL INFO CPU/0-ffffffffffffff (1/2/-1)
ip-10-233-4-98:56:56 [0] NCCL INFO + PCI[24.0] - GPU/0-1e0 (0)
ip-10-233-4-98:56:56 [0] NCCL INFO + PCI[12.0] - NIC/0-50
ip-10-233-4-98:56:56 [0] NCCL INFO               + NET[1.2] - NET/0-0 (0/0/0/1.250000)
ip-10-233-4-98:56:56 [0] NCCL INFO ==========================================
ip-10-233-4-98:56:56 [0] NCCL INFO GPU/0-1e0 :GPU/0-1e0 (0/5000.0/LOC) CPU/0-ffffffffffffff (1/24.0/PHB) NET/0-0 (3/1.2/PHB) 
ip-10-233-4-98:56:56 [0] NCCL INFO NET/0-0 :GPU/0-1e0 (3/1.2/PHB) CPU/0-ffffffffffffff (2/1.2/PHB) NET/0-0 (0/5000.0/LOC) 
ip-10-233-4-98:56:56 [0] NCCL INFO ncclTopoGetCpuAffinity: Affinity for GPU 0 is empty, ignoring. (GPU affinity =  ; CPU affinity = 0-3).
ip-10-233-4-98:56:56 [0] NCCL INFO Pattern 4, crossNic 0, nChannels 1, bw 1.200000/1.200000, type LOC/PHB, sameChannels 1
ip-10-233-4-98:56:56 [0] NCCL INFO  0 : NET/0-0 GPU/0-1e0 NET/0-0
ip-10-233-4-98:56:56 [0] NCCL INFO Pattern 3, crossNic 0, nChannels 1, bw 2.400000/1.200000, type LOC/PHB, sameChannels 1
ip-10-233-4-98:56:56 [0] NCCL INFO  0 : NET/0-0 GPU/0-1e0 NET/0-0
ip-10-233-4-98:56:56 [0] NCCL INFO Could not get speed from /sys/class/net/ens5/speed. Defaulting to 10 Gbps.
ip-10-233-4-98:56:56 [0] NCCL INFO comm 0x60bce96200f0 rank 0 nRanks 2 nNodes 2 localRanks 1 localRank 0 MNNVL 0
ip-10-233-4-98:56:56 [0] NCCL INFO Tree 0 : -1 -> 0 -> 1/-1/-1
ip-10-233-4-98:56:56 [0] NCCL INFO Tree 1 : 1 -> 0 -> -1/-1/-1
ip-10-233-4-98:56:56 [0] NCCL INFO Channel 00/02 : 0 1
ip-10-233-4-98:56:56 [0] NCCL INFO Channel 01/02 : 0 1
ip-10-233-4-98:56:56 [0] NCCL INFO Ring 00 : 1 -> 0 -> 1
ip-10-233-4-98:56:56 [0] NCCL INFO Ring 01 : 1 -> 0 -> 1
ip-10-233-4-98:56:56 [0] NCCL INFO Trees [0] 1/-1/-1->0->-1 [1] -1/-1/-1->0->1
ip-10-233-4-98:56:56 [0] NCCL INFO P2P Chunksize set to 131072
ip-10-233-4-98:56:56 [0] NCCL INFO Check P2P Type isAllDirectP2p 1 directMode 0 isAllCudaP2p 1
ip-10-233-4-98:56:119 [0] NCCL INFO [Proxy Service] Device 0 CPU core 1
ip-10-233-4-98:56:56 [0] NCCL INFO ncclP2pSchedule: group size used is 1
ip-10-233-4-98:56:120 [0] NCCL INFO [Proxy Service UDS] Device 0 CPU core 2
ip-10-233-4-98:56:56 [0] NCCL INFO threadThresholds 8/8/64 | 16/8/64 | 512 | 512
ip-10-233-4-98:56:56 [0] NCCL INFO 2 coll channels, 2 collnet channels, 0 nvls channels, 2 p2p channels, 1 p2p channels per peer
ip-10-233-4-98:56:56 [0] NCCL INFO Symmetric VA size=24GB
ip-10-233-4-98:56:56 [0] NCCL INFO Symmetric memory is not supported. cuMemEnable 1, globalGinSupport 0, globalNicFused 0 cuMemGdrSupport 1
ip-10-233-4-98:56:56 [0] NCCL INFO CC Off, workFifoBytes 1048576
ip-10-233-4-98:56:56 [0] NCCL INFO ncclCommInitRankConfig comm 0x60bce96200f0 rank 0 nranks 2 cudaDev 0 nvmlDev 0 busId 1e0 commId 0xd842c2179047352a - Init COMPLETE
ip-10-233-4-98:56:56 [0] NCCL INFO Init timings - ncclCommInitRankConfig: rank 0 nranks 2 total 1.74 (kernels 0.00, alloc 0.00, bootstrap 1.33, allgathers 0.40, topo 0.00, graphs 0.00, connections 0.00, rest 0.00)
ip-10-233-4-98:56:119 [0] NCCL INFO New proxy send connection 0 from local rank 0, transport 2
ip-10-233-4-98:56:121 [0] NCCL INFO [Proxy Progress] Device 0 CPU core 2
ip-10-233-4-98:56:56 [0] NCCL INFO Connected to proxy localRank 0 -> connection 0x768e68004f70
ip-10-233-4-98:56:119 [0] NCCL INFO Could not get speed from /sys/class/net/ens5/speed. Defaulting to 10 Gbps.
ip-10-233-4-98:56:56 [0] NCCL INFO Channel 01/1 : 0[0] -> 1[0] [send] via NET/Socket/0/Shared
ip-10-233-4-98:56:119 [0] NCCL INFO New proxy recv connection 1 from local rank 0, transport 2
ip-10-233-4-98:56:56 [0] NCCL INFO Connected to proxy localRank 0 -> connection 0x768e68004ff8
ip-10-233-4-98:56:119 [0] NCCL INFO Could not get speed from /sys/class/net/ens5/speed. Defaulting to 10 Gbps.
ip-10-233-4-98:56:119 [0] NCCL INFO NET/Socket: Using 2 threads and 8 sockets per thread
ip-10-233-4-98:56:56 [0] NCCL INFO Channel 01/1 : 1[0] -> 0[0] [receive] via NET/Socket/0/Shared
ip-10-233-4-98:56:56 [0] NCCL INFO Initialized NET plugin Socket
ip-10-233-4-98:56:56 [0] NCCL INFO Could not get speed from /sys/class/net/ens5/speed. Defaulting to 10 Gbps.
ip-10-233-4-98:56:56 [0] NCCL INFO Assigned NET plugin Socket to comm
ip-10-233-4-98:56:56 [0] NCCL INFO Failed to initialize any GIN plugin
ip-10-233-4-98:56:56 [0] NCCL INFO Using network Socket
ip-10-233-4-98:56:56 [0] NCCL INFO [Rank 0] ncclCommInitRankConfig comm 0x60bce97fff00 rank 0 nranks 2 cudaDev 0 nvmlDev 0 busId 1e0 commId 0x515f37dd107db220 - Init START
ip-10-233-4-98:56:56 [0] NCCL INFO Topology detection : could not read /sys/devices/pci0000:00/0000:00:1e.0/../max_link_speed, ignoring
ip-10-233-4-98:56:56 [0] NCCL INFO Topology detection : could not read /sys/devices/pci0000:00/0000:00:1e.0/../max_link_width, ignoring
ip-10-233-4-98:56:56 [0] NCCL INFO Topology detection : could not read /sys/devices/system/node/node-1/cpumap, ignoring
ip-10-233-4-98:56:56 [0] NCCL INFO TOPO/NET : Importing network plugins to topology
ip-10-233-4-98:56:56 [0] NCCL INFO Could not get speed from /sys/class/net/ens5/speed. Defaulting to 10 Gbps.
ip-10-233-4-98:56:56 [0] NCCL INFO Topology detection : could not read /sys/devices/pci0000:00/0000:00:05.0/../max_link_speed, ignoring
ip-10-233-4-98:56:56 [0] NCCL INFO Topology detection : could not read /sys/devices/pci0000:00/0000:00:05.0/../max_link_width, ignoring
ip-10-233-4-98:56:56 [0] NCCL INFO Topology detection : could not read /sys/devices/system/node/node-1/cpumap, ignoring
ip-10-233-4-98:56:56 [0] NCCL INFO NET/Socket : GPU Direct RDMA Disabled for HCA 0 'ens5'
ip-10-233-4-98:56:56 [0] NCCL INFO ncclTopoPopulateNics : Filled ens5 in topo with pciPath=/sys/devices/pci0000:00/0000:00:05.0 net=1 gin=(null) keep=1 coll=(null)
ip-10-233-4-98:56:56 [0] NCCL INFO KV Convert to int : could not find value of 'Unknown' in dictionary, falling back to 60
ip-10-233-4-98:56:56 [0] NCCL INFO === System : maxBw 1.2 totalBw 24.0 ===
ip-10-233-4-98:56:56 [0] NCCL INFO CPU/0-ffffffffffffff (1/2/-1)
ip-10-233-4-98:56:56 [0] NCCL INFO + PCI[24.0] - GPU/0-1e0 (0)
ip-10-233-4-98:56:56 [0] NCCL INFO + PCI[12.0] - NIC/0-50
ip-10-233-4-98:56:56 [0] NCCL INFO               + NET[1.2] - NET/0-0 (0/0/0/1.250000)
ip-10-233-4-98:56:56 [0] NCCL INFO ==========================================
ip-10-233-4-98:56:56 [0] NCCL INFO GPU/0-1e0 :GPU/0-1e0 (0/5000.0/LOC) CPU/0-ffffffffffffff (1/24.0/PHB) NET/0-0 (3/1.2/PHB) 
ip-10-233-4-98:56:56 [0] NCCL INFO NET/0-0 :GPU/0-1e0 (3/1.2/PHB) CPU/0-ffffffffffffff (2/1.2/PHB) NET/0-0 (0/5000.0/LOC) 
ip-10-233-4-98:56:56 [0] NCCL INFO ncclTopoGetCpuAffinity: Affinity for GPU 0 is empty, ignoring. (GPU affinity =  ; CPU affinity = 0-3).
ip-10-233-4-98:56:56 [0] NCCL INFO Pattern 4, crossNic 0, nChannels 1, bw 1.200000/1.200000, type LOC/PHB, sameChannels 1
ip-10-233-4-98:56:56 [0] NCCL INFO  0 : NET/0-0 GPU/0-1e0 NET/0-0
ip-10-233-4-98:56:56 [0] NCCL INFO Pattern 3, crossNic 0, nChannels 1, bw 2.400000/1.200000, type LOC/PHB, sameChannels 1
ip-10-233-4-98:56:56 [0] NCCL INFO  0 : NET/0-0 GPU/0-1e0 NET/0-0
ip-10-233-4-98:56:56 [0] NCCL INFO Could not get speed from /sys/class/net/ens5/speed. Defaulting to 10 Gbps.
ip-10-233-4-98:56:56 [0] NCCL INFO comm 0x60bce97fff00 rank 0 nRanks 2 nNodes 2 localRanks 1 localRank 0 MNNVL 0
ip-10-233-4-98:56:56 [0] NCCL INFO Tree 0 : -1 -> 0 -> 1/-1/-1
ip-10-233-4-98:56:56 [0] NCCL INFO Tree 1 : 1 -> 0 -> -1/-1/-1
ip-10-233-4-98:56:56 [0] NCCL INFO Channel 00/02 : 0 1
ip-10-233-4-98:56:56 [0] NCCL INFO Channel 01/02 : 0 1
ip-10-233-4-98:56:56 [0] NCCL INFO Ring 00 : 1 -> 0 -> 1
ip-10-233-4-98:56:56 [0] NCCL INFO Ring 01 : 1 -> 0 -> 1
ip-10-233-4-98:56:56 [0] NCCL INFO Trees [0] 1/-1/-1->0->-1 [1] -1/-1/-1->0->1
ip-10-233-4-98:56:56 [0] NCCL INFO P2P Chunksize set to 131072
ip-10-233-4-98:56:56 [0] NCCL INFO Check P2P Type isAllDirectP2p 1 directMode 0 isAllCudaP2p 1
ip-10-233-4-98:56:127 [0] NCCL INFO [Proxy Service] Device 0 CPU core 2
ip-10-233-4-98:56:56 [0] NCCL INFO ncclP2pSchedule: group size used is 1
ip-10-233-4-98:56:128 [0] NCCL INFO [Proxy Service UDS] Device 0 CPU core 2
ip-10-233-4-98:56:56 [0] NCCL INFO threadThresholds 8/8/64 | 16/8/64 | 512 | 512
ip-10-233-4-98:56:56 [0] NCCL INFO 2 coll channels, 2 collnet channels, 0 nvls channels, 2 p2p channels, 1 p2p channels per peer
ip-10-233-4-98:56:56 [0] NCCL INFO Symmetric VA size=24GB
ip-10-233-4-98:56:56 [0] NCCL INFO Symmetric memory is not supported. cuMemEnable 1, globalGinSupport 0, globalNicFused 0 cuMemGdrSupport 1
ip-10-233-4-98:56:56 [0] NCCL INFO CC Off, workFifoBytes 1048576
ip-10-233-4-98:56:56 [0] NCCL INFO ncclCommInitRankConfig comm 0x60bce97fff00 rank 0 nranks 2 cudaDev 0 nvmlDev 0 busId 1e0 commId 0x515f37dd107db220 - Init COMPLETE
ip-10-233-4-98:56:56 [0] NCCL INFO Init timings - ncclCommInitRankConfig: rank 0 nranks 2 total 0.24 (kernels 0.00, alloc 0.00, bootstrap 0.22, allgathers 0.02, topo 0.00, graphs 0.00, connections 0.00, rest 0.00)
ip-10-233-4-98:56:127 [0] NCCL INFO New proxy send connection 0 from local rank 0, transport 2
ip-10-233-4-98:56:129 [0] NCCL INFO [Proxy Progress] Device 0 CPU core 1
ip-10-233-4-98:56:56 [0] NCCL INFO Connected to proxy localRank 0 -> connection 0x768e580164b0
ip-10-233-4-98:56:127 [0] NCCL INFO Could not get speed from /sys/class/net/ens5/speed. Defaulting to 10 Gbps.
ip-10-233-4-98:56:56 [0] NCCL INFO Channel 01/1 : 0[0] -> 1[0] [send] via NET/Socket/0/Shared
ip-10-233-4-98:56:127 [0] NCCL INFO New proxy recv connection 1 from local rank 0, transport 2
ip-10-233-4-98:56:56 [0] NCCL INFO Connected to proxy localRank 0 -> connection 0x768e58016538
ip-10-233-4-98:56:127 [0] NCCL INFO Could not get speed from /sys/class/net/ens5/speed. Defaulting to 10 Gbps.
ip-10-233-4-98:56:127 [0] NCCL INFO NET/Socket: Using 2 threads and 8 sockets per thread
ip-10-233-4-98:56:56 [0] NCCL INFO Channel 01/1 : 1[0] -> 0[0] [receive] via NET/Socket/0/Shared
ip-10-233-4-98:56:56 [0] NCCL INFO Initialized NET plugin Socket
ip-10-233-4-98:56:56 [0] NCCL INFO Could not get speed from /sys/class/net/ens5/speed. Defaulting to 10 Gbps.
ip-10-233-4-98:56:56 [0] NCCL INFO Assigned NET plugin Socket to comm
ip-10-233-4-98:56:56 [0] NCCL INFO Failed to initialize any GIN plugin
ip-10-233-4-98:56:56 [0] NCCL INFO Using network Socket
ip-10-233-4-98:56:56 [0] NCCL INFO [Rank 0] ncclCommInitRankConfig comm 0x60bce9924d40 rank 0 nranks 2 cudaDev 0 nvmlDev 0 busId 1e0 commId 0xddc5be8f22cba83 - Init START
ip-10-233-4-98:56:56 [0] NCCL INFO Topology detection : could not read /sys/devices/pci0000:00/0000:00:1e.0/../max_link_speed, ignoring
ip-10-233-4-98:56:56 [0] NCCL INFO Topology detection : could not read /sys/devices/pci0000:00/0000:00:1e.0/../max_link_width, ignoring
ip-10-233-4-98:56:56 [0] NCCL INFO Topology detection : could not read /sys/devices/system/node/node-1/cpumap, ignoring
ip-10-233-4-98:56:56 [0] NCCL INFO TOPO/NET : Importing network plugins to topology
ip-10-233-4-98:56:56 [0] NCCL INFO Could not get speed from /sys/class/net/ens5/speed. Defaulting to 10 Gbps.
ip-10-233-4-98:56:56 [0] NCCL INFO Topology detection : could not read /sys/devices/pci0000:00/0000:00:05.0/../max_link_speed, ignoring
ip-10-233-4-98:56:56 [0] NCCL INFO Topology detection : could not read /sys/devices/pci0000:00/0000:00:05.0/../max_link_width, ignoring
ip-10-233-4-98:56:56 [0] NCCL INFO Topology detection : could not read /sys/devices/system/node/node-1/cpumap, ignoring
ip-10-233-4-98:56:56 [0] NCCL INFO NET/Socket : GPU Direct RDMA Disabled for HCA 0 'ens5'
ip-10-233-4-98:56:56 [0] NCCL INFO ncclTopoPopulateNics : Filled ens5 in topo with pciPath=/sys/devices/pci0000:00/0000:00:05.0 net=1 gin=(null) keep=1 coll=(null)
ip-10-233-4-98:56:56 [0] NCCL INFO KV Convert to int : could not find value of 'Unknown' in dictionary, falling back to 60
ip-10-233-4-98:56:56 [0] NCCL INFO === System : maxBw 1.2 totalBw 24.0 ===
ip-10-233-4-98:56:56 [0] NCCL INFO CPU/0-ffffffffffffff (1/2/-1)
ip-10-233-4-98:56:56 [0] NCCL INFO + PCI[24.0] - GPU/0-1e0 (0)
ip-10-233-4-98:56:56 [0] NCCL INFO + PCI[12.0] - NIC/0-50
ip-10-233-4-98:56:56 [0] NCCL INFO               + NET[1.2] - NET/0-0 (0/0/0/1.250000)
ip-10-233-4-98:56:56 [0] NCCL INFO ==========================================
ip-10-233-4-98:56:56 [0] NCCL INFO GPU/0-1e0 :GPU/0-1e0 (0/5000.0/LOC) CPU/0-ffffffffffffff (1/24.0/PHB) NET/0-0 (3/1.2/PHB) 
ip-10-233-4-98:56:56 [0] NCCL INFO NET/0-0 :GPU/0-1e0 (3/1.2/PHB) CPU/0-ffffffffffffff (2/1.2/PHB) NET/0-0 (0/5000.0/LOC) 
ip-10-233-4-98:56:56 [0] NCCL INFO ncclTopoGetCpuAffinity: Affinity for GPU 0 is empty, ignoring. (GPU affinity =  ; CPU affinity = 0-3).
ip-10-233-4-98:56:56 [0] NCCL INFO Pattern 4, crossNic 0, nChannels 1, bw 1.200000/1.200000, type LOC/PHB, sameChannels 1
ip-10-233-4-98:56:56 [0] NCCL INFO  0 : NET/0-0 GPU/0-1e0 NET/0-0
ip-10-233-4-98:56:56 [0] NCCL INFO Pattern 3, crossNic 0, nChannels 1, bw 2.400000/1.200000, type LOC/PHB, sameChannels 1
ip-10-233-4-98:56:56 [0] NCCL INFO  0 : NET/0-0 GPU/0-1e0 NET/0-0
ip-10-233-4-98:56:56 [0] NCCL INFO Could not get speed from /sys/class/net/ens5/speed. Defaulting to 10 Gbps.
ip-10-233-4-98:56:56 [0] NCCL INFO comm 0x60bce9924d40 rank 0 nRanks 2 nNodes 2 localRanks 1 localRank 0 MNNVL 0
ip-10-233-4-98:56:56 [0] NCCL INFO Tree 0 : -1 -> 0 -> 1/-1/-1
ip-10-233-4-98:56:56 [0] NCCL INFO Tree 1 : 1 -> 0 -> -1/-1/-1
ip-10-233-4-98:56:56 [0] NCCL INFO Channel 00/02 : 0 1
ip-10-233-4-98:56:56 [0] NCCL INFO Channel 01/02 : 0 1
ip-10-233-4-98:56:56 [0] NCCL INFO Ring 00 : 1 -> 0 -> 1
ip-10-233-4-98:56:56 [0] NCCL INFO Ring 01 : 1 -> 0 -> 1
ip-10-233-4-98:56:56 [0] NCCL INFO Trees [0] 1/-1/-1->0->-1 [1] -1/-1/-1->0->1
ip-10-233-4-98:56:56 [0] NCCL INFO P2P Chunksize set to 131072
ip-10-233-4-98:56:56 [0] NCCL INFO Check P2P Type isAllDirectP2p 1 directMode 0 isAllCudaP2p 1
ip-10-233-4-98:56:56 [0] NCCL INFO ncclP2pSchedule: group size used is 1
ip-10-233-4-98:56:135 [0] NCCL INFO [Proxy Service] Device 0 CPU core 1
ip-10-233-4-98:56:136 [0] NCCL INFO [Proxy Service UDS] Device 0 CPU core 1
ip-10-233-4-98:56:56 [0] NCCL INFO threadThresholds 8/8/64 | 16/8/64 | 512 | 512
ip-10-233-4-98:56:56 [0] NCCL INFO 2 coll channels, 2 collnet channels, 0 nvls channels, 2 p2p channels, 1 p2p channels per peer
ip-10-233-4-98:56:56 [0] NCCL INFO Symmetric VA size=24GB
ip-10-233-4-98:56:56 [0] NCCL INFO Symmetric memory is not supported. cuMemEnable 1, globalGinSupport 0, globalNicFused 0 cuMemGdrSupport 1
ip-10-233-4-98:56:56 [0] NCCL INFO CC Off, workFifoBytes 1048576
ip-10-233-4-98:56:56 [0] NCCL INFO ncclCommInitRankConfig comm 0x60bce9924d40 rank 0 nranks 2 cudaDev 0 nvmlDev 0 busId 1e0 commId 0xddc5be8f22cba83 - Init COMPLETE
ip-10-233-4-98:56:56 [0] NCCL INFO Init timings - ncclCommInitRankConfig: rank 0 nranks 2 total 0.51 (kernels 0.00, alloc 0.00, bootstrap 0.46, allgathers 0.04, topo 0.00, graphs 0.00, connections 0.00, rest 0.00)
ip-10-233-4-98:56:135 [0] NCCL INFO New proxy send connection 0 from local rank 0, transport 2
ip-10-233-4-98:56:137 [0] NCCL INFO [Proxy Progress] Device 0 CPU core 2
ip-10-233-4-98:56:56 [0] NCCL INFO Connected to proxy localRank 0 -> connection 0x768e74009560
ip-10-233-4-98:56:135 [0] NCCL INFO Could not get speed from /sys/class/net/ens5/speed. Defaulting to 10 Gbps.
ip-10-233-4-98:56:56 [0] NCCL INFO Channel 01/1 : 0[0] -> 1[0] [send] via NET/Socket/0/Shared
ip-10-233-4-98:56:135 [0] NCCL INFO New proxy recv connection 1 from local rank 0, transport 2
ip-10-233-4-98:56:56 [0] NCCL INFO Connected to proxy localRank 0 -> connection 0x768e740095e8
ip-10-233-4-98:56:135 [0] NCCL INFO Could not get speed from /sys/class/net/ens5/speed. Defaulting to 10 Gbps.
ip-10-233-4-98:56:135 [0] NCCL INFO NET/Socket: Using 2 threads and 8 sockets per thread
ip-10-233-4-98:56:56 [0] NCCL INFO Channel 01/1 : 1[0] -> 0[0] [receive] via NET/Socket/0/Shared
ip-10-233-4-98:56:56 [0] NCCL INFO Initialized NET plugin Socket
ip-10-233-4-98:56:56 [0] NCCL INFO Could not get speed from /sys/class/net/ens5/speed. Defaulting to 10 Gbps.
ip-10-233-4-98:56:56 [0] NCCL INFO Assigned NET plugin Socket to comm
ip-10-233-4-98:56:56 [0] NCCL INFO Failed to initialize any GIN plugin
ip-10-233-4-98:56:56 [0] NCCL INFO Using network Socket
ip-10-233-4-98:56:56 [0] NCCL INFO [Rank 0] ncclCommInitRankConfig comm 0x60bce9c2e9d0 rank 0 nranks 2 cudaDev 0 nvmlDev 0 busId 1e0 commId 0x6149ccced8cd0041 - Init START
ip-10-233-4-98:56:56 [0] NCCL INFO Topology detection : could not read /sys/devices/pci0000:00/0000:00:1e.0/../max_link_speed, ignoring
ip-10-233-4-98:56:56 [0] NCCL INFO Topology detection : could not read /sys/devices/pci0000:00/0000:00:1e.0/../max_link_width, ignoring
ip-10-233-4-98:56:56 [0] NCCL INFO Topology detection : could not read /sys/devices/system/node/node-1/cpumap, ignoring
ip-10-233-4-98:56:56 [0] NCCL INFO TOPO/NET : Importing network plugins to topology
ip-10-233-4-98:56:56 [0] NCCL INFO Could not get speed from /sys/class/net/ens5/speed. Defaulting to 10 Gbps.
ip-10-233-4-98:56:56 [0] NCCL INFO Topology detection : could not read /sys/devices/pci0000:00/0000:00:05.0/../max_link_speed, ignoring
ip-10-233-4-98:56:56 [0] NCCL INFO Topology detection : could not read /sys/devices/pci0000:00/0000:00:05.0/../max_link_width, ignoring
ip-10-233-4-98:56:56 [0] NCCL INFO Topology detection : could not read /sys/devices/system/node/node-1/cpumap, ignoring
ip-10-233-4-98:56:56 [0] NCCL INFO NET/Socket : GPU Direct RDMA Disabled for HCA 0 'ens5'
ip-10-233-4-98:56:56 [0] NCCL INFO ncclTopoPopulateNics : Filled ens5 in topo with pciPath=/sys/devices/pci0000:00/0000:00:05.0 net=1 gin=(null) keep=1 coll=(null)
ip-10-233-4-98:56:56 [0] NCCL INFO KV Convert to int : could not find value of 'Unknown' in dictionary, falling back to 60
ip-10-233-4-98:56:56 [0] NCCL INFO === System : maxBw 1.2 totalBw 24.0 ===
ip-10-233-4-98:56:56 [0] NCCL INFO CPU/0-ffffffffffffff (1/2/-1)
ip-10-233-4-98:56:56 [0] NCCL INFO + PCI[24.0] - GPU/0-1e0 (0)
ip-10-233-4-98:56:56 [0] NCCL INFO + PCI[12.0] - NIC/0-50
ip-10-233-4-98:56:56 [0] NCCL INFO               + NET[1.2] - NET/0-0 (0/0/0/1.250000)
ip-10-233-4-98:56:56 [0] NCCL INFO ==========================================
ip-10-233-4-98:56:56 [0] NCCL INFO GPU/0-1e0 :GPU/0-1e0 (0/5000.0/LOC) CPU/0-ffffffffffffff (1/24.0/PHB) NET/0-0 (3/1.2/PHB) 
ip-10-233-4-98:56:56 [0] NCCL INFO NET/0-0 :GPU/0-1e0 (3/1.2/PHB) CPU/0-ffffffffffffff (2/1.2/PHB) NET/0-0 (0/5000.0/LOC) 
ip-10-233-4-98:56:56 [0] NCCL INFO ncclTopoGetCpuAffinity: Affinity for GPU 0 is empty, ignoring. (GPU affinity =  ; CPU affinity = 0-3).
ip-10-233-4-98:56:56 [0] NCCL INFO Pattern 4, crossNic 0, nChannels 1, bw 1.200000/1.200000, type LOC/PHB, sameChannels 1
ip-10-233-4-98:56:56 [0] NCCL INFO  0 : NET/0-0 GPU/0-1e0 NET/0-0
ip-10-233-4-98:56:56 [0] NCCL INFO Pattern 3, crossNic 0, nChannels 1, bw 2.400000/1.200000, type LOC/PHB, sameChannels 1
ip-10-233-4-98:56:56 [0] NCCL INFO  0 : NET/0-0 GPU/0-1e0 NET/0-0
ip-10-233-4-98:56:56 [0] NCCL INFO Could not get speed from /sys/class/net/ens5/speed. Defaulting to 10 Gbps.
ip-10-233-4-98:56:56 [0] NCCL INFO comm 0x60bce9c2e9d0 rank 0 nRanks 2 nNodes 2 localRanks 1 localRank 0 MNNVL 0
ip-10-233-4-98:56:56 [0] NCCL INFO Tree 0 : -1 -> 0 -> 1/-1/-1
ip-10-233-4-98:56:56 [0] NCCL INFO Tree 1 : 1 -> 0 -> -1/-1/-1
ip-10-233-4-98:56:56 [0] NCCL INFO Channel 00/02 : 0 1
ip-10-233-4-98:56:56 [0] NCCL INFO Channel 01/02 : 0 1
ip-10-233-4-98:56:56 [0] NCCL INFO Ring 00 : 1 -> 0 -> 1
ip-10-233-4-98:56:56 [0] NCCL INFO Ring 01 : 1 -> 0 -> 1
ip-10-233-4-98:56:56 [0] NCCL INFO Trees [0] 1/-1/-1->0->-1 [1] -1/-1/-1->0->1
ip-10-233-4-98:56:56 [0] NCCL INFO P2P Chunksize set to 131072
ip-10-233-4-98:56:56 [0] NCCL INFO Check P2P Type isAllDirectP2p 1 directMode 0 isAllCudaP2p 1
ip-10-233-4-98:56:143 [0] NCCL INFO [Proxy Service] Device 0 CPU core 2
ip-10-233-4-98:56:56 [0] NCCL INFO ncclP2pSchedule: group size used is 1
ip-10-233-4-98:56:144 [0] NCCL INFO [Proxy Service UDS] Device 0 CPU core 2
ip-10-233-4-98:56:56 [0] NCCL INFO threadThresholds 8/8/64 | 16/8/64 | 512 | 512
ip-10-233-4-98:56:56 [0] NCCL INFO 2 coll channels, 2 collnet channels, 0 nvls channels, 2 p2p channels, 1 p2p channels per peer
ip-10-233-4-98:56:56 [0] NCCL INFO Symmetric VA size=24GB
ip-10-233-4-98:56:56 [0] NCCL INFO Symmetric memory is not supported. cuMemEnable 1, globalGinSupport 0, globalNicFused 0 cuMemGdrSupport 1
ip-10-233-4-98:56:56 [0] NCCL INFO CC Off, workFifoBytes 1048576
ip-10-233-4-98:56:56 [0] NCCL INFO ncclCommInitRankConfig comm 0x60bce9c2e9d0 rank 0 nranks 2 cudaDev 0 nvmlDev 0 busId 1e0 commId 0x6149ccced8cd0041 - Init COMPLETE
ip-10-233-4-98:56:56 [0] NCCL INFO Init timings - ncclCommInitRankConfig: rank 0 nranks 2 total 0.24 (kernels 0.00, alloc 0.00, bootstrap 0.22, allgathers 0.02, topo 0.00, graphs 0.00, connections 0.00, rest 0.00)
ip-10-233-4-98:56:143 [0] NCCL INFO New proxy send connection 0 from local rank 0, transport 2
ip-10-233-4-98:56:145 [0] NCCL INFO [Proxy Progress] Device 0 CPU core 0
ip-10-233-4-98:56:56 [0] NCCL INFO Connected to proxy localRank 0 -> connection 0x768ea8057670
ip-10-233-4-98:56:143 [0] NCCL INFO Could not get speed from /sys/class/net/ens5/speed. Defaulting to 10 Gbps.
ip-10-233-4-98:56:56 [0] NCCL INFO Channel 01/1 : 0[0] -> 1[0] [send] via NET/Socket/0/Shared
ip-10-233-4-98:56:143 [0] NCCL INFO New proxy recv connection 1 from local rank 0, transport 2
ip-10-233-4-98:56:56 [0] NCCL INFO Connected to proxy localRank 0 -> connection 0x768ea80576f8
ip-10-233-4-98:56:143 [0] NCCL INFO Could not get speed from /sys/class/net/ens5/speed. Defaulting to 10 Gbps.
ip-10-233-4-98:56:143 [0] NCCL INFO NET/Socket: Using 2 threads and 8 sockets per thread
ip-10-233-4-98:56:56 [0] NCCL INFO Channel 01/1 : 1[0] -> 0[0] [receive] via NET/Socket/0/Shared
ip-10-233-4-98:56:56 [0] NCCL INFO Initialized NET plugin Socket
ip-10-233-4-98:56:56 [0] NCCL INFO Could not get speed from /sys/class/net/ens5/speed. Defaulting to 10 Gbps.
ip-10-233-4-98:56:56 [0] NCCL INFO Assigned NET plugin Socket to comm
ip-10-233-4-98:56:56 [0] NCCL INFO Failed to initialize any GIN plugin
ip-10-233-4-98:56:56 [0] NCCL INFO Using network Socket
ip-10-233-4-98:56:56 [0] NCCL INFO [Rank 0] ncclCommInitRankConfig comm 0x60bce9d537c0 rank 0 nranks 2 cudaDev 0 nvmlDev 0 busId 1e0 commId 0x18466856580e4c6e - Init START
ip-10-233-4-98:56:56 [0] NCCL INFO Topology detection : could not read /sys/devices/pci0000:00/0000:00:1e.0/../max_link_speed, ignoring
ip-10-233-4-98:56:56 [0] NCCL INFO Topology detection : could not read /sys/devices/pci0000:00/0000:00:1e.0/../max_link_width, ignoring
ip-10-233-4-98:56:56 [0] NCCL INFO Topology detection : could not read /sys/devices/system/node/node-1/cpumap, ignoring
ip-10-233-4-98:56:56 [0] NCCL INFO TOPO/NET : Importing network plugins to topology
ip-10-233-4-98:56:56 [0] NCCL INFO Could not get speed from /sys/class/net/ens5/speed. Defaulting to 10 Gbps.
ip-10-233-4-98:56:56 [0] NCCL INFO Topology detection : could not read /sys/devices/pci0000:00/0000:00:05.0/../max_link_speed, ignoring
ip-10-233-4-98:56:56 [0] NCCL INFO Topology detection : could not read /sys/devices/pci0000:00/0000:00:05.0/../max_link_width, ignoring
ip-10-233-4-98:56:56 [0] NCCL INFO Topology detection : could not read /sys/devices/system/node/node-1/cpumap, ignoring
ip-10-233-4-98:56:56 [0] NCCL INFO NET/Socket : GPU Direct RDMA Disabled for HCA 0 'ens5'
ip-10-233-4-98:56:56 [0] NCCL INFO ncclTopoPopulateNics : Filled ens5 in topo with pciPath=/sys/devices/pci0000:00/0000:00:05.0 net=1 gin=(null) keep=1 coll=(null)
ip-10-233-4-98:56:56 [0] NCCL INFO KV Convert to int : could not find value of 'Unknown' in dictionary, falling back to 60
ip-10-233-4-98:56:56 [0] NCCL INFO === System : maxBw 1.2 totalBw 24.0 ===
ip-10-233-4-98:56:56 [0] NCCL INFO CPU/0-ffffffffffffff (1/2/-1)
ip-10-233-4-98:56:56 [0] NCCL INFO + PCI[24.0] - GPU/0-1e0 (0)
ip-10-233-4-98:56:56 [0] NCCL INFO + PCI[12.0] - NIC/0-50
ip-10-233-4-98:56:56 [0] NCCL INFO               + NET[1.2] - NET/0-0 (0/0/0/1.250000)
ip-10-233-4-98:56:56 [0] NCCL INFO ==========================================
ip-10-233-4-98:56:56 [0] NCCL INFO GPU/0-1e0 :GPU/0-1e0 (0/5000.0/LOC) CPU/0-ffffffffffffff (1/24.0/PHB) NET/0-0 (3/1.2/PHB) 
ip-10-233-4-98:56:56 [0] NCCL INFO NET/0-0 :GPU/0-1e0 (3/1.2/PHB) CPU/0-ffffffffffffff (2/1.2/PHB) NET/0-0 (0/5000.0/LOC) 
ip-10-233-4-98:56:56 [0] NCCL INFO ncclTopoGetCpuAffinity: Affinity for GPU 0 is empty, ignoring. (GPU affinity =  ; CPU affinity = 0-3).
ip-10-233-4-98:56:56 [0] NCCL INFO Pattern 4, crossNic 0, nChannels 1, bw 1.200000/1.200000, type LOC/PHB, sameChannels 1
ip-10-233-4-98:56:56 [0] NCCL INFO  0 : NET/0-0 GPU/0-1e0 NET/0-0
ip-10-233-4-98:56:56 [0] NCCL INFO Pattern 3, crossNic 0, nChannels 1, bw 2.400000/1.200000, type LOC/PHB, sameChannels 1
ip-10-233-4-98:56:56 [0] NCCL INFO  0 : NET/0-0 GPU/0-1e0 NET/0-0
ip-10-233-4-98:56:56 [0] NCCL INFO Could not get speed from /sys/class/net/ens5/speed. Defaulting to 10 Gbps.
ip-10-233-4-98:56:56 [0] NCCL INFO comm 0x60bce9d537c0 rank 0 nRanks 2 nNodes 2 localRanks 1 localRank 0 MNNVL 0
ip-10-233-4-98:56:56 [0] NCCL INFO Tree 0 : -1 -> 0 -> 1/-1/-1
ip-10-233-4-98:56:56 [0] NCCL INFO Tree 1 : 1 -> 0 -> -1/-1/-1
ip-10-233-4-98:56:56 [0] NCCL INFO Channel 00/02 : 0 1
ip-10-233-4-98:56:56 [0] NCCL INFO Channel 01/02 : 0 1
ip-10-233-4-98:56:56 [0] NCCL INFO Ring 00 : 1 -> 0 -> 1
ip-10-233-4-98:56:56 [0] NCCL INFO Ring 01 : 1 -> 0 -> 1
ip-10-233-4-98:56:56 [0] NCCL INFO Trees [0] 1/-1/-1->0->-1 [1] -1/-1/-1->0->1
ip-10-233-4-98:56:56 [0] NCCL INFO P2P Chunksize set to 131072
ip-10-233-4-98:56:56 [0] NCCL INFO Check P2P Type isAllDirectP2p 1 directMode 0 isAllCudaP2p 1
ip-10-233-4-98:56:56 [0] NCCL INFO ncclP2pSchedule: group size used is 1
ip-10-233-4-98:56:152 [0] NCCL INFO [Proxy Service UDS] Device 0 CPU core 3
ip-10-233-4-98:56:151 [0] NCCL INFO [Proxy Service] Device 0 CPU core 3
ip-10-233-4-98:56:56 [0] NCCL INFO threadThresholds 8/8/64 | 16/8/64 | 512 | 512
ip-10-233-4-98:56:56 [0] NCCL INFO 2 coll channels, 2 collnet channels, 0 nvls channels, 2 p2p channels, 1 p2p channels per peer
ip-10-233-4-98:56:56 [0] NCCL INFO Symmetric VA size=24GB
ip-10-233-4-98:56:56 [0] NCCL INFO Symmetric memory is not supported. cuMemEnable 1, globalGinSupport 0, globalNicFused 0 cuMemGdrSupport 1
ip-10-233-4-98:56:56 [0] NCCL INFO CC Off, workFifoBytes 1048576
ip-10-233-4-98:56:56 [0] NCCL INFO ncclCommInitRankConfig comm 0x60bce9d537c0 rank 0 nranks 2 cudaDev 0 nvmlDev 0 busId 1e0 commId 0x18466856580e4c6e - Init COMPLETE
ip-10-233-4-98:56:56 [0] NCCL INFO Init timings - ncclCommInitRankConfig: rank 0 nranks 2 total 0.26 (kernels 0.00, alloc 0.00, bootstrap 0.23, allgathers 0.03, topo 0.00, graphs 0.00, connections 0.00, rest 0.00)
ip-10-233-4-98:56:151 [0] NCCL INFO New proxy send connection 0 from local rank 0, transport 2
ip-10-233-4-98:56:153 [0] NCCL INFO [Proxy Progress] Device 0 CPU core 1
ip-10-233-4-98:56:56 [0] NCCL INFO Connected to proxy localRank 0 -> connection 0x768ee4006ce0
ip-10-233-4-98:56:151 [0] NCCL INFO Could not get speed from /sys/class/net/ens5/speed. Defaulting to 10 Gbps.
ip-10-233-4-98:56:56 [0] NCCL INFO Channel 01/1 : 0[0] -> 1[0] [send] via NET/Socket/0/Shared
ip-10-233-4-98:56:151 [0] NCCL INFO New proxy recv connection 1 from local rank 0, transport 2
ip-10-233-4-98:56:56 [0] NCCL INFO Connected to proxy localRank 0 -> connection 0x768ee4006d68
ip-10-233-4-98:56:151 [0] NCCL INFO Could not get speed from /sys/class/net/ens5/speed. Defaulting to 10 Gbps.
ip-10-233-4-98:56:151 [0] NCCL INFO NET/Socket: Using 2 threads and 8 sockets per thread
ip-10-233-4-98:56:56 [0] NCCL INFO Channel 01/1 : 1[0] -> 0[0] [receive] via NET/Socket/0/Shared
ip-10-233-4-98:56:56 [0] NCCL INFO Initialized NET plugin Socket
ip-10-233-4-98:56:56 [0] NCCL INFO Could not get speed from /sys/class/net/ens5/speed. Defaulting to 10 Gbps.
ip-10-233-4-98:56:56 [0] NCCL INFO Assigned NET plugin Socket to comm
ip-10-233-4-98:56:56 [0] NCCL INFO Failed to initialize any GIN plugin
ip-10-233-4-98:56:56 [0] NCCL INFO Using network Socket
ip-10-233-4-98:56:56 [0] NCCL INFO [Rank 1] ncclCommInitRankConfig comm 0x60bce9e785b0 rank 1 nranks 2 cudaDev 0 nvmlDev 0 busId 1e0 commId 0x5ae91428ea88dcf - Init START
ip-10-233-4-98:56:56 [0] NCCL INFO Topology detection : could not read /sys/devices/pci0000:00/0000:00:1e.0/../max_link_speed, ignoring
ip-10-233-4-98:56:56 [0] NCCL INFO Topology detection : could not read /sys/devices/pci0000:00/0000:00:1e.0/../max_link_width, ignoring
ip-10-233-4-98:56:56 [0] NCCL INFO Topology detection : could not read /sys/devices/system/node/node-1/cpumap, ignoring
ip-10-233-4-98:56:56 [0] NCCL INFO TOPO/NET : Importing network plugins to topology
ip-10-233-4-98:56:56 [0] NCCL INFO Could not get speed from /sys/class/net/ens5/speed. Defaulting to 10 Gbps.
ip-10-233-4-98:56:56 [0] NCCL INFO Topology detection : could not read /sys/devices/pci0000:00/0000:00:05.0/../max_link_speed, ignoring
ip-10-233-4-98:56:56 [0] NCCL INFO Topology detection : could not read /sys/devices/pci0000:00/0000:00:05.0/../max_link_width, ignoring
ip-10-233-4-98:56:56 [0] NCCL INFO Topology detection : could not read /sys/devices/system/node/node-1/cpumap, ignoring
ip-10-233-4-98:56:56 [0] NCCL INFO NET/Socket : GPU Direct RDMA Disabled for HCA 0 'ens5'
ip-10-233-4-98:56:56 [0] NCCL INFO ncclTopoPopulateNics : Filled ens5 in topo with pciPath=/sys/devices/pci0000:00/0000:00:05.0 net=1 gin=(null) keep=1 coll=(null)
ip-10-233-4-98:56:56 [0] NCCL INFO KV Convert to int : could not find value of 'Unknown' in dictionary, falling back to 60
ip-10-233-4-98:56:56 [0] NCCL INFO === System : maxBw 1.2 totalBw 24.0 ===
ip-10-233-4-98:56:56 [0] NCCL INFO CPU/0-ffffffffffffff (1/2/-1)
ip-10-233-4-98:56:56 [0] NCCL INFO + PCI[24.0] - GPU/0-1e0 (1)
ip-10-233-4-98:56:56 [0] NCCL INFO + PCI[12.0] - NIC/0-50
ip-10-233-4-98:56:56 [0] NCCL INFO               + NET[1.2] - NET/0-0 (0/0/0/1.250000)
ip-10-233-4-98:56:56 [0] NCCL INFO ==========================================
ip-10-233-4-98:56:56 [0] NCCL INFO GPU/0-1e0 :GPU/0-1e0 (0/5000.0/LOC) CPU/0-ffffffffffffff (1/24.0/PHB) NET/0-0 (3/1.2/PHB) 
ip-10-233-4-98:56:56 [0] NCCL INFO NET/0-0 :GPU/0-1e0 (3/1.2/PHB) CPU/0-ffffffffffffff (2/1.2/PHB) NET/0-0 (0/5000.0/LOC) 
ip-10-233-4-98:56:56 [0] NCCL INFO ncclTopoGetCpuAffinity: Affinity for GPU 0 is empty, ignoring. (GPU affinity =  ; CPU affinity = 0-3).
ip-10-233-4-98:56:56 [0] NCCL INFO Pattern 4, crossNic 0, nChannels 1, bw 1.200000/1.200000, type LOC/PHB, sameChannels 1
ip-10-233-4-98:56:56 [0] NCCL INFO  0 : NET/0-0 GPU/0-1e0 NET/0-0
ip-10-233-4-98:56:56 [0] NCCL INFO Pattern 3, crossNic 0, nChannels 1, bw 2.400000/1.200000, type LOC/PHB, sameChannels 1
ip-10-233-4-98:56:56 [0] NCCL INFO  0 : NET/0-0 GPU/0-1e0 NET/0-0
ip-10-233-4-98:56:56 [0] NCCL INFO Could not get speed from /sys/class/net/ens5/speed. Defaulting to 10 Gbps.
ip-10-233-4-98:56:56 [0] NCCL INFO comm 0x60bce9e785b0 rank 1 nRanks 2 nNodes 2 localRanks 1 localRank 0 MNNVL 0
ip-10-233-4-98:56:56 [0] NCCL INFO Tree 0 : 0 -> 1 -> -1/-1/-1
ip-10-233-4-98:56:56 [0] NCCL INFO Tree 1 : -1 -> 1 -> 0/-1/-1
ip-10-233-4-98:56:56 [0] NCCL INFO Ring 00 : 0 -> 1 -> 0
ip-10-233-4-98:56:56 [0] NCCL INFO Ring 01 : 0 -> 1 -> 0
ip-10-233-4-98:56:56 [0] NCCL INFO Trees [0] -1/-1/-1->1->0 [1] 0/-1/-1->1->-1
ip-10-233-4-98:56:56 [0] NCCL INFO P2P Chunksize set to 131072
ip-10-233-4-98:56:56 [0] NCCL INFO Check P2P Type isAllDirectP2p 1 directMode 0 isAllCudaP2p 1
ip-10-233-4-98:56:56 [0] NCCL INFO ncclP2pSchedule: group size used is 1
ip-10-233-4-98:56:159 [0] NCCL INFO [Proxy Service UDS] Device 0 CPU core 1
ip-10-233-4-98:56:158 [0] NCCL INFO [Proxy Service] Device 0 CPU core 1
ip-10-233-4-98:56:56 [0] NCCL INFO threadThresholds 8/8/64 | 16/8/64 | 512 | 512
ip-10-233-4-98:56:56 [0] NCCL INFO 2 coll channels, 2 collnet channels, 0 nvls channels, 2 p2p channels, 1 p2p channels per peer
ip-10-233-4-98:56:56 [0] NCCL INFO Symmetric VA size=24GB
ip-10-233-4-98:56:56 [0] NCCL INFO Symmetric memory is not supported. cuMemEnable 1, globalGinSupport 0, globalNicFused 0 cuMemGdrSupport 1
ip-10-233-4-98:56:56 [0] NCCL INFO ncclCommInitRankConfig comm 0x60bce9e785b0 rank 1 nranks 2 cudaDev 0 nvmlDev 0 busId 1e0 commId 0x5ae91428ea88dcf - Init COMPLETE
ip-10-233-4-98:56:56 [0] NCCL INFO Init timings - ncclCommInitRankConfig: rank 1 nranks 2 total 1.06 (kernels 0.00, alloc 0.00, bootstrap 0.75, allgathers 0.30, topo 0.00, graphs 0.00, connections 0.00, rest 0.00)
ip-10-233-4-98:56:158 [0] NCCL INFO New proxy recv connection 0 from local rank 0, transport 2
ip-10-233-4-98:56:160 [0] NCCL INFO [Proxy Progress] Device 0 CPU core 2
ip-10-233-4-98:56:56 [0] NCCL INFO Connected to proxy localRank 0 -> connection 0x768f7801d110
ip-10-233-4-98:56:158 [0] NCCL INFO Could not get speed from /sys/class/net/ens5/speed. Defaulting to 10 Gbps.
ip-10-233-4-98:56:158 [0] NCCL INFO NET/Socket: Using 2 threads and 8 sockets per thread
ip-10-233-4-98:56:56 [0] NCCL INFO Channel 01/1 : 0[0] -> 1[0] [receive] via NET/Socket/0/Shared
ip-10-233-4-98:56:158 [0] NCCL INFO New proxy send connection 1 from local rank 0, transport 2
ip-10-233-4-98:56:56 [0] NCCL INFO Connected to proxy localRank 0 -> connection 0x768f7801d198
ip-10-233-4-98:56:158 [0] NCCL INFO Could not get speed from /sys/class/net/ens5/speed. Defaulting to 10 Gbps.
ip-10-233-4-98:56:56 [0] NCCL INFO Channel 01/1 : 1[0] -> 0[0] [send] via NET/Socket/0/Shared
ip-10-233-4-98:56:56 [0] NCCL INFO Initialized NET plugin Socket
ip-10-233-4-98:56:56 [0] NCCL INFO Could not get speed from /sys/class/net/ens5/speed. Defaulting to 10 Gbps.
ip-10-233-4-98:56:56 [0] NCCL INFO Assigned NET plugin Socket to comm
ip-10-233-4-98:56:56 [0] NCCL INFO Failed to initialize any GIN plugin
ip-10-233-4-98:56:56 [0] NCCL INFO Using network Socket
ip-10-233-4-98:56:56 [0] NCCL INFO [Rank 1] ncclCommInitRankConfig comm 0x60bced8a1800 rank 1 nranks 2 cudaDev 0 nvmlDev 0 busId 1e0 commId 0x9f3bb2f767604825 - Init START
ip-10-233-4-98:56:56 [0] NCCL INFO Topology detection : could not read /sys/devices/pci0000:00/0000:00:1e.0/../max_link_speed, ignoring
ip-10-233-4-98:56:56 [0] NCCL INFO Topology detection : could not read /sys/devices/pci0000:00/0000:00:1e.0/../max_link_width, ignoring
ip-10-233-4-98:56:56 [0] NCCL INFO Topology detection : could not read /sys/devices/system/node/node-1/cpumap, ignoring
ip-10-233-4-98:56:56 [0] NCCL INFO TOPO/NET : Importing network plugins to topology
ip-10-233-4-98:56:56 [0] NCCL INFO Could not get speed from /sys/class/net/ens5/speed. Defaulting to 10 Gbps.
ip-10-233-4-98:56:56 [0] NCCL INFO Topology detection : could not read /sys/devices/pci0000:00/0000:00:05.0/../max_link_speed, ignoring
ip-10-233-4-98:56:56 [0] NCCL INFO Topology detection : could not read /sys/devices/pci0000:00/0000:00:05.0/../max_link_width, ignoring
ip-10-233-4-98:56:56 [0] NCCL INFO Topology detection : could not read /sys/devices/system/node/node-1/cpumap, ignoring
ip-10-233-4-98:56:56 [0] NCCL INFO NET/Socket : GPU Direct RDMA Disabled for HCA 0 'ens5'
ip-10-233-4-98:56:56 [0] NCCL INFO ncclTopoPopulateNics : Filled ens5 in topo with pciPath=/sys/devices/pci0000:00/0000:00:05.0 net=1 gin=(null) keep=1 coll=(null)
ip-10-233-4-98:56:56 [0] NCCL INFO KV Convert to int : could not find value of 'Unknown' in dictionary, falling back to 60
ip-10-233-4-98:56:56 [0] NCCL INFO === System : maxBw 1.2 totalBw 24.0 ===
ip-10-233-4-98:56:56 [0] NCCL INFO CPU/0-ffffffffffffff (1/2/-1)
ip-10-233-4-98:56:56 [0] NCCL INFO + PCI[24.0] - GPU/0-1e0 (1)
ip-10-233-4-98:56:56 [0] NCCL INFO + PCI[12.0] - NIC/0-50
ip-10-233-4-98:56:56 [0] NCCL INFO               + NET[1.2] - NET/0-0 (0/0/0/1.250000)
ip-10-233-4-98:56:56 [0] NCCL INFO ==========================================
ip-10-233-4-98:56:56 [0] NCCL INFO GPU/0-1e0 :GPU/0-1e0 (0/5000.0/LOC) CPU/0-ffffffffffffff (1/24.0/PHB) NET/0-0 (3/1.2/PHB) 
ip-10-233-4-98:56:56 [0] NCCL INFO NET/0-0 :GPU/0-1e0 (3/1.2/PHB) CPU/0-ffffffffffffff (2/1.2/PHB) NET/0-0 (0/5000.0/LOC) 
ip-10-233-4-98:56:56 [0] NCCL INFO ncclTopoGetCpuAffinity: Affinity for GPU 0 is empty, ignoring. (GPU affinity =  ; CPU affinity = 0-3).
ip-10-233-4-98:56:56 [0] NCCL INFO Pattern 4, crossNic 0, nChannels 1, bw 1.200000/1.200000, type LOC/PHB, sameChannels 1
ip-10-233-4-98:56:56 [0] NCCL INFO  0 : NET/0-0 GPU/0-1e0 NET/0-0
ip-10-233-4-98:56:56 [0] NCCL INFO Pattern 3, crossNic 0, nChannels 1, bw 2.400000/1.200000, type LOC/PHB, sameChannels 1
ip-10-233-4-98:56:56 [0] NCCL INFO  0 : NET/0-0 GPU/0-1e0 NET/0-0
ip-10-233-4-98:56:56 [0] NCCL INFO Could not get speed from /sys/class/net/ens5/speed. Defaulting to 10 Gbps.
ip-10-233-4-98:56:56 [0] NCCL INFO comm 0x60bced8a1800 rank 1 nRanks 2 nNodes 2 localRanks 1 localRank 0 MNNVL 0
ip-10-233-4-98:56:56 [0] NCCL INFO Tree 0 : 0 -> 1 -> -1/-1/-1
ip-10-233-4-98:56:56 [0] NCCL INFO Tree 1 : -1 -> 1 -> 0/-1/-1
ip-10-233-4-98:56:56 [0] NCCL INFO Ring 00 : 0 -> 1 -> 0
ip-10-233-4-98:56:56 [0] NCCL INFO Ring 01 : 0 -> 1 -> 0
ip-10-233-4-98:56:56 [0] NCCL INFO Trees [0] -1/-1/-1->1->0 [1] 0/-1/-1->1->-1
ip-10-233-4-98:56:56 [0] NCCL INFO P2P Chunksize set to 131072
ip-10-233-4-98:56:56 [0] NCCL INFO Check P2P Type isAllDirectP2p 1 directMode 0 isAllCudaP2p 1
ip-10-233-4-98:56:165 [0] NCCL INFO [Proxy Service] Device 0 CPU core 2
ip-10-233-4-98:56:166 [0] NCCL INFO [Proxy Service UDS] Device 0 CPU core 3
ip-10-233-4-98:56:56 [0] NCCL INFO ncclP2pSchedule: group size used is 1
ip-10-233-4-98:56:56 [0] NCCL INFO threadThresholds 8/8/64 | 16/8/64 | 512 | 512
ip-10-233-4-98:56:56 [0] NCCL INFO 2 coll channels, 2 collnet channels, 0 nvls channels, 2 p2p channels, 1 p2p channels per peer
ip-10-233-4-98:56:56 [0] NCCL INFO Symmetric VA size=24GB
ip-10-233-4-98:56:56 [0] NCCL INFO Symmetric memory is not supported. cuMemEnable 1, globalGinSupport 0, globalNicFused 0 cuMemGdrSupport 1
ip-10-233-4-98:56:56 [0] NCCL INFO ncclCommInitRankConfig comm 0x60bced8a1800 rank 1 nranks 2 cudaDev 0 nvmlDev 0 busId 1e0 commId 0x9f3bb2f767604825 - Init COMPLETE
ip-10-233-4-98:56:56 [0] NCCL INFO Init timings - ncclCommInitRankConfig: rank 1 nranks 2 total 0.01 (kernels 0.00, alloc 0.00, bootstrap 0.00, allgathers 0.00, topo 0.00, graphs 0.00, connections 0.00, rest 0.00)
ip-10-233-4-98:56:165 [0] NCCL INFO New proxy recv connection 0 from local rank 0, transport 2
ip-10-233-4-98:56:167 [0] NCCL INFO [Proxy Progress] Device 0 CPU core 0
ip-10-233-4-98:56:56 [0] NCCL INFO Connected to proxy localRank 0 -> connection 0x768f7c1325c0
ip-10-233-4-98:56:165 [0] NCCL INFO Could not get speed from /sys/class/net/ens5/speed. Defaulting to 10 Gbps.
ip-10-233-4-98:56:165 [0] NCCL INFO NET/Socket: Using 2 threads and 8 sockets per thread
ip-10-233-4-98:56:56 [0] NCCL INFO Channel 01/1 : 0[0] -> 1[0] [receive] via NET/Socket/0/Shared
ip-10-233-4-98:56:165 [0] NCCL INFO New proxy send connection 1 from local rank 0, transport 2
ip-10-233-4-98:56:56 [0] NCCL INFO Connected to proxy localRank 0 -> connection 0x768f7c132648
ip-10-233-4-98:56:165 [0] NCCL INFO Could not get speed from /sys/class/net/ens5/speed. Defaulting to 10 Gbps.
ip-10-233-4-98:56:56 [0] NCCL INFO Channel 01/1 : 1[0] -> 0[0] [send] via NET/Socket/0/Shared
ip-10-233-4-98:56:56 [0] NCCL INFO Initialized NET plugin Socket
ip-10-233-4-98:56:56 [0] NCCL INFO Could not get speed from /sys/class/net/ens5/speed. Defaulting to 10 Gbps.
ip-10-233-4-98:56:56 [0] NCCL INFO Assigned NET plugin Socket to comm
ip-10-233-4-98:56:56 [0] NCCL INFO Failed to initialize any GIN plugin
ip-10-233-4-98:56:56 [0] NCCL INFO Using network Socket
ip-10-233-4-98:56:56 [0] NCCL INFO [Rank 0] ncclCommInitRankConfig comm 0x60bcf02c87a0 rank 0 nranks 2 cudaDev 0 nvmlDev 0 busId 1e0 commId 0x8f5cbea408661f33 - Init START
ip-10-233-4-98:56:56 [0] NCCL INFO Topology detection : could not read /sys/devices/pci0000:00/0000:00:1e.0/../max_link_speed, ignoring
ip-10-233-4-98:56:56 [0] NCCL INFO Topology detection : could not read /sys/devices/pci0000:00/0000:00:1e.0/../max_link_width, ignoring
ip-10-233-4-98:56:56 [0] NCCL INFO Topology detection : could not read /sys/devices/system/node/node-1/cpumap, ignoring
ip-10-233-4-98:56:56 [0] NCCL INFO TOPO/NET : Importing network plugins to topology
ip-10-233-4-98:56:56 [0] NCCL INFO Could not get speed from /sys/class/net/ens5/speed. Defaulting to 10 Gbps.
ip-10-233-4-98:56:56 [0] NCCL INFO Topology detection : could not read /sys/devices/pci0000:00/0000:00:05.0/../max_link_speed, ignoring
ip-10-233-4-98:56:56 [0] NCCL INFO Topology detection : could not read /sys/devices/pci0000:00/0000:00:05.0/../max_link_width, ignoring
ip-10-233-4-98:56:56 [0] NCCL INFO Topology detection : could not read /sys/devices/system/node/node-1/cpumap, ignoring
ip-10-233-4-98:56:56 [0] NCCL INFO NET/Socket : GPU Direct RDMA Disabled for HCA 0 'ens5'
ip-10-233-4-98:56:56 [0] NCCL INFO ncclTopoPopulateNics : Filled ens5 in topo with pciPath=/sys/devices/pci0000:00/0000:00:05.0 net=1 gin=(null) keep=1 coll=(null)
ip-10-233-4-98:56:56 [0] NCCL INFO KV Convert to int : could not find value of 'Unknown' in dictionary, falling back to 60
ip-10-233-4-98:56:56 [0] NCCL INFO === System : maxBw 1.2 totalBw 24.0 ===
ip-10-233-4-98:56:56 [0] NCCL INFO CPU/0-ffffffffffffff (1/2/-1)
ip-10-233-4-98:56:56 [0] NCCL INFO + PCI[24.0] - GPU/0-1e0 (0)
ip-10-233-4-98:56:56 [0] NCCL INFO + PCI[12.0] - NIC/0-50
ip-10-233-4-98:56:56 [0] NCCL INFO               + NET[1.2] - NET/0-0 (0/0/0/1.250000)
ip-10-233-4-98:56:56 [0] NCCL INFO ==========================================
ip-10-233-4-98:56:56 [0] NCCL INFO GPU/0-1e0 :GPU/0-1e0 (0/5000.0/LOC) CPU/0-ffffffffffffff (1/24.0/PHB) NET/0-0 (3/1.2/PHB) 
ip-10-233-4-98:56:56 [0] NCCL INFO NET/0-0 :GPU/0-1e0 (3/1.2/PHB) CPU/0-ffffffffffffff (2/1.2/PHB) NET/0-0 (0/5000.0/LOC) 
ip-10-233-4-98:56:56 [0] NCCL INFO ncclTopoGetCpuAffinity: Affinity for GPU 0 is empty, ignoring. (GPU affinity =  ; CPU affinity = 0-3).
ip-10-233-4-98:56:56 [0] NCCL INFO Pattern 4, crossNic 0, nChannels 1, bw 1.200000/1.200000, type LOC/PHB, sameChannels 1
ip-10-233-4-98:56:56 [0] NCCL INFO  0 : NET/0-0 GPU/0-1e0 NET/0-0
ip-10-233-4-98:56:56 [0] NCCL INFO Pattern 3, crossNic 0, nChannels 1, bw 2.400000/1.200000, type LOC/PHB, sameChannels 1
ip-10-233-4-98:56:56 [0] NCCL INFO  0 : NET/0-0 GPU/0-1e0 NET/0-0
ip-10-233-4-98:56:56 [0] NCCL INFO Could not get speed from /sys/class/net/ens5/speed. Defaulting to 10 Gbps.
ip-10-233-4-98:56:56 [0] NCCL INFO comm 0x60bcf02c87a0 rank 0 nRanks 2 nNodes 2 localRanks 1 localRank 0 MNNVL 0
ip-10-233-4-98:56:56 [0] NCCL INFO Tree 0 : -1 -> 0 -> 1/-1/-1
ip-10-233-4-98:56:56 [0] NCCL INFO Tree 1 : 1 -> 0 -> -1/-1/-1
ip-10-233-4-98:56:56 [0] NCCL INFO Channel 00/02 : 0 1
ip-10-233-4-98:56:56 [0] NCCL INFO Channel 01/02 : 0 1
ip-10-233-4-98:56:56 [0] NCCL INFO Ring 00 : 1 -> 0 -> 1
ip-10-233-4-98:56:56 [0] NCCL INFO Ring 01 : 1 -> 0 -> 1
ip-10-233-4-98:56:56 [0] NCCL INFO Trees [0] 1/-1/-1->0->-1 [1] -1/-1/-1->0->1
ip-10-233-4-98:56:56 [0] NCCL INFO P2P Chunksize set to 131072
ip-10-233-4-98:56:56 [0] NCCL INFO Check P2P Type isAllDirectP2p 1 directMode 0 isAllCudaP2p 1
ip-10-233-4-98:56:56 [0] NCCL INFO ncclP2pSchedule: group size used is 1
ip-10-233-4-98:56:173 [0] NCCL INFO [Proxy Service] Device 0 CPU core 3
ip-10-233-4-98:56:174 [0] NCCL INFO [Proxy Service UDS] Device 0 CPU core 0
ip-10-233-4-98:56:56 [0] NCCL INFO threadThresholds 8/8/64 | 16/8/64 | 512 | 512
ip-10-233-4-98:56:56 [0] NCCL INFO 2 coll channels, 2 collnet channels, 0 nvls channels, 2 p2p channels, 1 p2p channels per peer
ip-10-233-4-98:56:56 [0] NCCL INFO Symmetric VA size=24GB
ip-10-233-4-98:56:56 [0] NCCL INFO Symmetric memory is not supported. cuMemEnable 1, globalGinSupport 0, globalNicFused 0 cuMemGdrSupport 1
ip-10-233-4-98:56:56 [0] NCCL INFO CC Off, workFifoBytes 1048576
ip-10-233-4-98:56:56 [0] NCCL INFO ncclCommInitRankConfig comm 0x60bcf02c87a0 rank 0 nranks 2 cudaDev 0 nvmlDev 0 busId 1e0 commId 0x8f5cbea408661f33 - Init COMPLETE
ip-10-233-4-98:56:56 [0] NCCL INFO Init timings - ncclCommInitRankConfig: rank 0 nranks 2 total 0.39 (kernels 0.00, alloc 0.00, bootstrap 0.34, allgathers 0.04, topo 0.00, graphs 0.00, connections 0.00, rest 0.00)
ip-10-233-4-98:56:173 [0] NCCL INFO New proxy send connection 0 from local rank 0, transport 2
ip-10-233-4-98:56:175 [0] NCCL INFO [Proxy Progress] Device 0 CPU core 1
ip-10-233-4-98:56:56 [0] NCCL INFO Connected to proxy localRank 0 -> connection 0x768f9409f5f0
ip-10-233-4-98:56:173 [0] NCCL INFO Could not get speed from /sys/class/net/ens5/speed. Defaulting to 10 Gbps.
ip-10-233-4-98:56:56 [0] NCCL INFO Channel 01/1 : 0[0] -> 1[0] [send] via NET/Socket/0/Shared
ip-10-233-4-98:56:173 [0] NCCL INFO New proxy recv connection 1 from local rank 0, transport 2
ip-10-233-4-98:56:56 [0] NCCL INFO Connected to proxy localRank 0 -> connection 0x768f9409f678
ip-10-233-4-98:56:173 [0] NCCL INFO Could not get speed from /sys/class/net/ens5/speed. Defaulting to 10 Gbps.
ip-10-233-4-98:56:173 [0] NCCL INFO NET/Socket: Using 2 threads and 8 sockets per thread
ip-10-233-4-98:56:56 [0] NCCL INFO Channel 01/1 : 1[0] -> 0[0] [receive] via NET/Socket/0/Shared
ip-10-233-4-98:56:56 [0] NCCL INFO Initialized NET plugin Socket
ip-10-233-4-98:56:56 [0] NCCL INFO Could not get speed from /sys/class/net/ens5/speed. Defaulting to 10 Gbps.
ip-10-233-4-98:56:56 [0] NCCL INFO Assigned NET plugin Socket to comm
ip-10-233-4-98:56:56 [0] NCCL INFO Failed to initialize any GIN plugin
ip-10-233-4-98:56:56 [0] NCCL INFO Using network Socket
ip-10-233-4-98:56:56 [0] NCCL INFO [Rank 1] ncclCommInitRankConfig comm 0x60bcf0c706e0 rank 1 nranks 2 cudaDev 0 nvmlDev 0 busId 1e0 commId 0x3ba9fcc528e42df4 - Init START
ip-10-233-4-98:56:56 [0] NCCL INFO Topology detection : could not read /sys/devices/pci0000:00/0000:00:1e.0/../max_link_speed, ignoring
ip-10-233-4-98:56:56 [0] NCCL INFO Topology detection : could not read /sys/devices/pci0000:00/0000:00:1e.0/../max_link_width, ignoring
ip-10-233-4-98:56:56 [0] NCCL INFO Topology detection : could not read /sys/devices/system/node/node-1/cpumap, ignoring
ip-10-233-4-98:56:56 [0] NCCL INFO TOPO/NET : Importing network plugins to topology
ip-10-233-4-98:56:56 [0] NCCL INFO Could not get speed from /sys/class/net/ens5/speed. Defaulting to 10 Gbps.
ip-10-233-4-98:56:56 [0] NCCL INFO Topology detection : could not read /sys/devices/pci0000:00/0000:00:05.0/../max_link_speed, ignoring
ip-10-233-4-98:56:56 [0] NCCL INFO Topology detection : could not read /sys/devices/pci0000:00/0000:00:05.0/../max_link_width, ignoring
ip-10-233-4-98:56:56 [0] NCCL INFO Topology detection : could not read /sys/devices/system/node/node-1/cpumap, ignoring
ip-10-233-4-98:56:56 [0] NCCL INFO NET/Socket : GPU Direct RDMA Disabled for HCA 0 'ens5'
ip-10-233-4-98:56:56 [0] NCCL INFO ncclTopoPopulateNics : Filled ens5 in topo with pciPath=/sys/devices/pci0000:00/0000:00:05.0 net=1 gin=(null) keep=1 coll=(null)
ip-10-233-4-98:56:56 [0] NCCL INFO KV Convert to int : could not find value of 'Unknown' in dictionary, falling back to 60
ip-10-233-4-98:56:56 [0] NCCL INFO === System : maxBw 1.2 totalBw 24.0 ===
ip-10-233-4-98:56:56 [0] NCCL INFO CPU/0-ffffffffffffff (1/2/-1)
ip-10-233-4-98:56:56 [0] NCCL INFO + PCI[24.0] - GPU/0-1e0 (1)
ip-10-233-4-98:56:56 [0] NCCL INFO + PCI[12.0] - NIC/0-50
ip-10-233-4-98:56:56 [0] NCCL INFO               + NET[1.2] - NET/0-0 (0/0/0/1.250000)
ip-10-233-4-98:56:56 [0] NCCL INFO ==========================================
ip-10-233-4-98:56:56 [0] NCCL INFO GPU/0-1e0 :GPU/0-1e0 (0/5000.0/LOC) CPU/0-ffffffffffffff (1/24.0/PHB) NET/0-0 (3/1.2/PHB) 
ip-10-233-4-98:56:56 [0] NCCL INFO NET/0-0 :GPU/0-1e0 (3/1.2/PHB) CPU/0-ffffffffffffff (2/1.2/PHB) NET/0-0 (0/5000.0/LOC) 
ip-10-233-4-98:56:56 [0] NCCL INFO ncclTopoGetCpuAffinity: Affinity for GPU 0 is empty, ignoring. (GPU affinity =  ; CPU affinity = 0-3).
ip-10-233-4-98:56:56 [0] NCCL INFO Pattern 4, crossNic 0, nChannels 1, bw 1.200000/1.200000, type LOC/PHB, sameChannels 1
ip-10-233-4-98:56:56 [0] NCCL INFO  0 : NET/0-0 GPU/0-1e0 NET/0-0
ip-10-233-4-98:56:56 [0] NCCL INFO Pattern 3, crossNic 0, nChannels 1, bw 2.400000/1.200000, type LOC/PHB, sameChannels 1
ip-10-233-4-98:56:56 [0] NCCL INFO  0 : NET/0-0 GPU/0-1e0 NET/0-0
ip-10-233-4-98:56:56 [0] NCCL INFO Could not get speed from /sys/class/net/ens5/speed. Defaulting to 10 Gbps.
ip-10-233-4-98:56:56 [0] NCCL INFO comm 0x60bcf0c706e0 rank 1 nRanks 2 nNodes 2 localRanks 1 localRank 0 MNNVL 0
ip-10-233-4-98:56:56 [0] NCCL INFO Tree 0 : 0 -> 1 -> -1/-1/-1
ip-10-233-4-98:56:56 [0] NCCL INFO Tree 1 : -1 -> 1 -> 0/-1/-1
ip-10-233-4-98:56:56 [0] NCCL INFO Ring 00 : 0 -> 1 -> 0
ip-10-233-4-98:56:56 [0] NCCL INFO Ring 01 : 0 -> 1 -> 0
ip-10-233-4-98:56:56 [0] NCCL INFO Trees [0] -1/-1/-1->1->0 [1] 0/-1/-1->1->-1
ip-10-233-4-98:56:56 [0] NCCL INFO P2P Chunksize set to 131072
ip-10-233-4-98:56:56 [0] NCCL INFO Check P2P Type isAllDirectP2p 1 directMode 0 isAllCudaP2p 1
ip-10-233-4-98:56:56 [0] NCCL INFO ncclP2pSchedule: group size used is 1
ip-10-233-4-98:56:181 [0] NCCL INFO [Proxy Service UDS] Device 0 CPU core 0
ip-10-233-4-98:56:180 [0] NCCL INFO [Proxy Service] Device 0 CPU core 3
ip-10-233-4-98:56:56 [0] NCCL INFO threadThresholds 8/8/64 | 16/8/64 | 512 | 512
ip-10-233-4-98:56:56 [0] NCCL INFO 2 coll channels, 2 collnet channels, 0 nvls channels, 2 p2p channels, 1 p2p channels per peer
ip-10-233-4-98:56:56 [0] NCCL INFO Symmetric VA size=24GB
ip-10-233-4-98:56:56 [0] NCCL INFO Symmetric memory is not supported. cuMemEnable 1, globalGinSupport 0, globalNicFused 0 cuMemGdrSupport 1
ip-10-233-4-98:56:56 [0] NCCL INFO ncclCommInitRankConfig comm 0x60bcf0c706e0 rank 1 nranks 2 cudaDev 0 nvmlDev 0 busId 1e0 commId 0x3ba9fcc528e42df4 - Init COMPLETE
ip-10-233-4-98:56:56 [0] NCCL INFO Init timings - ncclCommInitRankConfig: rank 1 nranks 2 total 1.05 (kernels 0.00, alloc 0.00, bootstrap 0.75, allgathers 0.30, topo 0.00, graphs 0.00, connections 0.00, rest 0.00)
ip-10-233-4-98:56:180 [0] NCCL INFO New proxy recv connection 0 from local rank 0, transport 2
ip-10-233-4-98:56:182 [0] NCCL INFO [Proxy Progress] Device 0 CPU core 1
ip-10-233-4-98:56:56 [0] NCCL INFO Connected to proxy localRank 0 -> connection 0x768fa8005260
ip-10-233-4-98:56:180 [0] NCCL INFO Could not get speed from /sys/class/net/ens5/speed. Defaulting to 10 Gbps.
ip-10-233-4-98:56:180 [0] NCCL INFO NET/Socket: Using 2 threads and 8 sockets per thread
ip-10-233-4-98:56:56 [0] NCCL INFO Channel 01/1 : 0[0] -> 1[0] [receive] via NET/Socket/0/Shared
ip-10-233-4-98:56:180 [0] NCCL INFO New proxy send connection 1 from local rank 0, transport 2
ip-10-233-4-98:56:56 [0] NCCL INFO Connected to proxy localRank 0 -> connection 0x768fa80052e8
ip-10-233-4-98:56:180 [0] NCCL INFO Could not get speed from /sys/class/net/ens5/speed. Defaulting to 10 Gbps.
ip-10-233-4-98:56:56 [0] NCCL INFO Channel 01/1 : 1[0] -> 0[0] [send] via NET/Socket/0/Shared
ip-10-233-4-98:56:56 [0] NCCL INFO Initialized NET plugin Socket
ip-10-233-4-98:56:56 [0] NCCL INFO Could not get speed from /sys/class/net/ens5/speed. Defaulting to 10 Gbps.
ip-10-233-4-98:56:56 [0] NCCL INFO Assigned NET plugin Socket to comm
ip-10-233-4-98:56:56 [0] NCCL INFO Failed to initialize any GIN plugin
ip-10-233-4-98:56:56 [0] NCCL INFO Using network Socket
ip-10-233-4-98:56:56 [0] NCCL INFO [Rank 1] ncclCommInitRankConfig comm 0x60bcf04faed0 rank 1 nranks 2 cudaDev 0 nvmlDev 0 busId 1e0 commId 0x57afe3627b219380 - Init START
ip-10-233-4-98:56:56 [0] NCCL INFO Topology detection : could not read /sys/devices/pci0000:00/0000:00:1e.0/../max_link_speed, ignoring
ip-10-233-4-98:56:56 [0] NCCL INFO Topology detection : could not read /sys/devices/pci0000:00/0000:00:1e.0/../max_link_width, ignoring
ip-10-233-4-98:56:56 [0] NCCL INFO Topology detection : could not read /sys/devices/system/node/node-1/cpumap, ignoring
ip-10-233-4-98:56:56 [0] NCCL INFO TOPO/NET : Importing network plugins to topology
ip-10-233-4-98:56:56 [0] NCCL INFO Could not get speed from /sys/class/net/ens5/speed. Defaulting to 10 Gbps.
ip-10-233-4-98:56:56 [0] NCCL INFO Topology detection : could not read /sys/devices/pci0000:00/0000:00:05.0/../max_link_speed, ignoring
ip-10-233-4-98:56:56 [0] NCCL INFO Topology detection : could not read /sys/devices/pci0000:00/0000:00:05.0/../max_link_width, ignoring
ip-10-233-4-98:56:56 [0] NCCL INFO Topology detection : could not read /sys/devices/system/node/node-1/cpumap, ignoring
ip-10-233-4-98:56:56 [0] NCCL INFO NET/Socket : GPU Direct RDMA Disabled for HCA 0 'ens5'
ip-10-233-4-98:56:56 [0] NCCL INFO ncclTopoPopulateNics : Filled ens5 in topo with pciPath=/sys/devices/pci0000:00/0000:00:05.0 net=1 gin=(null) keep=1 coll=(null)
ip-10-233-4-98:56:56 [0] NCCL INFO KV Convert to int : could not find value of 'Unknown' in dictionary, falling back to 60
ip-10-233-4-98:56:56 [0] NCCL INFO === System : maxBw 1.2 totalBw 24.0 ===
ip-10-233-4-98:56:56 [0] NCCL INFO CPU/0-ffffffffffffff (1/2/-1)
ip-10-233-4-98:56:56 [0] NCCL INFO + PCI[24.0] - GPU/0-1e0 (1)
ip-10-233-4-98:56:56 [0] NCCL INFO + PCI[12.0] - NIC/0-50
ip-10-233-4-98:56:56 [0] NCCL INFO               + NET[1.2] - NET/0-0 (0/0/0/1.250000)
ip-10-233-4-98:56:56 [0] NCCL INFO ==========================================
ip-10-233-4-98:56:56 [0] NCCL INFO GPU/0-1e0 :GPU/0-1e0 (0/5000.0/LOC) CPU/0-ffffffffffffff (1/24.0/PHB) NET/0-0 (3/1.2/PHB) 
ip-10-233-4-98:56:56 [0] NCCL INFO NET/0-0 :GPU/0-1e0 (3/1.2/PHB) CPU/0-ffffffffffffff (2/1.2/PHB) NET/0-0 (0/5000.0/LOC) 
ip-10-233-4-98:56:56 [0] NCCL INFO ncclTopoGetCpuAffinity: Affinity for GPU 0 is empty, ignoring. (GPU affinity =  ; CPU affinity = 0-3).
ip-10-233-4-98:56:56 [0] NCCL INFO Pattern 4, crossNic 0, nChannels 1, bw 1.200000/1.200000, type LOC/PHB, sameChannels 1
ip-10-233-4-98:56:56 [0] NCCL INFO  0 : NET/0-0 GPU/0-1e0 NET/0-0
ip-10-233-4-98:56:56 [0] NCCL INFO Pattern 3, crossNic 0, nChannels 1, bw 2.400000/1.200000, type LOC/PHB, sameChannels 1
ip-10-233-4-98:56:56 [0] NCCL INFO  0 : NET/0-0 GPU/0-1e0 NET/0-0
ip-10-233-4-98:56:56 [0] NCCL INFO Could not get speed from /sys/class/net/ens5/speed. Defaulting to 10 Gbps.
ip-10-233-4-98:56:56 [0] NCCL INFO comm 0x60bcf04faed0 rank 1 nRanks 2 nNodes 2 localRanks 1 localRank 0 MNNVL 0
ip-10-233-4-98:56:56 [0] NCCL INFO Tree 0 : 0 -> 1 -> -1/-1/-1
ip-10-233-4-98:56:56 [0] NCCL INFO Tree 1 : -1 -> 1 -> 0/-1/-1
ip-10-233-4-98:56:56 [0] NCCL INFO Ring 00 : 0 -> 1 -> 0
ip-10-233-4-98:56:56 [0] NCCL INFO Ring 01 : 0 -> 1 -> 0
ip-10-233-4-98:56:56 [0] NCCL INFO Trees [0] -1/-1/-1->1->0 [1] 0/-1/-1->1->-1
ip-10-233-4-98:56:56 [0] NCCL INFO P2P Chunksize set to 131072
ip-10-233-4-98:56:56 [0] NCCL INFO Check P2P Type isAllDirectP2p 1 directMode 0 isAllCudaP2p 1
ip-10-233-4-98:56:187 [0] NCCL INFO [Proxy Service] Device 0 CPU core 1
ip-10-233-4-98:56:188 [0] NCCL INFO [Proxy Service UDS] Device 0 CPU core 0
ip-10-233-4-98:56:56 [0] NCCL INFO ncclP2pSchedule: group size used is 1
ip-10-233-4-98:56:56 [0] NCCL INFO threadThresholds 8/8/64 | 16/8/64 | 512 | 512
ip-10-233-4-98:56:56 [0] NCCL INFO 2 coll channels, 2 collnet channels, 0 nvls channels, 2 p2p channels, 1 p2p channels per peer
ip-10-233-4-98:56:56 [0] NCCL INFO Symmetric VA size=24GB
ip-10-233-4-98:56:56 [0] NCCL INFO Symmetric memory is not supported. cuMemEnable 1, globalGinSupport 0, globalNicFused 0 cuMemGdrSupport 1
ip-10-233-4-98:56:56 [0] NCCL INFO ncclCommInitRankConfig comm 0x60bcf04faed0 rank 1 nranks 2 cudaDev 0 nvmlDev 0 busId 1e0 commId 0x57afe3627b219380 - Init COMPLETE
ip-10-233-4-98:56:56 [0] NCCL INFO Init timings - ncclCommInitRankConfig: rank 1 nranks 2 total 0.64 (kernels 0.00, alloc 0.00, bootstrap 0.45, allgathers 0.18, topo 0.00, graphs 0.00, connections 0.00, rest 0.00)
ip-10-233-4-98:56:187 [0] NCCL INFO New proxy recv connection 0 from local rank 0, transport 2
ip-10-233-4-98:56:189 [0] NCCL INFO [Proxy Progress] Device 0 CPU core 3
ip-10-233-4-98:56:56 [0] NCCL INFO Connected to proxy localRank 0 -> connection 0x768fc4005310
ip-10-233-4-98:56:187 [0] NCCL INFO Could not get speed from /sys/class/net/ens5/speed. Defaulting to 10 Gbps.
ip-10-233-4-98:56:187 [0] NCCL INFO NET/Socket: Using 2 threads and 8 sockets per thread
ip-10-233-4-98:56:56 [0] NCCL INFO Channel 01/1 : 0[0] -> 1[0] [receive] via NET/Socket/0/Shared
ip-10-233-4-98:56:187 [0] NCCL INFO New proxy send connection 1 from local rank 0, transport 2
ip-10-233-4-98:56:56 [0] NCCL INFO Connected to proxy localRank 0 -> connection 0x768fc4005398
ip-10-233-4-98:56:187 [0] NCCL INFO Could not get speed from /sys/class/net/ens5/speed. Defaulting to 10 Gbps.
ip-10-233-4-98:56:56 [0] NCCL INFO Channel 01/1 : 1[0] -> 0[0] [send] via NET/Socket/0/Shared
ip-10-233-4-98:56:56 [0] NCCL INFO Initialized NET plugin Socket
ip-10-233-4-98:56:56 [0] NCCL INFO Could not get speed from /sys/class/net/ens5/speed. Defaulting to 10 Gbps.
ip-10-233-4-98:56:56 [0] NCCL INFO Assigned NET plugin Socket to comm
ip-10-233-4-98:56:56 [0] NCCL INFO Failed to initialize any GIN plugin
ip-10-233-4-98:56:56 [0] NCCL INFO Using network Socket
ip-10-233-4-98:56:56 [0] NCCL INFO [Rank 1] ncclCommInitRankConfig comm 0x60bcf0736260 rank 1 nranks 2 cudaDev 0 nvmlDev 0 busId 1e0 commId 0xa8205568a04d8b2c - Init START
ip-10-233-4-98:56:56 [0] NCCL INFO Topology detection : could not read /sys/devices/pci0000:00/0000:00:1e.0/../max_link_speed, ignoring
ip-10-233-4-98:56:56 [0] NCCL INFO Topology detection : could not read /sys/devices/pci0000:00/0000:00:1e.0/../max_link_width, ignoring
ip-10-233-4-98:56:56 [0] NCCL INFO Topology detection : could not read /sys/devices/system/node/node-1/cpumap, ignoring
ip-10-233-4-98:56:56 [0] NCCL INFO TOPO/NET : Importing network plugins to topology
ip-10-233-4-98:56:56 [0] NCCL INFO Could not get speed from /sys/class/net/ens5/speed. Defaulting to 10 Gbps.
ip-10-233-4-98:56:56 [0] NCCL INFO Topology detection : could not read /sys/devices/pci0000:00/0000:00:05.0/../max_link_speed, ignoring
ip-10-233-4-98:56:56 [0] NCCL INFO Topology detection : could not read /sys/devices/pci0000:00/0000:00:05.0/../max_link_width, ignoring
ip-10-233-4-98:56:56 [0] NCCL INFO Topology detection : could not read /sys/devices/system/node/node-1/cpumap, ignoring
ip-10-233-4-98:56:56 [0] NCCL INFO NET/Socket : GPU Direct RDMA Disabled for HCA 0 'ens5'
ip-10-233-4-98:56:56 [0] NCCL INFO ncclTopoPopulateNics : Filled ens5 in topo with pciPath=/sys/devices/pci0000:00/0000:00:05.0 net=1 gin=(null) keep=1 coll=(null)
ip-10-233-4-98:56:56 [0] NCCL INFO KV Convert to int : could not find value of 'Unknown' in dictionary, falling back to 60
ip-10-233-4-98:56:56 [0] NCCL INFO === System : maxBw 1.2 totalBw 24.0 ===
ip-10-233-4-98:56:56 [0] NCCL INFO CPU/0-ffffffffffffff (1/2/-1)
ip-10-233-4-98:56:56 [0] NCCL INFO + PCI[24.0] - GPU/0-1e0 (1)
ip-10-233-4-98:56:56 [0] NCCL INFO + PCI[12.0] - NIC/0-50
ip-10-233-4-98:56:56 [0] NCCL INFO               + NET[1.2] - NET/0-0 (0/0/0/1.250000)
ip-10-233-4-98:56:56 [0] NCCL INFO ==========================================
ip-10-233-4-98:56:56 [0] NCCL INFO GPU/0-1e0 :GPU/0-1e0 (0/5000.0/LOC) CPU/0-ffffffffffffff (1/24.0/PHB) NET/0-0 (3/1.2/PHB) 
ip-10-233-4-98:56:56 [0] NCCL INFO NET/0-0 :GPU/0-1e0 (3/1.2/PHB) CPU/0-ffffffffffffff (2/1.2/PHB) NET/0-0 (0/5000.0/LOC) 
ip-10-233-4-98:56:56 [0] NCCL INFO ncclTopoGetCpuAffinity: Affinity for GPU 0 is empty, ignoring. (GPU affinity =  ; CPU affinity = 0-3).
ip-10-233-4-98:56:56 [0] NCCL INFO Pattern 4, crossNic 0, nChannels 1, bw 1.200000/1.200000, type LOC/PHB, sameChannels 1
ip-10-233-4-98:56:56 [0] NCCL INFO  0 : NET/0-0 GPU/0-1e0 NET/0-0
ip-10-233-4-98:56:56 [0] NCCL INFO Pattern 3, crossNic 0, nChannels 1, bw 2.400000/1.200000, type LOC/PHB, sameChannels 1
ip-10-233-4-98:56:56 [0] NCCL INFO  0 : NET/0-0 GPU/0-1e0 NET/0-0
ip-10-233-4-98:56:56 [0] NCCL INFO Could not get speed from /sys/class/net/ens5/speed. Defaulting to 10 Gbps.
ip-10-233-4-98:56:56 [0] NCCL INFO comm 0x60bcf0736260 rank 1 nRanks 2 nNodes 2 localRanks 1 localRank 0 MNNVL 0
ip-10-233-4-98:56:56 [0] NCCL INFO Tree 0 : 0 -> 1 -> -1/-1/-1
ip-10-233-4-98:56:56 [0] NCCL INFO Tree 1 : -1 -> 1 -> 0/-1/-1
ip-10-233-4-98:56:56 [0] NCCL INFO Ring 00 : 0 -> 1 -> 0
ip-10-233-4-98:56:56 [0] NCCL INFO Ring 01 : 0 -> 1 -> 0
ip-10-233-4-98:56:56 [0] NCCL INFO Trees [0] -1/-1/-1->1->0 [1] 0/-1/-1->1->-1
ip-10-233-4-98:56:56 [0] NCCL INFO P2P Chunksize set to 131072
ip-10-233-4-98:56:56 [0] NCCL INFO Check P2P Type isAllDirectP2p 1 directMode 0 isAllCudaP2p 1
ip-10-233-4-98:56:194 [0] NCCL INFO [Proxy Service] Device 0 CPU core 0
ip-10-233-4-98:56:195 [0] NCCL INFO [Proxy Service UDS] Device 0 CPU core 3
ip-10-233-4-98:56:56 [0] NCCL INFO ncclP2pSchedule: group size used is 1
ip-10-233-4-98:56:56 [0] NCCL INFO threadThresholds 8/8/64 | 16/8/64 | 512 | 512
ip-10-233-4-98:56:56 [0] NCCL INFO 2 coll channels, 2 collnet channels, 0 nvls channels, 2 p2p channels, 1 p2p channels per peer
ip-10-233-4-98:56:56 [0] NCCL INFO Symmetric VA size=24GB
ip-10-233-4-98:56:56 [0] NCCL INFO Symmetric memory is not supported. cuMemEnable 1, globalGinSupport 0, globalNicFused 0 cuMemGdrSupport 1
ip-10-233-4-98:56:56 [0] NCCL INFO ncclCommInitRankConfig comm 0x60bcf0736260 rank 1 nranks 2 cudaDev 0 nvmlDev 0 busId 1e0 commId 0xa8205568a04d8b2c - Init COMPLETE
ip-10-233-4-98:56:56 [0] NCCL INFO Init timings - ncclCommInitRankConfig: rank 1 nranks 2 total 0.67 (kernels 0.00, alloc 0.00, bootstrap 0.48, allgathers 0.19, topo 0.00, graphs 0.00, connections 0.00, rest 0.00)
ip-10-233-4-98:56:194 [0] NCCL INFO New proxy recv connection 0 from local rank 0, transport 2
ip-10-233-4-98:56:196 [0] NCCL INFO [Proxy Progress] Device 0 CPU core 0
ip-10-233-4-98:56:56 [0] NCCL INFO Connected to proxy localRank 0 -> connection 0x60bcf08960f0
ip-10-233-4-98:56:194 [0] NCCL INFO Could not get speed from /sys/class/net/ens5/speed. Defaulting to 10 Gbps.
ip-10-233-4-98:56:194 [0] NCCL INFO NET/Socket: Using 2 threads and 8 sockets per thread
ip-10-233-4-98:56:56 [0] NCCL INFO Channel 01/1 : 0[0] -> 1[0] [receive] via NET/Socket/0/Shared
ip-10-233-4-98:56:194 [0] NCCL INFO New proxy send connection 1 from local rank 0, transport 2
ip-10-233-4-98:56:56 [0] NCCL INFO Connected to proxy localRank 0 -> connection 0x60bcf0896178
ip-10-233-4-98:56:194 [0] NCCL INFO Could not get speed from /sys/class/net/ens5/speed. Defaulting to 10 Gbps.
ip-10-233-4-98:56:56 [0] NCCL INFO Channel 01/1 : 1[0] -> 0[0] [send] via NET/Socket/0/Shared
ip-10-233-4-98:56:56 [0] NCCL INFO Initialized NET plugin Socket
ip-10-233-4-98:56:56 [0] NCCL INFO Could not get speed from /sys/class/net/ens5/speed. Defaulting to 10 Gbps.
ip-10-233-4-98:56:56 [0] NCCL INFO Assigned NET plugin Socket to comm
ip-10-233-4-98:56:56 [0] NCCL INFO Failed to initialize any GIN plugin
ip-10-233-4-98:56:56 [0] NCCL INFO Using network Socket
ip-10-233-4-98:56:56 [0] NCCL INFO [Rank 0] ncclCommInitRankConfig comm 0x60bcf08a7b20 rank 0 nranks 2 cudaDev 0 nvmlDev 0 busId 1e0 commId 0x3ebacd95f6739388 - Init START
ip-10-233-4-98:56:56 [0] NCCL INFO Topology detection : could not read /sys/devices/pci0000:00/0000:00:1e.0/../max_link_speed, ignoring
ip-10-233-4-98:56:56 [0] NCCL INFO Topology detection : could not read /sys/devices/pci0000:00/0000:00:1e.0/../max_link_width, ignoring
ip-10-233-4-98:56:56 [0] NCCL INFO Topology detection : could not read /sys/devices/system/node/node-1/cpumap, ignoring
ip-10-233-4-98:56:56 [0] NCCL INFO TOPO/NET : Importing network plugins to topology
ip-10-233-4-98:56:56 [0] NCCL INFO Could not get speed from /sys/class/net/ens5/speed. Defaulting to 10 Gbps.
ip-10-233-4-98:56:56 [0] NCCL INFO Topology detection : could not read /sys/devices/pci0000:00/0000:00:05.0/../max_link_speed, ignoring
ip-10-233-4-98:56:56 [0] NCCL INFO Topology detection : could not read /sys/devices/pci0000:00/0000:00:05.0/../max_link_width, ignoring
ip-10-233-4-98:56:56 [0] NCCL INFO Topology detection : could not read /sys/devices/system/node/node-1/cpumap, ignoring
ip-10-233-4-98:56:56 [0] NCCL INFO NET/Socket : GPU Direct RDMA Disabled for HCA 0 'ens5'
ip-10-233-4-98:56:56 [0] NCCL INFO ncclTopoPopulateNics : Filled ens5 in topo with pciPath=/sys/devices/pci0000:00/0000:00:05.0 net=1 gin=(null) keep=1 coll=(null)
ip-10-233-4-98:56:56 [0] NCCL INFO KV Convert to int : could not find value of 'Unknown' in dictionary, falling back to 60
ip-10-233-4-98:56:56 [0] NCCL INFO === System : maxBw 1.2 totalBw 24.0 ===
ip-10-233-4-98:56:56 [0] NCCL INFO CPU/0-ffffffffffffff (1/2/-1)
ip-10-233-4-98:56:56 [0] NCCL INFO + PCI[24.0] - GPU/0-1e0 (0)
ip-10-233-4-98:56:56 [0] NCCL INFO + PCI[12.0] - NIC/0-50
ip-10-233-4-98:56:56 [0] NCCL INFO               + NET[1.2] - NET/0-0 (0/0/0/1.250000)
ip-10-233-4-98:56:56 [0] NCCL INFO ==========================================
ip-10-233-4-98:56:56 [0] NCCL INFO GPU/0-1e0 :GPU/0-1e0 (0/5000.0/LOC) CPU/0-ffffffffffffff (1/24.0/PHB) NET/0-0 (3/1.2/PHB) 
ip-10-233-4-98:56:56 [0] NCCL INFO NET/0-0 :GPU/0-1e0 (3/1.2/PHB) CPU/0-ffffffffffffff (2/1.2/PHB) NET/0-0 (0/5000.0/LOC) 
ip-10-233-4-98:56:56 [0] NCCL INFO ncclTopoGetCpuAffinity: Affinity for GPU 0 is empty, ignoring. (GPU affinity =  ; CPU affinity = 0-3).
ip-10-233-4-98:56:56 [0] NCCL INFO Pattern 4, crossNic 0, nChannels 1, bw 1.200000/1.200000, type LOC/PHB, sameChannels 1
ip-10-233-4-98:56:56 [0] NCCL INFO  0 : NET/0-0 GPU/0-1e0 NET/0-0
ip-10-233-4-98:56:56 [0] NCCL INFO Pattern 3, crossNic 0, nChannels 1, bw 2.400000/1.200000, type LOC/PHB, sameChannels 1
ip-10-233-4-98:56:56 [0] NCCL INFO  0 : NET/0-0 GPU/0-1e0 NET/0-0
ip-10-233-4-98:56:56 [0] NCCL INFO Could not get speed from /sys/class/net/ens5/speed. Defaulting to 10 Gbps.
ip-10-233-4-98:56:56 [0] NCCL INFO comm 0x60bcf08a7b20 rank 0 nRanks 2 nNodes 2 localRanks 1 localRank 0 MNNVL 0
ip-10-233-4-98:56:56 [0] NCCL INFO Tree 0 : -1 -> 0 -> 1/-1/-1
ip-10-233-4-98:56:56 [0] NCCL INFO Tree 1 : 1 -> 0 -> -1/-1/-1
ip-10-233-4-98:56:56 [0] NCCL INFO Channel 00/02 : 0 1
ip-10-233-4-98:56:56 [0] NCCL INFO Channel 01/02 : 0 1
ip-10-233-4-98:56:56 [0] NCCL INFO Ring 00 : 1 -> 0 -> 1
ip-10-233-4-98:56:56 [0] NCCL INFO Ring 01 : 1 -> 0 -> 1
ip-10-233-4-98:56:56 [0] NCCL INFO Trees [0] 1/-1/-1->0->-1 [1] -1/-1/-1->0->1
ip-10-233-4-98:56:56 [0] NCCL INFO P2P Chunksize set to 131072
ip-10-233-4-98:56:56 [0] NCCL INFO Check P2P Type isAllDirectP2p 1 directMode 0 isAllCudaP2p 1
ip-10-233-4-98:56:56 [0] NCCL INFO ncclP2pSchedule: group size used is 1
ip-10-233-4-98:56:203 [0] NCCL INFO [Proxy Service UDS] Device 0 CPU core 0
ip-10-233-4-98:56:202 [0] NCCL INFO [Proxy Service] Device 0 CPU core 0
ip-10-233-4-98:56:56 [0] NCCL INFO threadThresholds 8/8/64 | 16/8/64 | 512 | 512
ip-10-233-4-98:56:56 [0] NCCL INFO 2 coll channels, 2 collnet channels, 0 nvls channels, 2 p2p channels, 1 p2p channels per peer
ip-10-233-4-98:56:56 [0] NCCL INFO Symmetric VA size=24GB
ip-10-233-4-98:56:56 [0] NCCL INFO Symmetric memory is not supported. cuMemEnable 1, globalGinSupport 0, globalNicFused 0 cuMemGdrSupport 1
ip-10-233-4-98:56:56 [0] NCCL INFO CC Off, workFifoBytes 1048576
ip-10-233-4-98:56:56 [0] NCCL INFO ncclCommInitRankConfig comm 0x60bcf08a7b20 rank 0 nranks 2 cudaDev 0 nvmlDev 0 busId 1e0 commId 0x3ebacd95f6739388 - Init COMPLETE
ip-10-233-4-98:56:56 [0] NCCL INFO Init timings - ncclCommInitRankConfig: rank 0 nranks 2 total 0.25 (kernels 0.00, alloc 0.00, bootstrap 0.22, allgathers 0.02, topo 0.00, graphs 0.00, connections 0.00, rest 0.00)
ip-10-233-4-98:56:202 [0] NCCL INFO New proxy send connection 0 from local rank 0, transport 2
ip-10-233-4-98:56:204 [0] NCCL INFO [Proxy Progress] Device 0 CPU core 1
ip-10-233-4-98:56:56 [0] NCCL INFO Connected to proxy localRank 0 -> connection 0x768e780164b0
ip-10-233-4-98:56:202 [0] NCCL INFO Could not get speed from /sys/class/net/ens5/speed. Defaulting to 10 Gbps.
ip-10-233-4-98:56:56 [0] NCCL INFO Channel 01/1 : 0[0] -> 1[0] [send] via NET/Socket/0/Shared
ip-10-233-4-98:56:202 [0] NCCL INFO New proxy recv connection 1 from local rank 0, transport 2
ip-10-233-4-98:56:56 [0] NCCL INFO Connected to proxy localRank 0 -> connection 0x768e78016538
ip-10-233-4-98:56:202 [0] NCCL INFO Could not get speed from /sys/class/net/ens5/speed. Defaulting to 10 Gbps.
ip-10-233-4-98:56:202 [0] NCCL INFO NET/Socket: Using 2 threads and 8 sockets per thread
ip-10-233-4-98:56:56 [0] NCCL INFO Channel 01/1 : 1[0] -> 0[0] [receive] via NET/Socket/0/Shared
ip-10-233-4-98:56:56 [0] NCCL INFO Initialized NET plugin Socket
ip-10-233-4-98:56:56 [0] NCCL INFO Could not get speed from /sys/class/net/ens5/speed. Defaulting to 10 Gbps.
ip-10-233-4-98:56:56 [0] NCCL INFO Assigned NET plugin Socket to comm
ip-10-233-4-98:56:56 [0] NCCL INFO Failed to initialize any GIN plugin
ip-10-233-4-98:56:56 [0] NCCL INFO Using network Socket
ip-10-233-4-98:56:56 [0] NCCL INFO [Rank 1] ncclCommInitRankConfig comm 0x60bcf0b10ea0 rank 1 nranks 2 cudaDev 0 nvmlDev 0 busId 1e0 commId 0x7f38f5da225bca3b - Init START
ip-10-233-4-98:56:56 [0] NCCL INFO Topology detection : could not read /sys/devices/pci0000:00/0000:00:1e.0/../max_link_speed, ignoring
ip-10-233-4-98:56:56 [0] NCCL INFO Topology detection : could not read /sys/devices/pci0000:00/0000:00:1e.0/../max_link_width, ignoring
ip-10-233-4-98:56:56 [0] NCCL INFO Topology detection : could not read /sys/devices/system/node/node-1/cpumap, ignoring
ip-10-233-4-98:56:56 [0] NCCL INFO TOPO/NET : Importing network plugins to topology
ip-10-233-4-98:56:56 [0] NCCL INFO Could not get speed from /sys/class/net/ens5/speed. Defaulting to 10 Gbps.
ip-10-233-4-98:56:56 [0] NCCL INFO Topology detection : could not read /sys/devices/pci0000:00/0000:00:05.0/../max_link_speed, ignoring
ip-10-233-4-98:56:56 [0] NCCL INFO Topology detection : could not read /sys/devices/pci0000:00/0000:00:05.0/../max_link_width, ignoring
ip-10-233-4-98:56:56 [0] NCCL INFO Topology detection : could not read /sys/devices/system/node/node-1/cpumap, ignoring
ip-10-233-4-98:56:56 [0] NCCL INFO NET/Socket : GPU Direct RDMA Disabled for HCA 0 'ens5'
ip-10-233-4-98:56:56 [0] NCCL INFO ncclTopoPopulateNics : Filled ens5 in topo with pciPath=/sys/devices/pci0000:00/0000:00:05.0 net=1 gin=(null) keep=1 coll=(null)
ip-10-233-4-98:56:56 [0] NCCL INFO KV Convert to int : could not find value of 'Unknown' in dictionary, falling back to 60
ip-10-233-4-98:56:56 [0] NCCL INFO === System : maxBw 1.2 totalBw 24.0 ===
ip-10-233-4-98:56:56 [0] NCCL INFO CPU/0-ffffffffffffff (1/2/-1)
ip-10-233-4-98:56:56 [0] NCCL INFO + PCI[24.0] - GPU/0-1e0 (1)
ip-10-233-4-98:56:56 [0] NCCL INFO + PCI[12.0] - NIC/0-50
ip-10-233-4-98:56:56 [0] NCCL INFO               + NET[1.2] - NET/0-0 (0/0/0/1.250000)
ip-10-233-4-98:56:56 [0] NCCL INFO ==========================================
ip-10-233-4-98:56:56 [0] NCCL INFO GPU/0-1e0 :GPU/0-1e0 (0/5000.0/LOC) CPU/0-ffffffffffffff (1/24.0/PHB) NET/0-0 (3/1.2/PHB) 
ip-10-233-4-98:56:56 [0] NCCL INFO NET/0-0 :GPU/0-1e0 (3/1.2/PHB) CPU/0-ffffffffffffff (2/1.2/PHB) NET/0-0 (0/5000.0/LOC) 
ip-10-233-4-98:56:56 [0] NCCL INFO ncclTopoGetCpuAffinity: Affinity for GPU 0 is empty, ignoring. (GPU affinity =  ; CPU affinity = 0-3).
ip-10-233-4-98:56:56 [0] NCCL INFO Pattern 4, crossNic 0, nChannels 1, bw 1.200000/1.200000, type LOC/PHB, sameChannels 1
ip-10-233-4-98:56:56 [0] NCCL INFO  0 : NET/0-0 GPU/0-1e0 NET/0-0
ip-10-233-4-98:56:56 [0] NCCL INFO Pattern 3, crossNic 0, nChannels 1, bw 2.400000/1.200000, type LOC/PHB, sameChannels 1
ip-10-233-4-98:56:56 [0] NCCL INFO  0 : NET/0-0 GPU/0-1e0 NET/0-0
ip-10-233-4-98:56:56 [0] NCCL INFO Could not get speed from /sys/class/net/ens5/speed. Defaulting to 10 Gbps.
ip-10-233-4-98:56:56 [0] NCCL INFO comm 0x60bcf0b10ea0 rank 1 nRanks 2 nNodes 2 localRanks 1 localRank 0 MNNVL 0
ip-10-233-4-98:56:56 [0] NCCL INFO Tree 0 : 0 -> 1 -> -1/-1/-1
ip-10-233-4-98:56:56 [0] NCCL INFO Tree 1 : -1 -> 1 -> 0/-1/-1
ip-10-233-4-98:56:56 [0] NCCL INFO Ring 00 : 0 -> 1 -> 0
ip-10-233-4-98:56:56 [0] NCCL INFO Ring 01 : 0 -> 1 -> 0
ip-10-233-4-98:56:56 [0] NCCL INFO Trees [0] -1/-1/-1->1->0 [1] 0/-1/-1->1->-1
ip-10-233-4-98:56:56 [0] NCCL INFO P2P Chunksize set to 131072
ip-10-233-4-98:56:56 [0] NCCL INFO Check P2P Type isAllDirectP2p 1 directMode 0 isAllCudaP2p 1
ip-10-233-4-98:56:209 [0] NCCL INFO [Proxy Service] Device 0 CPU core 3
ip-10-233-4-98:56:56 [0] NCCL INFO ncclP2pSchedule: group size used is 1
ip-10-233-4-98:56:210 [0] NCCL INFO [Proxy Service UDS] Device 0 CPU core 2
ip-10-233-4-98:56:56 [0] NCCL INFO threadThresholds 8/8/64 | 16/8/64 | 512 | 512
ip-10-233-4-98:56:56 [0] NCCL INFO 2 coll channels, 2 collnet channels, 0 nvls channels, 2 p2p channels, 1 p2p channels per peer
ip-10-233-4-98:56:56 [0] NCCL INFO Symmetric VA size=24GB
ip-10-233-4-98:56:56 [0] NCCL INFO Symmetric memory is not supported. cuMemEnable 1, globalGinSupport 0, globalNicFused 0 cuMemGdrSupport 1
ip-10-233-4-98:56:56 [0] NCCL INFO ncclCommInitRankConfig comm 0x60bcf0b10ea0 rank 1 nranks 2 cudaDev 0 nvmlDev 0 busId 1e0 commId 0x7f38f5da225bca3b - Init COMPLETE
ip-10-233-4-98:56:56 [0] NCCL INFO Init timings - ncclCommInitRankConfig: rank 1 nranks 2 total 0.68 (kernels 0.00, alloc 0.00, bootstrap 0.48, allgathers 0.19, topo 0.00, graphs 0.00, connections 0.00, rest 0.00)
ip-10-233-4-98:56:209 [0] NCCL INFO New proxy recv connection 0 from local rank 0, transport 2
ip-10-233-4-98:56:211 [0] NCCL INFO [Proxy Progress] Device 0 CPU core 1
ip-10-233-4-98:56:56 [0] NCCL INFO Connected to proxy localRank 0 -> connection 0x768ea401aa70
ip-10-233-4-98:56:209 [0] NCCL INFO Could not get speed from /sys/class/net/ens5/speed. Defaulting to 10 Gbps.
ip-10-233-4-98:56:209 [0] NCCL INFO NET/Socket: Using 2 threads and 8 sockets per thread
ip-10-233-4-98:56:56 [0] NCCL INFO Channel 01/1 : 0[0] -> 1[0] [receive] via NET/Socket/0/Shared
ip-10-233-4-98:56:209 [0] NCCL INFO New proxy send connection 1 from local rank 0, transport 2
ip-10-233-4-98:56:56 [0] NCCL INFO Connected to proxy localRank 0 -> connection 0x768ea401aaf8
ip-10-233-4-98:56:209 [0] NCCL INFO Could not get speed from /sys/class/net/ens5/speed. Defaulting to 10 Gbps.
ip-10-233-4-98:56:56 [0] NCCL INFO Channel 01/1 : 1[0] -> 0[0] [send] via NET/Socket/0/Shared
ip-10-233-4-98:56:56 [0] NCCL INFO comm 0x60bcf0736260 rank 1 nranks 2 cudaDev 0 busId 1e0 - Destroy COMPLETE
ip-10-233-4-98:56:56 [0] NCCL INFO comm 0x60bce4f03590 rank 0 nranks 2 cudaDev 0 busId 1e0 - Destroy COMPLETE
ip-10-233-4-98:56:56 [0] NCCL INFO comm 0x60bce907a050 rank 7 nranks 16 cudaDev 0 busId 1e0 - Destroy COMPLETE
ip-10-233-4-98:56:56 [0] NCCL INFO comm 0x60bce97fff00 rank 0 nranks 2 cudaDev 0 busId 1e0 - Destroy COMPLETE
ip-10-233-4-98:56:56 [0] NCCL INFO comm 0x60bced8a1800 rank 1 nranks 2 cudaDev 0 busId 1e0 - Destroy COMPLETE
ip-10-233-4-98:56:56 [0] NCCL INFO comm 0x60bce93db130 rank 1 nranks 2 cudaDev 0 busId 1e0 - Destroy COMPLETE
ip-10-233-4-98:56:56 [0] NCCL INFO comm 0x60bcf04faed0 rank 1 nranks 2 cudaDev 0 busId 1e0 - Destroy COMPLETE
ip-10-233-4-98:56:56 [0] NCCL INFO comm 0x60bce9c2e9d0 rank 0 nranks 2 cudaDev 0 busId 1e0 - Destroy COMPLETE
ip-10-233-4-98:56:56 [0] NCCL INFO comm 0x60bcf08a7b20 rank 0 nranks 2 cudaDev 0 busId 1e0 - Destroy COMPLETE
ip-10-233-4-98:56:56 [0] NCCL INFO comm 0x60bce9e785b0 rank 1 nranks 2 cudaDev 0 busId 1e0 - Destroy COMPLETE
ip-10-233-4-98:56:56 [0] NCCL INFO comm 0x60bcf0b10ea0 rank 1 nranks 2 cudaDev 0 busId 1e0 - Destroy COMPLETE
ip-10-233-4-98:56:56 [0] NCCL INFO comm 0x60bce9d537c0 rank 0 nranks 2 cudaDev 0 busId 1e0 - Destroy COMPLETE
ip-10-233-4-98:56:56 [0] NCCL INFO comm 0x60bce9924d40 rank 0 nranks 2 cudaDev 0 busId 1e0 - Destroy COMPLETE
ip-10-233-4-98:56:56 [0] NCCL INFO comm 0x60bcf02c87a0 rank 0 nranks 2 cudaDev 0 busId 1e0 - Destroy COMPLETE
ip-10-233-4-98:56:56 [0] NCCL INFO comm 0x60bce96200f0 rank 0 nranks 2 cudaDev 0 busId 1e0 - Destroy COMPLETE
ip-10-233-4-98:56:56 [0] NCCL INFO comm 0x60bcf0c706e0 rank 1 nranks 2 cudaDev 0 busId 1e0 - Destroy COMPLETE
ip-10-233-4-98:56:56 [0] NCCL INFO ENV/Plugin: Closing env plugin ncclEnvDefault
