Warning: You are sending unauthenticated requests to the HF Hub. Please set a HF_TOKEN to enable higher rate limits and faster downloads.
Generating train split:   0%|          | 0/50000 [00:00<?, ? examples/s]Generating train split:   0%|          | 100/50000 [00:00<02:21, 353.33 examples/s]Generating train split:  51%|█████     | 25600/50000 [00:00<00:00, 64136.64 examples/s]Generating train split: 100%|██████████| 50000/50000 [00:00<00:00, 89843.11 examples/s]
Generating test split:   0%|          | 0/10000 [00:00<?, ? examples/s]Generating test split: 100%|██████████| 10000/10000 [00:00<00:00, 257439.30 examples/s]
[W909 10:02:21.542319395 Utils.hpp:166] Warning: Environment variable NCCL_BLOCKING_WAIT is deprecated; use TORCH_NCCL_BLOCKING_WAIT instead (function operator())
[W909 10:02:21.542356387 Utils.hpp:137] Warning: Environment variable NCCL_ASYNC_ERROR_HANDLING is deprecated; use TORCH_NCCL_ASYNC_ERROR_HANDLING instead (function operator())
[rank9]:[W909 10:02:26.221036125 ProcessGroupNCCL.cpp:4215] Warning: An unbatched P2P op (send/recv) was called on this ProcessGroup with size 16.  In lazy initialization mode, this will result in a new 2-rank NCCL communicator to be created. (function operator())
ip-10-238-1-232:57:57 [0] NCCL INFO ENV/Plugin: Could not find: libnccl-env.so
ip-10-238-1-232:57:57 [0] NCCL INFO cudaDriverVersion 13020
ip-10-238-1-232:57:57 [0] NCCL INFO NCCL_SOCKET_IFNAME set to ens5
ip-10-238-1-232:57:57 [0] NCCL INFO NCCL version 2.29.7+cuda13.2
ip-10-238-1-232:57:57 [0] NCCL INFO NCCL git version stable b81d6a5a3
ip-10-238-1-232:57:57 [0] NCCL INFO NET/Plugin: Could not find: libnccl-net.so
ip-10-238-1-232:57:57 [0] NCCL INFO transport/net_ib/init.cc:396 -> 3
ip-10-238-1-232:57:57 [0] NCCL INFO Failed to initialize NET plugin IB
ip-10-238-1-232:57:57 [0] NCCL INFO NET/Socket : Using [0]ens5:10.238.1.232<0>
ip-10-238-1-232:57:57 [0] NCCL INFO Initialized NET plugin Socket
ip-10-238-1-232:57:57 [0] NCCL INFO Could not get speed from /sys/class/net/ens5/speed. Defaulting to 10 Gbps.
ip-10-238-1-232:57:57 [0] NCCL INFO Assigned NET plugin Socket to comm
ip-10-238-1-232:57:57 [0] NCCL INFO GIN/Plugin: Could not find: libnccl-gin.so

[2026-09-09 10:02:26] ip-10-238-1-232:57:57 [0] misc/ibvwrap.cc:173 NCCL WARN lib wrapper not initialized.
ip-10-238-1-232:57:57 [0] NCCL INFO transport/net_ib/gdr.cc:56 -> 3
ip-10-238-1-232:57:57 [0] NCCL INFO Unable to use GIN: Peermem is not supported, nor DMA-BUF.
ip-10-238-1-232:57:57 [0] NCCL INFO Unable to use GIN: Peermem is not supported, nor DMA-BUF.
ip-10-238-1-232:57:57 [0] NCCL INFO Failed to initialize any GIN plugin
ip-10-238-1-232:57:57 [0] NCCL INFO Using network Socket
ip-10-238-1-232:57:57 [0] NCCL INFO [Rank 1] ncclCommInitRankConfig comm 0x5dd7a642f560 rank 1 nranks 2 cudaDev 0 nvmlDev 0 busId 1e0 commId 0x45b087441deadb11 - Init START
ip-10-238-1-232:57:57 [0] NCCL INFO RAS client listening socket at 127.0.0.1<28028>
ip-10-238-1-232:57:57 [0] NCCL INFO Topology detection : could not read /sys/devices/pci0000:00/0000:00:1e.0/../max_link_speed, ignoring
ip-10-238-1-232:57:57 [0] NCCL INFO Topology detection : could not read /sys/devices/pci0000:00/0000:00:1e.0/../max_link_width, ignoring
ip-10-238-1-232:57:57 [0] NCCL INFO Topology detection : could not read /sys/devices/system/node/node-1/cpumap, ignoring
ip-10-238-1-232:57:57 [0] NCCL INFO TOPO/NET : Importing network plugins to topology
ip-10-238-1-232:57:57 [0] NCCL INFO Could not get speed from /sys/class/net/ens5/speed. Defaulting to 10 Gbps.
ip-10-238-1-232:57:57 [0] NCCL INFO Topology detection : could not read /sys/devices/pci0000:00/0000:00:05.0/../max_link_speed, ignoring
ip-10-238-1-232:57:57 [0] NCCL INFO Topology detection : could not read /sys/devices/pci0000:00/0000:00:05.0/../max_link_width, ignoring
ip-10-238-1-232:57:57 [0] NCCL INFO Topology detection : could not read /sys/devices/system/node/node-1/cpumap, ignoring
ip-10-238-1-232:57:57 [0] NCCL INFO NET/Socket : GPU Direct RDMA Disabled for HCA 0 'ens5'
ip-10-238-1-232:57:57 [0] NCCL INFO ncclTopoPopulateNics : Filled ens5 in topo with pciPath=/sys/devices/pci0000:00/0000:00:05.0 net=1 gin=(null) keep=1 coll=(null)
ip-10-238-1-232:57:57 [0] NCCL INFO KV Convert to int : could not find value of 'Unknown' in dictionary, falling back to 60
ip-10-238-1-232:57:57 [0] NCCL INFO === System : maxBw 1.2 totalBw 24.0 ===
ip-10-238-1-232:57:57 [0] NCCL INFO CPU/0-ffffffffffffff (1/2/-1)
ip-10-238-1-232:57:57 [0] NCCL INFO + PCI[24.0] - GPU/0-1e0 (1)
ip-10-238-1-232:57:57 [0] NCCL INFO + PCI[12.0] - NIC/0-50
ip-10-238-1-232:57:57 [0] NCCL INFO               + NET[1.2] - NET/0-0 (0/0/0/1.250000)
ip-10-238-1-232:57:57 [0] NCCL INFO ==========================================
ip-10-238-1-232:57:57 [0] NCCL INFO GPU/0-1e0 :GPU/0-1e0 (0/5000.0/LOC) CPU/0-ffffffffffffff (1/24.0/PHB) NET/0-0 (3/1.2/PHB) 
ip-10-238-1-232:57:57 [0] NCCL INFO NET/0-0 :GPU/0-1e0 (3/1.2/PHB) CPU/0-ffffffffffffff (2/1.2/PHB) NET/0-0 (0/5000.0/LOC) 
ip-10-238-1-232:57:57 [0] NCCL INFO ncclTopoGetCpuAffinity: Affinity for GPU 0 is empty, ignoring. (GPU affinity =  ; CPU affinity = 0-3).
ip-10-238-1-232:57:57 [0] NCCL INFO Pattern 4, crossNic 0, nChannels 1, bw 1.200000/1.200000, type LOC/PHB, sameChannels 1
ip-10-238-1-232:57:57 [0] NCCL INFO  0 : NET/0-0 GPU/0-1e0 NET/0-0
ip-10-238-1-232:57:57 [0] NCCL INFO Pattern 3, crossNic 0, nChannels 1, bw 2.400000/1.200000, type LOC/PHB, sameChannels 1
ip-10-238-1-232:57:57 [0] NCCL INFO  0 : NET/0-0 GPU/0-1e0 NET/0-0
ip-10-238-1-232:57:57 [0] NCCL INFO Could not get speed from /sys/class/net/ens5/speed. Defaulting to 10 Gbps.
ip-10-238-1-232:57:57 [0] NCCL INFO comm 0x5dd7a642f560 rank 1 nRanks 2 nNodes 2 localRanks 1 localRank 0 MNNVL 0
ip-10-238-1-232:57:57 [0] NCCL INFO Tree 0 : 0 -> 1 -> -1/-1/-1
ip-10-238-1-232:57:57 [0] NCCL INFO Tree 1 : -1 -> 1 -> 0/-1/-1
ip-10-238-1-232:57:57 [0] NCCL INFO Ring 00 : 0 -> 1 -> 0
ip-10-238-1-232:57:57 [0] NCCL INFO Ring 01 : 0 -> 1 -> 0
ip-10-238-1-232:57:57 [0] NCCL INFO Trees [0] -1/-1/-1->1->0 [1] 0/-1/-1->1->-1
ip-10-238-1-232:57:57 [0] NCCL INFO P2P Chunksize set to 131072
ip-10-238-1-232:57:57 [0] NCCL INFO PROFILER/Plugin: Could not find: libnccl-profiler.so
ip-10-238-1-232:57:57 [0] NCCL INFO Check P2P Type isAllDirectP2p 1 directMode 0 isAllCudaP2p 1
ip-10-238-1-232:57:57 [0] NCCL INFO ncclP2pSchedule: group size used is 1
ip-10-238-1-232:57:101 [0] NCCL INFO [Proxy Service] Device 0 CPU core 0
ip-10-238-1-232:57:102 [0] NCCL INFO [Proxy Service UDS] Device 0 CPU core 1
ip-10-238-1-232:57:57 [0] NCCL INFO TUNER/Plugin: Could not find: libnccl-tuner.so
ip-10-238-1-232:57:57 [0] NCCL INFO threadThresholds 8/8/64 | 16/8/64 | 512 | 512
ip-10-238-1-232:57:57 [0] NCCL INFO 2 coll channels, 2 collnet channels, 0 nvls channels, 2 p2p channels, 1 p2p channels per peer
ip-10-238-1-232:57:57 [0] NCCL INFO Symmetric VA size=24GB
ip-10-238-1-232:57:57 [0] NCCL INFO Symmetric memory is not supported. cuMemEnable 1, globalGinSupport 0, globalNicFused 0 cuMemGdrSupport 1
ip-10-238-1-232:57:57 [0] NCCL INFO ncclCommInitRankConfig comm 0x5dd7a642f560 rank 1 nranks 2 cudaDev 0 nvmlDev 0 busId 1e0 commId 0x45b087441deadb11 - Init COMPLETE
ip-10-238-1-232:57:57 [0] NCCL INFO Init timings - ncclCommInitRankConfig: rank 1 nranks 2 total 0.28 (kernels 0.16, alloc 0.02, bootstrap 0.06, allgathers 0.03, topo 0.00, graphs 0.00, connections 0.00, rest 0.00)
ip-10-238-1-232:57:101 [0] NCCL INFO New proxy recv connection 0 from local rank 0, transport 2
ip-10-238-1-232:57:103 [0] NCCL INFO [Proxy Progress] Device 0 CPU core 3
ip-10-238-1-232:57:57 [0] NCCL INFO Connected to proxy localRank 0 -> connection 0x78a6b0004fa0
ip-10-238-1-232:57:101 [0] NCCL INFO Could not get speed from /sys/class/net/ens5/speed. Defaulting to 10 Gbps.
ip-10-238-1-232:57:101 [0] NCCL INFO NET/Socket: Using 2 threads and 8 sockets per thread
ip-10-238-1-232:57:57 [0] NCCL INFO Channel 01/1 : 0[0] -> 1[0] [receive] via NET/Socket/0/Shared
[rank9]:[W909 10:02:27.553757820 ProcessGroupNCCL.cpp:4215] Warning: An unbatched P2P op (send/recv) was called on this ProcessGroup with size 16.  In lazy initialization mode, this will result in a new 2-rank NCCL communicator to be created. (function operator())
ip-10-238-1-232:57:101 [0] NCCL INFO New proxy send connection 1 from local rank 0, transport 2
ip-10-238-1-232:57:57 [0] NCCL INFO Connected to proxy localRank 0 -> connection 0x78a6b0005028
ip-10-238-1-232:57:101 [0] NCCL INFO Could not get speed from /sys/class/net/ens5/speed. Defaulting to 10 Gbps.
ip-10-238-1-232:57:57 [0] NCCL INFO Channel 01/1 : 1[0] -> 0[0] [send] via NET/Socket/0/Shared
ip-10-238-1-232:57:57 [0] NCCL INFO Initialized NET plugin Socket
ip-10-238-1-232:57:57 [0] NCCL INFO Could not get speed from /sys/class/net/ens5/speed. Defaulting to 10 Gbps.
ip-10-238-1-232:57:57 [0] NCCL INFO Assigned NET plugin Socket to comm
ip-10-238-1-232:57:57 [0] NCCL INFO Failed to initialize any GIN plugin
ip-10-238-1-232:57:57 [0] NCCL INFO Using network Socket
ip-10-238-1-232:57:57 [0] NCCL INFO [Rank 9] ncclCommInitRankConfig comm 0x5dd7aa5a3c10 rank 9 nranks 16 cudaDev 0 nvmlDev 0 busId 1e0 commId 0xb52e73f562d9812f - Init START
ip-10-238-1-232:57:57 [0] NCCL INFO Topology detection : could not read /sys/devices/pci0000:00/0000:00:1e.0/../max_link_speed, ignoring
ip-10-238-1-232:57:57 [0] NCCL INFO Topology detection : could not read /sys/devices/pci0000:00/0000:00:1e.0/../max_link_width, ignoring
ip-10-238-1-232:57:57 [0] NCCL INFO Topology detection : could not read /sys/devices/system/node/node-1/cpumap, ignoring
ip-10-238-1-232:57:57 [0] NCCL INFO TOPO/NET : Importing network plugins to topology
ip-10-238-1-232:57:57 [0] NCCL INFO Could not get speed from /sys/class/net/ens5/speed. Defaulting to 10 Gbps.
ip-10-238-1-232:57:57 [0] NCCL INFO Topology detection : could not read /sys/devices/pci0000:00/0000:00:05.0/../max_link_speed, ignoring
ip-10-238-1-232:57:57 [0] NCCL INFO Topology detection : could not read /sys/devices/pci0000:00/0000:00:05.0/../max_link_width, ignoring
ip-10-238-1-232:57:57 [0] NCCL INFO Topology detection : could not read /sys/devices/system/node/node-1/cpumap, ignoring
ip-10-238-1-232:57:57 [0] NCCL INFO NET/Socket : GPU Direct RDMA Disabled for HCA 0 'ens5'
ip-10-238-1-232:57:57 [0] NCCL INFO ncclTopoPopulateNics : Filled ens5 in topo with pciPath=/sys/devices/pci0000:00/0000:00:05.0 net=1 gin=(null) keep=1 coll=(null)
ip-10-238-1-232:57:57 [0] NCCL INFO KV Convert to int : could not find value of 'Unknown' in dictionary, falling back to 60
ip-10-238-1-232:57:57 [0] NCCL INFO === System : maxBw 1.2 totalBw 24.0 ===
ip-10-238-1-232:57:57 [0] NCCL INFO CPU/0-ffffffffffffff (1/2/-1)
ip-10-238-1-232:57:57 [0] NCCL INFO + PCI[24.0] - GPU/0-1e0 (9)
ip-10-238-1-232:57:57 [0] NCCL INFO + PCI[12.0] - NIC/0-50
ip-10-238-1-232:57:57 [0] NCCL INFO               + NET[1.2] - NET/0-0 (0/0/0/1.250000)
ip-10-238-1-232:57:57 [0] NCCL INFO ==========================================
ip-10-238-1-232:57:57 [0] NCCL INFO GPU/0-1e0 :GPU/0-1e0 (0/5000.0/LOC) CPU/0-ffffffffffffff (1/24.0/PHB) NET/0-0 (3/1.2/PHB) 
ip-10-238-1-232:57:57 [0] NCCL INFO NET/0-0 :GPU/0-1e0 (3/1.2/PHB) CPU/0-ffffffffffffff (2/1.2/PHB) NET/0-0 (0/5000.0/LOC) 
ip-10-238-1-232:57:57 [0] NCCL INFO ncclTopoGetCpuAffinity: Affinity for GPU 0 is empty, ignoring. (GPU affinity =  ; CPU affinity = 0-3).
ip-10-238-1-232:57:57 [0] NCCL INFO Pattern 4, crossNic 0, nChannels 1, bw 1.200000/1.200000, type LOC/PHB, sameChannels 1
ip-10-238-1-232:57:57 [0] NCCL INFO  0 : NET/0-0 GPU/0-1e0 NET/0-0
ip-10-238-1-232:57:57 [0] NCCL INFO Pattern 3, crossNic 0, nChannels 1, bw 2.400000/1.200000, type LOC/PHB, sameChannels 1
ip-10-238-1-232:57:57 [0] NCCL INFO  0 : NET/0-0 GPU/0-1e0 NET/0-0
ip-10-238-1-232:57:57 [0] NCCL INFO Could not get speed from /sys/class/net/ens5/speed. Defaulting to 10 Gbps.
ip-10-238-1-232:57:57 [0] NCCL INFO comm 0x5dd7aa5a3c10 rank 9 nRanks 16 nNodes 16 localRanks 1 localRank 0 MNNVL 0
ip-10-238-1-232:57:57 [0] NCCL INFO Tree 0 : 10 -> 9 -> -1/-1/-1
ip-10-238-1-232:57:57 [0] NCCL INFO Tree 1 : 11 -> 9 -> 10/8/-1
ip-10-238-1-232:57:57 [0] NCCL INFO Ring 00 : 8 -> 9 -> 10
ip-10-238-1-232:57:57 [0] NCCL INFO Ring 01 : 8 -> 9 -> 10
ip-10-238-1-232:57:57 [0] NCCL INFO Trees [0] -1/-1/-1->9->10 [1] 10/8/-1->9->11
ip-10-238-1-232:57:57 [0] NCCL INFO P2P Chunksize set to 131072
ip-10-238-1-232:57:57 [0] NCCL INFO Check P2P Type isAllDirectP2p 1 directMode 0 isAllCudaP2p 1
ip-10-238-1-232:57:57 [0] NCCL INFO ncclP2pSchedule: group size used is 1
ip-10-238-1-232:57:108 [0] NCCL INFO [Proxy Service] Device 0 CPU core 1
ip-10-238-1-232:57:109 [0] NCCL INFO [Proxy Service UDS] Device 0 CPU core 0
ip-10-238-1-232:57:57 [0] NCCL INFO threadThresholds 8/8/64 | 128/8/64 | 512 | 512
ip-10-238-1-232:57:57 [0] NCCL INFO 2 coll channels, 2 collnet channels, 0 nvls channels, 2 p2p channels, 1 p2p channels per peer
ip-10-238-1-232:57:57 [0] NCCL INFO Symmetric VA size=24GB
ip-10-238-1-232:57:57 [0] NCCL INFO Symmetric memory is not supported. cuMemEnable 1, globalGinSupport 0, globalNicFused 0 cuMemGdrSupport 1
ip-10-238-1-232:57:57 [0] NCCL INFO ncclCommInitRankConfig comm 0x5dd7aa5a3c10 rank 9 nranks 16 cudaDev 0 nvmlDev 0 busId 1e0 commId 0xb52e73f562d9812f - Init COMPLETE
ip-10-238-1-232:57:57 [0] NCCL INFO Init timings - ncclCommInitRankConfig: rank 9 nranks 16 total 37.28 (kernels 0.00, alloc 0.00, bootstrap 34.17, allgathers 3.10, topo 0.00, graphs 0.00, connections 0.00, rest 0.00)
ip-10-238-1-232:57:108 [0] NCCL INFO New proxy recv connection 0 from local rank 0, transport 2
ip-10-238-1-232:57:110 [0] NCCL INFO [Proxy Progress] Device 0 CPU core 3
ip-10-238-1-232:57:57 [0] NCCL INFO Connected to proxy localRank 0 -> connection 0x78a67c004f70
ip-10-238-1-232:57:108 [0] NCCL INFO Could not get speed from /sys/class/net/ens5/speed. Defaulting to 10 Gbps.
ip-10-238-1-232:57:108 [0] NCCL INFO NET/Socket: Using 2 threads and 8 sockets per thread
ip-10-238-1-232:57:57 [0] NCCL INFO Channel 01/0 : 8[0] -> 9[0] [receive] via NET/Socket/0
ip-10-238-1-232:57:108 [0] NCCL INFO New proxy send connection 1 from local rank 0, transport 2
ip-10-238-1-232:57:57 [0] NCCL INFO Connected to proxy localRank 0 -> connection 0x78a67c004ff8
ip-10-238-1-232:57:108 [0] NCCL INFO Could not get speed from /sys/class/net/ens5/speed. Defaulting to 10 Gbps.
ip-10-238-1-232:57:57 [0] NCCL INFO Channel 00/0 : 9[0] -> 10[0] [send] via NET/Socket/0
ip-10-238-1-232:57:108 [0] NCCL INFO New proxy send connection 2 from local rank 0, transport 2
ip-10-238-1-232:57:57 [0] NCCL INFO Connected to proxy localRank 0 -> connection 0x78a67c005080
ip-10-238-1-232:57:108 [0] NCCL INFO Could not get speed from /sys/class/net/ens5/speed. Defaulting to 10 Gbps.
ip-10-238-1-232:57:57 [0] NCCL INFO Channel 01/0 : 9[0] -> 10[0] [send] via NET/Socket/0
ip-10-238-1-232:57:108 [0] NCCL INFO New proxy send connection 3 from local rank 0, transport 2
ip-10-238-1-232:57:57 [0] NCCL INFO Connected to proxy localRank 0 -> connection 0x78a67c005108
ip-10-238-1-232:57:108 [0] NCCL INFO Could not get speed from /sys/class/net/ens5/speed. Defaulting to 10 Gbps.
ip-10-238-1-232:57:57 [0] NCCL INFO Channel 01/0 : 9[0] -> 11[0] [send] via NET/Socket/0
ip-10-238-1-232:57:108 [0] NCCL INFO New proxy recv connection 4 from local rank 0, transport 2
ip-10-238-1-232:57:57 [0] NCCL INFO Connected to proxy localRank 0 -> connection 0x78a67c005190
ip-10-238-1-232:57:108 [0] NCCL INFO Could not get speed from /sys/class/net/ens5/speed. Defaulting to 10 Gbps.
ip-10-238-1-232:57:108 [0] NCCL INFO NET/Socket: Using 2 threads and 8 sockets per thread
ip-10-238-1-232:57:57 [0] NCCL INFO Channel 01/0 : 11[0] -> 9[0] [receive] via NET/Socket/0
ip-10-238-1-232:57:108 [0] NCCL INFO New proxy recv connection 5 from local rank 0, transport 2
ip-10-238-1-232:57:57 [0] NCCL INFO Connected to proxy localRank 0 -> connection 0x78a67c005218
ip-10-238-1-232:57:108 [0] NCCL INFO Could not get speed from /sys/class/net/ens5/speed. Defaulting to 10 Gbps.
ip-10-238-1-232:57:108 [0] NCCL INFO NET/Socket: Using 2 threads and 8 sockets per thread
ip-10-238-1-232:57:57 [0] NCCL INFO Channel 00/0 : 10[0] -> 9[0] [receive] via NET/Socket/0
ip-10-238-1-232:57:108 [0] NCCL INFO New proxy recv connection 6 from local rank 0, transport 2
ip-10-238-1-232:57:57 [0] NCCL INFO Connected to proxy localRank 0 -> connection 0x78a67c0052a0
ip-10-238-1-232:57:108 [0] NCCL INFO Could not get speed from /sys/class/net/ens5/speed. Defaulting to 10 Gbps.
ip-10-238-1-232:57:108 [0] NCCL INFO NET/Socket: Using 2 threads and 8 sockets per thread
ip-10-238-1-232:57:57 [0] NCCL INFO Channel 01/0 : 10[0] -> 9[0] [receive] via NET/Socket/0
ip-10-238-1-232:57:108 [0] NCCL INFO New proxy send connection 7 from local rank 0, transport 2
ip-10-238-1-232:57:57 [0] NCCL INFO Connected to proxy localRank 0 -> connection 0x78a67c005328
ip-10-238-1-232:57:108 [0] NCCL INFO Could not get speed from /sys/class/net/ens5/speed. Defaulting to 10 Gbps.
ip-10-238-1-232:57:57 [0] NCCL INFO Channel 01/0 : 9[0] -> 8[0] [send] via NET/Socket/0
ip-10-238-1-232:57:57 [0] NCCL INFO Connected all trees
ip-10-238-1-232:57:57 [0] NCCL INFO Initialized NET plugin Socket
ip-10-238-1-232:57:57 [0] NCCL INFO Could not get speed from /sys/class/net/ens5/speed. Defaulting to 10 Gbps.
ip-10-238-1-232:57:57 [0] NCCL INFO Assigned NET plugin Socket to comm
ip-10-238-1-232:57:57 [0] NCCL INFO Failed to initialize any GIN plugin
ip-10-238-1-232:57:57 [0] NCCL INFO Using network Socket
ip-10-238-1-232:57:57 [0] NCCL INFO [Rank 1] ncclCommInitRankConfig comm 0x5dd7aa93c180 rank 1 nranks 2 cudaDev 0 nvmlDev 0 busId 1e0 commId 0xa4b9f1fb632fbce1 - Init START
ip-10-238-1-232:57:57 [0] NCCL INFO Topology detection : could not read /sys/devices/pci0000:00/0000:00:1e.0/../max_link_speed, ignoring
ip-10-238-1-232:57:57 [0] NCCL INFO Topology detection : could not read /sys/devices/pci0000:00/0000:00:1e.0/../max_link_width, ignoring
ip-10-238-1-232:57:57 [0] NCCL INFO Topology detection : could not read /sys/devices/system/node/node-1/cpumap, ignoring
ip-10-238-1-232:57:57 [0] NCCL INFO TOPO/NET : Importing network plugins to topology
ip-10-238-1-232:57:57 [0] NCCL INFO Could not get speed from /sys/class/net/ens5/speed. Defaulting to 10 Gbps.
ip-10-238-1-232:57:57 [0] NCCL INFO Topology detection : could not read /sys/devices/pci0000:00/0000:00:05.0/../max_link_speed, ignoring
ip-10-238-1-232:57:57 [0] NCCL INFO Topology detection : could not read /sys/devices/pci0000:00/0000:00:05.0/../max_link_width, ignoring
ip-10-238-1-232:57:57 [0] NCCL INFO Topology detection : could not read /sys/devices/system/node/node-1/cpumap, ignoring
ip-10-238-1-232:57:57 [0] NCCL INFO NET/Socket : GPU Direct RDMA Disabled for HCA 0 'ens5'
ip-10-238-1-232:57:57 [0] NCCL INFO ncclTopoPopulateNics : Filled ens5 in topo with pciPath=/sys/devices/pci0000:00/0000:00:05.0 net=1 gin=(null) keep=1 coll=(null)
ip-10-238-1-232:57:57 [0] NCCL INFO KV Convert to int : could not find value of 'Unknown' in dictionary, falling back to 60
ip-10-238-1-232:57:57 [0] NCCL INFO === System : maxBw 1.2 totalBw 24.0 ===
ip-10-238-1-232:57:57 [0] NCCL INFO CPU/0-ffffffffffffff (1/2/-1)
ip-10-238-1-232:57:57 [0] NCCL INFO + PCI[24.0] - GPU/0-1e0 (1)
ip-10-238-1-232:57:57 [0] NCCL INFO + PCI[12.0] - NIC/0-50
ip-10-238-1-232:57:57 [0] NCCL INFO               + NET[1.2] - NET/0-0 (0/0/0/1.250000)
ip-10-238-1-232:57:57 [0] NCCL INFO ==========================================
ip-10-238-1-232:57:57 [0] NCCL INFO GPU/0-1e0 :GPU/0-1e0 (0/5000.0/LOC) CPU/0-ffffffffffffff (1/24.0/PHB) NET/0-0 (3/1.2/PHB) 
ip-10-238-1-232:57:57 [0] NCCL INFO NET/0-0 :GPU/0-1e0 (3/1.2/PHB) CPU/0-ffffffffffffff (2/1.2/PHB) NET/0-0 (0/5000.0/LOC) 
ip-10-238-1-232:57:57 [0] NCCL INFO ncclTopoGetCpuAffinity: Affinity for GPU 0 is empty, ignoring. (GPU affinity =  ; CPU affinity = 0-3).
ip-10-238-1-232:57:57 [0] NCCL INFO Pattern 4, crossNic 0, nChannels 1, bw 1.200000/1.200000, type LOC/PHB, sameChannels 1
ip-10-238-1-232:57:57 [0] NCCL INFO  0 : NET/0-0 GPU/0-1e0 NET/0-0
ip-10-238-1-232:57:57 [0] NCCL INFO Pattern 3, crossNic 0, nChannels 1, bw 2.400000/1.200000, type LOC/PHB, sameChannels 1
ip-10-238-1-232:57:57 [0] NCCL INFO  0 : NET/0-0 GPU/0-1e0 NET/0-0
ip-10-238-1-232:57:57 [0] NCCL INFO Could not get speed from /sys/class/net/ens5/speed. Defaulting to 10 Gbps.
ip-10-238-1-232:57:57 [0] NCCL INFO comm 0x5dd7aa93c180 rank 1 nRanks 2 nNodes 2 localRanks 1 localRank 0 MNNVL 0
ip-10-238-1-232:57:57 [0] NCCL INFO Tree 0 : 0 -> 1 -> -1/-1/-1
ip-10-238-1-232:57:57 [0] NCCL INFO Tree 1 : -1 -> 1 -> 0/-1/-1
ip-10-238-1-232:57:57 [0] NCCL INFO Ring 00 : 0 -> 1 -> 0
ip-10-238-1-232:57:57 [0] NCCL INFO Ring 01 : 0 -> 1 -> 0
ip-10-238-1-232:57:57 [0] NCCL INFO Trees [0] -1/-1/-1->1->0 [1] 0/-1/-1->1->-1
ip-10-238-1-232:57:57 [0] NCCL INFO P2P Chunksize set to 131072
ip-10-238-1-232:57:57 [0] NCCL INFO Check P2P Type isAllDirectP2p 1 directMode 0 isAllCudaP2p 1
ip-10-238-1-232:57:57 [0] NCCL INFO ncclP2pSchedule: group size used is 1
ip-10-238-1-232:57:111 [0] NCCL INFO [Proxy Service] Device 0 CPU core 1
ip-10-238-1-232:57:112 [0] NCCL INFO [Proxy Service UDS] Device 0 CPU core 1
ip-10-238-1-232:57:57 [0] NCCL INFO threadThresholds 8/8/64 | 16/8/64 | 512 | 512
ip-10-238-1-232:57:57 [0] NCCL INFO 2 coll channels, 2 collnet channels, 0 nvls channels, 2 p2p channels, 1 p2p channels per peer
ip-10-238-1-232:57:57 [0] NCCL INFO Symmetric VA size=24GB
ip-10-238-1-232:57:57 [0] NCCL INFO Symmetric memory is not supported. cuMemEnable 1, globalGinSupport 0, globalNicFused 0 cuMemGdrSupport 1
ip-10-238-1-232:57:57 [0] NCCL INFO ncclCommInitRankConfig comm 0x5dd7aa93c180 rank 1 nranks 2 cudaDev 0 nvmlDev 0 busId 1e0 commId 0xa4b9f1fb632fbce1 - Init COMPLETE
ip-10-238-1-232:57:57 [0] NCCL INFO Init timings - ncclCommInitRankConfig: rank 1 nranks 2 total 0.03 (kernels 0.00, alloc 0.00, bootstrap 0.02, allgathers 0.01, topo 0.00, graphs 0.00, connections 0.00, rest 0.00)
ip-10-238-1-232:57:111 [0] NCCL INFO New proxy recv connection 0 from local rank 0, transport 2
ip-10-238-1-232:57:113 [0] NCCL INFO [Proxy Progress] Device 0 CPU core 3
ip-10-238-1-232:57:57 [0] NCCL INFO Connected to proxy localRank 0 -> connection 0x78a650004f70
ip-10-238-1-232:57:111 [0] NCCL INFO Could not get speed from /sys/class/net/ens5/speed. Defaulting to 10 Gbps.
ip-10-238-1-232:57:111 [0] NCCL INFO NET/Socket: Using 2 threads and 8 sockets per thread
ip-10-238-1-232:57:57 [0] NCCL INFO Channel 01/1 : 0[0] -> 1[0] [receive] via NET/Socket/0/Shared
ip-10-238-1-232:57:111 [0] NCCL INFO New proxy send connection 1 from local rank 0, transport 2
ip-10-238-1-232:57:57 [0] NCCL INFO Connected to proxy localRank 0 -> connection 0x78a650004ff8
ip-10-238-1-232:57:111 [0] NCCL INFO Could not get speed from /sys/class/net/ens5/speed. Defaulting to 10 Gbps.
ip-10-238-1-232:57:57 [0] NCCL INFO Channel 01/1 : 1[0] -> 0[0] [send] via NET/Socket/0/Shared
ip-10-238-1-232:57:57 [0] NCCL INFO Initialized NET plugin Socket
ip-10-238-1-232:57:57 [0] NCCL INFO Could not get speed from /sys/class/net/ens5/speed. Defaulting to 10 Gbps.
ip-10-238-1-232:57:57 [0] NCCL INFO Assigned NET plugin Socket to comm
ip-10-238-1-232:57:57 [0] NCCL INFO Failed to initialize any GIN plugin
ip-10-238-1-232:57:57 [0] NCCL INFO Using network Socket
ip-10-238-1-232:57:57 [0] NCCL INFO [Rank 1] ncclCommInitRankConfig comm 0x5dd7aaa60f70 rank 1 nranks 2 cudaDev 0 nvmlDev 0 busId 1e0 commId 0xde7e098cf9c4b476 - Init START
ip-10-238-1-232:57:57 [0] NCCL INFO Topology detection : could not read /sys/devices/pci0000:00/0000:00:1e.0/../max_link_speed, ignoring
ip-10-238-1-232:57:57 [0] NCCL INFO Topology detection : could not read /sys/devices/pci0000:00/0000:00:1e.0/../max_link_width, ignoring
ip-10-238-1-232:57:57 [0] NCCL INFO Topology detection : could not read /sys/devices/system/node/node-1/cpumap, ignoring
ip-10-238-1-232:57:57 [0] NCCL INFO TOPO/NET : Importing network plugins to topology
ip-10-238-1-232:57:57 [0] NCCL INFO Could not get speed from /sys/class/net/ens5/speed. Defaulting to 10 Gbps.
ip-10-238-1-232:57:57 [0] NCCL INFO Topology detection : could not read /sys/devices/pci0000:00/0000:00:05.0/../max_link_speed, ignoring
ip-10-238-1-232:57:57 [0] NCCL INFO Topology detection : could not read /sys/devices/pci0000:00/0000:00:05.0/../max_link_width, ignoring
ip-10-238-1-232:57:57 [0] NCCL INFO Topology detection : could not read /sys/devices/system/node/node-1/cpumap, ignoring
ip-10-238-1-232:57:57 [0] NCCL INFO NET/Socket : GPU Direct RDMA Disabled for HCA 0 'ens5'
ip-10-238-1-232:57:57 [0] NCCL INFO ncclTopoPopulateNics : Filled ens5 in topo with pciPath=/sys/devices/pci0000:00/0000:00:05.0 net=1 gin=(null) keep=1 coll=(null)
ip-10-238-1-232:57:57 [0] NCCL INFO KV Convert to int : could not find value of 'Unknown' in dictionary, falling back to 60
ip-10-238-1-232:57:57 [0] NCCL INFO === System : maxBw 1.2 totalBw 24.0 ===
ip-10-238-1-232:57:57 [0] NCCL INFO CPU/0-ffffffffffffff (1/2/-1)
ip-10-238-1-232:57:57 [0] NCCL INFO + PCI[24.0] - GPU/0-1e0 (1)
ip-10-238-1-232:57:57 [0] NCCL INFO + PCI[12.0] - NIC/0-50
ip-10-238-1-232:57:57 [0] NCCL INFO               + NET[1.2] - NET/0-0 (0/0/0/1.250000)
ip-10-238-1-232:57:57 [0] NCCL INFO ==========================================
ip-10-238-1-232:57:57 [0] NCCL INFO GPU/0-1e0 :GPU/0-1e0 (0/5000.0/LOC) CPU/0-ffffffffffffff (1/24.0/PHB) NET/0-0 (3/1.2/PHB) 
ip-10-238-1-232:57:57 [0] NCCL INFO NET/0-0 :GPU/0-1e0 (3/1.2/PHB) CPU/0-ffffffffffffff (2/1.2/PHB) NET/0-0 (0/5000.0/LOC) 
ip-10-238-1-232:57:57 [0] NCCL INFO ncclTopoGetCpuAffinity: Affinity for GPU 0 is empty, ignoring. (GPU affinity =  ; CPU affinity = 0-3).
ip-10-238-1-232:57:57 [0] NCCL INFO Pattern 4, crossNic 0, nChannels 1, bw 1.200000/1.200000, type LOC/PHB, sameChannels 1
ip-10-238-1-232:57:57 [0] NCCL INFO  0 : NET/0-0 GPU/0-1e0 NET/0-0
ip-10-238-1-232:57:57 [0] NCCL INFO Pattern 3, crossNic 0, nChannels 1, bw 2.400000/1.200000, type LOC/PHB, sameChannels 1
ip-10-238-1-232:57:57 [0] NCCL INFO  0 : NET/0-0 GPU/0-1e0 NET/0-0
ip-10-238-1-232:57:57 [0] NCCL INFO Could not get speed from /sys/class/net/ens5/speed. Defaulting to 10 Gbps.
ip-10-238-1-232:57:57 [0] NCCL INFO comm 0x5dd7aaa60f70 rank 1 nRanks 2 nNodes 2 localRanks 1 localRank 0 MNNVL 0
ip-10-238-1-232:57:57 [0] NCCL INFO Tree 0 : 0 -> 1 -> -1/-1/-1
ip-10-238-1-232:57:57 [0] NCCL INFO Tree 1 : -1 -> 1 -> 0/-1/-1
ip-10-238-1-232:57:57 [0] NCCL INFO Ring 00 : 0 -> 1 -> 0
ip-10-238-1-232:57:57 [0] NCCL INFO Ring 01 : 0 -> 1 -> 0
ip-10-238-1-232:57:57 [0] NCCL INFO Trees [0] -1/-1/-1->1->0 [1] 0/-1/-1->1->-1
ip-10-238-1-232:57:57 [0] NCCL INFO P2P Chunksize set to 131072
ip-10-238-1-232:57:57 [0] NCCL INFO Check P2P Type isAllDirectP2p 1 directMode 0 isAllCudaP2p 1
ip-10-238-1-232:57:57 [0] NCCL INFO ncclP2pSchedule: group size used is 1
ip-10-238-1-232:57:118 [0] NCCL INFO [Proxy Service] Device 0 CPU core 3
ip-10-238-1-232:57:119 [0] NCCL INFO [Proxy Service UDS] Device 0 CPU core 3
ip-10-238-1-232:57:57 [0] NCCL INFO threadThresholds 8/8/64 | 16/8/64 | 512 | 512
ip-10-238-1-232:57:57 [0] NCCL INFO 2 coll channels, 2 collnet channels, 0 nvls channels, 2 p2p channels, 1 p2p channels per peer
ip-10-238-1-232:57:57 [0] NCCL INFO Symmetric VA size=24GB
ip-10-238-1-232:57:57 [0] NCCL INFO Symmetric memory is not supported. cuMemEnable 1, globalGinSupport 0, globalNicFused 0 cuMemGdrSupport 1
ip-10-238-1-232:57:57 [0] NCCL INFO ncclCommInitRankConfig comm 0x5dd7aaa60f70 rank 1 nranks 2 cudaDev 0 nvmlDev 0 busId 1e0 commId 0xde7e098cf9c4b476 - Init COMPLETE
ip-10-238-1-232:57:57 [0] NCCL INFO Init timings - ncclCommInitRankConfig: rank 1 nranks 2 total 0.62 (kernels 0.00, alloc 0.00, bootstrap 0.43, allgathers 0.18, topo 0.00, graphs 0.00, connections 0.00, rest 0.00)
ip-10-238-1-232:57:118 [0] NCCL INFO New proxy recv connection 0 from local rank 0, transport 2
ip-10-238-1-232:57:120 [0] NCCL INFO [Proxy Progress] Device 0 CPU core 1
ip-10-238-1-232:57:57 [0] NCCL INFO Connected to proxy localRank 0 -> connection 0x78a63c004f70
ip-10-238-1-232:57:118 [0] NCCL INFO Could not get speed from /sys/class/net/ens5/speed. Defaulting to 10 Gbps.
ip-10-238-1-232:57:118 [0] NCCL INFO NET/Socket: Using 2 threads and 8 sockets per thread
ip-10-238-1-232:57:57 [0] NCCL INFO Channel 01/1 : 0[0] -> 1[0] [receive] via NET/Socket/0/Shared
ip-10-238-1-232:57:118 [0] NCCL INFO New proxy send connection 1 from local rank 0, transport 2
ip-10-238-1-232:57:57 [0] NCCL INFO Connected to proxy localRank 0 -> connection 0x78a63c004ff8
ip-10-238-1-232:57:118 [0] NCCL INFO Could not get speed from /sys/class/net/ens5/speed. Defaulting to 10 Gbps.
ip-10-238-1-232:57:57 [0] NCCL INFO Channel 01/1 : 1[0] -> 0[0] [send] via NET/Socket/0/Shared
ip-10-238-1-232:57:57 [0] NCCL INFO Initialized NET plugin Socket
ip-10-238-1-232:57:57 [0] NCCL INFO Could not get speed from /sys/class/net/ens5/speed. Defaulting to 10 Gbps.
ip-10-238-1-232:57:57 [0] NCCL INFO Assigned NET plugin Socket to comm
ip-10-238-1-232:57:57 [0] NCCL INFO Failed to initialize any GIN plugin
ip-10-238-1-232:57:57 [0] NCCL INFO Using network Socket
ip-10-238-1-232:57:57 [0] NCCL INFO [Rank 1] ncclCommInitRankConfig comm 0x5dd7ad62cc00 rank 1 nranks 2 cudaDev 0 nvmlDev 0 busId 1e0 commId 0x694d6f90f045435 - Init START
ip-10-238-1-232:57:57 [0] NCCL INFO Topology detection : could not read /sys/devices/pci0000:00/0000:00:1e.0/../max_link_speed, ignoring
ip-10-238-1-232:57:57 [0] NCCL INFO Topology detection : could not read /sys/devices/pci0000:00/0000:00:1e.0/../max_link_width, ignoring
ip-10-238-1-232:57:57 [0] NCCL INFO Topology detection : could not read /sys/devices/system/node/node-1/cpumap, ignoring
ip-10-238-1-232:57:57 [0] NCCL INFO TOPO/NET : Importing network plugins to topology
ip-10-238-1-232:57:57 [0] NCCL INFO Could not get speed from /sys/class/net/ens5/speed. Defaulting to 10 Gbps.
ip-10-238-1-232:57:57 [0] NCCL INFO Topology detection : could not read /sys/devices/pci0000:00/0000:00:05.0/../max_link_speed, ignoring
ip-10-238-1-232:57:57 [0] NCCL INFO Topology detection : could not read /sys/devices/pci0000:00/0000:00:05.0/../max_link_width, ignoring
ip-10-238-1-232:57:57 [0] NCCL INFO Topology detection : could not read /sys/devices/system/node/node-1/cpumap, ignoring
ip-10-238-1-232:57:57 [0] NCCL INFO NET/Socket : GPU Direct RDMA Disabled for HCA 0 'ens5'
ip-10-238-1-232:57:57 [0] NCCL INFO ncclTopoPopulateNics : Filled ens5 in topo with pciPath=/sys/devices/pci0000:00/0000:00:05.0 net=1 gin=(null) keep=1 coll=(null)
ip-10-238-1-232:57:57 [0] NCCL INFO KV Convert to int : could not find value of 'Unknown' in dictionary, falling back to 60
ip-10-238-1-232:57:57 [0] NCCL INFO === System : maxBw 1.2 totalBw 24.0 ===
ip-10-238-1-232:57:57 [0] NCCL INFO CPU/0-ffffffffffffff (1/2/-1)
ip-10-238-1-232:57:57 [0] NCCL INFO + PCI[24.0] - GPU/0-1e0 (1)
ip-10-238-1-232:57:57 [0] NCCL INFO + PCI[12.0] - NIC/0-50
ip-10-238-1-232:57:57 [0] NCCL INFO               + NET[1.2] - NET/0-0 (0/0/0/1.250000)
ip-10-238-1-232:57:57 [0] NCCL INFO ==========================================
ip-10-238-1-232:57:57 [0] NCCL INFO GPU/0-1e0 :GPU/0-1e0 (0/5000.0/LOC) CPU/0-ffffffffffffff (1/24.0/PHB) NET/0-0 (3/1.2/PHB) 
ip-10-238-1-232:57:57 [0] NCCL INFO NET/0-0 :GPU/0-1e0 (3/1.2/PHB) CPU/0-ffffffffffffff (2/1.2/PHB) NET/0-0 (0/5000.0/LOC) 
ip-10-238-1-232:57:57 [0] NCCL INFO ncclTopoGetCpuAffinity: Affinity for GPU 0 is empty, ignoring. (GPU affinity =  ; CPU affinity = 0-3).
ip-10-238-1-232:57:57 [0] NCCL INFO Pattern 4, crossNic 0, nChannels 1, bw 1.200000/1.200000, type LOC/PHB, sameChannels 1
ip-10-238-1-232:57:57 [0] NCCL INFO  0 : NET/0-0 GPU/0-1e0 NET/0-0
ip-10-238-1-232:57:57 [0] NCCL INFO Pattern 3, crossNic 0, nChannels 1, bw 2.400000/1.200000, type LOC/PHB, sameChannels 1
ip-10-238-1-232:57:57 [0] NCCL INFO  0 : NET/0-0 GPU/0-1e0 NET/0-0
ip-10-238-1-232:57:57 [0] NCCL INFO Could not get speed from /sys/class/net/ens5/speed. Defaulting to 10 Gbps.
ip-10-238-1-232:57:57 [0] NCCL INFO comm 0x5dd7ad62cc00 rank 1 nRanks 2 nNodes 2 localRanks 1 localRank 0 MNNVL 0
ip-10-238-1-232:57:57 [0] NCCL INFO Tree 0 : 0 -> 1 -> -1/-1/-1
ip-10-238-1-232:57:57 [0] NCCL INFO Tree 1 : -1 -> 1 -> 0/-1/-1
ip-10-238-1-232:57:57 [0] NCCL INFO Ring 00 : 0 -> 1 -> 0
ip-10-238-1-232:57:57 [0] NCCL INFO Ring 01 : 0 -> 1 -> 0
ip-10-238-1-232:57:57 [0] NCCL INFO Trees [0] -1/-1/-1->1->0 [1] 0/-1/-1->1->-1
ip-10-238-1-232:57:57 [0] NCCL INFO P2P Chunksize set to 131072
ip-10-238-1-232:57:57 [0] NCCL INFO Check P2P Type isAllDirectP2p 1 directMode 0 isAllCudaP2p 1
ip-10-238-1-232:57:125 [0] NCCL INFO [Proxy Service] Device 0 CPU core 0
ip-10-238-1-232:57:57 [0] NCCL INFO ncclP2pSchedule: group size used is 1
ip-10-238-1-232:57:126 [0] NCCL INFO [Proxy Service UDS] Device 0 CPU core 3
ip-10-238-1-232:57:57 [0] NCCL INFO threadThresholds 8/8/64 | 16/8/64 | 512 | 512
ip-10-238-1-232:57:57 [0] NCCL INFO 2 coll channels, 2 collnet channels, 0 nvls channels, 2 p2p channels, 1 p2p channels per peer
ip-10-238-1-232:57:57 [0] NCCL INFO Symmetric VA size=24GB
ip-10-238-1-232:57:57 [0] NCCL INFO Symmetric memory is not supported. cuMemEnable 1, globalGinSupport 0, globalNicFused 0 cuMemGdrSupport 1
ip-10-238-1-232:57:57 [0] NCCL INFO ncclCommInitRankConfig comm 0x5dd7ad62cc00 rank 1 nranks 2 cudaDev 0 nvmlDev 0 busId 1e0 commId 0x694d6f90f045435 - Init COMPLETE
ip-10-238-1-232:57:57 [0] NCCL INFO Init timings - ncclCommInitRankConfig: rank 1 nranks 2 total 0.54 (kernels 0.00, alloc 0.00, bootstrap 0.38, allgathers 0.15, topo 0.00, graphs 0.00, connections 0.00, rest 0.00)
ip-10-238-1-232:57:125 [0] NCCL INFO New proxy recv connection 0 from local rank 0, transport 2
ip-10-238-1-232:57:127 [0] NCCL INFO [Proxy Progress] Device 0 CPU core 3
ip-10-238-1-232:57:57 [0] NCCL INFO Connected to proxy localRank 0 -> connection 0x5dd7aacf39e0
ip-10-238-1-232:57:125 [0] NCCL INFO Could not get speed from /sys/class/net/ens5/speed. Defaulting to 10 Gbps.
ip-10-238-1-232:57:125 [0] NCCL INFO NET/Socket: Using 2 threads and 8 sockets per thread
ip-10-238-1-232:57:57 [0] NCCL INFO Channel 01/1 : 0[0] -> 1[0] [receive] via NET/Socket/0/Shared
ip-10-238-1-232:57:125 [0] NCCL INFO New proxy send connection 1 from local rank 0, transport 2
ip-10-238-1-232:57:57 [0] NCCL INFO Connected to proxy localRank 0 -> connection 0x5dd7aacf3a68
ip-10-238-1-232:57:125 [0] NCCL INFO Could not get speed from /sys/class/net/ens5/speed. Defaulting to 10 Gbps.
ip-10-238-1-232:57:57 [0] NCCL INFO Channel 01/1 : 1[0] -> 0[0] [send] via NET/Socket/0/Shared
ip-10-238-1-232:57:57 [0] NCCL INFO Initialized NET plugin Socket
ip-10-238-1-232:57:57 [0] NCCL INFO Could not get speed from /sys/class/net/ens5/speed. Defaulting to 10 Gbps.
ip-10-238-1-232:57:57 [0] NCCL INFO Assigned NET plugin Socket to comm
ip-10-238-1-232:57:57 [0] NCCL INFO Failed to initialize any GIN plugin
ip-10-238-1-232:57:57 [0] NCCL INFO Using network Socket
ip-10-238-1-232:57:57 [0] NCCL INFO [Rank 0] ncclCommInitRankConfig comm 0x5dd7ad7fb6e0 rank 0 nranks 2 cudaDev 0 nvmlDev 0 busId 1e0 commId 0x39f16f2ed81beb29 - Init START
ip-10-238-1-232:57:57 [0] NCCL INFO Topology detection : could not read /sys/devices/pci0000:00/0000:00:1e.0/../max_link_speed, ignoring
ip-10-238-1-232:57:57 [0] NCCL INFO Topology detection : could not read /sys/devices/pci0000:00/0000:00:1e.0/../max_link_width, ignoring
ip-10-238-1-232:57:57 [0] NCCL INFO Topology detection : could not read /sys/devices/system/node/node-1/cpumap, ignoring
ip-10-238-1-232:57:57 [0] NCCL INFO TOPO/NET : Importing network plugins to topology
ip-10-238-1-232:57:57 [0] NCCL INFO Could not get speed from /sys/class/net/ens5/speed. Defaulting to 10 Gbps.
ip-10-238-1-232:57:57 [0] NCCL INFO Topology detection : could not read /sys/devices/pci0000:00/0000:00:05.0/../max_link_speed, ignoring
ip-10-238-1-232:57:57 [0] NCCL INFO Topology detection : could not read /sys/devices/pci0000:00/0000:00:05.0/../max_link_width, ignoring
ip-10-238-1-232:57:57 [0] NCCL INFO Topology detection : could not read /sys/devices/system/node/node-1/cpumap, ignoring
ip-10-238-1-232:57:57 [0] NCCL INFO NET/Socket : GPU Direct RDMA Disabled for HCA 0 'ens5'
ip-10-238-1-232:57:57 [0] NCCL INFO ncclTopoPopulateNics : Filled ens5 in topo with pciPath=/sys/devices/pci0000:00/0000:00:05.0 net=1 gin=(null) keep=1 coll=(null)
ip-10-238-1-232:57:57 [0] NCCL INFO KV Convert to int : could not find value of 'Unknown' in dictionary, falling back to 60
ip-10-238-1-232:57:57 [0] NCCL INFO === System : maxBw 1.2 totalBw 24.0 ===
ip-10-238-1-232:57:57 [0] NCCL INFO CPU/0-ffffffffffffff (1/2/-1)
ip-10-238-1-232:57:57 [0] NCCL INFO + PCI[24.0] - GPU/0-1e0 (0)
ip-10-238-1-232:57:57 [0] NCCL INFO + PCI[12.0] - NIC/0-50
ip-10-238-1-232:57:57 [0] NCCL INFO               + NET[1.2] - NET/0-0 (0/0/0/1.250000)
ip-10-238-1-232:57:57 [0] NCCL INFO ==========================================
ip-10-238-1-232:57:57 [0] NCCL INFO GPU/0-1e0 :GPU/0-1e0 (0/5000.0/LOC) CPU/0-ffffffffffffff (1/24.0/PHB) NET/0-0 (3/1.2/PHB) 
ip-10-238-1-232:57:57 [0] NCCL INFO NET/0-0 :GPU/0-1e0 (3/1.2/PHB) CPU/0-ffffffffffffff (2/1.2/PHB) NET/0-0 (0/5000.0/LOC) 
ip-10-238-1-232:57:57 [0] NCCL INFO ncclTopoGetCpuAffinity: Affinity for GPU 0 is empty, ignoring. (GPU affinity =  ; CPU affinity = 0-3).
ip-10-238-1-232:57:57 [0] NCCL INFO Pattern 4, crossNic 0, nChannels 1, bw 1.200000/1.200000, type LOC/PHB, sameChannels 1
ip-10-238-1-232:57:57 [0] NCCL INFO  0 : NET/0-0 GPU/0-1e0 NET/0-0
ip-10-238-1-232:57:57 [0] NCCL INFO Pattern 3, crossNic 0, nChannels 1, bw 2.400000/1.200000, type LOC/PHB, sameChannels 1
ip-10-238-1-232:57:57 [0] NCCL INFO  0 : NET/0-0 GPU/0-1e0 NET/0-0
ip-10-238-1-232:57:57 [0] NCCL INFO Could not get speed from /sys/class/net/ens5/speed. Defaulting to 10 Gbps.
ip-10-238-1-232:57:57 [0] NCCL INFO comm 0x5dd7ad7fb6e0 rank 0 nRanks 2 nNodes 2 localRanks 1 localRank 0 MNNVL 0
ip-10-238-1-232:57:57 [0] NCCL INFO Tree 0 : -1 -> 0 -> 1/-1/-1
ip-10-238-1-232:57:57 [0] NCCL INFO Tree 1 : 1 -> 0 -> -1/-1/-1
ip-10-238-1-232:57:57 [0] NCCL INFO Channel 00/02 : 0 1
ip-10-238-1-232:57:57 [0] NCCL INFO Channel 01/02 : 0 1
ip-10-238-1-232:57:57 [0] NCCL INFO Ring 00 : 1 -> 0 -> 1
ip-10-238-1-232:57:57 [0] NCCL INFO Ring 01 : 1 -> 0 -> 1
ip-10-238-1-232:57:57 [0] NCCL INFO Trees [0] 1/-1/-1->0->-1 [1] -1/-1/-1->0->1
ip-10-238-1-232:57:57 [0] NCCL INFO P2P Chunksize set to 131072
ip-10-238-1-232:57:57 [0] NCCL INFO Check P2P Type isAllDirectP2p 1 directMode 0 isAllCudaP2p 1
ip-10-238-1-232:57:133 [0] NCCL INFO [Proxy Service] Device 0 CPU core 1
ip-10-238-1-232:57:57 [0] NCCL INFO ncclP2pSchedule: group size used is 1
ip-10-238-1-232:57:134 [0] NCCL INFO [Proxy Service UDS] Device 0 CPU core 0
ip-10-238-1-232:57:57 [0] NCCL INFO threadThresholds 8/8/64 | 16/8/64 | 512 | 512
ip-10-238-1-232:57:57 [0] NCCL INFO 2 coll channels, 2 collnet channels, 0 nvls channels, 2 p2p channels, 1 p2p channels per peer
ip-10-238-1-232:57:57 [0] NCCL INFO Symmetric VA size=24GB
ip-10-238-1-232:57:57 [0] NCCL INFO Symmetric memory is not supported. cuMemEnable 1, globalGinSupport 0, globalNicFused 0 cuMemGdrSupport 1
ip-10-238-1-232:57:57 [0] NCCL INFO CC Off, workFifoBytes 1048576
ip-10-238-1-232:57:57 [0] NCCL INFO ncclCommInitRankConfig comm 0x5dd7ad7fb6e0 rank 0 nranks 2 cudaDev 0 nvmlDev 0 busId 1e0 commId 0x39f16f2ed81beb29 - Init COMPLETE
ip-10-238-1-232:57:57 [0] NCCL INFO Init timings - ncclCommInitRankConfig: rank 0 nranks 2 total 1.74 (kernels 0.00, alloc 0.00, bootstrap 1.36, allgathers 0.37, topo 0.00, graphs 0.00, connections 0.00, rest 0.00)
ip-10-238-1-232:57:133 [0] NCCL INFO New proxy send connection 0 from local rank 0, transport 2
ip-10-238-1-232:57:135 [0] NCCL INFO [Proxy Progress] Device 0 CPU core 2
ip-10-238-1-232:57:57 [0] NCCL INFO Connected to proxy localRank 0 -> connection 0x78a64c0164b0
ip-10-238-1-232:57:133 [0] NCCL INFO Could not get speed from /sys/class/net/ens5/speed. Defaulting to 10 Gbps.
ip-10-238-1-232:57:57 [0] NCCL INFO Channel 01/1 : 0[0] -> 1[0] [send] via NET/Socket/0/Shared
ip-10-238-1-232:57:133 [0] NCCL INFO New proxy recv connection 1 from local rank 0, transport 2
ip-10-238-1-232:57:57 [0] NCCL INFO Connected to proxy localRank 0 -> connection 0x78a64c016538
ip-10-238-1-232:57:133 [0] NCCL INFO Could not get speed from /sys/class/net/ens5/speed. Defaulting to 10 Gbps.
ip-10-238-1-232:57:133 [0] NCCL INFO NET/Socket: Using 2 threads and 8 sockets per thread
ip-10-238-1-232:57:57 [0] NCCL INFO Channel 01/1 : 1[0] -> 0[0] [receive] via NET/Socket/0/Shared
ip-10-238-1-232:57:57 [0] NCCL INFO Initialized NET plugin Socket
ip-10-238-1-232:57:57 [0] NCCL INFO Could not get speed from /sys/class/net/ens5/speed. Defaulting to 10 Gbps.
ip-10-238-1-232:57:57 [0] NCCL INFO Assigned NET plugin Socket to comm
ip-10-238-1-232:57:57 [0] NCCL INFO Failed to initialize any GIN plugin
ip-10-238-1-232:57:57 [0] NCCL INFO Using network Socket
ip-10-238-1-232:57:57 [0] NCCL INFO [Rank 0] ncclCommInitRankConfig comm 0x5dd7b44eba80 rank 0 nranks 2 cudaDev 0 nvmlDev 0 busId 1e0 commId 0xf6e1d593de02cebc - Init START
ip-10-238-1-232:57:57 [0] NCCL INFO Topology detection : could not read /sys/devices/pci0000:00/0000:00:1e.0/../max_link_speed, ignoring
ip-10-238-1-232:57:57 [0] NCCL INFO Topology detection : could not read /sys/devices/pci0000:00/0000:00:1e.0/../max_link_width, ignoring
ip-10-238-1-232:57:57 [0] NCCL INFO Topology detection : could not read /sys/devices/system/node/node-1/cpumap, ignoring
ip-10-238-1-232:57:57 [0] NCCL INFO TOPO/NET : Importing network plugins to topology
ip-10-238-1-232:57:57 [0] NCCL INFO Could not get speed from /sys/class/net/ens5/speed. Defaulting to 10 Gbps.
ip-10-238-1-232:57:57 [0] NCCL INFO Topology detection : could not read /sys/devices/pci0000:00/0000:00:05.0/../max_link_speed, ignoring
ip-10-238-1-232:57:57 [0] NCCL INFO Topology detection : could not read /sys/devices/pci0000:00/0000:00:05.0/../max_link_width, ignoring
ip-10-238-1-232:57:57 [0] NCCL INFO Topology detection : could not read /sys/devices/system/node/node-1/cpumap, ignoring
ip-10-238-1-232:57:57 [0] NCCL INFO NET/Socket : GPU Direct RDMA Disabled for HCA 0 'ens5'
ip-10-238-1-232:57:57 [0] NCCL INFO ncclTopoPopulateNics : Filled ens5 in topo with pciPath=/sys/devices/pci0000:00/0000:00:05.0 net=1 gin=(null) keep=1 coll=(null)
ip-10-238-1-232:57:57 [0] NCCL INFO KV Convert to int : could not find value of 'Unknown' in dictionary, falling back to 60
ip-10-238-1-232:57:57 [0] NCCL INFO === System : maxBw 1.2 totalBw 24.0 ===
ip-10-238-1-232:57:57 [0] NCCL INFO CPU/0-ffffffffffffff (1/2/-1)
ip-10-238-1-232:57:57 [0] NCCL INFO + PCI[24.0] - GPU/0-1e0 (0)
ip-10-238-1-232:57:57 [0] NCCL INFO + PCI[12.0] - NIC/0-50
ip-10-238-1-232:57:57 [0] NCCL INFO               + NET[1.2] - NET/0-0 (0/0/0/1.250000)
ip-10-238-1-232:57:57 [0] NCCL INFO ==========================================
ip-10-238-1-232:57:57 [0] NCCL INFO GPU/0-1e0 :GPU/0-1e0 (0/5000.0/LOC) CPU/0-ffffffffffffff (1/24.0/PHB) NET/0-0 (3/1.2/PHB) 
ip-10-238-1-232:57:57 [0] NCCL INFO NET/0-0 :GPU/0-1e0 (3/1.2/PHB) CPU/0-ffffffffffffff (2/1.2/PHB) NET/0-0 (0/5000.0/LOC) 
ip-10-238-1-232:57:57 [0] NCCL INFO ncclTopoGetCpuAffinity: Affinity for GPU 0 is empty, ignoring. (GPU affinity =  ; CPU affinity = 0-3).
ip-10-238-1-232:57:57 [0] NCCL INFO Pattern 4, crossNic 0, nChannels 1, bw 1.200000/1.200000, type LOC/PHB, sameChannels 1
ip-10-238-1-232:57:57 [0] NCCL INFO  0 : NET/0-0 GPU/0-1e0 NET/0-0
ip-10-238-1-232:57:57 [0] NCCL INFO Pattern 3, crossNic 0, nChannels 1, bw 2.400000/1.200000, type LOC/PHB, sameChannels 1
ip-10-238-1-232:57:57 [0] NCCL INFO  0 : NET/0-0 GPU/0-1e0 NET/0-0
ip-10-238-1-232:57:57 [0] NCCL INFO Could not get speed from /sys/class/net/ens5/speed. Defaulting to 10 Gbps.
ip-10-238-1-232:57:57 [0] NCCL INFO comm 0x5dd7b44eba80 rank 0 nRanks 2 nNodes 2 localRanks 1 localRank 0 MNNVL 0
ip-10-238-1-232:57:57 [0] NCCL INFO Tree 0 : -1 -> 0 -> 1/-1/-1
ip-10-238-1-232:57:57 [0] NCCL INFO Tree 1 : 1 -> 0 -> -1/-1/-1
ip-10-238-1-232:57:57 [0] NCCL INFO Channel 00/02 : 0 1
ip-10-238-1-232:57:57 [0] NCCL INFO Channel 01/02 : 0 1
ip-10-238-1-232:57:57 [0] NCCL INFO Ring 00 : 1 -> 0 -> 1
ip-10-238-1-232:57:57 [0] NCCL INFO Ring 01 : 1 -> 0 -> 1
ip-10-238-1-232:57:57 [0] NCCL INFO Trees [0] 1/-1/-1->0->-1 [1] -1/-1/-1->0->1
ip-10-238-1-232:57:57 [0] NCCL INFO P2P Chunksize set to 131072
ip-10-238-1-232:57:57 [0] NCCL INFO Check P2P Type isAllDirectP2p 1 directMode 0 isAllCudaP2p 1
ip-10-238-1-232:57:141 [0] NCCL INFO [Proxy Service] Device 0 CPU core 2
ip-10-238-1-232:57:57 [0] NCCL INFO ncclP2pSchedule: group size used is 1
ip-10-238-1-232:57:142 [0] NCCL INFO [Proxy Service UDS] Device 0 CPU core 0
ip-10-238-1-232:57:57 [0] NCCL INFO threadThresholds 8/8/64 | 16/8/64 | 512 | 512
ip-10-238-1-232:57:57 [0] NCCL INFO 2 coll channels, 2 collnet channels, 0 nvls channels, 2 p2p channels, 1 p2p channels per peer
ip-10-238-1-232:57:57 [0] NCCL INFO Symmetric VA size=24GB
ip-10-238-1-232:57:57 [0] NCCL INFO Symmetric memory is not supported. cuMemEnable 1, globalGinSupport 0, globalNicFused 0 cuMemGdrSupport 1
ip-10-238-1-232:57:57 [0] NCCL INFO CC Off, workFifoBytes 1048576
ip-10-238-1-232:57:57 [0] NCCL INFO ncclCommInitRankConfig comm 0x5dd7b44eba80 rank 0 nranks 2 cudaDev 0 nvmlDev 0 busId 1e0 commId 0xf6e1d593de02cebc - Init COMPLETE
ip-10-238-1-232:57:57 [0] NCCL INFO Init timings - ncclCommInitRankConfig: rank 0 nranks 2 total 0.44 (kernels 0.00, alloc 0.00, bootstrap 0.38, allgathers 0.06, topo 0.00, graphs 0.00, connections 0.00, rest 0.00)
ip-10-238-1-232:57:141 [0] NCCL INFO New proxy send connection 0 from local rank 0, transport 2
ip-10-238-1-232:57:143 [0] NCCL INFO [Proxy Progress] Device 0 CPU core 2
ip-10-238-1-232:57:57 [0] NCCL INFO Connected to proxy localRank 0 -> connection 0x78a674009560
ip-10-238-1-232:57:141 [0] NCCL INFO Could not get speed from /sys/class/net/ens5/speed. Defaulting to 10 Gbps.
ip-10-238-1-232:57:57 [0] NCCL INFO Channel 01/1 : 0[0] -> 1[0] [send] via NET/Socket/0/Shared
ip-10-238-1-232:57:141 [0] NCCL INFO New proxy recv connection 1 from local rank 0, transport 2
ip-10-238-1-232:57:57 [0] NCCL INFO Connected to proxy localRank 0 -> connection 0x78a6740095e8
ip-10-238-1-232:57:141 [0] NCCL INFO Could not get speed from /sys/class/net/ens5/speed. Defaulting to 10 Gbps.
ip-10-238-1-232:57:141 [0] NCCL INFO NET/Socket: Using 2 threads and 8 sockets per thread
ip-10-238-1-232:57:57 [0] NCCL INFO Channel 01/1 : 1[0] -> 0[0] [receive] via NET/Socket/0/Shared
ip-10-238-1-232:57:57 [0] NCCL INFO Initialized NET plugin Socket
ip-10-238-1-232:57:57 [0] NCCL INFO Could not get speed from /sys/class/net/ens5/speed. Defaulting to 10 Gbps.
ip-10-238-1-232:57:57 [0] NCCL INFO Assigned NET plugin Socket to comm
ip-10-238-1-232:57:57 [0] NCCL INFO Failed to initialize any GIN plugin
ip-10-238-1-232:57:57 [0] NCCL INFO Using network Socket
ip-10-238-1-232:57:57 [0] NCCL INFO [Rank 0] ncclCommInitRankConfig comm 0x5dd7adab27c0 rank 0 nranks 2 cudaDev 0 nvmlDev 0 busId 1e0 commId 0x490286b085c1192e - Init START
ip-10-238-1-232:57:57 [0] NCCL INFO Topology detection : could not read /sys/devices/pci0000:00/0000:00:1e.0/../max_link_speed, ignoring
ip-10-238-1-232:57:57 [0] NCCL INFO Topology detection : could not read /sys/devices/pci0000:00/0000:00:1e.0/../max_link_width, ignoring
ip-10-238-1-232:57:57 [0] NCCL INFO Topology detection : could not read /sys/devices/system/node/node-1/cpumap, ignoring
ip-10-238-1-232:57:57 [0] NCCL INFO TOPO/NET : Importing network plugins to topology
ip-10-238-1-232:57:57 [0] NCCL INFO Could not get speed from /sys/class/net/ens5/speed. Defaulting to 10 Gbps.
ip-10-238-1-232:57:57 [0] NCCL INFO Topology detection : could not read /sys/devices/pci0000:00/0000:00:05.0/../max_link_speed, ignoring
ip-10-238-1-232:57:57 [0] NCCL INFO Topology detection : could not read /sys/devices/pci0000:00/0000:00:05.0/../max_link_width, ignoring
ip-10-238-1-232:57:57 [0] NCCL INFO Topology detection : could not read /sys/devices/system/node/node-1/cpumap, ignoring
ip-10-238-1-232:57:57 [0] NCCL INFO NET/Socket : GPU Direct RDMA Disabled for HCA 0 'ens5'
ip-10-238-1-232:57:57 [0] NCCL INFO ncclTopoPopulateNics : Filled ens5 in topo with pciPath=/sys/devices/pci0000:00/0000:00:05.0 net=1 gin=(null) keep=1 coll=(null)
ip-10-238-1-232:57:57 [0] NCCL INFO KV Convert to int : could not find value of 'Unknown' in dictionary, falling back to 60
ip-10-238-1-232:57:57 [0] NCCL INFO === System : maxBw 1.2 totalBw 24.0 ===
ip-10-238-1-232:57:57 [0] NCCL INFO CPU/0-ffffffffffffff (1/2/-1)
ip-10-238-1-232:57:57 [0] NCCL INFO + PCI[24.0] - GPU/0-1e0 (0)
ip-10-238-1-232:57:57 [0] NCCL INFO + PCI[12.0] - NIC/0-50
ip-10-238-1-232:57:57 [0] NCCL INFO               + NET[1.2] - NET/0-0 (0/0/0/1.250000)
ip-10-238-1-232:57:57 [0] NCCL INFO ==========================================
ip-10-238-1-232:57:57 [0] NCCL INFO GPU/0-1e0 :GPU/0-1e0 (0/5000.0/LOC) CPU/0-ffffffffffffff (1/24.0/PHB) NET/0-0 (3/1.2/PHB) 
ip-10-238-1-232:57:57 [0] NCCL INFO NET/0-0 :GPU/0-1e0 (3/1.2/PHB) CPU/0-ffffffffffffff (2/1.2/PHB) NET/0-0 (0/5000.0/LOC) 
ip-10-238-1-232:57:57 [0] NCCL INFO ncclTopoGetCpuAffinity: Affinity for GPU 0 is empty, ignoring. (GPU affinity =  ; CPU affinity = 0-3).
ip-10-238-1-232:57:57 [0] NCCL INFO Pattern 4, crossNic 0, nChannels 1, bw 1.200000/1.200000, type LOC/PHB, sameChannels 1
ip-10-238-1-232:57:57 [0] NCCL INFO  0 : NET/0-0 GPU/0-1e0 NET/0-0
ip-10-238-1-232:57:57 [0] NCCL INFO Pattern 3, crossNic 0, nChannels 1, bw 2.400000/1.200000, type LOC/PHB, sameChannels 1
ip-10-238-1-232:57:57 [0] NCCL INFO  0 : NET/0-0 GPU/0-1e0 NET/0-0
ip-10-238-1-232:57:57 [0] NCCL INFO Could not get speed from /sys/class/net/ens5/speed. Defaulting to 10 Gbps.
ip-10-238-1-232:57:57 [0] NCCL INFO comm 0x5dd7adab27c0 rank 0 nRanks 2 nNodes 2 localRanks 1 localRank 0 MNNVL 0
ip-10-238-1-232:57:57 [0] NCCL INFO Tree 0 : -1 -> 0 -> 1/-1/-1
ip-10-238-1-232:57:57 [0] NCCL INFO Tree 1 : 1 -> 0 -> -1/-1/-1
ip-10-238-1-232:57:57 [0] NCCL INFO Channel 00/02 : 0 1
ip-10-238-1-232:57:57 [0] NCCL INFO Channel 01/02 : 0 1
ip-10-238-1-232:57:57 [0] NCCL INFO Ring 00 : 1 -> 0 -> 1
ip-10-238-1-232:57:57 [0] NCCL INFO Ring 01 : 1 -> 0 -> 1
ip-10-238-1-232:57:57 [0] NCCL INFO Trees [0] 1/-1/-1->0->-1 [1] -1/-1/-1->0->1
ip-10-238-1-232:57:57 [0] NCCL INFO P2P Chunksize set to 131072
ip-10-238-1-232:57:57 [0] NCCL INFO Check P2P Type isAllDirectP2p 1 directMode 0 isAllCudaP2p 1
ip-10-238-1-232:57:57 [0] NCCL INFO ncclP2pSchedule: group size used is 1
ip-10-238-1-232:57:150 [0] NCCL INFO [Proxy Service UDS] Device 0 CPU core 3
ip-10-238-1-232:57:149 [0] NCCL INFO [Proxy Service] Device 0 CPU core 3
ip-10-238-1-232:57:57 [0] NCCL INFO threadThresholds 8/8/64 | 16/8/64 | 512 | 512
ip-10-238-1-232:57:57 [0] NCCL INFO 2 coll channels, 2 collnet channels, 0 nvls channels, 2 p2p channels, 1 p2p channels per peer
ip-10-238-1-232:57:57 [0] NCCL INFO Symmetric VA size=24GB
ip-10-238-1-232:57:57 [0] NCCL INFO Symmetric memory is not supported. cuMemEnable 1, globalGinSupport 0, globalNicFused 0 cuMemGdrSupport 1
ip-10-238-1-232:57:57 [0] NCCL INFO CC Off, workFifoBytes 1048576
ip-10-238-1-232:57:57 [0] NCCL INFO ncclCommInitRankConfig comm 0x5dd7adab27c0 rank 0 nranks 2 cudaDev 0 nvmlDev 0 busId 1e0 commId 0x490286b085c1192e - Init COMPLETE
ip-10-238-1-232:57:57 [0] NCCL INFO Init timings - ncclCommInitRankConfig: rank 0 nranks 2 total 0.68 (kernels 0.00, alloc 0.00, bootstrap 0.61, allgathers 0.06, topo 0.00, graphs 0.00, connections 0.00, rest 0.00)
ip-10-238-1-232:57:149 [0] NCCL INFO New proxy send connection 0 from local rank 0, transport 2
ip-10-238-1-232:57:151 [0] NCCL INFO [Proxy Progress] Device 0 CPU core 1
ip-10-238-1-232:57:57 [0] NCCL INFO Connected to proxy localRank 0 -> connection 0x78a6b0020fd0
ip-10-238-1-232:57:149 [0] NCCL INFO Could not get speed from /sys/class/net/ens5/speed. Defaulting to 10 Gbps.
ip-10-238-1-232:57:57 [0] NCCL INFO Channel 01/1 : 0[0] -> 1[0] [send] via NET/Socket/0/Shared
ip-10-238-1-232:57:149 [0] NCCL INFO New proxy recv connection 1 from local rank 0, transport 2
ip-10-238-1-232:57:57 [0] NCCL INFO Connected to proxy localRank 0 -> connection 0x78a6b0021058
ip-10-238-1-232:57:149 [0] NCCL INFO Could not get speed from /sys/class/net/ens5/speed. Defaulting to 10 Gbps.
ip-10-238-1-232:57:149 [0] NCCL INFO NET/Socket: Using 2 threads and 8 sockets per thread
ip-10-238-1-232:57:57 [0] NCCL INFO Channel 01/1 : 1[0] -> 0[0] [receive] via NET/Socket/0/Shared
ip-10-238-1-232:57:57 [0] NCCL INFO Initialized NET plugin Socket
ip-10-238-1-232:57:57 [0] NCCL INFO Could not get speed from /sys/class/net/ens5/speed. Defaulting to 10 Gbps.
ip-10-238-1-232:57:57 [0] NCCL INFO Assigned NET plugin Socket to comm
ip-10-238-1-232:57:57 [0] NCCL INFO Failed to initialize any GIN plugin
ip-10-238-1-232:57:57 [0] NCCL INFO Using network Socket
ip-10-238-1-232:57:57 [0] NCCL INFO [Rank 1] ncclCommInitRankConfig comm 0x5dd7adbd75b0 rank 1 nranks 2 cudaDev 0 nvmlDev 0 busId 1e0 commId 0xa071a65c16e159b6 - Init START
ip-10-238-1-232:57:57 [0] NCCL INFO Topology detection : could not read /sys/devices/pci0000:00/0000:00:1e.0/../max_link_speed, ignoring
ip-10-238-1-232:57:57 [0] NCCL INFO Topology detection : could not read /sys/devices/pci0000:00/0000:00:1e.0/../max_link_width, ignoring
ip-10-238-1-232:57:57 [0] NCCL INFO Topology detection : could not read /sys/devices/system/node/node-1/cpumap, ignoring
ip-10-238-1-232:57:57 [0] NCCL INFO TOPO/NET : Importing network plugins to topology
ip-10-238-1-232:57:57 [0] NCCL INFO Could not get speed from /sys/class/net/ens5/speed. Defaulting to 10 Gbps.
ip-10-238-1-232:57:57 [0] NCCL INFO Topology detection : could not read /sys/devices/pci0000:00/0000:00:05.0/../max_link_speed, ignoring
ip-10-238-1-232:57:57 [0] NCCL INFO Topology detection : could not read /sys/devices/pci0000:00/0000:00:05.0/../max_link_width, ignoring
ip-10-238-1-232:57:57 [0] NCCL INFO Topology detection : could not read /sys/devices/system/node/node-1/cpumap, ignoring
ip-10-238-1-232:57:57 [0] NCCL INFO NET/Socket : GPU Direct RDMA Disabled for HCA 0 'ens5'
ip-10-238-1-232:57:57 [0] NCCL INFO ncclTopoPopulateNics : Filled ens5 in topo with pciPath=/sys/devices/pci0000:00/0000:00:05.0 net=1 gin=(null) keep=1 coll=(null)
ip-10-238-1-232:57:57 [0] NCCL INFO KV Convert to int : could not find value of 'Unknown' in dictionary, falling back to 60
ip-10-238-1-232:57:57 [0] NCCL INFO === System : maxBw 1.2 totalBw 24.0 ===
ip-10-238-1-232:57:57 [0] NCCL INFO CPU/0-ffffffffffffff (1/2/-1)
ip-10-238-1-232:57:57 [0] NCCL INFO + PCI[24.0] - GPU/0-1e0 (1)
ip-10-238-1-232:57:57 [0] NCCL INFO + PCI[12.0] - NIC/0-50
ip-10-238-1-232:57:57 [0] NCCL INFO               + NET[1.2] - NET/0-0 (0/0/0/1.250000)
ip-10-238-1-232:57:57 [0] NCCL INFO ==========================================
ip-10-238-1-232:57:57 [0] NCCL INFO GPU/0-1e0 :GPU/0-1e0 (0/5000.0/LOC) CPU/0-ffffffffffffff (1/24.0/PHB) NET/0-0 (3/1.2/PHB) 
ip-10-238-1-232:57:57 [0] NCCL INFO NET/0-0 :GPU/0-1e0 (3/1.2/PHB) CPU/0-ffffffffffffff (2/1.2/PHB) NET/0-0 (0/5000.0/LOC) 
ip-10-238-1-232:57:57 [0] NCCL INFO ncclTopoGetCpuAffinity: Affinity for GPU 0 is empty, ignoring. (GPU affinity =  ; CPU affinity = 0-3).
ip-10-238-1-232:57:57 [0] NCCL INFO Pattern 4, crossNic 0, nChannels 1, bw 1.200000/1.200000, type LOC/PHB, sameChannels 1
ip-10-238-1-232:57:57 [0] NCCL INFO  0 : NET/0-0 GPU/0-1e0 NET/0-0
ip-10-238-1-232:57:57 [0] NCCL INFO Pattern 3, crossNic 0, nChannels 1, bw 2.400000/1.200000, type LOC/PHB, sameChannels 1
ip-10-238-1-232:57:57 [0] NCCL INFO  0 : NET/0-0 GPU/0-1e0 NET/0-0
ip-10-238-1-232:57:57 [0] NCCL INFO Could not get speed from /sys/class/net/ens5/speed. Defaulting to 10 Gbps.
ip-10-238-1-232:57:57 [0] NCCL INFO comm 0x5dd7adbd75b0 rank 1 nRanks 2 nNodes 2 localRanks 1 localRank 0 MNNVL 0
ip-10-238-1-232:57:57 [0] NCCL INFO Tree 0 : 0 -> 1 -> -1/-1/-1
ip-10-238-1-232:57:57 [0] NCCL INFO Tree 1 : -1 -> 1 -> 0/-1/-1
ip-10-238-1-232:57:57 [0] NCCL INFO Ring 00 : 0 -> 1 -> 0
ip-10-238-1-232:57:57 [0] NCCL INFO Ring 01 : 0 -> 1 -> 0
ip-10-238-1-232:57:57 [0] NCCL INFO Trees [0] -1/-1/-1->1->0 [1] 0/-1/-1->1->-1
ip-10-238-1-232:57:57 [0] NCCL INFO P2P Chunksize set to 131072
ip-10-238-1-232:57:57 [0] NCCL INFO Check P2P Type isAllDirectP2p 1 directMode 0 isAllCudaP2p 1
ip-10-238-1-232:57:57 [0] NCCL INFO ncclP2pSchedule: group size used is 1
ip-10-238-1-232:57:156 [0] NCCL INFO [Proxy Service] Device 0 CPU core 0
ip-10-238-1-232:57:157 [0] NCCL INFO [Proxy Service UDS] Device 0 CPU core 1
ip-10-238-1-232:57:57 [0] NCCL INFO threadThresholds 8/8/64 | 16/8/64 | 512 | 512
ip-10-238-1-232:57:57 [0] NCCL INFO 2 coll channels, 2 collnet channels, 0 nvls channels, 2 p2p channels, 1 p2p channels per peer
ip-10-238-1-232:57:57 [0] NCCL INFO Symmetric VA size=24GB
ip-10-238-1-232:57:57 [0] NCCL INFO Symmetric memory is not supported. cuMemEnable 1, globalGinSupport 0, globalNicFused 0 cuMemGdrSupport 1
ip-10-238-1-232:57:57 [0] NCCL INFO ncclCommInitRankConfig comm 0x5dd7adbd75b0 rank 1 nranks 2 cudaDev 0 nvmlDev 0 busId 1e0 commId 0xa071a65c16e159b6 - Init COMPLETE
ip-10-238-1-232:57:57 [0] NCCL INFO Init timings - ncclCommInitRankConfig: rank 1 nranks 2 total 0.96 (kernels 0.00, alloc 0.00, bootstrap 0.68, allgathers 0.27, topo 0.00, graphs 0.00, connections 0.00, rest 0.00)
ip-10-238-1-232:57:156 [0] NCCL INFO New proxy recv connection 0 from local rank 0, transport 2
ip-10-238-1-232:57:158 [0] NCCL INFO [Proxy Progress] Device 0 CPU core 3
ip-10-238-1-232:57:57 [0] NCCL INFO Connected to proxy localRank 0 -> connection 0x78a740053670
ip-10-238-1-232:57:156 [0] NCCL INFO Could not get speed from /sys/class/net/ens5/speed. Defaulting to 10 Gbps.
ip-10-238-1-232:57:156 [0] NCCL INFO NET/Socket: Using 2 threads and 8 sockets per thread
ip-10-238-1-232:57:57 [0] NCCL INFO Channel 01/1 : 0[0] -> 1[0] [receive] via NET/Socket/0/Shared
ip-10-238-1-232:57:156 [0] NCCL INFO New proxy send connection 1 from local rank 0, transport 2
ip-10-238-1-232:57:57 [0] NCCL INFO Connected to proxy localRank 0 -> connection 0x78a7400536f8
ip-10-238-1-232:57:156 [0] NCCL INFO Could not get speed from /sys/class/net/ens5/speed. Defaulting to 10 Gbps.
ip-10-238-1-232:57:57 [0] NCCL INFO Channel 01/1 : 1[0] -> 0[0] [send] via NET/Socket/0/Shared
ip-10-238-1-232:57:57 [0] NCCL INFO Initialized NET plugin Socket
ip-10-238-1-232:57:57 [0] NCCL INFO Could not get speed from /sys/class/net/ens5/speed. Defaulting to 10 Gbps.
ip-10-238-1-232:57:57 [0] NCCL INFO Assigned NET plugin Socket to comm
ip-10-238-1-232:57:57 [0] NCCL INFO Failed to initialize any GIN plugin
ip-10-238-1-232:57:57 [0] NCCL INFO Using network Socket
ip-10-238-1-232:57:57 [0] NCCL INFO [Rank 0] ncclCommInitRankConfig comm 0x5dd7adda5240 rank 0 nranks 2 cudaDev 0 nvmlDev 0 busId 1e0 commId 0x833a4610b098a1dd - Init START
ip-10-238-1-232:57:57 [0] NCCL INFO Topology detection : could not read /sys/devices/pci0000:00/0000:00:1e.0/../max_link_speed, ignoring
ip-10-238-1-232:57:57 [0] NCCL INFO Topology detection : could not read /sys/devices/pci0000:00/0000:00:1e.0/../max_link_width, ignoring
ip-10-238-1-232:57:57 [0] NCCL INFO Topology detection : could not read /sys/devices/system/node/node-1/cpumap, ignoring
ip-10-238-1-232:57:57 [0] NCCL INFO TOPO/NET : Importing network plugins to topology
ip-10-238-1-232:57:57 [0] NCCL INFO Could not get speed from /sys/class/net/ens5/speed. Defaulting to 10 Gbps.
ip-10-238-1-232:57:57 [0] NCCL INFO Topology detection : could not read /sys/devices/pci0000:00/0000:00:05.0/../max_link_speed, ignoring
ip-10-238-1-232:57:57 [0] NCCL INFO Topology detection : could not read /sys/devices/pci0000:00/0000:00:05.0/../max_link_width, ignoring
ip-10-238-1-232:57:57 [0] NCCL INFO Topology detection : could not read /sys/devices/system/node/node-1/cpumap, ignoring
ip-10-238-1-232:57:57 [0] NCCL INFO NET/Socket : GPU Direct RDMA Disabled for HCA 0 'ens5'
ip-10-238-1-232:57:57 [0] NCCL INFO ncclTopoPopulateNics : Filled ens5 in topo with pciPath=/sys/devices/pci0000:00/0000:00:05.0 net=1 gin=(null) keep=1 coll=(null)
ip-10-238-1-232:57:57 [0] NCCL INFO KV Convert to int : could not find value of 'Unknown' in dictionary, falling back to 60
ip-10-238-1-232:57:57 [0] NCCL INFO === System : maxBw 1.2 totalBw 24.0 ===
ip-10-238-1-232:57:57 [0] NCCL INFO CPU/0-ffffffffffffff (1/2/-1)
ip-10-238-1-232:57:57 [0] NCCL INFO + PCI[24.0] - GPU/0-1e0 (0)
ip-10-238-1-232:57:57 [0] NCCL INFO + PCI[12.0] - NIC/0-50
ip-10-238-1-232:57:57 [0] NCCL INFO               + NET[1.2] - NET/0-0 (0/0/0/1.250000)
ip-10-238-1-232:57:57 [0] NCCL INFO ==========================================
ip-10-238-1-232:57:57 [0] NCCL INFO GPU/0-1e0 :GPU/0-1e0 (0/5000.0/LOC) CPU/0-ffffffffffffff (1/24.0/PHB) NET/0-0 (3/1.2/PHB) 
ip-10-238-1-232:57:57 [0] NCCL INFO NET/0-0 :GPU/0-1e0 (3/1.2/PHB) CPU/0-ffffffffffffff (2/1.2/PHB) NET/0-0 (0/5000.0/LOC) 
ip-10-238-1-232:57:57 [0] NCCL INFO ncclTopoGetCpuAffinity: Affinity for GPU 0 is empty, ignoring. (GPU affinity =  ; CPU affinity = 0-3).
ip-10-238-1-232:57:57 [0] NCCL INFO Pattern 4, crossNic 0, nChannels 1, bw 1.200000/1.200000, type LOC/PHB, sameChannels 1
ip-10-238-1-232:57:57 [0] NCCL INFO  0 : NET/0-0 GPU/0-1e0 NET/0-0
ip-10-238-1-232:57:57 [0] NCCL INFO Pattern 3, crossNic 0, nChannels 1, bw 2.400000/1.200000, type LOC/PHB, sameChannels 1
ip-10-238-1-232:57:57 [0] NCCL INFO  0 : NET/0-0 GPU/0-1e0 NET/0-0
ip-10-238-1-232:57:57 [0] NCCL INFO Could not get speed from /sys/class/net/ens5/speed. Defaulting to 10 Gbps.
ip-10-238-1-232:57:57 [0] NCCL INFO comm 0x5dd7adda5240 rank 0 nRanks 2 nNodes 2 localRanks 1 localRank 0 MNNVL 0
ip-10-238-1-232:57:57 [0] NCCL INFO Tree 0 : -1 -> 0 -> 1/-1/-1
ip-10-238-1-232:57:57 [0] NCCL INFO Tree 1 : 1 -> 0 -> -1/-1/-1
ip-10-238-1-232:57:57 [0] NCCL INFO Channel 00/02 : 0 1
ip-10-238-1-232:57:57 [0] NCCL INFO Channel 01/02 : 0 1
ip-10-238-1-232:57:57 [0] NCCL INFO Ring 00 : 1 -> 0 -> 1
ip-10-238-1-232:57:57 [0] NCCL INFO Ring 01 : 1 -> 0 -> 1
ip-10-238-1-232:57:57 [0] NCCL INFO Trees [0] 1/-1/-1->0->-1 [1] -1/-1/-1->0->1
ip-10-238-1-232:57:57 [0] NCCL INFO P2P Chunksize set to 131072
ip-10-238-1-232:57:57 [0] NCCL INFO Check P2P Type isAllDirectP2p 1 directMode 0 isAllCudaP2p 1
ip-10-238-1-232:57:164 [0] NCCL INFO [Proxy Service] Device 0 CPU core 2
ip-10-238-1-232:57:165 [0] NCCL INFO [Proxy Service UDS] Device 0 CPU core 3
ip-10-238-1-232:57:57 [0] NCCL INFO ncclP2pSchedule: group size used is 1
ip-10-238-1-232:57:57 [0] NCCL INFO threadThresholds 8/8/64 | 16/8/64 | 512 | 512
ip-10-238-1-232:57:57 [0] NCCL INFO 2 coll channels, 2 collnet channels, 0 nvls channels, 2 p2p channels, 1 p2p channels per peer
ip-10-238-1-232:57:57 [0] NCCL INFO Symmetric VA size=24GB
ip-10-238-1-232:57:57 [0] NCCL INFO Symmetric memory is not supported. cuMemEnable 1, globalGinSupport 0, globalNicFused 0 cuMemGdrSupport 1
ip-10-238-1-232:57:57 [0] NCCL INFO CC Off, workFifoBytes 1048576
ip-10-238-1-232:57:57 [0] NCCL INFO ncclCommInitRankConfig comm 0x5dd7adda5240 rank 0 nranks 2 cudaDev 0 nvmlDev 0 busId 1e0 commId 0x833a4610b098a1dd - Init COMPLETE
ip-10-238-1-232:57:57 [0] NCCL INFO Init timings - ncclCommInitRankConfig: rank 0 nranks 2 total 1.68 (kernels 0.00, alloc 0.00, bootstrap 1.30, allgathers 0.37, topo 0.00, graphs 0.00, connections 0.00, rest 0.00)
ip-10-238-1-232:57:164 [0] NCCL INFO New proxy send connection 0 from local rank 0, transport 2
ip-10-238-1-232:57:166 [0] NCCL INFO [Proxy Progress] Device 0 CPU core 0
ip-10-238-1-232:57:57 [0] NCCL INFO Connected to proxy localRank 0 -> connection 0x78a7500374d0
ip-10-238-1-232:57:164 [0] NCCL INFO Could not get speed from /sys/class/net/ens5/speed. Defaulting to 10 Gbps.
ip-10-238-1-232:57:57 [0] NCCL INFO Channel 01/1 : 0[0] -> 1[0] [send] via NET/Socket/0/Shared
ip-10-238-1-232:57:164 [0] NCCL INFO New proxy recv connection 1 from local rank 0, transport 2
ip-10-238-1-232:57:57 [0] NCCL INFO Connected to proxy localRank 0 -> connection 0x78a750037558
ip-10-238-1-232:57:164 [0] NCCL INFO Could not get speed from /sys/class/net/ens5/speed. Defaulting to 10 Gbps.
ip-10-238-1-232:57:164 [0] NCCL INFO NET/Socket: Using 2 threads and 8 sockets per thread
ip-10-238-1-232:57:57 [0] NCCL INFO Channel 01/1 : 1[0] -> 0[0] [receive] via NET/Socket/0/Shared
ip-10-238-1-232:57:57 [0] NCCL INFO Initialized NET plugin Socket
ip-10-238-1-232:57:57 [0] NCCL INFO Could not get speed from /sys/class/net/ens5/speed. Defaulting to 10 Gbps.
ip-10-238-1-232:57:57 [0] NCCL INFO Assigned NET plugin Socket to comm
ip-10-238-1-232:57:57 [0] NCCL INFO Failed to initialize any GIN plugin
ip-10-238-1-232:57:57 [0] NCCL INFO Using network Socket
ip-10-238-1-232:57:57 [0] NCCL INFO [Rank 0] ncclCommInitRankConfig comm 0x5dd7adeca030 rank 0 nranks 2 cudaDev 0 nvmlDev 0 busId 1e0 commId 0x95f72593d88546f9 - Init START
ip-10-238-1-232:57:57 [0] NCCL INFO Topology detection : could not read /sys/devices/pci0000:00/0000:00:1e.0/../max_link_speed, ignoring
ip-10-238-1-232:57:57 [0] NCCL INFO Topology detection : could not read /sys/devices/pci0000:00/0000:00:1e.0/../max_link_width, ignoring
ip-10-238-1-232:57:57 [0] NCCL INFO Topology detection : could not read /sys/devices/system/node/node-1/cpumap, ignoring
ip-10-238-1-232:57:57 [0] NCCL INFO TOPO/NET : Importing network plugins to topology
ip-10-238-1-232:57:57 [0] NCCL INFO Could not get speed from /sys/class/net/ens5/speed. Defaulting to 10 Gbps.
ip-10-238-1-232:57:57 [0] NCCL INFO Topology detection : could not read /sys/devices/pci0000:00/0000:00:05.0/../max_link_speed, ignoring
ip-10-238-1-232:57:57 [0] NCCL INFO Topology detection : could not read /sys/devices/pci0000:00/0000:00:05.0/../max_link_width, ignoring
ip-10-238-1-232:57:57 [0] NCCL INFO Topology detection : could not read /sys/devices/system/node/node-1/cpumap, ignoring
ip-10-238-1-232:57:57 [0] NCCL INFO NET/Socket : GPU Direct RDMA Disabled for HCA 0 'ens5'
ip-10-238-1-232:57:57 [0] NCCL INFO ncclTopoPopulateNics : Filled ens5 in topo with pciPath=/sys/devices/pci0000:00/0000:00:05.0 net=1 gin=(null) keep=1 coll=(null)
ip-10-238-1-232:57:57 [0] NCCL INFO KV Convert to int : could not find value of 'Unknown' in dictionary, falling back to 60
ip-10-238-1-232:57:57 [0] NCCL INFO === System : maxBw 1.2 totalBw 24.0 ===
ip-10-238-1-232:57:57 [0] NCCL INFO CPU/0-ffffffffffffff (1/2/-1)
ip-10-238-1-232:57:57 [0] NCCL INFO + PCI[24.0] - GPU/0-1e0 (0)
ip-10-238-1-232:57:57 [0] NCCL INFO + PCI[12.0] - NIC/0-50
ip-10-238-1-232:57:57 [0] NCCL INFO               + NET[1.2] - NET/0-0 (0/0/0/1.250000)
ip-10-238-1-232:57:57 [0] NCCL INFO ==========================================
ip-10-238-1-232:57:57 [0] NCCL INFO GPU/0-1e0 :GPU/0-1e0 (0/5000.0/LOC) CPU/0-ffffffffffffff (1/24.0/PHB) NET/0-0 (3/1.2/PHB) 
ip-10-238-1-232:57:57 [0] NCCL INFO NET/0-0 :GPU/0-1e0 (3/1.2/PHB) CPU/0-ffffffffffffff (2/1.2/PHB) NET/0-0 (0/5000.0/LOC) 
ip-10-238-1-232:57:57 [0] NCCL INFO ncclTopoGetCpuAffinity: Affinity for GPU 0 is empty, ignoring. (GPU affinity =  ; CPU affinity = 0-3).
ip-10-238-1-232:57:57 [0] NCCL INFO Pattern 4, crossNic 0, nChannels 1, bw 1.200000/1.200000, type LOC/PHB, sameChannels 1
ip-10-238-1-232:57:57 [0] NCCL INFO  0 : NET/0-0 GPU/0-1e0 NET/0-0
ip-10-238-1-232:57:57 [0] NCCL INFO Pattern 3, crossNic 0, nChannels 1, bw 2.400000/1.200000, type LOC/PHB, sameChannels 1
ip-10-238-1-232:57:57 [0] NCCL INFO  0 : NET/0-0 GPU/0-1e0 NET/0-0
ip-10-238-1-232:57:57 [0] NCCL INFO Could not get speed from /sys/class/net/ens5/speed. Defaulting to 10 Gbps.
ip-10-238-1-232:57:57 [0] NCCL INFO comm 0x5dd7adeca030 rank 0 nRanks 2 nNodes 2 localRanks 1 localRank 0 MNNVL 0
ip-10-238-1-232:57:57 [0] NCCL INFO Tree 0 : -1 -> 0 -> 1/-1/-1
ip-10-238-1-232:57:57 [0] NCCL INFO Tree 1 : 1 -> 0 -> -1/-1/-1
ip-10-238-1-232:57:57 [0] NCCL INFO Channel 00/02 : 0 1
ip-10-238-1-232:57:57 [0] NCCL INFO Channel 01/02 : 0 1
ip-10-238-1-232:57:57 [0] NCCL INFO Ring 00 : 1 -> 0 -> 1
ip-10-238-1-232:57:57 [0] NCCL INFO Ring 01 : 1 -> 0 -> 1
ip-10-238-1-232:57:57 [0] NCCL INFO Trees [0] 1/-1/-1->0->-1 [1] -1/-1/-1->0->1
ip-10-238-1-232:57:57 [0] NCCL INFO P2P Chunksize set to 131072
ip-10-238-1-232:57:57 [0] NCCL INFO Check P2P Type isAllDirectP2p 1 directMode 0 isAllCudaP2p 1
ip-10-238-1-232:57:57 [0] NCCL INFO ncclP2pSchedule: group size used is 1
ip-10-238-1-232:57:172 [0] NCCL INFO [Proxy Service] Device 0 CPU core 3
ip-10-238-1-232:57:173 [0] NCCL INFO [Proxy Service UDS] Device 0 CPU core 0
ip-10-238-1-232:57:57 [0] NCCL INFO threadThresholds 8/8/64 | 16/8/64 | 512 | 512
ip-10-238-1-232:57:57 [0] NCCL INFO 2 coll channels, 2 collnet channels, 0 nvls channels, 2 p2p channels, 1 p2p channels per peer
ip-10-238-1-232:57:57 [0] NCCL INFO Symmetric VA size=24GB
ip-10-238-1-232:57:57 [0] NCCL INFO Symmetric memory is not supported. cuMemEnable 1, globalGinSupport 0, globalNicFused 0 cuMemGdrSupport 1
ip-10-238-1-232:57:57 [0] NCCL INFO CC Off, workFifoBytes 1048576
ip-10-238-1-232:57:57 [0] NCCL INFO ncclCommInitRankConfig comm 0x5dd7adeca030 rank 0 nranks 2 cudaDev 0 nvmlDev 0 busId 1e0 commId 0x95f72593d88546f9 - Init COMPLETE
ip-10-238-1-232:57:57 [0] NCCL INFO Init timings - ncclCommInitRankConfig: rank 0 nranks 2 total 0.26 (kernels 0.00, alloc 0.00, bootstrap 0.24, allgathers 0.01, topo 0.00, graphs 0.00, connections 0.00, rest 0.00)
ip-10-238-1-232:57:172 [0] NCCL INFO New proxy send connection 0 from local rank 0, transport 2
ip-10-238-1-232:57:174 [0] NCCL INFO [Proxy Progress] Device 0 CPU core 3
ip-10-238-1-232:57:57 [0] NCCL INFO Connected to proxy localRank 0 -> connection 0x78a7640a1ca0
ip-10-238-1-232:57:172 [0] NCCL INFO Could not get speed from /sys/class/net/ens5/speed. Defaulting to 10 Gbps.
ip-10-238-1-232:57:57 [0] NCCL INFO Channel 01/1 : 0[0] -> 1[0] [send] via NET/Socket/0/Shared
ip-10-238-1-232:57:172 [0] NCCL INFO New proxy recv connection 1 from local rank 0, transport 2
ip-10-238-1-232:57:57 [0] NCCL INFO Connected to proxy localRank 0 -> connection 0x78a7640a1d28
ip-10-238-1-232:57:172 [0] NCCL INFO Could not get speed from /sys/class/net/ens5/speed. Defaulting to 10 Gbps.
ip-10-238-1-232:57:172 [0] NCCL INFO NET/Socket: Using 2 threads and 8 sockets per thread
ip-10-238-1-232:57:57 [0] NCCL INFO Channel 01/1 : 1[0] -> 0[0] [receive] via NET/Socket/0/Shared
ip-10-238-1-232:57:57 [0] NCCL INFO Initialized NET plugin Socket
ip-10-238-1-232:57:57 [0] NCCL INFO Could not get speed from /sys/class/net/ens5/speed. Defaulting to 10 Gbps.
ip-10-238-1-232:57:57 [0] NCCL INFO Assigned NET plugin Socket to comm
ip-10-238-1-232:57:57 [0] NCCL INFO Failed to initialize any GIN plugin
ip-10-238-1-232:57:57 [0] NCCL INFO Using network Socket
ip-10-238-1-232:57:57 [0] NCCL INFO [Rank 1] ncclCommInitRankConfig comm 0x5dd7adffd610 rank 1 nranks 2 cudaDev 0 nvmlDev 0 busId 1e0 commId 0x168d40f2ef3f5ab6 - Init START
ip-10-238-1-232:57:57 [0] NCCL INFO Topology detection : could not read /sys/devices/pci0000:00/0000:00:1e.0/../max_link_speed, ignoring
ip-10-238-1-232:57:57 [0] NCCL INFO Topology detection : could not read /sys/devices/pci0000:00/0000:00:1e.0/../max_link_width, ignoring
ip-10-238-1-232:57:57 [0] NCCL INFO Topology detection : could not read /sys/devices/system/node/node-1/cpumap, ignoring
ip-10-238-1-232:57:57 [0] NCCL INFO TOPO/NET : Importing network plugins to topology
ip-10-238-1-232:57:57 [0] NCCL INFO Could not get speed from /sys/class/net/ens5/speed. Defaulting to 10 Gbps.
ip-10-238-1-232:57:57 [0] NCCL INFO Topology detection : could not read /sys/devices/pci0000:00/0000:00:05.0/../max_link_speed, ignoring
ip-10-238-1-232:57:57 [0] NCCL INFO Topology detection : could not read /sys/devices/pci0000:00/0000:00:05.0/../max_link_width, ignoring
ip-10-238-1-232:57:57 [0] NCCL INFO Topology detection : could not read /sys/devices/system/node/node-1/cpumap, ignoring
ip-10-238-1-232:57:57 [0] NCCL INFO NET/Socket : GPU Direct RDMA Disabled for HCA 0 'ens5'
ip-10-238-1-232:57:57 [0] NCCL INFO ncclTopoPopulateNics : Filled ens5 in topo with pciPath=/sys/devices/pci0000:00/0000:00:05.0 net=1 gin=(null) keep=1 coll=(null)
ip-10-238-1-232:57:57 [0] NCCL INFO KV Convert to int : could not find value of 'Unknown' in dictionary, falling back to 60
ip-10-238-1-232:57:57 [0] NCCL INFO === System : maxBw 1.2 totalBw 24.0 ===
ip-10-238-1-232:57:57 [0] NCCL INFO CPU/0-ffffffffffffff (1/2/-1)
ip-10-238-1-232:57:57 [0] NCCL INFO + PCI[24.0] - GPU/0-1e0 (1)
ip-10-238-1-232:57:57 [0] NCCL INFO + PCI[12.0] - NIC/0-50
ip-10-238-1-232:57:57 [0] NCCL INFO               + NET[1.2] - NET/0-0 (0/0/0/1.250000)
ip-10-238-1-232:57:57 [0] NCCL INFO ==========================================
ip-10-238-1-232:57:57 [0] NCCL INFO GPU/0-1e0 :GPU/0-1e0 (0/5000.0/LOC) CPU/0-ffffffffffffff (1/24.0/PHB) NET/0-0 (3/1.2/PHB) 
ip-10-238-1-232:57:57 [0] NCCL INFO NET/0-0 :GPU/0-1e0 (3/1.2/PHB) CPU/0-ffffffffffffff (2/1.2/PHB) NET/0-0 (0/5000.0/LOC) 
ip-10-238-1-232:57:57 [0] NCCL INFO ncclTopoGetCpuAffinity: Affinity for GPU 0 is empty, ignoring. (GPU affinity =  ; CPU affinity = 0-3).
ip-10-238-1-232:57:57 [0] NCCL INFO Pattern 4, crossNic 0, nChannels 1, bw 1.200000/1.200000, type LOC/PHB, sameChannels 1
ip-10-238-1-232:57:57 [0] NCCL INFO  0 : NET/0-0 GPU/0-1e0 NET/0-0
ip-10-238-1-232:57:57 [0] NCCL INFO Pattern 3, crossNic 0, nChannels 1, bw 2.400000/1.200000, type LOC/PHB, sameChannels 1
ip-10-238-1-232:57:57 [0] NCCL INFO  0 : NET/0-0 GPU/0-1e0 NET/0-0
ip-10-238-1-232:57:57 [0] NCCL INFO Could not get speed from /sys/class/net/ens5/speed. Defaulting to 10 Gbps.
ip-10-238-1-232:57:57 [0] NCCL INFO comm 0x5dd7adffd610 rank 1 nRanks 2 nNodes 2 localRanks 1 localRank 0 MNNVL 0
ip-10-238-1-232:57:57 [0] NCCL INFO Tree 0 : 0 -> 1 -> -1/-1/-1
ip-10-238-1-232:57:57 [0] NCCL INFO Tree 1 : -1 -> 1 -> 0/-1/-1
ip-10-238-1-232:57:57 [0] NCCL INFO Ring 00 : 0 -> 1 -> 0
ip-10-238-1-232:57:57 [0] NCCL INFO Ring 01 : 0 -> 1 -> 0
ip-10-238-1-232:57:57 [0] NCCL INFO Trees [0] -1/-1/-1->1->0 [1] 0/-1/-1->1->-1
ip-10-238-1-232:57:57 [0] NCCL INFO P2P Chunksize set to 131072
ip-10-238-1-232:57:57 [0] NCCL INFO Check P2P Type isAllDirectP2p 1 directMode 0 isAllCudaP2p 1
ip-10-238-1-232:57:57 [0] NCCL INFO ncclP2pSchedule: group size used is 1
ip-10-238-1-232:57:180 [0] NCCL INFO [Proxy Service UDS] Device 0 CPU core 2
ip-10-238-1-232:57:179 [0] NCCL INFO [Proxy Service] Device 0 CPU core 3
ip-10-238-1-232:57:57 [0] NCCL INFO threadThresholds 8/8/64 | 16/8/64 | 512 | 512
ip-10-238-1-232:57:57 [0] NCCL INFO 2 coll channels, 2 collnet channels, 0 nvls channels, 2 p2p channels, 1 p2p channels per peer
ip-10-238-1-232:57:57 [0] NCCL INFO Symmetric VA size=24GB
ip-10-238-1-232:57:57 [0] NCCL INFO Symmetric memory is not supported. cuMemEnable 1, globalGinSupport 0, globalNicFused 0 cuMemGdrSupport 1
ip-10-238-1-232:57:57 [0] NCCL INFO ncclCommInitRankConfig comm 0x5dd7adffd610 rank 1 nranks 2 cudaDev 0 nvmlDev 0 busId 1e0 commId 0x168d40f2ef3f5ab6 - Init COMPLETE
ip-10-238-1-232:57:57 [0] NCCL INFO Init timings - ncclCommInitRankConfig: rank 1 nranks 2 total 0.53 (kernels 0.00, alloc 0.00, bootstrap 0.38, allgathers 0.15, topo 0.00, graphs 0.00, connections 0.00, rest 0.00)
ip-10-238-1-232:57:179 [0] NCCL INFO New proxy recv connection 0 from local rank 0, transport 2
ip-10-238-1-232:57:181 [0] NCCL INFO [Proxy Progress] Device 0 CPU core 1
ip-10-238-1-232:57:57 [0] NCCL INFO Connected to proxy localRank 0 -> connection 0x78a774005260
ip-10-238-1-232:57:179 [0] NCCL INFO Could not get speed from /sys/class/net/ens5/speed. Defaulting to 10 Gbps.
ip-10-238-1-232:57:179 [0] NCCL INFO NET/Socket: Using 2 threads and 8 sockets per thread
ip-10-238-1-232:57:57 [0] NCCL INFO Channel 01/1 : 0[0] -> 1[0] [receive] via NET/Socket/0/Shared
ip-10-238-1-232:57:179 [0] NCCL INFO New proxy send connection 1 from local rank 0, transport 2
ip-10-238-1-232:57:57 [0] NCCL INFO Connected to proxy localRank 0 -> connection 0x78a7740052e8
ip-10-238-1-232:57:179 [0] NCCL INFO Could not get speed from /sys/class/net/ens5/speed. Defaulting to 10 Gbps.
ip-10-238-1-232:57:57 [0] NCCL INFO Channel 01/1 : 1[0] -> 0[0] [send] via NET/Socket/0/Shared
ip-10-238-1-232:57:57 [0] NCCL INFO Initialized NET plugin Socket
ip-10-238-1-232:57:57 [0] NCCL INFO Could not get speed from /sys/class/net/ens5/speed. Defaulting to 10 Gbps.
ip-10-238-1-232:57:57 [0] NCCL INFO Assigned NET plugin Socket to comm
ip-10-238-1-232:57:57 [0] NCCL INFO Failed to initialize any GIN plugin
ip-10-238-1-232:57:57 [0] NCCL INFO Using network Socket
ip-10-238-1-232:57:57 [0] NCCL INFO [Rank 1] ncclCommInitRankConfig comm 0x5dd7ae122400 rank 1 nranks 2 cudaDev 0 nvmlDev 0 busId 1e0 commId 0x60f46cc3205a9003 - Init START
ip-10-238-1-232:57:57 [0] NCCL INFO Topology detection : could not read /sys/devices/pci0000:00/0000:00:1e.0/../max_link_speed, ignoring
ip-10-238-1-232:57:57 [0] NCCL INFO Topology detection : could not read /sys/devices/pci0000:00/0000:00:1e.0/../max_link_width, ignoring
ip-10-238-1-232:57:57 [0] NCCL INFO Topology detection : could not read /sys/devices/system/node/node-1/cpumap, ignoring
ip-10-238-1-232:57:57 [0] NCCL INFO TOPO/NET : Importing network plugins to topology
ip-10-238-1-232:57:57 [0] NCCL INFO Could not get speed from /sys/class/net/ens5/speed. Defaulting to 10 Gbps.
ip-10-238-1-232:57:57 [0] NCCL INFO Topology detection : could not read /sys/devices/pci0000:00/0000:00:05.0/../max_link_speed, ignoring
ip-10-238-1-232:57:57 [0] NCCL INFO Topology detection : could not read /sys/devices/pci0000:00/0000:00:05.0/../max_link_width, ignoring
ip-10-238-1-232:57:57 [0] NCCL INFO Topology detection : could not read /sys/devices/system/node/node-1/cpumap, ignoring
ip-10-238-1-232:57:57 [0] NCCL INFO NET/Socket : GPU Direct RDMA Disabled for HCA 0 'ens5'
ip-10-238-1-232:57:57 [0] NCCL INFO ncclTopoPopulateNics : Filled ens5 in topo with pciPath=/sys/devices/pci0000:00/0000:00:05.0 net=1 gin=(null) keep=1 coll=(null)
ip-10-238-1-232:57:57 [0] NCCL INFO KV Convert to int : could not find value of 'Unknown' in dictionary, falling back to 60
ip-10-238-1-232:57:57 [0] NCCL INFO === System : maxBw 1.2 totalBw 24.0 ===
ip-10-238-1-232:57:57 [0] NCCL INFO CPU/0-ffffffffffffff (1/2/-1)
ip-10-238-1-232:57:57 [0] NCCL INFO + PCI[24.0] - GPU/0-1e0 (1)
ip-10-238-1-232:57:57 [0] NCCL INFO + PCI[12.0] - NIC/0-50
ip-10-238-1-232:57:57 [0] NCCL INFO               + NET[1.2] - NET/0-0 (0/0/0/1.250000)
ip-10-238-1-232:57:57 [0] NCCL INFO ==========================================
ip-10-238-1-232:57:57 [0] NCCL INFO GPU/0-1e0 :GPU/0-1e0 (0/5000.0/LOC) CPU/0-ffffffffffffff (1/24.0/PHB) NET/0-0 (3/1.2/PHB) 
ip-10-238-1-232:57:57 [0] NCCL INFO NET/0-0 :GPU/0-1e0 (3/1.2/PHB) CPU/0-ffffffffffffff (2/1.2/PHB) NET/0-0 (0/5000.0/LOC) 
ip-10-238-1-232:57:57 [0] NCCL INFO ncclTopoGetCpuAffinity: Affinity for GPU 0 is empty, ignoring. (GPU affinity =  ; CPU affinity = 0-3).
ip-10-238-1-232:57:57 [0] NCCL INFO Pattern 4, crossNic 0, nChannels 1, bw 1.200000/1.200000, type LOC/PHB, sameChannels 1
ip-10-238-1-232:57:57 [0] NCCL INFO  0 : NET/0-0 GPU/0-1e0 NET/0-0
ip-10-238-1-232:57:57 [0] NCCL INFO Pattern 3, crossNic 0, nChannels 1, bw 2.400000/1.200000, type LOC/PHB, sameChannels 1
ip-10-238-1-232:57:57 [0] NCCL INFO  0 : NET/0-0 GPU/0-1e0 NET/0-0
ip-10-238-1-232:57:57 [0] NCCL INFO Could not get speed from /sys/class/net/ens5/speed. Defaulting to 10 Gbps.
ip-10-238-1-232:57:57 [0] NCCL INFO comm 0x5dd7ae122400 rank 1 nRanks 2 nNodes 2 localRanks 1 localRank 0 MNNVL 0
ip-10-238-1-232:57:57 [0] NCCL INFO Tree 0 : 0 -> 1 -> -1/-1/-1
ip-10-238-1-232:57:57 [0] NCCL INFO Tree 1 : -1 -> 1 -> 0/-1/-1
ip-10-238-1-232:57:57 [0] NCCL INFO Ring 00 : 0 -> 1 -> 0
ip-10-238-1-232:57:57 [0] NCCL INFO Ring 01 : 0 -> 1 -> 0
ip-10-238-1-232:57:57 [0] NCCL INFO Trees [0] -1/-1/-1->1->0 [1] 0/-1/-1->1->-1
ip-10-238-1-232:57:57 [0] NCCL INFO P2P Chunksize set to 131072
ip-10-238-1-232:57:57 [0] NCCL INFO Check P2P Type isAllDirectP2p 1 directMode 0 isAllCudaP2p 1
ip-10-238-1-232:57:57 [0] NCCL INFO ncclP2pSchedule: group size used is 1
ip-10-238-1-232:57:187 [0] NCCL INFO [Proxy Service UDS] Device 0 CPU core 2
ip-10-238-1-232:57:186 [0] NCCL INFO [Proxy Service] Device 0 CPU core 2
ip-10-238-1-232:57:57 [0] NCCL INFO threadThresholds 8/8/64 | 16/8/64 | 512 | 512
ip-10-238-1-232:57:57 [0] NCCL INFO 2 coll channels, 2 collnet channels, 0 nvls channels, 2 p2p channels, 1 p2p channels per peer
ip-10-238-1-232:57:57 [0] NCCL INFO Symmetric VA size=24GB
ip-10-238-1-232:57:57 [0] NCCL INFO Symmetric memory is not supported. cuMemEnable 1, globalGinSupport 0, globalNicFused 0 cuMemGdrSupport 1
ip-10-238-1-232:57:57 [0] NCCL INFO ncclCommInitRankConfig comm 0x5dd7ae122400 rank 1 nranks 2 cudaDev 0 nvmlDev 0 busId 1e0 commId 0x60f46cc3205a9003 - Init COMPLETE
ip-10-238-1-232:57:57 [0] NCCL INFO Init timings - ncclCommInitRankConfig: rank 1 nranks 2 total 0.96 (kernels 0.00, alloc 0.00, bootstrap 0.67, allgathers 0.28, topo 0.00, graphs 0.00, connections 0.00, rest 0.00)
ip-10-238-1-232:57:186 [0] NCCL INFO New proxy recv connection 0 from local rank 0, transport 2
ip-10-238-1-232:57:188 [0] NCCL INFO [Proxy Progress] Device 0 CPU core 0
ip-10-238-1-232:57:57 [0] NCCL INFO Connected to proxy localRank 0 -> connection 0x78a794005310
ip-10-238-1-232:57:186 [0] NCCL INFO Could not get speed from /sys/class/net/ens5/speed. Defaulting to 10 Gbps.
ip-10-238-1-232:57:186 [0] NCCL INFO NET/Socket: Using 2 threads and 8 sockets per thread
ip-10-238-1-232:57:57 [0] NCCL INFO Channel 01/1 : 0[0] -> 1[0] [receive] via NET/Socket/0/Shared
ip-10-238-1-232:57:186 [0] NCCL INFO New proxy send connection 1 from local rank 0, transport 2
ip-10-238-1-232:57:57 [0] NCCL INFO Connected to proxy localRank 0 -> connection 0x78a794005398
ip-10-238-1-232:57:186 [0] NCCL INFO Could not get speed from /sys/class/net/ens5/speed. Defaulting to 10 Gbps.
ip-10-238-1-232:57:57 [0] NCCL INFO Channel 01/1 : 1[0] -> 0[0] [send] via NET/Socket/0/Shared
ip-10-238-1-232:57:57 [0] NCCL INFO Initialized NET plugin Socket
ip-10-238-1-232:57:57 [0] NCCL INFO Could not get speed from /sys/class/net/ens5/speed. Defaulting to 10 Gbps.
ip-10-238-1-232:57:57 [0] NCCL INFO Assigned NET plugin Socket to comm
ip-10-238-1-232:57:57 [0] NCCL INFO Failed to initialize any GIN plugin
ip-10-238-1-232:57:57 [0] NCCL INFO Using network Socket
ip-10-238-1-232:57:57 [0] NCCL INFO [Rank 0] ncclCommInitRankConfig comm 0x5dd7be85af00 rank 0 nranks 2 cudaDev 0 nvmlDev 0 busId 1e0 commId 0x5843e497bc22f281 - Init START
ip-10-238-1-232:57:57 [0] NCCL INFO Topology detection : could not read /sys/devices/pci0000:00/0000:00:1e.0/../max_link_speed, ignoring
ip-10-238-1-232:57:57 [0] NCCL INFO Topology detection : could not read /sys/devices/pci0000:00/0000:00:1e.0/../max_link_width, ignoring
ip-10-238-1-232:57:57 [0] NCCL INFO Topology detection : could not read /sys/devices/system/node/node-1/cpumap, ignoring
ip-10-238-1-232:57:57 [0] NCCL INFO TOPO/NET : Importing network plugins to topology
ip-10-238-1-232:57:57 [0] NCCL INFO Could not get speed from /sys/class/net/ens5/speed. Defaulting to 10 Gbps.
ip-10-238-1-232:57:57 [0] NCCL INFO Topology detection : could not read /sys/devices/pci0000:00/0000:00:05.0/../max_link_speed, ignoring
ip-10-238-1-232:57:57 [0] NCCL INFO Topology detection : could not read /sys/devices/pci0000:00/0000:00:05.0/../max_link_width, ignoring
ip-10-238-1-232:57:57 [0] NCCL INFO Topology detection : could not read /sys/devices/system/node/node-1/cpumap, ignoring
ip-10-238-1-232:57:57 [0] NCCL INFO NET/Socket : GPU Direct RDMA Disabled for HCA 0 'ens5'
ip-10-238-1-232:57:57 [0] NCCL INFO ncclTopoPopulateNics : Filled ens5 in topo with pciPath=/sys/devices/pci0000:00/0000:00:05.0 net=1 gin=(null) keep=1 coll=(null)
ip-10-238-1-232:57:57 [0] NCCL INFO KV Convert to int : could not find value of 'Unknown' in dictionary, falling back to 60
ip-10-238-1-232:57:57 [0] NCCL INFO === System : maxBw 1.2 totalBw 24.0 ===
ip-10-238-1-232:57:57 [0] NCCL INFO CPU/0-ffffffffffffff (1/2/-1)
ip-10-238-1-232:57:57 [0] NCCL INFO + PCI[24.0] - GPU/0-1e0 (0)
ip-10-238-1-232:57:57 [0] NCCL INFO + PCI[12.0] - NIC/0-50
ip-10-238-1-232:57:57 [0] NCCL INFO               + NET[1.2] - NET/0-0 (0/0/0/1.250000)
ip-10-238-1-232:57:57 [0] NCCL INFO ==========================================
ip-10-238-1-232:57:57 [0] NCCL INFO GPU/0-1e0 :GPU/0-1e0 (0/5000.0/LOC) CPU/0-ffffffffffffff (1/24.0/PHB) NET/0-0 (3/1.2/PHB) 
ip-10-238-1-232:57:57 [0] NCCL INFO NET/0-0 :GPU/0-1e0 (3/1.2/PHB) CPU/0-ffffffffffffff (2/1.2/PHB) NET/0-0 (0/5000.0/LOC) 
ip-10-238-1-232:57:57 [0] NCCL INFO ncclTopoGetCpuAffinity: Affinity for GPU 0 is empty, ignoring. (GPU affinity =  ; CPU affinity = 0-3).
ip-10-238-1-232:57:57 [0] NCCL INFO Pattern 4, crossNic 0, nChannels 1, bw 1.200000/1.200000, type LOC/PHB, sameChannels 1
ip-10-238-1-232:57:57 [0] NCCL INFO  0 : NET/0-0 GPU/0-1e0 NET/0-0
ip-10-238-1-232:57:57 [0] NCCL INFO Pattern 3, crossNic 0, nChannels 1, bw 2.400000/1.200000, type LOC/PHB, sameChannels 1
ip-10-238-1-232:57:57 [0] NCCL INFO  0 : NET/0-0 GPU/0-1e0 NET/0-0
ip-10-238-1-232:57:57 [0] NCCL INFO Could not get speed from /sys/class/net/ens5/speed. Defaulting to 10 Gbps.
ip-10-238-1-232:57:57 [0] NCCL INFO comm 0x5dd7be85af00 rank 0 nRanks 2 nNodes 2 localRanks 1 localRank 0 MNNVL 0
ip-10-238-1-232:57:57 [0] NCCL INFO Tree 0 : -1 -> 0 -> 1/-1/-1
ip-10-238-1-232:57:57 [0] NCCL INFO Tree 1 : 1 -> 0 -> -1/-1/-1
ip-10-238-1-232:57:57 [0] NCCL INFO Channel 00/02 : 0 1
ip-10-238-1-232:57:57 [0] NCCL INFO Channel 01/02 : 0 1
ip-10-238-1-232:57:57 [0] NCCL INFO Ring 00 : 1 -> 0 -> 1
ip-10-238-1-232:57:57 [0] NCCL INFO Ring 01 : 1 -> 0 -> 1
ip-10-238-1-232:57:57 [0] NCCL INFO Trees [0] 1/-1/-1->0->-1 [1] -1/-1/-1->0->1
ip-10-238-1-232:57:57 [0] NCCL INFO P2P Chunksize set to 131072
ip-10-238-1-232:57:57 [0] NCCL INFO Check P2P Type isAllDirectP2p 1 directMode 0 isAllCudaP2p 1
ip-10-238-1-232:57:194 [0] NCCL INFO [Proxy Service] Device 0 CPU core 2
ip-10-238-1-232:57:57 [0] NCCL INFO ncclP2pSchedule: group size used is 1
ip-10-238-1-232:57:195 [0] NCCL INFO [Proxy Service UDS] Device 0 CPU core 2
ip-10-238-1-232:57:57 [0] NCCL INFO threadThresholds 8/8/64 | 16/8/64 | 512 | 512
ip-10-238-1-232:57:57 [0] NCCL INFO 2 coll channels, 2 collnet channels, 0 nvls channels, 2 p2p channels, 1 p2p channels per peer
ip-10-238-1-232:57:57 [0] NCCL INFO Symmetric VA size=24GB
ip-10-238-1-232:57:57 [0] NCCL INFO Symmetric memory is not supported. cuMemEnable 1, globalGinSupport 0, globalNicFused 0 cuMemGdrSupport 1
ip-10-238-1-232:57:57 [0] NCCL INFO CC Off, workFifoBytes 1048576
ip-10-238-1-232:57:57 [0] NCCL INFO ncclCommInitRankConfig comm 0x5dd7be85af00 rank 0 nranks 2 cudaDev 0 nvmlDev 0 busId 1e0 commId 0x5843e497bc22f281 - Init COMPLETE
ip-10-238-1-232:57:57 [0] NCCL INFO Init timings - ncclCommInitRankConfig: rank 0 nranks 2 total 0.22 (kernels 0.00, alloc 0.00, bootstrap 0.21, allgathers 0.02, topo 0.00, graphs 0.00, connections 0.00, rest 0.00)
ip-10-238-1-232:57:194 [0] NCCL INFO New proxy send connection 0 from local rank 0, transport 2
ip-10-238-1-232:57:196 [0] NCCL INFO [Proxy Progress] Device 0 CPU core 0
ip-10-238-1-232:57:57 [0] NCCL INFO Connected to proxy localRank 0 -> connection 0x78a63001aaa0
ip-10-238-1-232:57:194 [0] NCCL INFO Could not get speed from /sys/class/net/ens5/speed. Defaulting to 10 Gbps.
ip-10-238-1-232:57:57 [0] NCCL INFO Channel 01/1 : 0[0] -> 1[0] [send] via NET/Socket/0/Shared
ip-10-238-1-232:57:194 [0] NCCL INFO New proxy recv connection 1 from local rank 0, transport 2
ip-10-238-1-232:57:57 [0] NCCL INFO Connected to proxy localRank 0 -> connection 0x78a63001ab28
ip-10-238-1-232:57:194 [0] NCCL INFO Could not get speed from /sys/class/net/ens5/speed. Defaulting to 10 Gbps.
ip-10-238-1-232:57:194 [0] NCCL INFO NET/Socket: Using 2 threads and 8 sockets per thread
ip-10-238-1-232:57:57 [0] NCCL INFO Channel 01/1 : 1[0] -> 0[0] [receive] via NET/Socket/0/Shared
ip-10-238-1-232:57:57 [0] NCCL INFO Initialized NET plugin Socket
ip-10-238-1-232:57:57 [0] NCCL INFO Could not get speed from /sys/class/net/ens5/speed. Defaulting to 10 Gbps.
ip-10-238-1-232:57:57 [0] NCCL INFO Assigned NET plugin Socket to comm
ip-10-238-1-232:57:57 [0] NCCL INFO Failed to initialize any GIN plugin
ip-10-238-1-232:57:57 [0] NCCL INFO Using network Socket
ip-10-238-1-232:57:57 [0] NCCL INFO [Rank 1] ncclCommInitRankConfig comm 0x5dd7c48d11c0 rank 1 nranks 2 cudaDev 0 nvmlDev 0 busId 1e0 commId 0x3ebacd95f6739388 - Init START
ip-10-238-1-232:57:57 [0] NCCL INFO Topology detection : could not read /sys/devices/pci0000:00/0000:00:1e.0/../max_link_speed, ignoring
ip-10-238-1-232:57:57 [0] NCCL INFO Topology detection : could not read /sys/devices/pci0000:00/0000:00:1e.0/../max_link_width, ignoring
ip-10-238-1-232:57:57 [0] NCCL INFO Topology detection : could not read /sys/devices/system/node/node-1/cpumap, ignoring
ip-10-238-1-232:57:57 [0] NCCL INFO TOPO/NET : Importing network plugins to topology
ip-10-238-1-232:57:57 [0] NCCL INFO Could not get speed from /sys/class/net/ens5/speed. Defaulting to 10 Gbps.
ip-10-238-1-232:57:57 [0] NCCL INFO Topology detection : could not read /sys/devices/pci0000:00/0000:00:05.0/../max_link_speed, ignoring
ip-10-238-1-232:57:57 [0] NCCL INFO Topology detection : could not read /sys/devices/pci0000:00/0000:00:05.0/../max_link_width, ignoring
ip-10-238-1-232:57:57 [0] NCCL INFO Topology detection : could not read /sys/devices/system/node/node-1/cpumap, ignoring
ip-10-238-1-232:57:57 [0] NCCL INFO NET/Socket : GPU Direct RDMA Disabled for HCA 0 'ens5'
ip-10-238-1-232:57:57 [0] NCCL INFO ncclTopoPopulateNics : Filled ens5 in topo with pciPath=/sys/devices/pci0000:00/0000:00:05.0 net=1 gin=(null) keep=1 coll=(null)
ip-10-238-1-232:57:57 [0] NCCL INFO KV Convert to int : could not find value of 'Unknown' in dictionary, falling back to 60
ip-10-238-1-232:57:57 [0] NCCL INFO === System : maxBw 1.2 totalBw 24.0 ===
ip-10-238-1-232:57:57 [0] NCCL INFO CPU/0-ffffffffffffff (1/2/-1)
ip-10-238-1-232:57:57 [0] NCCL INFO + PCI[24.0] - GPU/0-1e0 (1)
ip-10-238-1-232:57:57 [0] NCCL INFO + PCI[12.0] - NIC/0-50
ip-10-238-1-232:57:57 [0] NCCL INFO               + NET[1.2] - NET/0-0 (0/0/0/1.250000)
ip-10-238-1-232:57:57 [0] NCCL INFO ==========================================
ip-10-238-1-232:57:57 [0] NCCL INFO GPU/0-1e0 :GPU/0-1e0 (0/5000.0/LOC) CPU/0-ffffffffffffff (1/24.0/PHB) NET/0-0 (3/1.2/PHB) 
ip-10-238-1-232:57:57 [0] NCCL INFO NET/0-0 :GPU/0-1e0 (3/1.2/PHB) CPU/0-ffffffffffffff (2/1.2/PHB) NET/0-0 (0/5000.0/LOC) 
ip-10-238-1-232:57:57 [0] NCCL INFO ncclTopoGetCpuAffinity: Affinity for GPU 0 is empty, ignoring. (GPU affinity =  ; CPU affinity = 0-3).
ip-10-238-1-232:57:57 [0] NCCL INFO Pattern 4, crossNic 0, nChannels 1, bw 1.200000/1.200000, type LOC/PHB, sameChannels 1
ip-10-238-1-232:57:57 [0] NCCL INFO  0 : NET/0-0 GPU/0-1e0 NET/0-0
ip-10-238-1-232:57:57 [0] NCCL INFO Pattern 3, crossNic 0, nChannels 1, bw 2.400000/1.200000, type LOC/PHB, sameChannels 1
ip-10-238-1-232:57:57 [0] NCCL INFO  0 : NET/0-0 GPU/0-1e0 NET/0-0
ip-10-238-1-232:57:57 [0] NCCL INFO Could not get speed from /sys/class/net/ens5/speed. Defaulting to 10 Gbps.
ip-10-238-1-232:57:57 [0] NCCL INFO comm 0x5dd7c48d11c0 rank 1 nRanks 2 nNodes 2 localRanks 1 localRank 0 MNNVL 0
ip-10-238-1-232:57:57 [0] NCCL INFO Tree 0 : 0 -> 1 -> -1/-1/-1
ip-10-238-1-232:57:57 [0] NCCL INFO Tree 1 : -1 -> 1 -> 0/-1/-1
ip-10-238-1-232:57:57 [0] NCCL INFO Ring 00 : 0 -> 1 -> 0
ip-10-238-1-232:57:57 [0] NCCL INFO Ring 01 : 0 -> 1 -> 0
ip-10-238-1-232:57:57 [0] NCCL INFO Trees [0] -1/-1/-1->1->0 [1] 0/-1/-1->1->-1
ip-10-238-1-232:57:57 [0] NCCL INFO P2P Chunksize set to 131072
ip-10-238-1-232:57:57 [0] NCCL INFO Check P2P Type isAllDirectP2p 1 directMode 0 isAllCudaP2p 1
ip-10-238-1-232:57:57 [0] NCCL INFO ncclP2pSchedule: group size used is 1
ip-10-238-1-232:57:202 [0] NCCL INFO [Proxy Service UDS] Device 0 CPU core 0
ip-10-238-1-232:57:201 [0] NCCL INFO [Proxy Service] Device 0 CPU core 0
ip-10-238-1-232:57:57 [0] NCCL INFO threadThresholds 8/8/64 | 16/8/64 | 512 | 512
ip-10-238-1-232:57:57 [0] NCCL INFO 2 coll channels, 2 collnet channels, 0 nvls channels, 2 p2p channels, 1 p2p channels per peer
ip-10-238-1-232:57:57 [0] NCCL INFO Symmetric VA size=24GB
ip-10-238-1-232:57:57 [0] NCCL INFO Symmetric memory is not supported. cuMemEnable 1, globalGinSupport 0, globalNicFused 0 cuMemGdrSupport 1
ip-10-238-1-232:57:57 [0] NCCL INFO ncclCommInitRankConfig comm 0x5dd7c48d11c0 rank 1 nranks 2 cudaDev 0 nvmlDev 0 busId 1e0 commId 0x3ebacd95f6739388 - Init COMPLETE
ip-10-238-1-232:57:57 [0] NCCL INFO Init timings - ncclCommInitRankConfig: rank 1 nranks 2 total 0.09 (kernels 0.00, alloc 0.00, bootstrap 0.06, allgathers 0.02, topo 0.00, graphs 0.00, connections 0.00, rest 0.00)
ip-10-238-1-232:57:201 [0] NCCL INFO New proxy recv connection 0 from local rank 0, transport 2
ip-10-238-1-232:57:203 [0] NCCL INFO [Proxy Progress] Device 0 CPU core 2
ip-10-238-1-232:57:57 [0] NCCL INFO Connected to proxy localRank 0 -> connection 0x78a64800db50
ip-10-238-1-232:57:201 [0] NCCL INFO Could not get speed from /sys/class/net/ens5/speed. Defaulting to 10 Gbps.
ip-10-238-1-232:57:201 [0] NCCL INFO NET/Socket: Using 2 threads and 8 sockets per thread
ip-10-238-1-232:57:57 [0] NCCL INFO Channel 01/1 : 0[0] -> 1[0] [receive] via NET/Socket/0/Shared
ip-10-238-1-232:57:201 [0] NCCL INFO New proxy send connection 1 from local rank 0, transport 2
ip-10-238-1-232:57:57 [0] NCCL INFO Connected to proxy localRank 0 -> connection 0x78a64800dbd8
ip-10-238-1-232:57:201 [0] NCCL INFO Could not get speed from /sys/class/net/ens5/speed. Defaulting to 10 Gbps.
ip-10-238-1-232:57:57 [0] NCCL INFO Channel 01/1 : 1[0] -> 0[0] [send] via NET/Socket/0/Shared
ip-10-238-1-232:57:57 [0] NCCL INFO Initialized NET plugin Socket
ip-10-238-1-232:57:57 [0] NCCL INFO Could not get speed from /sys/class/net/ens5/speed. Defaulting to 10 Gbps.
ip-10-238-1-232:57:57 [0] NCCL INFO Assigned NET plugin Socket to comm
ip-10-238-1-232:57:57 [0] NCCL INFO Failed to initialize any GIN plugin
ip-10-238-1-232:57:57 [0] NCCL INFO Using network Socket
ip-10-238-1-232:57:57 [0] NCCL INFO [Rank 1] ncclCommInitRankConfig comm 0x5dd7b3708520 rank 1 nranks 2 cudaDev 0 nvmlDev 0 busId 1e0 commId 0xf8c49380f80700cf - Init START
ip-10-238-1-232:57:57 [0] NCCL INFO Topology detection : could not read /sys/devices/pci0000:00/0000:00:1e.0/../max_link_speed, ignoring
ip-10-238-1-232:57:57 [0] NCCL INFO Topology detection : could not read /sys/devices/pci0000:00/0000:00:1e.0/../max_link_width, ignoring
ip-10-238-1-232:57:57 [0] NCCL INFO Topology detection : could not read /sys/devices/system/node/node-1/cpumap, ignoring
ip-10-238-1-232:57:57 [0] NCCL INFO TOPO/NET : Importing network plugins to topology
ip-10-238-1-232:57:57 [0] NCCL INFO Could not get speed from /sys/class/net/ens5/speed. Defaulting to 10 Gbps.
ip-10-238-1-232:57:57 [0] NCCL INFO Topology detection : could not read /sys/devices/pci0000:00/0000:00:05.0/../max_link_speed, ignoring
ip-10-238-1-232:57:57 [0] NCCL INFO Topology detection : could not read /sys/devices/pci0000:00/0000:00:05.0/../max_link_width, ignoring
ip-10-238-1-232:57:57 [0] NCCL INFO Topology detection : could not read /sys/devices/system/node/node-1/cpumap, ignoring
ip-10-238-1-232:57:57 [0] NCCL INFO NET/Socket : GPU Direct RDMA Disabled for HCA 0 'ens5'
ip-10-238-1-232:57:57 [0] NCCL INFO ncclTopoPopulateNics : Filled ens5 in topo with pciPath=/sys/devices/pci0000:00/0000:00:05.0 net=1 gin=(null) keep=1 coll=(null)
ip-10-238-1-232:57:57 [0] NCCL INFO KV Convert to int : could not find value of 'Unknown' in dictionary, falling back to 60
ip-10-238-1-232:57:57 [0] NCCL INFO === System : maxBw 1.2 totalBw 24.0 ===
ip-10-238-1-232:57:57 [0] NCCL INFO CPU/0-ffffffffffffff (1/2/-1)
ip-10-238-1-232:57:57 [0] NCCL INFO + PCI[24.0] - GPU/0-1e0 (1)
ip-10-238-1-232:57:57 [0] NCCL INFO + PCI[12.0] - NIC/0-50
ip-10-238-1-232:57:57 [0] NCCL INFO               + NET[1.2] - NET/0-0 (0/0/0/1.250000)
ip-10-238-1-232:57:57 [0] NCCL INFO ==========================================
ip-10-238-1-232:57:57 [0] NCCL INFO GPU/0-1e0 :GPU/0-1e0 (0/5000.0/LOC) CPU/0-ffffffffffffff (1/24.0/PHB) NET/0-0 (3/1.2/PHB) 
ip-10-238-1-232:57:57 [0] NCCL INFO NET/0-0 :GPU/0-1e0 (3/1.2/PHB) CPU/0-ffffffffffffff (2/1.2/PHB) NET/0-0 (0/5000.0/LOC) 
ip-10-238-1-232:57:57 [0] NCCL INFO ncclTopoGetCpuAffinity: Affinity for GPU 0 is empty, ignoring. (GPU affinity =  ; CPU affinity = 0-3).
ip-10-238-1-232:57:57 [0] NCCL INFO Pattern 4, crossNic 0, nChannels 1, bw 1.200000/1.200000, type LOC/PHB, sameChannels 1
ip-10-238-1-232:57:57 [0] NCCL INFO  0 : NET/0-0 GPU/0-1e0 NET/0-0
ip-10-238-1-232:57:57 [0] NCCL INFO Pattern 3, crossNic 0, nChannels 1, bw 2.400000/1.200000, type LOC/PHB, sameChannels 1
ip-10-238-1-232:57:57 [0] NCCL INFO  0 : NET/0-0 GPU/0-1e0 NET/0-0
ip-10-238-1-232:57:57 [0] NCCL INFO Could not get speed from /sys/class/net/ens5/speed. Defaulting to 10 Gbps.
ip-10-238-1-232:57:57 [0] NCCL INFO comm 0x5dd7b3708520 rank 1 nRanks 2 nNodes 2 localRanks 1 localRank 0 MNNVL 0
ip-10-238-1-232:57:57 [0] NCCL INFO Tree 0 : 0 -> 1 -> -1/-1/-1
ip-10-238-1-232:57:57 [0] NCCL INFO Tree 1 : -1 -> 1 -> 0/-1/-1
ip-10-238-1-232:57:57 [0] NCCL INFO Ring 00 : 0 -> 1 -> 0
ip-10-238-1-232:57:57 [0] NCCL INFO Ring 01 : 0 -> 1 -> 0
ip-10-238-1-232:57:57 [0] NCCL INFO Trees [0] -1/-1/-1->1->0 [1] 0/-1/-1->1->-1
ip-10-238-1-232:57:57 [0] NCCL INFO P2P Chunksize set to 131072
ip-10-238-1-232:57:57 [0] NCCL INFO Check P2P Type isAllDirectP2p 1 directMode 0 isAllCudaP2p 1
ip-10-238-1-232:57:208 [0] NCCL INFO [Proxy Service] Device 0 CPU core 0
ip-10-238-1-232:57:57 [0] NCCL INFO ncclP2pSchedule: group size used is 1
ip-10-238-1-232:57:209 [0] NCCL INFO [Proxy Service UDS] Device 0 CPU core 1
ip-10-238-1-232:57:57 [0] NCCL INFO threadThresholds 8/8/64 | 16/8/64 | 512 | 512
ip-10-238-1-232:57:57 [0] NCCL INFO 2 coll channels, 2 collnet channels, 0 nvls channels, 2 p2p channels, 1 p2p channels per peer
ip-10-238-1-232:57:57 [0] NCCL INFO Symmetric VA size=24GB
ip-10-238-1-232:57:57 [0] NCCL INFO Symmetric memory is not supported. cuMemEnable 1, globalGinSupport 0, globalNicFused 0 cuMemGdrSupport 1
ip-10-238-1-232:57:57 [0] NCCL INFO ncclCommInitRankConfig comm 0x5dd7b3708520 rank 1 nranks 2 cudaDev 0 nvmlDev 0 busId 1e0 commId 0xf8c49380f80700cf - Init COMPLETE
ip-10-238-1-232:57:57 [0] NCCL INFO Init timings - ncclCommInitRankConfig: rank 1 nranks 2 total 0.61 (kernels 0.00, alloc 0.00, bootstrap 0.43, allgathers 0.17, topo 0.00, graphs 0.00, connections 0.00, rest 0.00)
ip-10-238-1-232:57:208 [0] NCCL INFO New proxy recv connection 0 from local rank 0, transport 2
ip-10-238-1-232:57:210 [0] NCCL INFO [Proxy Progress] Device 0 CPU core 1
ip-10-238-1-232:57:57 [0] NCCL INFO Connected to proxy localRank 0 -> connection 0x78a678009530
ip-10-238-1-232:57:208 [0] NCCL INFO Could not get speed from /sys/class/net/ens5/speed. Defaulting to 10 Gbps.
ip-10-238-1-232:57:208 [0] NCCL INFO NET/Socket: Using 2 threads and 8 sockets per thread
ip-10-238-1-232:57:57 [0] NCCL INFO Channel 01/1 : 0[0] -> 1[0] [receive] via NET/Socket/0/Shared
ip-10-238-1-232:57:208 [0] NCCL INFO New proxy send connection 1 from local rank 0, transport 2
ip-10-238-1-232:57:57 [0] NCCL INFO Connected to proxy localRank 0 -> connection 0x78a6780095b8
ip-10-238-1-232:57:208 [0] NCCL INFO Could not get speed from /sys/class/net/ens5/speed. Defaulting to 10 Gbps.
ip-10-238-1-232:57:57 [0] NCCL INFO Channel 01/1 : 1[0] -> 0[0] [send] via NET/Socket/0/Shared
ip-10-238-1-232:57:57 [0] NCCL INFO comm 0x5dd7c48d11c0 rank 1 nranks 2 cudaDev 0 busId 1e0 - Destroy COMPLETE
ip-10-238-1-232:57:57 [0] NCCL INFO comm 0x5dd7be85af00 rank 0 nranks 2 cudaDev 0 busId 1e0 - Destroy COMPLETE
ip-10-238-1-232:57:57 [0] NCCL INFO comm 0x5dd7b3708520 rank 1 nranks 2 cudaDev 0 busId 1e0 - Destroy COMPLETE
ip-10-238-1-232:57:57 [0] NCCL INFO comm 0x5dd7a642f560 rank 1 nranks 2 cudaDev 0 busId 1e0 - Destroy COMPLETE
ip-10-238-1-232:57:57 [0] NCCL INFO comm 0x5dd7aa5a3c10 rank 9 nranks 16 cudaDev 0 busId 1e0 - Destroy COMPLETE
ip-10-238-1-232:57:57 [0] NCCL INFO comm 0x5dd7aa93c180 rank 1 nranks 2 cudaDev 0 busId 1e0 - Destroy COMPLETE
ip-10-238-1-232:57:57 [0] NCCL INFO comm 0x5dd7aaa60f70 rank 1 nranks 2 cudaDev 0 busId 1e0 - Destroy COMPLETE
ip-10-238-1-232:57:57 [0] NCCL INFO comm 0x5dd7adffd610 rank 1 nranks 2 cudaDev 0 busId 1e0 - Destroy COMPLETE
ip-10-238-1-232:57:57 [0] NCCL INFO comm 0x5dd7ad62cc00 rank 1 nranks 2 cudaDev 0 busId 1e0 - Destroy COMPLETE
ip-10-238-1-232:57:57 [0] NCCL INFO comm 0x5dd7adbd75b0 rank 1 nranks 2 cudaDev 0 busId 1e0 - Destroy COMPLETE
ip-10-238-1-232:57:57 [0] NCCL INFO comm 0x5dd7ad7fb6e0 rank 0 nranks 2 cudaDev 0 busId 1e0 - Destroy COMPLETE
ip-10-238-1-232:57:57 [0] NCCL INFO comm 0x5dd7b44eba80 rank 0 nranks 2 cudaDev 0 busId 1e0 - Destroy COMPLETE
ip-10-238-1-232:57:57 [0] NCCL INFO comm 0x5dd7adab27c0 rank 0 nranks 2 cudaDev 0 busId 1e0 - Destroy COMPLETE
ip-10-238-1-232:57:57 [0] NCCL INFO comm 0x5dd7ae122400 rank 1 nranks 2 cudaDev 0 busId 1e0 - Destroy COMPLETE
ip-10-238-1-232:57:57 [0] NCCL INFO comm 0x5dd7adda5240 rank 0 nranks 2 cudaDev 0 busId 1e0 - Destroy COMPLETE
ip-10-238-1-232:57:57 [0] NCCL INFO comm 0x5dd7adeca030 rank 0 nranks 2 cudaDev 0 busId 1e0 - Destroy COMPLETE
ip-10-238-1-232:57:57 [0] NCCL INFO ENV/Plugin: Closing env plugin ncclEnvDefault
