Warning: You are sending unauthenticated requests to the HF Hub. Please set a HF_TOKEN to enable higher rate limits and faster downloads.
Generating train split:   0%|          | 0/50000 [00:00<?, ? examples/s]Generating train split:   0%|          | 100/50000 [00:00<03:06, 267.13 examples/s]Generating train split:  51%|█████     | 25600/50000 [00:00<00:00, 55240.42 examples/s]Generating train split: 100%|██████████| 50000/50000 [00:00<00:00, 76136.45 examples/s]
Generating test split:   0%|          | 0/10000 [00:00<?, ? examples/s]Generating test split: 100%|██████████| 10000/10000 [00:00<00:00, 250785.01 examples/s]
[W909 10:02:24.993885371 Utils.hpp:166] Warning: Environment variable NCCL_BLOCKING_WAIT is deprecated; use TORCH_NCCL_BLOCKING_WAIT instead (function operator())
[W909 10:02:24.993907161 Utils.hpp:137] Warning: Environment variable NCCL_ASYNC_ERROR_HANDLING is deprecated; use TORCH_NCCL_ASYNC_ERROR_HANDLING instead (function operator())
[rank12]:[W909 10:02:29.688033606 ProcessGroupNCCL.cpp:4215] Warning: An unbatched P2P op (send/recv) was called on this ProcessGroup with size 16.  In lazy initialization mode, this will result in a new 2-rank NCCL communicator to be created. (function operator())
ip-10-235-1-137:56:56 [0] NCCL INFO ENV/Plugin: Could not find: libnccl-env.so
ip-10-235-1-137:56:56 [0] NCCL INFO cudaDriverVersion 13020
ip-10-235-1-137:56:56 [0] NCCL INFO NCCL_SOCKET_IFNAME set to ens5
ip-10-235-1-137:56:56 [0] NCCL INFO NCCL version 2.29.7+cuda13.2
ip-10-235-1-137:56:56 [0] NCCL INFO NCCL git version stable b81d6a5a3
ip-10-235-1-137:56:56 [0] NCCL INFO NET/Plugin: Could not find: libnccl-net.so
ip-10-235-1-137:56:56 [0] NCCL INFO transport/net_ib/init.cc:396 -> 3
ip-10-235-1-137:56:56 [0] NCCL INFO Failed to initialize NET plugin IB
ip-10-235-1-137:56:56 [0] NCCL INFO NET/Socket : Using [0]ens5:10.235.1.137<0>
ip-10-235-1-137:56:56 [0] NCCL INFO Initialized NET plugin Socket
ip-10-235-1-137:56:56 [0] NCCL INFO Could not get speed from /sys/class/net/ens5/speed. Defaulting to 10 Gbps.
ip-10-235-1-137:56:56 [0] NCCL INFO Assigned NET plugin Socket to comm
ip-10-235-1-137:56:56 [0] NCCL INFO GIN/Plugin: Could not find: libnccl-gin.so

[2026-09-09 10:02:29] ip-10-235-1-137:56:56 [0] misc/ibvwrap.cc:173 NCCL WARN lib wrapper not initialized.
ip-10-235-1-137:56:56 [0] NCCL INFO transport/net_ib/gdr.cc:56 -> 3
ip-10-235-1-137:56:56 [0] NCCL INFO Unable to use GIN: Peermem is not supported, nor DMA-BUF.
ip-10-235-1-137:56:56 [0] NCCL INFO Unable to use GIN: Peermem is not supported, nor DMA-BUF.
ip-10-235-1-137:56:56 [0] NCCL INFO Failed to initialize any GIN plugin
ip-10-235-1-137:56:56 [0] NCCL INFO Using network Socket
ip-10-235-1-137:56:56 [0] NCCL INFO [Rank 1] ncclCommInitRankConfig comm 0x5df1f88e1c50 rank 1 nranks 2 cudaDev 0 nvmlDev 0 busId 1e0 commId 0x63be1168193524bf - Init START
ip-10-235-1-137:56:56 [0] NCCL INFO RAS client listening socket at 127.0.0.1<28028>
ip-10-235-1-137:56:56 [0] NCCL INFO Topology detection : could not read /sys/devices/pci0000:00/0000:00:1e.0/../max_link_speed, ignoring
ip-10-235-1-137:56:56 [0] NCCL INFO Topology detection : could not read /sys/devices/pci0000:00/0000:00:1e.0/../max_link_width, ignoring
ip-10-235-1-137:56:56 [0] NCCL INFO Topology detection : could not read /sys/devices/system/node/node-1/cpumap, ignoring
ip-10-235-1-137:56:56 [0] NCCL INFO TOPO/NET : Importing network plugins to topology
ip-10-235-1-137:56:56 [0] NCCL INFO Could not get speed from /sys/class/net/ens5/speed. Defaulting to 10 Gbps.
ip-10-235-1-137:56:56 [0] NCCL INFO Topology detection : could not read /sys/devices/pci0000:00/0000:00:05.0/../max_link_speed, ignoring
ip-10-235-1-137:56:56 [0] NCCL INFO Topology detection : could not read /sys/devices/pci0000:00/0000:00:05.0/../max_link_width, ignoring
ip-10-235-1-137:56:56 [0] NCCL INFO Topology detection : could not read /sys/devices/system/node/node-1/cpumap, ignoring
ip-10-235-1-137:56:56 [0] NCCL INFO NET/Socket : GPU Direct RDMA Disabled for HCA 0 'ens5'
ip-10-235-1-137:56:56 [0] NCCL INFO ncclTopoPopulateNics : Filled ens5 in topo with pciPath=/sys/devices/pci0000:00/0000:00:05.0 net=1 gin=(null) keep=1 coll=(null)
ip-10-235-1-137:56:56 [0] NCCL INFO KV Convert to int : could not find value of 'Unknown' in dictionary, falling back to 60
ip-10-235-1-137:56:56 [0] NCCL INFO === System : maxBw 1.2 totalBw 24.0 ===
ip-10-235-1-137:56:56 [0] NCCL INFO CPU/0-ffffffffffffff (1/2/-1)
ip-10-235-1-137:56:56 [0] NCCL INFO + PCI[24.0] - GPU/0-1e0 (1)
ip-10-235-1-137:56:56 [0] NCCL INFO + PCI[12.0] - NIC/0-50
ip-10-235-1-137:56:56 [0] NCCL INFO               + NET[1.2] - NET/0-0 (0/0/0/1.250000)
ip-10-235-1-137:56:56 [0] NCCL INFO ==========================================
ip-10-235-1-137:56:56 [0] NCCL INFO GPU/0-1e0 :GPU/0-1e0 (0/5000.0/LOC) CPU/0-ffffffffffffff (1/24.0/PHB) NET/0-0 (3/1.2/PHB) 
ip-10-235-1-137:56:56 [0] NCCL INFO NET/0-0 :GPU/0-1e0 (3/1.2/PHB) CPU/0-ffffffffffffff (2/1.2/PHB) NET/0-0 (0/5000.0/LOC) 
ip-10-235-1-137:56:56 [0] NCCL INFO ncclTopoGetCpuAffinity: Affinity for GPU 0 is empty, ignoring. (GPU affinity =  ; CPU affinity = 0-3).
ip-10-235-1-137:56:56 [0] NCCL INFO Pattern 4, crossNic 0, nChannels 1, bw 1.200000/1.200000, type LOC/PHB, sameChannels 1
ip-10-235-1-137:56:56 [0] NCCL INFO  0 : NET/0-0 GPU/0-1e0 NET/0-0
ip-10-235-1-137:56:56 [0] NCCL INFO Pattern 3, crossNic 0, nChannels 1, bw 2.400000/1.200000, type LOC/PHB, sameChannels 1
ip-10-235-1-137:56:56 [0] NCCL INFO  0 : NET/0-0 GPU/0-1e0 NET/0-0
ip-10-235-1-137:56:56 [0] NCCL INFO Could not get speed from /sys/class/net/ens5/speed. Defaulting to 10 Gbps.
ip-10-235-1-137:56:56 [0] NCCL INFO comm 0x5df1f88e1c50 rank 1 nRanks 2 nNodes 2 localRanks 1 localRank 0 MNNVL 0
ip-10-235-1-137:56:56 [0] NCCL INFO Tree 0 : 0 -> 1 -> -1/-1/-1
ip-10-235-1-137:56:56 [0] NCCL INFO Tree 1 : -1 -> 1 -> 0/-1/-1
ip-10-235-1-137:56:56 [0] NCCL INFO Ring 00 : 0 -> 1 -> 0
ip-10-235-1-137:56:56 [0] NCCL INFO Ring 01 : 0 -> 1 -> 0
ip-10-235-1-137:56:56 [0] NCCL INFO Trees [0] -1/-1/-1->1->0 [1] 0/-1/-1->1->-1
ip-10-235-1-137:56:56 [0] NCCL INFO P2P Chunksize set to 131072
ip-10-235-1-137:56:56 [0] NCCL INFO PROFILER/Plugin: Could not find: libnccl-profiler.so
ip-10-235-1-137:56:56 [0] NCCL INFO Check P2P Type isAllDirectP2p 1 directMode 0 isAllCudaP2p 1
ip-10-235-1-137:56:56 [0] NCCL INFO ncclP2pSchedule: group size used is 1
ip-10-235-1-137:56:100 [0] NCCL INFO [Proxy Service] Device 0 CPU core 2
ip-10-235-1-137:56:101 [0] NCCL INFO [Proxy Service UDS] Device 0 CPU core 3
ip-10-235-1-137:56:56 [0] NCCL INFO TUNER/Plugin: Could not find: libnccl-tuner.so
ip-10-235-1-137:56:56 [0] NCCL INFO threadThresholds 8/8/64 | 16/8/64 | 512 | 512
ip-10-235-1-137:56:56 [0] NCCL INFO 2 coll channels, 2 collnet channels, 0 nvls channels, 2 p2p channels, 1 p2p channels per peer
ip-10-235-1-137:56:56 [0] NCCL INFO Symmetric VA size=24GB
ip-10-235-1-137:56:56 [0] NCCL INFO Symmetric memory is not supported. cuMemEnable 1, globalGinSupport 0, globalNicFused 0 cuMemGdrSupport 1
ip-10-235-1-137:56:56 [0] NCCL INFO ncclCommInitRankConfig comm 0x5df1f88e1c50 rank 1 nranks 2 cudaDev 0 nvmlDev 0 busId 1e0 commId 0x63be1168193524bf - Init COMPLETE
ip-10-235-1-137:56:56 [0] NCCL INFO Init timings - ncclCommInitRankConfig: rank 1 nranks 2 total 0.40 (kernels 0.17, alloc 0.02, bootstrap 0.14, allgathers 0.06, topo 0.00, graphs 0.00, connections 0.00, rest 0.00)
ip-10-235-1-137:56:100 [0] NCCL INFO New proxy recv connection 0 from local rank 0, transport 2
ip-10-235-1-137:56:102 [0] NCCL INFO [Proxy Progress] Device 0 CPU core 0
ip-10-235-1-137:56:56 [0] NCCL INFO Connected to proxy localRank 0 -> connection 0x714420004fa0
ip-10-235-1-137:56:100 [0] NCCL INFO Could not get speed from /sys/class/net/ens5/speed. Defaulting to 10 Gbps.
ip-10-235-1-137:56:100 [0] NCCL INFO NET/Socket: Using 2 threads and 8 sockets per thread
ip-10-235-1-137:56:56 [0] NCCL INFO Channel 01/1 : 0[0] -> 1[0] [receive] via NET/Socket/0/Shared
[rank12]:[W909 10:02:31.016972123 ProcessGroupNCCL.cpp:4215] Warning: An unbatched P2P op (send/recv) was called on this ProcessGroup with size 16.  In lazy initialization mode, this will result in a new 2-rank NCCL communicator to be created. (function operator())
ip-10-235-1-137:56:100 [0] NCCL INFO New proxy send connection 1 from local rank 0, transport 2
ip-10-235-1-137:56:56 [0] NCCL INFO Connected to proxy localRank 0 -> connection 0x714420005028
ip-10-235-1-137:56:100 [0] NCCL INFO Could not get speed from /sys/class/net/ens5/speed. Defaulting to 10 Gbps.
ip-10-235-1-137:56:56 [0] NCCL INFO Channel 01/1 : 1[0] -> 0[0] [send] via NET/Socket/0/Shared
ip-10-235-1-137:56:56 [0] NCCL INFO Initialized NET plugin Socket
ip-10-235-1-137:56:56 [0] NCCL INFO Could not get speed from /sys/class/net/ens5/speed. Defaulting to 10 Gbps.
ip-10-235-1-137:56:56 [0] NCCL INFO Assigned NET plugin Socket to comm
ip-10-235-1-137:56:56 [0] NCCL INFO Failed to initialize any GIN plugin
ip-10-235-1-137:56:56 [0] NCCL INFO Using network Socket
ip-10-235-1-137:56:56 [0] NCCL INFO [Rank 12] ncclCommInitRankConfig comm 0x5df1fca58950 rank 12 nranks 16 cudaDev 0 nvmlDev 0 busId 1e0 commId 0xb52e73f562d9812f - Init START
ip-10-235-1-137:56:56 [0] NCCL INFO Topology detection : could not read /sys/devices/pci0000:00/0000:00:1e.0/../max_link_speed, ignoring
ip-10-235-1-137:56:56 [0] NCCL INFO Topology detection : could not read /sys/devices/pci0000:00/0000:00:1e.0/../max_link_width, ignoring
ip-10-235-1-137:56:56 [0] NCCL INFO Topology detection : could not read /sys/devices/system/node/node-1/cpumap, ignoring
ip-10-235-1-137:56:56 [0] NCCL INFO TOPO/NET : Importing network plugins to topology
ip-10-235-1-137:56:56 [0] NCCL INFO Could not get speed from /sys/class/net/ens5/speed. Defaulting to 10 Gbps.
ip-10-235-1-137:56:56 [0] NCCL INFO Topology detection : could not read /sys/devices/pci0000:00/0000:00:05.0/../max_link_speed, ignoring
ip-10-235-1-137:56:56 [0] NCCL INFO Topology detection : could not read /sys/devices/pci0000:00/0000:00:05.0/../max_link_width, ignoring
ip-10-235-1-137:56:56 [0] NCCL INFO Topology detection : could not read /sys/devices/system/node/node-1/cpumap, ignoring
ip-10-235-1-137:56:56 [0] NCCL INFO NET/Socket : GPU Direct RDMA Disabled for HCA 0 'ens5'
ip-10-235-1-137:56:56 [0] NCCL INFO ncclTopoPopulateNics : Filled ens5 in topo with pciPath=/sys/devices/pci0000:00/0000:00:05.0 net=1 gin=(null) keep=1 coll=(null)
ip-10-235-1-137:56:56 [0] NCCL INFO KV Convert to int : could not find value of 'Unknown' in dictionary, falling back to 60
ip-10-235-1-137:56:56 [0] NCCL INFO === System : maxBw 1.2 totalBw 24.0 ===
ip-10-235-1-137:56:56 [0] NCCL INFO CPU/0-ffffffffffffff (1/2/-1)
ip-10-235-1-137:56:56 [0] NCCL INFO + PCI[24.0] - GPU/0-1e0 (12)
ip-10-235-1-137:56:56 [0] NCCL INFO + PCI[12.0] - NIC/0-50
ip-10-235-1-137:56:56 [0] NCCL INFO               + NET[1.2] - NET/0-0 (0/0/0/1.250000)
ip-10-235-1-137:56:56 [0] NCCL INFO ==========================================
ip-10-235-1-137:56:56 [0] NCCL INFO GPU/0-1e0 :GPU/0-1e0 (0/5000.0/LOC) CPU/0-ffffffffffffff (1/24.0/PHB) NET/0-0 (3/1.2/PHB) 
ip-10-235-1-137:56:56 [0] NCCL INFO NET/0-0 :GPU/0-1e0 (3/1.2/PHB) CPU/0-ffffffffffffff (2/1.2/PHB) NET/0-0 (0/5000.0/LOC) 
ip-10-235-1-137:56:56 [0] NCCL INFO ncclTopoGetCpuAffinity: Affinity for GPU 0 is empty, ignoring. (GPU affinity =  ; CPU affinity = 0-3).
ip-10-235-1-137:56:56 [0] NCCL INFO Pattern 4, crossNic 0, nChannels 1, bw 1.200000/1.200000, type LOC/PHB, sameChannels 1
ip-10-235-1-137:56:56 [0] NCCL INFO  0 : NET/0-0 GPU/0-1e0 NET/0-0
ip-10-235-1-137:56:56 [0] NCCL INFO Pattern 3, crossNic 0, nChannels 1, bw 2.400000/1.200000, type LOC/PHB, sameChannels 1
ip-10-235-1-137:56:56 [0] NCCL INFO  0 : NET/0-0 GPU/0-1e0 NET/0-0
ip-10-235-1-137:56:56 [0] NCCL INFO Could not get speed from /sys/class/net/ens5/speed. Defaulting to 10 Gbps.
ip-10-235-1-137:56:56 [0] NCCL INFO comm 0x5df1fca58950 rank 12 nRanks 16 nNodes 16 localRanks 1 localRank 0 MNNVL 0
ip-10-235-1-137:56:56 [0] NCCL INFO Tree 0 : 8 -> 12 -> 10/14/-1
ip-10-235-1-137:56:56 [0] NCCL INFO Tree 1 : 13 -> 12 -> -1/-1/-1
ip-10-235-1-137:56:56 [0] NCCL INFO Ring 00 : 11 -> 12 -> 13
ip-10-235-1-137:56:56 [0] NCCL INFO Ring 01 : 11 -> 12 -> 13
ip-10-235-1-137:56:56 [0] NCCL INFO Trees [0] 10/14/-1->12->8 [1] -1/-1/-1->12->13
ip-10-235-1-137:56:56 [0] NCCL INFO P2P Chunksize set to 131072
ip-10-235-1-137:56:56 [0] NCCL INFO Check P2P Type isAllDirectP2p 1 directMode 0 isAllCudaP2p 1
ip-10-235-1-137:56:56 [0] NCCL INFO ncclP2pSchedule: group size used is 1
ip-10-235-1-137:56:107 [0] NCCL INFO [Proxy Service] Device 0 CPU core 1
ip-10-235-1-137:56:108 [0] NCCL INFO [Proxy Service UDS] Device 0 CPU core 2
ip-10-235-1-137:56:56 [0] NCCL INFO threadThresholds 8/8/64 | 128/8/64 | 512 | 512
ip-10-235-1-137:56:56 [0] NCCL INFO 2 coll channels, 2 collnet channels, 0 nvls channels, 2 p2p channels, 1 p2p channels per peer
ip-10-235-1-137:56:56 [0] NCCL INFO Symmetric VA size=24GB
ip-10-235-1-137:56:56 [0] NCCL INFO Symmetric memory is not supported. cuMemEnable 1, globalGinSupport 0, globalNicFused 0 cuMemGdrSupport 1
ip-10-235-1-137:56:56 [0] NCCL INFO ncclCommInitRankConfig comm 0x5df1fca58950 rank 12 nranks 16 cudaDev 0 nvmlDev 0 busId 1e0 commId 0xb52e73f562d9812f - Init COMPLETE
ip-10-235-1-137:56:56 [0] NCCL INFO Init timings - ncclCommInitRankConfig: rank 12 nranks 16 total 32.57 (kernels 0.00, alloc 0.00, bootstrap 29.44, allgathers 3.12, topo 0.00, graphs 0.00, connections 0.00, rest 0.00)
ip-10-235-1-137:56:107 [0] NCCL INFO New proxy send connection 0 from local rank 0, transport 2
ip-10-235-1-137:56:109 [0] NCCL INFO [Proxy Progress] Device 0 CPU core 2
ip-10-235-1-137:56:56 [0] NCCL INFO Connected to proxy localRank 0 -> connection 0x7143ec004f70
ip-10-235-1-137:56:107 [0] NCCL INFO Could not get speed from /sys/class/net/ens5/speed. Defaulting to 10 Gbps.
ip-10-235-1-137:56:56 [0] NCCL INFO Channel 01/0 : 12[0] -> 13[0] [send] via NET/Socket/0
ip-10-235-1-137:56:107 [0] NCCL INFO New proxy recv connection 1 from local rank 0, transport 2
ip-10-235-1-137:56:56 [0] NCCL INFO Connected to proxy localRank 0 -> connection 0x7143ec004ff8
ip-10-235-1-137:56:107 [0] NCCL INFO Could not get speed from /sys/class/net/ens5/speed. Defaulting to 10 Gbps.
ip-10-235-1-137:56:107 [0] NCCL INFO NET/Socket: Using 2 threads and 8 sockets per thread
ip-10-235-1-137:56:56 [0] NCCL INFO Channel 00/0 : 10[0] -> 12[0] [receive] via NET/Socket/0
ip-10-235-1-137:56:107 [0] NCCL INFO New proxy send connection 2 from local rank 0, transport 2
ip-10-235-1-137:56:56 [0] NCCL INFO Connected to proxy localRank 0 -> connection 0x7143ec005080
ip-10-235-1-137:56:107 [0] NCCL INFO Could not get speed from /sys/class/net/ens5/speed. Defaulting to 10 Gbps.
ip-10-235-1-137:56:56 [0] NCCL INFO Channel 00/0 : 12[0] -> 14[0] [send] via NET/Socket/0
ip-10-235-1-137:56:107 [0] NCCL INFO New proxy recv connection 3 from local rank 0, transport 2
ip-10-235-1-137:56:56 [0] NCCL INFO Connected to proxy localRank 0 -> connection 0x7143ec005108
ip-10-235-1-137:56:107 [0] NCCL INFO Could not get speed from /sys/class/net/ens5/speed. Defaulting to 10 Gbps.
ip-10-235-1-137:56:107 [0] NCCL INFO NET/Socket: Using 2 threads and 8 sockets per thread
ip-10-235-1-137:56:56 [0] NCCL INFO Channel 00/0 : 8[0] -> 12[0] [receive] via NET/Socket/0
ip-10-235-1-137:56:107 [0] NCCL INFO New proxy send connection 4 from local rank 0, transport 2
ip-10-235-1-137:56:56 [0] NCCL INFO Connected to proxy localRank 0 -> connection 0x7143ec005190
ip-10-235-1-137:56:107 [0] NCCL INFO Could not get speed from /sys/class/net/ens5/speed. Defaulting to 10 Gbps.
ip-10-235-1-137:56:56 [0] NCCL INFO Channel 00/0 : 12[0] -> 8[0] [send] via NET/Socket/0
ip-10-235-1-137:56:107 [0] NCCL INFO New proxy recv connection 5 from local rank 0, transport 2
ip-10-235-1-137:56:56 [0] NCCL INFO Connected to proxy localRank 0 -> connection 0x7143ec005218
ip-10-235-1-137:56:107 [0] NCCL INFO Could not get speed from /sys/class/net/ens5/speed. Defaulting to 10 Gbps.
ip-10-235-1-137:56:107 [0] NCCL INFO NET/Socket: Using 2 threads and 8 sockets per thread
ip-10-235-1-137:56:56 [0] NCCL INFO Channel 00/0 : 14[0] -> 12[0] [receive] via NET/Socket/0
ip-10-235-1-137:56:107 [0] NCCL INFO New proxy send connection 6 from local rank 0, transport 2
ip-10-235-1-137:56:56 [0] NCCL INFO Connected to proxy localRank 0 -> connection 0x7143ec0052a0
ip-10-235-1-137:56:107 [0] NCCL INFO Could not get speed from /sys/class/net/ens5/speed. Defaulting to 10 Gbps.
ip-10-235-1-137:56:56 [0] NCCL INFO Channel 00/0 : 12[0] -> 10[0] [send] via NET/Socket/0
ip-10-235-1-137:56:107 [0] NCCL INFO New proxy recv connection 7 from local rank 0, transport 2
ip-10-235-1-137:56:56 [0] NCCL INFO Connected to proxy localRank 0 -> connection 0x7143ec005328
ip-10-235-1-137:56:107 [0] NCCL INFO Could not get speed from /sys/class/net/ens5/speed. Defaulting to 10 Gbps.
ip-10-235-1-137:56:107 [0] NCCL INFO NET/Socket: Using 2 threads and 8 sockets per thread
ip-10-235-1-137:56:56 [0] NCCL INFO Channel 01/0 : 13[0] -> 12[0] [receive] via NET/Socket/0
ip-10-235-1-137:56:56 [0] NCCL INFO Connected all trees
ip-10-235-1-137:56:56 [0] NCCL INFO Initialized NET plugin Socket
ip-10-235-1-137:56:56 [0] NCCL INFO Could not get speed from /sys/class/net/ens5/speed. Defaulting to 10 Gbps.
ip-10-235-1-137:56:56 [0] NCCL INFO Assigned NET plugin Socket to comm
ip-10-235-1-137:56:56 [0] NCCL INFO Failed to initialize any GIN plugin
ip-10-235-1-137:56:56 [0] NCCL INFO Using network Socket
ip-10-235-1-137:56:56 [0] NCCL INFO [Rank 1] ncclCommInitRankConfig comm 0x5df1fcdee6d0 rank 1 nranks 2 cudaDev 0 nvmlDev 0 busId 1e0 commId 0x5a39d4eff6ca5510 - Init START
ip-10-235-1-137:56:56 [0] NCCL INFO Topology detection : could not read /sys/devices/pci0000:00/0000:00:1e.0/../max_link_speed, ignoring
ip-10-235-1-137:56:56 [0] NCCL INFO Topology detection : could not read /sys/devices/pci0000:00/0000:00:1e.0/../max_link_width, ignoring
ip-10-235-1-137:56:56 [0] NCCL INFO Topology detection : could not read /sys/devices/system/node/node-1/cpumap, ignoring
ip-10-235-1-137:56:56 [0] NCCL INFO TOPO/NET : Importing network plugins to topology
ip-10-235-1-137:56:56 [0] NCCL INFO Could not get speed from /sys/class/net/ens5/speed. Defaulting to 10 Gbps.
ip-10-235-1-137:56:56 [0] NCCL INFO Topology detection : could not read /sys/devices/pci0000:00/0000:00:05.0/../max_link_speed, ignoring
ip-10-235-1-137:56:56 [0] NCCL INFO Topology detection : could not read /sys/devices/pci0000:00/0000:00:05.0/../max_link_width, ignoring
ip-10-235-1-137:56:56 [0] NCCL INFO Topology detection : could not read /sys/devices/system/node/node-1/cpumap, ignoring
ip-10-235-1-137:56:56 [0] NCCL INFO NET/Socket : GPU Direct RDMA Disabled for HCA 0 'ens5'
ip-10-235-1-137:56:56 [0] NCCL INFO ncclTopoPopulateNics : Filled ens5 in topo with pciPath=/sys/devices/pci0000:00/0000:00:05.0 net=1 gin=(null) keep=1 coll=(null)
ip-10-235-1-137:56:56 [0] NCCL INFO KV Convert to int : could not find value of 'Unknown' in dictionary, falling back to 60
ip-10-235-1-137:56:56 [0] NCCL INFO === System : maxBw 1.2 totalBw 24.0 ===
ip-10-235-1-137:56:56 [0] NCCL INFO CPU/0-ffffffffffffff (1/2/-1)
ip-10-235-1-137:56:56 [0] NCCL INFO + PCI[24.0] - GPU/0-1e0 (1)
ip-10-235-1-137:56:56 [0] NCCL INFO + PCI[12.0] - NIC/0-50
ip-10-235-1-137:56:56 [0] NCCL INFO               + NET[1.2] - NET/0-0 (0/0/0/1.250000)
ip-10-235-1-137:56:56 [0] NCCL INFO ==========================================
ip-10-235-1-137:56:56 [0] NCCL INFO GPU/0-1e0 :GPU/0-1e0 (0/5000.0/LOC) CPU/0-ffffffffffffff (1/24.0/PHB) NET/0-0 (3/1.2/PHB) 
ip-10-235-1-137:56:56 [0] NCCL INFO NET/0-0 :GPU/0-1e0 (3/1.2/PHB) CPU/0-ffffffffffffff (2/1.2/PHB) NET/0-0 (0/5000.0/LOC) 
ip-10-235-1-137:56:56 [0] NCCL INFO ncclTopoGetCpuAffinity: Affinity for GPU 0 is empty, ignoring. (GPU affinity =  ; CPU affinity = 0-3).
ip-10-235-1-137:56:56 [0] NCCL INFO Pattern 4, crossNic 0, nChannels 1, bw 1.200000/1.200000, type LOC/PHB, sameChannels 1
ip-10-235-1-137:56:56 [0] NCCL INFO  0 : NET/0-0 GPU/0-1e0 NET/0-0
ip-10-235-1-137:56:56 [0] NCCL INFO Pattern 3, crossNic 0, nChannels 1, bw 2.400000/1.200000, type LOC/PHB, sameChannels 1
ip-10-235-1-137:56:56 [0] NCCL INFO  0 : NET/0-0 GPU/0-1e0 NET/0-0
ip-10-235-1-137:56:56 [0] NCCL INFO Could not get speed from /sys/class/net/ens5/speed. Defaulting to 10 Gbps.
ip-10-235-1-137:56:56 [0] NCCL INFO comm 0x5df1fcdee6d0 rank 1 nRanks 2 nNodes 2 localRanks 1 localRank 0 MNNVL 0
ip-10-235-1-137:56:56 [0] NCCL INFO Tree 0 : 0 -> 1 -> -1/-1/-1
ip-10-235-1-137:56:56 [0] NCCL INFO Tree 1 : -1 -> 1 -> 0/-1/-1
ip-10-235-1-137:56:56 [0] NCCL INFO Ring 00 : 0 -> 1 -> 0
ip-10-235-1-137:56:56 [0] NCCL INFO Ring 01 : 0 -> 1 -> 0
ip-10-235-1-137:56:56 [0] NCCL INFO Trees [0] -1/-1/-1->1->0 [1] 0/-1/-1->1->-1
ip-10-235-1-137:56:56 [0] NCCL INFO P2P Chunksize set to 131072
ip-10-235-1-137:56:56 [0] NCCL INFO Check P2P Type isAllDirectP2p 1 directMode 0 isAllCudaP2p 1
ip-10-235-1-137:56:56 [0] NCCL INFO ncclP2pSchedule: group size used is 1
ip-10-235-1-137:56:110 [0] NCCL INFO [Proxy Service] Device 0 CPU core 2
ip-10-235-1-137:56:111 [0] NCCL INFO [Proxy Service UDS] Device 0 CPU core 0
ip-10-235-1-137:56:56 [0] NCCL INFO threadThresholds 8/8/64 | 16/8/64 | 512 | 512
ip-10-235-1-137:56:56 [0] NCCL INFO 2 coll channels, 2 collnet channels, 0 nvls channels, 2 p2p channels, 1 p2p channels per peer
ip-10-235-1-137:56:56 [0] NCCL INFO Symmetric VA size=24GB
ip-10-235-1-137:56:56 [0] NCCL INFO Symmetric memory is not supported. cuMemEnable 1, globalGinSupport 0, globalNicFused 0 cuMemGdrSupport 1
ip-10-235-1-137:56:56 [0] NCCL INFO ncclCommInitRankConfig comm 0x5df1fcdee6d0 rank 1 nranks 2 cudaDev 0 nvmlDev 0 busId 1e0 commId 0x5a39d4eff6ca5510 - Init COMPLETE
ip-10-235-1-137:56:56 [0] NCCL INFO Init timings - ncclCommInitRankConfig: rank 1 nranks 2 total 0.85 (kernels 0.00, alloc 0.00, bootstrap 0.60, allgathers 0.24, topo 0.00, graphs 0.00, connections 0.00, rest 0.00)
ip-10-235-1-137:56:110 [0] NCCL INFO New proxy recv connection 0 from local rank 0, transport 2
ip-10-235-1-137:56:112 [0] NCCL INFO [Proxy Progress] Device 0 CPU core 0
ip-10-235-1-137:56:56 [0] NCCL INFO Connected to proxy localRank 0 -> connection 0x7143c4004f70
ip-10-235-1-137:56:110 [0] NCCL INFO Could not get speed from /sys/class/net/ens5/speed. Defaulting to 10 Gbps.
ip-10-235-1-137:56:110 [0] NCCL INFO NET/Socket: Using 2 threads and 8 sockets per thread
ip-10-235-1-137:56:56 [0] NCCL INFO Channel 01/1 : 0[0] -> 1[0] [receive] via NET/Socket/0/Shared
ip-10-235-1-137:56:110 [0] NCCL INFO New proxy send connection 1 from local rank 0, transport 2
ip-10-235-1-137:56:56 [0] NCCL INFO Connected to proxy localRank 0 -> connection 0x7143c4004ff8
ip-10-235-1-137:56:110 [0] NCCL INFO Could not get speed from /sys/class/net/ens5/speed. Defaulting to 10 Gbps.
ip-10-235-1-137:56:56 [0] NCCL INFO Channel 01/1 : 1[0] -> 0[0] [send] via NET/Socket/0/Shared
ip-10-235-1-137:56:56 [0] NCCL INFO Initialized NET plugin Socket
ip-10-235-1-137:56:56 [0] NCCL INFO Could not get speed from /sys/class/net/ens5/speed. Defaulting to 10 Gbps.
ip-10-235-1-137:56:56 [0] NCCL INFO Assigned NET plugin Socket to comm
ip-10-235-1-137:56:56 [0] NCCL INFO Failed to initialize any GIN plugin
ip-10-235-1-137:56:56 [0] NCCL INFO Using network Socket
ip-10-235-1-137:56:56 [0] NCCL INFO [Rank 0] ncclCommInitRankConfig comm 0x5df1fcf28a50 rank 0 nranks 2 cudaDev 0 nvmlDev 0 busId 1e0 commId 0x2f9c0c94d6be1642 - Init START
ip-10-235-1-137:56:56 [0] NCCL INFO Topology detection : could not read /sys/devices/pci0000:00/0000:00:1e.0/../max_link_speed, ignoring
ip-10-235-1-137:56:56 [0] NCCL INFO Topology detection : could not read /sys/devices/pci0000:00/0000:00:1e.0/../max_link_width, ignoring
ip-10-235-1-137:56:56 [0] NCCL INFO Topology detection : could not read /sys/devices/system/node/node-1/cpumap, ignoring
ip-10-235-1-137:56:56 [0] NCCL INFO TOPO/NET : Importing network plugins to topology
ip-10-235-1-137:56:56 [0] NCCL INFO Could not get speed from /sys/class/net/ens5/speed. Defaulting to 10 Gbps.
ip-10-235-1-137:56:56 [0] NCCL INFO Topology detection : could not read /sys/devices/pci0000:00/0000:00:05.0/../max_link_speed, ignoring
ip-10-235-1-137:56:56 [0] NCCL INFO Topology detection : could not read /sys/devices/pci0000:00/0000:00:05.0/../max_link_width, ignoring
ip-10-235-1-137:56:56 [0] NCCL INFO Topology detection : could not read /sys/devices/system/node/node-1/cpumap, ignoring
ip-10-235-1-137:56:56 [0] NCCL INFO NET/Socket : GPU Direct RDMA Disabled for HCA 0 'ens5'
ip-10-235-1-137:56:56 [0] NCCL INFO ncclTopoPopulateNics : Filled ens5 in topo with pciPath=/sys/devices/pci0000:00/0000:00:05.0 net=1 gin=(null) keep=1 coll=(null)
ip-10-235-1-137:56:56 [0] NCCL INFO KV Convert to int : could not find value of 'Unknown' in dictionary, falling back to 60
ip-10-235-1-137:56:56 [0] NCCL INFO === System : maxBw 1.2 totalBw 24.0 ===
ip-10-235-1-137:56:56 [0] NCCL INFO CPU/0-ffffffffffffff (1/2/-1)
ip-10-235-1-137:56:56 [0] NCCL INFO + PCI[24.0] - GPU/0-1e0 (0)
ip-10-235-1-137:56:56 [0] NCCL INFO + PCI[12.0] - NIC/0-50
ip-10-235-1-137:56:56 [0] NCCL INFO               + NET[1.2] - NET/0-0 (0/0/0/1.250000)
ip-10-235-1-137:56:56 [0] NCCL INFO ==========================================
ip-10-235-1-137:56:56 [0] NCCL INFO GPU/0-1e0 :GPU/0-1e0 (0/5000.0/LOC) CPU/0-ffffffffffffff (1/24.0/PHB) NET/0-0 (3/1.2/PHB) 
ip-10-235-1-137:56:56 [0] NCCL INFO NET/0-0 :GPU/0-1e0 (3/1.2/PHB) CPU/0-ffffffffffffff (2/1.2/PHB) NET/0-0 (0/5000.0/LOC) 
ip-10-235-1-137:56:56 [0] NCCL INFO ncclTopoGetCpuAffinity: Affinity for GPU 0 is empty, ignoring. (GPU affinity =  ; CPU affinity = 0-3).
ip-10-235-1-137:56:56 [0] NCCL INFO Pattern 4, crossNic 0, nChannels 1, bw 1.200000/1.200000, type LOC/PHB, sameChannels 1
ip-10-235-1-137:56:56 [0] NCCL INFO  0 : NET/0-0 GPU/0-1e0 NET/0-0
ip-10-235-1-137:56:56 [0] NCCL INFO Pattern 3, crossNic 0, nChannels 1, bw 2.400000/1.200000, type LOC/PHB, sameChannels 1
ip-10-235-1-137:56:56 [0] NCCL INFO  0 : NET/0-0 GPU/0-1e0 NET/0-0
ip-10-235-1-137:56:56 [0] NCCL INFO Could not get speed from /sys/class/net/ens5/speed. Defaulting to 10 Gbps.
ip-10-235-1-137:56:56 [0] NCCL INFO comm 0x5df1fcf28a50 rank 0 nRanks 2 nNodes 2 localRanks 1 localRank 0 MNNVL 0
ip-10-235-1-137:56:56 [0] NCCL INFO Tree 0 : -1 -> 0 -> 1/-1/-1
ip-10-235-1-137:56:56 [0] NCCL INFO Tree 1 : 1 -> 0 -> -1/-1/-1
ip-10-235-1-137:56:56 [0] NCCL INFO Channel 00/02 : 0 1
ip-10-235-1-137:56:56 [0] NCCL INFO Channel 01/02 : 0 1
ip-10-235-1-137:56:56 [0] NCCL INFO Ring 00 : 1 -> 0 -> 1
ip-10-235-1-137:56:56 [0] NCCL INFO Ring 01 : 1 -> 0 -> 1
ip-10-235-1-137:56:56 [0] NCCL INFO Trees [0] 1/-1/-1->0->-1 [1] -1/-1/-1->0->1
ip-10-235-1-137:56:56 [0] NCCL INFO P2P Chunksize set to 131072
ip-10-235-1-137:56:56 [0] NCCL INFO Check P2P Type isAllDirectP2p 1 directMode 0 isAllCudaP2p 1
ip-10-235-1-137:56:118 [0] NCCL INFO [Proxy Service] Device 0 CPU core 1
ip-10-235-1-137:56:56 [0] NCCL INFO ncclP2pSchedule: group size used is 1
ip-10-235-1-137:56:119 [0] NCCL INFO [Proxy Service UDS] Device 0 CPU core 1
ip-10-235-1-137:56:56 [0] NCCL INFO threadThresholds 8/8/64 | 16/8/64 | 512 | 512
ip-10-235-1-137:56:56 [0] NCCL INFO 2 coll channels, 2 collnet channels, 0 nvls channels, 2 p2p channels, 1 p2p channels per peer
ip-10-235-1-137:56:56 [0] NCCL INFO Symmetric VA size=24GB
ip-10-235-1-137:56:56 [0] NCCL INFO Symmetric memory is not supported. cuMemEnable 1, globalGinSupport 0, globalNicFused 0 cuMemGdrSupport 1
ip-10-235-1-137:56:56 [0] NCCL INFO CC Off, workFifoBytes 1048576
ip-10-235-1-137:56:56 [0] NCCL INFO ncclCommInitRankConfig comm 0x5df1fcf28a50 rank 0 nranks 2 cudaDev 0 nvmlDev 0 busId 1e0 commId 0x2f9c0c94d6be1642 - Init COMPLETE
ip-10-235-1-137:56:56 [0] NCCL INFO Init timings - ncclCommInitRankConfig: rank 0 nranks 2 total 2.02 (kernels 0.00, alloc 0.00, bootstrap 1.57, allgathers 0.44, topo 0.00, graphs 0.00, connections 0.00, rest 0.00)
ip-10-235-1-137:56:118 [0] NCCL INFO New proxy send connection 0 from local rank 0, transport 2
ip-10-235-1-137:56:120 [0] NCCL INFO [Proxy Progress] Device 0 CPU core 2
ip-10-235-1-137:56:56 [0] NCCL INFO Connected to proxy localRank 0 -> connection 0x7143ac004f70
ip-10-235-1-137:56:118 [0] NCCL INFO Could not get speed from /sys/class/net/ens5/speed. Defaulting to 10 Gbps.
ip-10-235-1-137:56:56 [0] NCCL INFO Channel 01/1 : 0[0] -> 1[0] [send] via NET/Socket/0/Shared
ip-10-235-1-137:56:118 [0] NCCL INFO New proxy recv connection 1 from local rank 0, transport 2
ip-10-235-1-137:56:56 [0] NCCL INFO Connected to proxy localRank 0 -> connection 0x7143ac004ff8
ip-10-235-1-137:56:118 [0] NCCL INFO Could not get speed from /sys/class/net/ens5/speed. Defaulting to 10 Gbps.
ip-10-235-1-137:56:118 [0] NCCL INFO NET/Socket: Using 2 threads and 8 sockets per thread
ip-10-235-1-137:56:56 [0] NCCL INFO Channel 01/1 : 1[0] -> 0[0] [receive] via NET/Socket/0/Shared
ip-10-235-1-137:56:56 [0] NCCL INFO Initialized NET plugin Socket
ip-10-235-1-137:56:56 [0] NCCL INFO Could not get speed from /sys/class/net/ens5/speed. Defaulting to 10 Gbps.
ip-10-235-1-137:56:56 [0] NCCL INFO Assigned NET plugin Socket to comm
ip-10-235-1-137:56:56 [0] NCCL INFO Failed to initialize any GIN plugin
ip-10-235-1-137:56:56 [0] NCCL INFO Using network Socket
ip-10-235-1-137:56:56 [0] NCCL INFO [Rank 1] ncclCommInitRankConfig comm 0x5df1fd0e2cd0 rank 1 nranks 2 cudaDev 0 nvmlDev 0 busId 1e0 commId 0x48ff46b343e1f13c - Init START
ip-10-235-1-137:56:56 [0] NCCL INFO Topology detection : could not read /sys/devices/pci0000:00/0000:00:1e.0/../max_link_speed, ignoring
ip-10-235-1-137:56:56 [0] NCCL INFO Topology detection : could not read /sys/devices/pci0000:00/0000:00:1e.0/../max_link_width, ignoring
ip-10-235-1-137:56:56 [0] NCCL INFO Topology detection : could not read /sys/devices/system/node/node-1/cpumap, ignoring
ip-10-235-1-137:56:56 [0] NCCL INFO TOPO/NET : Importing network plugins to topology
ip-10-235-1-137:56:56 [0] NCCL INFO Could not get speed from /sys/class/net/ens5/speed. Defaulting to 10 Gbps.
ip-10-235-1-137:56:56 [0] NCCL INFO Topology detection : could not read /sys/devices/pci0000:00/0000:00:05.0/../max_link_speed, ignoring
ip-10-235-1-137:56:56 [0] NCCL INFO Topology detection : could not read /sys/devices/pci0000:00/0000:00:05.0/../max_link_width, ignoring
ip-10-235-1-137:56:56 [0] NCCL INFO Topology detection : could not read /sys/devices/system/node/node-1/cpumap, ignoring
ip-10-235-1-137:56:56 [0] NCCL INFO NET/Socket : GPU Direct RDMA Disabled for HCA 0 'ens5'
ip-10-235-1-137:56:56 [0] NCCL INFO ncclTopoPopulateNics : Filled ens5 in topo with pciPath=/sys/devices/pci0000:00/0000:00:05.0 net=1 gin=(null) keep=1 coll=(null)
ip-10-235-1-137:56:56 [0] NCCL INFO KV Convert to int : could not find value of 'Unknown' in dictionary, falling back to 60
ip-10-235-1-137:56:56 [0] NCCL INFO === System : maxBw 1.2 totalBw 24.0 ===
ip-10-235-1-137:56:56 [0] NCCL INFO CPU/0-ffffffffffffff (1/2/-1)
ip-10-235-1-137:56:56 [0] NCCL INFO + PCI[24.0] - GPU/0-1e0 (1)
ip-10-235-1-137:56:56 [0] NCCL INFO + PCI[12.0] - NIC/0-50
ip-10-235-1-137:56:56 [0] NCCL INFO               + NET[1.2] - NET/0-0 (0/0/0/1.250000)
ip-10-235-1-137:56:56 [0] NCCL INFO ==========================================
ip-10-235-1-137:56:56 [0] NCCL INFO GPU/0-1e0 :GPU/0-1e0 (0/5000.0/LOC) CPU/0-ffffffffffffff (1/24.0/PHB) NET/0-0 (3/1.2/PHB) 
ip-10-235-1-137:56:56 [0] NCCL INFO NET/0-0 :GPU/0-1e0 (3/1.2/PHB) CPU/0-ffffffffffffff (2/1.2/PHB) NET/0-0 (0/5000.0/LOC) 
ip-10-235-1-137:56:56 [0] NCCL INFO ncclTopoGetCpuAffinity: Affinity for GPU 0 is empty, ignoring. (GPU affinity =  ; CPU affinity = 0-3).
ip-10-235-1-137:56:56 [0] NCCL INFO Pattern 4, crossNic 0, nChannels 1, bw 1.200000/1.200000, type LOC/PHB, sameChannels 1
ip-10-235-1-137:56:56 [0] NCCL INFO  0 : NET/0-0 GPU/0-1e0 NET/0-0
ip-10-235-1-137:56:56 [0] NCCL INFO Pattern 3, crossNic 0, nChannels 1, bw 2.400000/1.200000, type LOC/PHB, sameChannels 1
ip-10-235-1-137:56:56 [0] NCCL INFO  0 : NET/0-0 GPU/0-1e0 NET/0-0
ip-10-235-1-137:56:56 [0] NCCL INFO Could not get speed from /sys/class/net/ens5/speed. Defaulting to 10 Gbps.
ip-10-235-1-137:56:56 [0] NCCL INFO comm 0x5df1fd0e2cd0 rank 1 nRanks 2 nNodes 2 localRanks 1 localRank 0 MNNVL 0
ip-10-235-1-137:56:56 [0] NCCL INFO Tree 0 : 0 -> 1 -> -1/-1/-1
ip-10-235-1-137:56:56 [0] NCCL INFO Tree 1 : -1 -> 1 -> 0/-1/-1
ip-10-235-1-137:56:56 [0] NCCL INFO Ring 00 : 0 -> 1 -> 0
ip-10-235-1-137:56:56 [0] NCCL INFO Ring 01 : 0 -> 1 -> 0
ip-10-235-1-137:56:56 [0] NCCL INFO Trees [0] -1/-1/-1->1->0 [1] 0/-1/-1->1->-1
ip-10-235-1-137:56:56 [0] NCCL INFO P2P Chunksize set to 131072
ip-10-235-1-137:56:56 [0] NCCL INFO Check P2P Type isAllDirectP2p 1 directMode 0 isAllCudaP2p 1
ip-10-235-1-137:56:125 [0] NCCL INFO [Proxy Service] Device 0 CPU core 1
ip-10-235-1-137:56:56 [0] NCCL INFO ncclP2pSchedule: group size used is 1
ip-10-235-1-137:56:126 [0] NCCL INFO [Proxy Service UDS] Device 0 CPU core 2
ip-10-235-1-137:56:56 [0] NCCL INFO threadThresholds 8/8/64 | 16/8/64 | 512 | 512
ip-10-235-1-137:56:56 [0] NCCL INFO 2 coll channels, 2 collnet channels, 0 nvls channels, 2 p2p channels, 1 p2p channels per peer
ip-10-235-1-137:56:56 [0] NCCL INFO Symmetric VA size=24GB
ip-10-235-1-137:56:56 [0] NCCL INFO Symmetric memory is not supported. cuMemEnable 1, globalGinSupport 0, globalNicFused 0 cuMemGdrSupport 1
ip-10-235-1-137:56:56 [0] NCCL INFO ncclCommInitRankConfig comm 0x5df1fd0e2cd0 rank 1 nranks 2 cudaDev 0 nvmlDev 0 busId 1e0 commId 0x48ff46b343e1f13c - Init COMPLETE
ip-10-235-1-137:56:56 [0] NCCL INFO Init timings - ncclCommInitRankConfig: rank 1 nranks 2 total 1.19 (kernels 0.00, alloc 0.00, bootstrap 0.84, allgathers 0.34, topo 0.00, graphs 0.00, connections 0.00, rest 0.00)
ip-10-235-1-137:56:125 [0] NCCL INFO New proxy recv connection 0 from local rank 0, transport 2
ip-10-235-1-137:56:127 [0] NCCL INFO [Proxy Progress] Device 0 CPU core 3
ip-10-235-1-137:56:56 [0] NCCL INFO Connected to proxy localRank 0 -> connection 0x5df1fd6865e0
ip-10-235-1-137:56:125 [0] NCCL INFO Could not get speed from /sys/class/net/ens5/speed. Defaulting to 10 Gbps.
ip-10-235-1-137:56:125 [0] NCCL INFO NET/Socket: Using 2 threads and 8 sockets per thread
ip-10-235-1-137:56:56 [0] NCCL INFO Channel 01/1 : 0[0] -> 1[0] [receive] via NET/Socket/0/Shared
ip-10-235-1-137:56:125 [0] NCCL INFO New proxy send connection 1 from local rank 0, transport 2
ip-10-235-1-137:56:56 [0] NCCL INFO Connected to proxy localRank 0 -> connection 0x5df1fd686668
ip-10-235-1-137:56:125 [0] NCCL INFO Could not get speed from /sys/class/net/ens5/speed. Defaulting to 10 Gbps.
ip-10-235-1-137:56:56 [0] NCCL INFO Channel 01/1 : 1[0] -> 0[0] [send] via NET/Socket/0/Shared
ip-10-235-1-137:56:56 [0] NCCL INFO Initialized NET plugin Socket
ip-10-235-1-137:56:56 [0] NCCL INFO Could not get speed from /sys/class/net/ens5/speed. Defaulting to 10 Gbps.
ip-10-235-1-137:56:56 [0] NCCL INFO Assigned NET plugin Socket to comm
ip-10-235-1-137:56:56 [0] NCCL INFO Failed to initialize any GIN plugin
ip-10-235-1-137:56:56 [0] NCCL INFO Using network Socket
ip-10-235-1-137:56:56 [0] NCCL INFO [Rank 1] ncclCommInitRankConfig comm 0x5df1fd46c690 rank 1 nranks 2 cudaDev 0 nvmlDev 0 busId 1e0 commId 0xcb6d35a09a7d603e - Init START
ip-10-235-1-137:56:56 [0] NCCL INFO Topology detection : could not read /sys/devices/pci0000:00/0000:00:1e.0/../max_link_speed, ignoring
ip-10-235-1-137:56:56 [0] NCCL INFO Topology detection : could not read /sys/devices/pci0000:00/0000:00:1e.0/../max_link_width, ignoring
ip-10-235-1-137:56:56 [0] NCCL INFO Topology detection : could not read /sys/devices/system/node/node-1/cpumap, ignoring
ip-10-235-1-137:56:56 [0] NCCL INFO TOPO/NET : Importing network plugins to topology
ip-10-235-1-137:56:56 [0] NCCL INFO Could not get speed from /sys/class/net/ens5/speed. Defaulting to 10 Gbps.
ip-10-235-1-137:56:56 [0] NCCL INFO Topology detection : could not read /sys/devices/pci0000:00/0000:00:05.0/../max_link_speed, ignoring
ip-10-235-1-137:56:56 [0] NCCL INFO Topology detection : could not read /sys/devices/pci0000:00/0000:00:05.0/../max_link_width, ignoring
ip-10-235-1-137:56:56 [0] NCCL INFO Topology detection : could not read /sys/devices/system/node/node-1/cpumap, ignoring
ip-10-235-1-137:56:56 [0] NCCL INFO NET/Socket : GPU Direct RDMA Disabled for HCA 0 'ens5'
ip-10-235-1-137:56:56 [0] NCCL INFO ncclTopoPopulateNics : Filled ens5 in topo with pciPath=/sys/devices/pci0000:00/0000:00:05.0 net=1 gin=(null) keep=1 coll=(null)
ip-10-235-1-137:56:56 [0] NCCL INFO KV Convert to int : could not find value of 'Unknown' in dictionary, falling back to 60
ip-10-235-1-137:56:56 [0] NCCL INFO === System : maxBw 1.2 totalBw 24.0 ===
ip-10-235-1-137:56:56 [0] NCCL INFO CPU/0-ffffffffffffff (1/2/-1)
ip-10-235-1-137:56:56 [0] NCCL INFO + PCI[24.0] - GPU/0-1e0 (1)
ip-10-235-1-137:56:56 [0] NCCL INFO + PCI[12.0] - NIC/0-50
ip-10-235-1-137:56:56 [0] NCCL INFO               + NET[1.2] - NET/0-0 (0/0/0/1.250000)
ip-10-235-1-137:56:56 [0] NCCL INFO ==========================================
ip-10-235-1-137:56:56 [0] NCCL INFO GPU/0-1e0 :GPU/0-1e0 (0/5000.0/LOC) CPU/0-ffffffffffffff (1/24.0/PHB) NET/0-0 (3/1.2/PHB) 
ip-10-235-1-137:56:56 [0] NCCL INFO NET/0-0 :GPU/0-1e0 (3/1.2/PHB) CPU/0-ffffffffffffff (2/1.2/PHB) NET/0-0 (0/5000.0/LOC) 
ip-10-235-1-137:56:56 [0] NCCL INFO ncclTopoGetCpuAffinity: Affinity for GPU 0 is empty, ignoring. (GPU affinity =  ; CPU affinity = 0-3).
ip-10-235-1-137:56:56 [0] NCCL INFO Pattern 4, crossNic 0, nChannels 1, bw 1.200000/1.200000, type LOC/PHB, sameChannels 1
ip-10-235-1-137:56:56 [0] NCCL INFO  0 : NET/0-0 GPU/0-1e0 NET/0-0
ip-10-235-1-137:56:56 [0] NCCL INFO Pattern 3, crossNic 0, nChannels 1, bw 2.400000/1.200000, type LOC/PHB, sameChannels 1
ip-10-235-1-137:56:56 [0] NCCL INFO  0 : NET/0-0 GPU/0-1e0 NET/0-0
ip-10-235-1-137:56:56 [0] NCCL INFO Could not get speed from /sys/class/net/ens5/speed. Defaulting to 10 Gbps.
ip-10-235-1-137:56:56 [0] NCCL INFO comm 0x5df1fd46c690 rank 1 nRanks 2 nNodes 2 localRanks 1 localRank 0 MNNVL 0
ip-10-235-1-137:56:56 [0] NCCL INFO Tree 0 : 0 -> 1 -> -1/-1/-1
ip-10-235-1-137:56:56 [0] NCCL INFO Tree 1 : -1 -> 1 -> 0/-1/-1
ip-10-235-1-137:56:56 [0] NCCL INFO Ring 00 : 0 -> 1 -> 0
ip-10-235-1-137:56:56 [0] NCCL INFO Ring 01 : 0 -> 1 -> 0
ip-10-235-1-137:56:56 [0] NCCL INFO Trees [0] -1/-1/-1->1->0 [1] 0/-1/-1->1->-1
ip-10-235-1-137:56:56 [0] NCCL INFO P2P Chunksize set to 131072
ip-10-235-1-137:56:56 [0] NCCL INFO Check P2P Type isAllDirectP2p 1 directMode 0 isAllCudaP2p 1
ip-10-235-1-137:56:56 [0] NCCL INFO ncclP2pSchedule: group size used is 1
ip-10-235-1-137:56:132 [0] NCCL INFO [Proxy Service] Device 0 CPU core 1
ip-10-235-1-137:56:133 [0] NCCL INFO [Proxy Service UDS] Device 0 CPU core 1
ip-10-235-1-137:56:56 [0] NCCL INFO threadThresholds 8/8/64 | 16/8/64 | 512 | 512
ip-10-235-1-137:56:56 [0] NCCL INFO 2 coll channels, 2 collnet channels, 0 nvls channels, 2 p2p channels, 1 p2p channels per peer
ip-10-235-1-137:56:56 [0] NCCL INFO Symmetric VA size=24GB
ip-10-235-1-137:56:56 [0] NCCL INFO Symmetric memory is not supported. cuMemEnable 1, globalGinSupport 0, globalNicFused 0 cuMemGdrSupport 1
ip-10-235-1-137:56:56 [0] NCCL INFO ncclCommInitRankConfig comm 0x5df1fd46c690 rank 1 nranks 2 cudaDev 0 nvmlDev 0 busId 1e0 commId 0xcb6d35a09a7d603e - Init COMPLETE
ip-10-235-1-137:56:56 [0] NCCL INFO Init timings - ncclCommInitRankConfig: rank 1 nranks 2 total 0.78 (kernels 0.00, alloc 0.00, bootstrap 0.55, allgathers 0.22, topo 0.00, graphs 0.00, connections 0.00, rest 0.00)
ip-10-235-1-137:56:132 [0] NCCL INFO New proxy recv connection 0 from local rank 0, transport 2
ip-10-235-1-137:56:134 [0] NCCL INFO [Proxy Progress] Device 0 CPU core 2
ip-10-235-1-137:56:56 [0] NCCL INFO Connected to proxy localRank 0 -> connection 0x7143ac021120
ip-10-235-1-137:56:132 [0] NCCL INFO Could not get speed from /sys/class/net/ens5/speed. Defaulting to 10 Gbps.
ip-10-235-1-137:56:132 [0] NCCL INFO NET/Socket: Using 2 threads and 8 sockets per thread
ip-10-235-1-137:56:56 [0] NCCL INFO Channel 01/1 : 0[0] -> 1[0] [receive] via NET/Socket/0/Shared
ip-10-235-1-137:56:132 [0] NCCL INFO New proxy send connection 1 from local rank 0, transport 2
ip-10-235-1-137:56:56 [0] NCCL INFO Connected to proxy localRank 0 -> connection 0x7143ac0211a8
ip-10-235-1-137:56:132 [0] NCCL INFO Could not get speed from /sys/class/net/ens5/speed. Defaulting to 10 Gbps.
ip-10-235-1-137:56:56 [0] NCCL INFO Channel 01/1 : 1[0] -> 0[0] [send] via NET/Socket/0/Shared
ip-10-235-1-137:56:56 [0] NCCL INFO Initialized NET plugin Socket
ip-10-235-1-137:56:56 [0] NCCL INFO Could not get speed from /sys/class/net/ens5/speed. Defaulting to 10 Gbps.
ip-10-235-1-137:56:56 [0] NCCL INFO Assigned NET plugin Socket to comm
ip-10-235-1-137:56:56 [0] NCCL INFO Failed to initialize any GIN plugin
ip-10-235-1-137:56:56 [0] NCCL INFO Using network Socket
ip-10-235-1-137:56:56 [0] NCCL INFO [Rank 1] ncclCommInitRankConfig comm 0x5df1fffb4e50 rank 1 nranks 2 cudaDev 0 nvmlDev 0 busId 1e0 commId 0xf6e1d593de02cebc - Init START
ip-10-235-1-137:56:56 [0] NCCL INFO Topology detection : could not read /sys/devices/pci0000:00/0000:00:1e.0/../max_link_speed, ignoring
ip-10-235-1-137:56:56 [0] NCCL INFO Topology detection : could not read /sys/devices/pci0000:00/0000:00:1e.0/../max_link_width, ignoring
ip-10-235-1-137:56:56 [0] NCCL INFO Topology detection : could not read /sys/devices/system/node/node-1/cpumap, ignoring
ip-10-235-1-137:56:56 [0] NCCL INFO TOPO/NET : Importing network plugins to topology
ip-10-235-1-137:56:56 [0] NCCL INFO Could not get speed from /sys/class/net/ens5/speed. Defaulting to 10 Gbps.
ip-10-235-1-137:56:56 [0] NCCL INFO Topology detection : could not read /sys/devices/pci0000:00/0000:00:05.0/../max_link_speed, ignoring
ip-10-235-1-137:56:56 [0] NCCL INFO Topology detection : could not read /sys/devices/pci0000:00/0000:00:05.0/../max_link_width, ignoring
ip-10-235-1-137:56:56 [0] NCCL INFO Topology detection : could not read /sys/devices/system/node/node-1/cpumap, ignoring
ip-10-235-1-137:56:56 [0] NCCL INFO NET/Socket : GPU Direct RDMA Disabled for HCA 0 'ens5'
ip-10-235-1-137:56:56 [0] NCCL INFO ncclTopoPopulateNics : Filled ens5 in topo with pciPath=/sys/devices/pci0000:00/0000:00:05.0 net=1 gin=(null) keep=1 coll=(null)
ip-10-235-1-137:56:56 [0] NCCL INFO KV Convert to int : could not find value of 'Unknown' in dictionary, falling back to 60
ip-10-235-1-137:56:56 [0] NCCL INFO === System : maxBw 1.2 totalBw 24.0 ===
ip-10-235-1-137:56:56 [0] NCCL INFO CPU/0-ffffffffffffff (1/2/-1)
ip-10-235-1-137:56:56 [0] NCCL INFO + PCI[24.0] - GPU/0-1e0 (1)
ip-10-235-1-137:56:56 [0] NCCL INFO + PCI[12.0] - NIC/0-50
ip-10-235-1-137:56:56 [0] NCCL INFO               + NET[1.2] - NET/0-0 (0/0/0/1.250000)
ip-10-235-1-137:56:56 [0] NCCL INFO ==========================================
ip-10-235-1-137:56:56 [0] NCCL INFO GPU/0-1e0 :GPU/0-1e0 (0/5000.0/LOC) CPU/0-ffffffffffffff (1/24.0/PHB) NET/0-0 (3/1.2/PHB) 
ip-10-235-1-137:56:56 [0] NCCL INFO NET/0-0 :GPU/0-1e0 (3/1.2/PHB) CPU/0-ffffffffffffff (2/1.2/PHB) NET/0-0 (0/5000.0/LOC) 
ip-10-235-1-137:56:56 [0] NCCL INFO ncclTopoGetCpuAffinity: Affinity for GPU 0 is empty, ignoring. (GPU affinity =  ; CPU affinity = 0-3).
ip-10-235-1-137:56:56 [0] NCCL INFO Pattern 4, crossNic 0, nChannels 1, bw 1.200000/1.200000, type LOC/PHB, sameChannels 1
ip-10-235-1-137:56:56 [0] NCCL INFO  0 : NET/0-0 GPU/0-1e0 NET/0-0
ip-10-235-1-137:56:56 [0] NCCL INFO Pattern 3, crossNic 0, nChannels 1, bw 2.400000/1.200000, type LOC/PHB, sameChannels 1
ip-10-235-1-137:56:56 [0] NCCL INFO  0 : NET/0-0 GPU/0-1e0 NET/0-0
ip-10-235-1-137:56:56 [0] NCCL INFO Could not get speed from /sys/class/net/ens5/speed. Defaulting to 10 Gbps.
ip-10-235-1-137:56:56 [0] NCCL INFO comm 0x5df1fffb4e50 rank 1 nRanks 2 nNodes 2 localRanks 1 localRank 0 MNNVL 0
ip-10-235-1-137:56:56 [0] NCCL INFO Tree 0 : 0 -> 1 -> -1/-1/-1
ip-10-235-1-137:56:56 [0] NCCL INFO Tree 1 : -1 -> 1 -> 0/-1/-1
ip-10-235-1-137:56:56 [0] NCCL INFO Ring 00 : 0 -> 1 -> 0
ip-10-235-1-137:56:56 [0] NCCL INFO Ring 01 : 0 -> 1 -> 0
ip-10-235-1-137:56:56 [0] NCCL INFO Trees [0] -1/-1/-1->1->0 [1] 0/-1/-1->1->-1
ip-10-235-1-137:56:56 [0] NCCL INFO P2P Chunksize set to 131072
ip-10-235-1-137:56:56 [0] NCCL INFO Check P2P Type isAllDirectP2p 1 directMode 0 isAllCudaP2p 1
ip-10-235-1-137:56:139 [0] NCCL INFO [Proxy Service] Device 0 CPU core 2
ip-10-235-1-137:56:56 [0] NCCL INFO ncclP2pSchedule: group size used is 1
ip-10-235-1-137:56:140 [0] NCCL INFO [Proxy Service UDS] Device 0 CPU core 3
ip-10-235-1-137:56:56 [0] NCCL INFO threadThresholds 8/8/64 | 16/8/64 | 512 | 512
ip-10-235-1-137:56:56 [0] NCCL INFO 2 coll channels, 2 collnet channels, 0 nvls channels, 2 p2p channels, 1 p2p channels per peer
ip-10-235-1-137:56:56 [0] NCCL INFO Symmetric VA size=24GB
ip-10-235-1-137:56:56 [0] NCCL INFO Symmetric memory is not supported. cuMemEnable 1, globalGinSupport 0, globalNicFused 0 cuMemGdrSupport 1
ip-10-235-1-137:56:56 [0] NCCL INFO ncclCommInitRankConfig comm 0x5df1fffb4e50 rank 1 nranks 2 cudaDev 0 nvmlDev 0 busId 1e0 commId 0xf6e1d593de02cebc - Init COMPLETE
ip-10-235-1-137:56:56 [0] NCCL INFO Init timings - ncclCommInitRankConfig: rank 1 nranks 2 total 0.20 (kernels 0.00, alloc 0.00, bootstrap 0.14, allgathers 0.06, topo 0.00, graphs 0.00, connections 0.00, rest 0.00)
ip-10-235-1-137:56:139 [0] NCCL INFO New proxy recv connection 0 from local rank 0, transport 2
ip-10-235-1-137:56:141 [0] NCCL INFO [Proxy Progress] Device 0 CPU core 3
ip-10-235-1-137:56:56 [0] NCCL INFO Connected to proxy localRank 0 -> connection 0x7143c40210e0
ip-10-235-1-137:56:139 [0] NCCL INFO Could not get speed from /sys/class/net/ens5/speed. Defaulting to 10 Gbps.
ip-10-235-1-137:56:139 [0] NCCL INFO NET/Socket: Using 2 threads and 8 sockets per thread
ip-10-235-1-137:56:56 [0] NCCL INFO Channel 01/1 : 0[0] -> 1[0] [receive] via NET/Socket/0/Shared
ip-10-235-1-137:56:139 [0] NCCL INFO New proxy send connection 1 from local rank 0, transport 2
ip-10-235-1-137:56:56 [0] NCCL INFO Connected to proxy localRank 0 -> connection 0x7143c4021168
ip-10-235-1-137:56:139 [0] NCCL INFO Could not get speed from /sys/class/net/ens5/speed. Defaulting to 10 Gbps.
ip-10-235-1-137:56:56 [0] NCCL INFO Channel 01/1 : 1[0] -> 0[0] [send] via NET/Socket/0/Shared
ip-10-235-1-137:56:56 [0] NCCL INFO Initialized NET plugin Socket
ip-10-235-1-137:56:56 [0] NCCL INFO Could not get speed from /sys/class/net/ens5/speed. Defaulting to 10 Gbps.
ip-10-235-1-137:56:56 [0] NCCL INFO Assigned NET plugin Socket to comm
ip-10-235-1-137:56:56 [0] NCCL INFO Failed to initialize any GIN plugin
ip-10-235-1-137:56:56 [0] NCCL INFO Using network Socket
ip-10-235-1-137:56:56 [0] NCCL INFO [Rank 0] ncclCommInitRankConfig comm 0x5df205772e10 rank 0 nranks 2 cudaDev 0 nvmlDev 0 busId 1e0 commId 0xa4b8cd9da2708526 - Init START
ip-10-235-1-137:56:56 [0] NCCL INFO Topology detection : could not read /sys/devices/pci0000:00/0000:00:1e.0/../max_link_speed, ignoring
ip-10-235-1-137:56:56 [0] NCCL INFO Topology detection : could not read /sys/devices/pci0000:00/0000:00:1e.0/../max_link_width, ignoring
ip-10-235-1-137:56:56 [0] NCCL INFO Topology detection : could not read /sys/devices/system/node/node-1/cpumap, ignoring
ip-10-235-1-137:56:56 [0] NCCL INFO TOPO/NET : Importing network plugins to topology
ip-10-235-1-137:56:56 [0] NCCL INFO Could not get speed from /sys/class/net/ens5/speed. Defaulting to 10 Gbps.
ip-10-235-1-137:56:56 [0] NCCL INFO Topology detection : could not read /sys/devices/pci0000:00/0000:00:05.0/../max_link_speed, ignoring
ip-10-235-1-137:56:56 [0] NCCL INFO Topology detection : could not read /sys/devices/pci0000:00/0000:00:05.0/../max_link_width, ignoring
ip-10-235-1-137:56:56 [0] NCCL INFO Topology detection : could not read /sys/devices/system/node/node-1/cpumap, ignoring
ip-10-235-1-137:56:56 [0] NCCL INFO NET/Socket : GPU Direct RDMA Disabled for HCA 0 'ens5'
ip-10-235-1-137:56:56 [0] NCCL INFO ncclTopoPopulateNics : Filled ens5 in topo with pciPath=/sys/devices/pci0000:00/0000:00:05.0 net=1 gin=(null) keep=1 coll=(null)
ip-10-235-1-137:56:56 [0] NCCL INFO KV Convert to int : could not find value of 'Unknown' in dictionary, falling back to 60
ip-10-235-1-137:56:56 [0] NCCL INFO === System : maxBw 1.2 totalBw 24.0 ===
ip-10-235-1-137:56:56 [0] NCCL INFO CPU/0-ffffffffffffff (1/2/-1)
ip-10-235-1-137:56:56 [0] NCCL INFO + PCI[24.0] - GPU/0-1e0 (0)
ip-10-235-1-137:56:56 [0] NCCL INFO + PCI[12.0] - NIC/0-50
ip-10-235-1-137:56:56 [0] NCCL INFO               + NET[1.2] - NET/0-0 (0/0/0/1.250000)
ip-10-235-1-137:56:56 [0] NCCL INFO ==========================================
ip-10-235-1-137:56:56 [0] NCCL INFO GPU/0-1e0 :GPU/0-1e0 (0/5000.0/LOC) CPU/0-ffffffffffffff (1/24.0/PHB) NET/0-0 (3/1.2/PHB) 
ip-10-235-1-137:56:56 [0] NCCL INFO NET/0-0 :GPU/0-1e0 (3/1.2/PHB) CPU/0-ffffffffffffff (2/1.2/PHB) NET/0-0 (0/5000.0/LOC) 
ip-10-235-1-137:56:56 [0] NCCL INFO ncclTopoGetCpuAffinity: Affinity for GPU 0 is empty, ignoring. (GPU affinity =  ; CPU affinity = 0-3).
ip-10-235-1-137:56:56 [0] NCCL INFO Pattern 4, crossNic 0, nChannels 1, bw 1.200000/1.200000, type LOC/PHB, sameChannels 1
ip-10-235-1-137:56:56 [0] NCCL INFO  0 : NET/0-0 GPU/0-1e0 NET/0-0
ip-10-235-1-137:56:56 [0] NCCL INFO Pattern 3, crossNic 0, nChannels 1, bw 2.400000/1.200000, type LOC/PHB, sameChannels 1
ip-10-235-1-137:56:56 [0] NCCL INFO  0 : NET/0-0 GPU/0-1e0 NET/0-0
ip-10-235-1-137:56:56 [0] NCCL INFO Could not get speed from /sys/class/net/ens5/speed. Defaulting to 10 Gbps.
ip-10-235-1-137:56:56 [0] NCCL INFO comm 0x5df205772e10 rank 0 nRanks 2 nNodes 2 localRanks 1 localRank 0 MNNVL 0
ip-10-235-1-137:56:56 [0] NCCL INFO Tree 0 : -1 -> 0 -> 1/-1/-1
ip-10-235-1-137:56:56 [0] NCCL INFO Tree 1 : 1 -> 0 -> -1/-1/-1
ip-10-235-1-137:56:56 [0] NCCL INFO Channel 00/02 : 0 1
ip-10-235-1-137:56:56 [0] NCCL INFO Channel 01/02 : 0 1
ip-10-235-1-137:56:56 [0] NCCL INFO Ring 00 : 1 -> 0 -> 1
ip-10-235-1-137:56:56 [0] NCCL INFO Ring 01 : 1 -> 0 -> 1
ip-10-235-1-137:56:56 [0] NCCL INFO Trees [0] 1/-1/-1->0->-1 [1] -1/-1/-1->0->1
ip-10-235-1-137:56:56 [0] NCCL INFO P2P Chunksize set to 131072
ip-10-235-1-137:56:56 [0] NCCL INFO Check P2P Type isAllDirectP2p 1 directMode 0 isAllCudaP2p 1
ip-10-235-1-137:56:147 [0] NCCL INFO [Proxy Service] Device 0 CPU core 1
ip-10-235-1-137:56:148 [0] NCCL INFO [Proxy Service UDS] Device 0 CPU core 2
ip-10-235-1-137:56:56 [0] NCCL INFO ncclP2pSchedule: group size used is 1
ip-10-235-1-137:56:56 [0] NCCL INFO threadThresholds 8/8/64 | 16/8/64 | 512 | 512
ip-10-235-1-137:56:56 [0] NCCL INFO 2 coll channels, 2 collnet channels, 0 nvls channels, 2 p2p channels, 1 p2p channels per peer
ip-10-235-1-137:56:56 [0] NCCL INFO Symmetric VA size=24GB
ip-10-235-1-137:56:56 [0] NCCL INFO Symmetric memory is not supported. cuMemEnable 1, globalGinSupport 0, globalNicFused 0 cuMemGdrSupport 1
ip-10-235-1-137:56:56 [0] NCCL INFO CC Off, workFifoBytes 1048576
ip-10-235-1-137:56:56 [0] NCCL INFO ncclCommInitRankConfig comm 0x5df205772e10 rank 0 nranks 2 cudaDev 0 nvmlDev 0 busId 1e0 commId 0xa4b8cd9da2708526 - Init COMPLETE
ip-10-235-1-137:56:56 [0] NCCL INFO Init timings - ncclCommInitRankConfig: rank 0 nranks 2 total 1.99 (kernels 0.00, alloc 0.00, bootstrap 1.54, allgathers 0.44, topo 0.00, graphs 0.00, connections 0.00, rest 0.00)
ip-10-235-1-137:56:147 [0] NCCL INFO New proxy send connection 0 from local rank 0, transport 2
ip-10-235-1-137:56:149 [0] NCCL INFO [Proxy Progress] Device 0 CPU core 2
ip-10-235-1-137:56:56 [0] NCCL INFO Connected to proxy localRank 0 -> connection 0x714410016510
ip-10-235-1-137:56:147 [0] NCCL INFO Could not get speed from /sys/class/net/ens5/speed. Defaulting to 10 Gbps.
ip-10-235-1-137:56:56 [0] NCCL INFO Channel 01/1 : 0[0] -> 1[0] [send] via NET/Socket/0/Shared
ip-10-235-1-137:56:147 [0] NCCL INFO New proxy recv connection 1 from local rank 0, transport 2
ip-10-235-1-137:56:56 [0] NCCL INFO Connected to proxy localRank 0 -> connection 0x714410016598
ip-10-235-1-137:56:147 [0] NCCL INFO Could not get speed from /sys/class/net/ens5/speed. Defaulting to 10 Gbps.
ip-10-235-1-137:56:147 [0] NCCL INFO NET/Socket: Using 2 threads and 8 sockets per thread
ip-10-235-1-137:56:56 [0] NCCL INFO Channel 01/1 : 1[0] -> 0[0] [receive] via NET/Socket/0/Shared
ip-10-235-1-137:56:56 [0] NCCL INFO Initialized NET plugin Socket
ip-10-235-1-137:56:56 [0] NCCL INFO Could not get speed from /sys/class/net/ens5/speed. Defaulting to 10 Gbps.
ip-10-235-1-137:56:56 [0] NCCL INFO Assigned NET plugin Socket to comm
ip-10-235-1-137:56:56 [0] NCCL INFO Failed to initialize any GIN plugin
ip-10-235-1-137:56:56 [0] NCCL INFO Using network Socket
ip-10-235-1-137:56:56 [0] NCCL INFO [Rank 1] ncclCommInitRankConfig comm 0x5df205897c00 rank 1 nranks 2 cudaDev 0 nvmlDev 0 busId 1e0 commId 0xfbf9a4503392ae2f - Init START
ip-10-235-1-137:56:56 [0] NCCL INFO Topology detection : could not read /sys/devices/pci0000:00/0000:00:1e.0/../max_link_speed, ignoring
ip-10-235-1-137:56:56 [0] NCCL INFO Topology detection : could not read /sys/devices/pci0000:00/0000:00:1e.0/../max_link_width, ignoring
ip-10-235-1-137:56:56 [0] NCCL INFO Topology detection : could not read /sys/devices/system/node/node-1/cpumap, ignoring
ip-10-235-1-137:56:56 [0] NCCL INFO TOPO/NET : Importing network plugins to topology
ip-10-235-1-137:56:56 [0] NCCL INFO Could not get speed from /sys/class/net/ens5/speed. Defaulting to 10 Gbps.
ip-10-235-1-137:56:56 [0] NCCL INFO Topology detection : could not read /sys/devices/pci0000:00/0000:00:05.0/../max_link_speed, ignoring
ip-10-235-1-137:56:56 [0] NCCL INFO Topology detection : could not read /sys/devices/pci0000:00/0000:00:05.0/../max_link_width, ignoring
ip-10-235-1-137:56:56 [0] NCCL INFO Topology detection : could not read /sys/devices/system/node/node-1/cpumap, ignoring
ip-10-235-1-137:56:56 [0] NCCL INFO NET/Socket : GPU Direct RDMA Disabled for HCA 0 'ens5'
ip-10-235-1-137:56:56 [0] NCCL INFO ncclTopoPopulateNics : Filled ens5 in topo with pciPath=/sys/devices/pci0000:00/0000:00:05.0 net=1 gin=(null) keep=1 coll=(null)
ip-10-235-1-137:56:56 [0] NCCL INFO KV Convert to int : could not find value of 'Unknown' in dictionary, falling back to 60
ip-10-235-1-137:56:56 [0] NCCL INFO === System : maxBw 1.2 totalBw 24.0 ===
ip-10-235-1-137:56:56 [0] NCCL INFO CPU/0-ffffffffffffff (1/2/-1)
ip-10-235-1-137:56:56 [0] NCCL INFO + PCI[24.0] - GPU/0-1e0 (1)
ip-10-235-1-137:56:56 [0] NCCL INFO + PCI[12.0] - NIC/0-50
ip-10-235-1-137:56:56 [0] NCCL INFO               + NET[1.2] - NET/0-0 (0/0/0/1.250000)
ip-10-235-1-137:56:56 [0] NCCL INFO ==========================================
ip-10-235-1-137:56:56 [0] NCCL INFO GPU/0-1e0 :GPU/0-1e0 (0/5000.0/LOC) CPU/0-ffffffffffffff (1/24.0/PHB) NET/0-0 (3/1.2/PHB) 
ip-10-235-1-137:56:56 [0] NCCL INFO NET/0-0 :GPU/0-1e0 (3/1.2/PHB) CPU/0-ffffffffffffff (2/1.2/PHB) NET/0-0 (0/5000.0/LOC) 
ip-10-235-1-137:56:56 [0] NCCL INFO ncclTopoGetCpuAffinity: Affinity for GPU 0 is empty, ignoring. (GPU affinity =  ; CPU affinity = 0-3).
ip-10-235-1-137:56:56 [0] NCCL INFO Pattern 4, crossNic 0, nChannels 1, bw 1.200000/1.200000, type LOC/PHB, sameChannels 1
ip-10-235-1-137:56:56 [0] NCCL INFO  0 : NET/0-0 GPU/0-1e0 NET/0-0
ip-10-235-1-137:56:56 [0] NCCL INFO Pattern 3, crossNic 0, nChannels 1, bw 2.400000/1.200000, type LOC/PHB, sameChannels 1
ip-10-235-1-137:56:56 [0] NCCL INFO  0 : NET/0-0 GPU/0-1e0 NET/0-0
ip-10-235-1-137:56:56 [0] NCCL INFO Could not get speed from /sys/class/net/ens5/speed. Defaulting to 10 Gbps.
ip-10-235-1-137:56:56 [0] NCCL INFO comm 0x5df205897c00 rank 1 nRanks 2 nNodes 2 localRanks 1 localRank 0 MNNVL 0
ip-10-235-1-137:56:56 [0] NCCL INFO Tree 0 : 0 -> 1 -> -1/-1/-1
ip-10-235-1-137:56:56 [0] NCCL INFO Tree 1 : -1 -> 1 -> 0/-1/-1
ip-10-235-1-137:56:56 [0] NCCL INFO Ring 00 : 0 -> 1 -> 0
ip-10-235-1-137:56:56 [0] NCCL INFO Ring 01 : 0 -> 1 -> 0
ip-10-235-1-137:56:56 [0] NCCL INFO Trees [0] -1/-1/-1->1->0 [1] 0/-1/-1->1->-1
ip-10-235-1-137:56:56 [0] NCCL INFO P2P Chunksize set to 131072
ip-10-235-1-137:56:56 [0] NCCL INFO Check P2P Type isAllDirectP2p 1 directMode 0 isAllCudaP2p 1
ip-10-235-1-137:56:154 [0] NCCL INFO [Proxy Service] Device 0 CPU core 1
ip-10-235-1-137:56:56 [0] NCCL INFO ncclP2pSchedule: group size used is 1
ip-10-235-1-137:56:155 [0] NCCL INFO [Proxy Service UDS] Device 0 CPU core 3
ip-10-235-1-137:56:56 [0] NCCL INFO threadThresholds 8/8/64 | 16/8/64 | 512 | 512
ip-10-235-1-137:56:56 [0] NCCL INFO 2 coll channels, 2 collnet channels, 0 nvls channels, 2 p2p channels, 1 p2p channels per peer
ip-10-235-1-137:56:56 [0] NCCL INFO Symmetric VA size=24GB
ip-10-235-1-137:56:56 [0] NCCL INFO Symmetric memory is not supported. cuMemEnable 1, globalGinSupport 0, globalNicFused 0 cuMemGdrSupport 1
ip-10-235-1-137:56:56 [0] NCCL INFO ncclCommInitRankConfig comm 0x5df205897c00 rank 1 nranks 2 cudaDev 0 nvmlDev 0 busId 1e0 commId 0xfbf9a4503392ae2f - Init COMPLETE
ip-10-235-1-137:56:56 [0] NCCL INFO Init timings - ncclCommInitRankConfig: rank 1 nranks 2 total 0.16 (kernels 0.00, alloc 0.00, bootstrap 0.12, allgathers 0.04, topo 0.00, graphs 0.00, connections 0.00, rest 0.00)
ip-10-235-1-137:56:154 [0] NCCL INFO New proxy recv connection 0 from local rank 0, transport 2
ip-10-235-1-137:56:156 [0] NCCL INFO [Proxy Progress] Device 0 CPU core 0
ip-10-235-1-137:56:56 [0] NCCL INFO Connected to proxy localRank 0 -> connection 0x714428006c60
ip-10-235-1-137:56:154 [0] NCCL INFO Could not get speed from /sys/class/net/ens5/speed. Defaulting to 10 Gbps.
ip-10-235-1-137:56:154 [0] NCCL INFO NET/Socket: Using 2 threads and 8 sockets per thread
ip-10-235-1-137:56:56 [0] NCCL INFO Channel 01/1 : 0[0] -> 1[0] [receive] via NET/Socket/0/Shared
ip-10-235-1-137:56:154 [0] NCCL INFO New proxy send connection 1 from local rank 0, transport 2
ip-10-235-1-137:56:56 [0] NCCL INFO Connected to proxy localRank 0 -> connection 0x714428006ce8
ip-10-235-1-137:56:154 [0] NCCL INFO Could not get speed from /sys/class/net/ens5/speed. Defaulting to 10 Gbps.
ip-10-235-1-137:56:56 [0] NCCL INFO Channel 01/1 : 1[0] -> 0[0] [send] via NET/Socket/0/Shared
ip-10-235-1-137:56:56 [0] NCCL INFO Initialized NET plugin Socket
ip-10-235-1-137:56:56 [0] NCCL INFO Could not get speed from /sys/class/net/ens5/speed. Defaulting to 10 Gbps.
ip-10-235-1-137:56:56 [0] NCCL INFO Assigned NET plugin Socket to comm
ip-10-235-1-137:56:56 [0] NCCL INFO Failed to initialize any GIN plugin
ip-10-235-1-137:56:56 [0] NCCL INFO Using network Socket
ip-10-235-1-137:56:56 [0] NCCL INFO [Rank 1] ncclCommInitRankConfig comm 0x5df2000d9c40 rank 1 nranks 2 cudaDev 0 nvmlDev 0 busId 1e0 commId 0x8f5cbea408661f33 - Init START
ip-10-235-1-137:56:56 [0] NCCL INFO Topology detection : could not read /sys/devices/pci0000:00/0000:00:1e.0/../max_link_speed, ignoring
ip-10-235-1-137:56:56 [0] NCCL INFO Topology detection : could not read /sys/devices/pci0000:00/0000:00:1e.0/../max_link_width, ignoring
ip-10-235-1-137:56:56 [0] NCCL INFO Topology detection : could not read /sys/devices/system/node/node-1/cpumap, ignoring
ip-10-235-1-137:56:56 [0] NCCL INFO TOPO/NET : Importing network plugins to topology
ip-10-235-1-137:56:56 [0] NCCL INFO Could not get speed from /sys/class/net/ens5/speed. Defaulting to 10 Gbps.
ip-10-235-1-137:56:56 [0] NCCL INFO Topology detection : could not read /sys/devices/pci0000:00/0000:00:05.0/../max_link_speed, ignoring
ip-10-235-1-137:56:56 [0] NCCL INFO Topology detection : could not read /sys/devices/pci0000:00/0000:00:05.0/../max_link_width, ignoring
ip-10-235-1-137:56:56 [0] NCCL INFO Topology detection : could not read /sys/devices/system/node/node-1/cpumap, ignoring
ip-10-235-1-137:56:56 [0] NCCL INFO NET/Socket : GPU Direct RDMA Disabled for HCA 0 'ens5'
ip-10-235-1-137:56:56 [0] NCCL INFO ncclTopoPopulateNics : Filled ens5 in topo with pciPath=/sys/devices/pci0000:00/0000:00:05.0 net=1 gin=(null) keep=1 coll=(null)
ip-10-235-1-137:56:56 [0] NCCL INFO KV Convert to int : could not find value of 'Unknown' in dictionary, falling back to 60
ip-10-235-1-137:56:56 [0] NCCL INFO === System : maxBw 1.2 totalBw 24.0 ===
ip-10-235-1-137:56:56 [0] NCCL INFO CPU/0-ffffffffffffff (1/2/-1)
ip-10-235-1-137:56:56 [0] NCCL INFO + PCI[24.0] - GPU/0-1e0 (1)
ip-10-235-1-137:56:56 [0] NCCL INFO + PCI[12.0] - NIC/0-50
ip-10-235-1-137:56:56 [0] NCCL INFO               + NET[1.2] - NET/0-0 (0/0/0/1.250000)
ip-10-235-1-137:56:56 [0] NCCL INFO ==========================================
ip-10-235-1-137:56:56 [0] NCCL INFO GPU/0-1e0 :GPU/0-1e0 (0/5000.0/LOC) CPU/0-ffffffffffffff (1/24.0/PHB) NET/0-0 (3/1.2/PHB) 
ip-10-235-1-137:56:56 [0] NCCL INFO NET/0-0 :GPU/0-1e0 (3/1.2/PHB) CPU/0-ffffffffffffff (2/1.2/PHB) NET/0-0 (0/5000.0/LOC) 
ip-10-235-1-137:56:56 [0] NCCL INFO ncclTopoGetCpuAffinity: Affinity for GPU 0 is empty, ignoring. (GPU affinity =  ; CPU affinity = 0-3).
ip-10-235-1-137:56:56 [0] NCCL INFO Pattern 4, crossNic 0, nChannels 1, bw 1.200000/1.200000, type LOC/PHB, sameChannels 1
ip-10-235-1-137:56:56 [0] NCCL INFO  0 : NET/0-0 GPU/0-1e0 NET/0-0
ip-10-235-1-137:56:56 [0] NCCL INFO Pattern 3, crossNic 0, nChannels 1, bw 2.400000/1.200000, type LOC/PHB, sameChannels 1
ip-10-235-1-137:56:56 [0] NCCL INFO  0 : NET/0-0 GPU/0-1e0 NET/0-0
ip-10-235-1-137:56:56 [0] NCCL INFO Could not get speed from /sys/class/net/ens5/speed. Defaulting to 10 Gbps.
ip-10-235-1-137:56:56 [0] NCCL INFO comm 0x5df2000d9c40 rank 1 nRanks 2 nNodes 2 localRanks 1 localRank 0 MNNVL 0
ip-10-235-1-137:56:56 [0] NCCL INFO Tree 0 : 0 -> 1 -> -1/-1/-1
ip-10-235-1-137:56:56 [0] NCCL INFO Tree 1 : -1 -> 1 -> 0/-1/-1
ip-10-235-1-137:56:56 [0] NCCL INFO Ring 00 : 0 -> 1 -> 0
ip-10-235-1-137:56:56 [0] NCCL INFO Ring 01 : 0 -> 1 -> 0
ip-10-235-1-137:56:56 [0] NCCL INFO Trees [0] -1/-1/-1->1->0 [1] 0/-1/-1->1->-1
ip-10-235-1-137:56:56 [0] NCCL INFO P2P Chunksize set to 131072
ip-10-235-1-137:56:56 [0] NCCL INFO Check P2P Type isAllDirectP2p 1 directMode 0 isAllCudaP2p 1
ip-10-235-1-137:56:56 [0] NCCL INFO ncclP2pSchedule: group size used is 1
ip-10-235-1-137:56:161 [0] NCCL INFO [Proxy Service] Device 0 CPU core 1
ip-10-235-1-137:56:162 [0] NCCL INFO [Proxy Service UDS] Device 0 CPU core 2
ip-10-235-1-137:56:56 [0] NCCL INFO threadThresholds 8/8/64 | 16/8/64 | 512 | 512
ip-10-235-1-137:56:56 [0] NCCL INFO 2 coll channels, 2 collnet channels, 0 nvls channels, 2 p2p channels, 1 p2p channels per peer
ip-10-235-1-137:56:56 [0] NCCL INFO Symmetric VA size=24GB
ip-10-235-1-137:56:56 [0] NCCL INFO Symmetric memory is not supported. cuMemEnable 1, globalGinSupport 0, globalNicFused 0 cuMemGdrSupport 1
ip-10-235-1-137:56:56 [0] NCCL INFO ncclCommInitRankConfig comm 0x5df2000d9c40 rank 1 nranks 2 cudaDev 0 nvmlDev 0 busId 1e0 commId 0x8f5cbea408661f33 - Init COMPLETE
ip-10-235-1-137:56:56 [0] NCCL INFO Init timings - ncclCommInitRankConfig: rank 1 nranks 2 total 0.16 (kernels 0.00, alloc 0.00, bootstrap 0.11, allgathers 0.05, topo 0.00, graphs 0.00, connections 0.00, rest 0.00)
ip-10-235-1-137:56:161 [0] NCCL INFO New proxy recv connection 0 from local rank 0, transport 2
ip-10-235-1-137:56:163 [0] NCCL INFO [Proxy Progress] Device 0 CPU core 3
ip-10-235-1-137:56:56 [0] NCCL INFO Connected to proxy localRank 0 -> connection 0x7144bc03dad0
ip-10-235-1-137:56:161 [0] NCCL INFO Could not get speed from /sys/class/net/ens5/speed. Defaulting to 10 Gbps.
ip-10-235-1-137:56:161 [0] NCCL INFO NET/Socket: Using 2 threads and 8 sockets per thread
ip-10-235-1-137:56:56 [0] NCCL INFO Channel 01/1 : 0[0] -> 1[0] [receive] via NET/Socket/0/Shared
ip-10-235-1-137:56:161 [0] NCCL INFO New proxy send connection 1 from local rank 0, transport 2
ip-10-235-1-137:56:56 [0] NCCL INFO Connected to proxy localRank 0 -> connection 0x7144bc03db58
ip-10-235-1-137:56:161 [0] NCCL INFO Could not get speed from /sys/class/net/ens5/speed. Defaulting to 10 Gbps.
ip-10-235-1-137:56:56 [0] NCCL INFO Channel 01/1 : 1[0] -> 0[0] [send] via NET/Socket/0/Shared
ip-10-235-1-137:56:56 [0] NCCL INFO Initialized NET plugin Socket
ip-10-235-1-137:56:56 [0] NCCL INFO Could not get speed from /sys/class/net/ens5/speed. Defaulting to 10 Gbps.
ip-10-235-1-137:56:56 [0] NCCL INFO Assigned NET plugin Socket to comm
ip-10-235-1-137:56:56 [0] NCCL INFO Failed to initialize any GIN plugin
ip-10-235-1-137:56:56 [0] NCCL INFO Using network Socket
ip-10-235-1-137:56:56 [0] NCCL INFO [Rank 1] ncclCommInitRankConfig comm 0x5df2002d1390 rank 1 nranks 2 cudaDev 0 nvmlDev 0 busId 1e0 commId 0xb1bd55cef055a9a - Init START
ip-10-235-1-137:56:56 [0] NCCL INFO Topology detection : could not read /sys/devices/pci0000:00/0000:00:1e.0/../max_link_speed, ignoring
ip-10-235-1-137:56:56 [0] NCCL INFO Topology detection : could not read /sys/devices/pci0000:00/0000:00:1e.0/../max_link_width, ignoring
ip-10-235-1-137:56:56 [0] NCCL INFO Topology detection : could not read /sys/devices/system/node/node-1/cpumap, ignoring
ip-10-235-1-137:56:56 [0] NCCL INFO TOPO/NET : Importing network plugins to topology
ip-10-235-1-137:56:56 [0] NCCL INFO Could not get speed from /sys/class/net/ens5/speed. Defaulting to 10 Gbps.
ip-10-235-1-137:56:56 [0] NCCL INFO Topology detection : could not read /sys/devices/pci0000:00/0000:00:05.0/../max_link_speed, ignoring
ip-10-235-1-137:56:56 [0] NCCL INFO Topology detection : could not read /sys/devices/pci0000:00/0000:00:05.0/../max_link_width, ignoring
ip-10-235-1-137:56:56 [0] NCCL INFO Topology detection : could not read /sys/devices/system/node/node-1/cpumap, ignoring
ip-10-235-1-137:56:56 [0] NCCL INFO NET/Socket : GPU Direct RDMA Disabled for HCA 0 'ens5'
ip-10-235-1-137:56:56 [0] NCCL INFO ncclTopoPopulateNics : Filled ens5 in topo with pciPath=/sys/devices/pci0000:00/0000:00:05.0 net=1 gin=(null) keep=1 coll=(null)
ip-10-235-1-137:56:56 [0] NCCL INFO KV Convert to int : could not find value of 'Unknown' in dictionary, falling back to 60
ip-10-235-1-137:56:56 [0] NCCL INFO === System : maxBw 1.2 totalBw 24.0 ===
ip-10-235-1-137:56:56 [0] NCCL INFO CPU/0-ffffffffffffff (1/2/-1)
ip-10-235-1-137:56:56 [0] NCCL INFO + PCI[24.0] - GPU/0-1e0 (1)
ip-10-235-1-137:56:56 [0] NCCL INFO + PCI[12.0] - NIC/0-50
ip-10-235-1-137:56:56 [0] NCCL INFO               + NET[1.2] - NET/0-0 (0/0/0/1.250000)
ip-10-235-1-137:56:56 [0] NCCL INFO ==========================================
ip-10-235-1-137:56:56 [0] NCCL INFO GPU/0-1e0 :GPU/0-1e0 (0/5000.0/LOC) CPU/0-ffffffffffffff (1/24.0/PHB) NET/0-0 (3/1.2/PHB) 
ip-10-235-1-137:56:56 [0] NCCL INFO NET/0-0 :GPU/0-1e0 (3/1.2/PHB) CPU/0-ffffffffffffff (2/1.2/PHB) NET/0-0 (0/5000.0/LOC) 
ip-10-235-1-137:56:56 [0] NCCL INFO ncclTopoGetCpuAffinity: Affinity for GPU 0 is empty, ignoring. (GPU affinity =  ; CPU affinity = 0-3).
ip-10-235-1-137:56:56 [0] NCCL INFO Pattern 4, crossNic 0, nChannels 1, bw 1.200000/1.200000, type LOC/PHB, sameChannels 1
ip-10-235-1-137:56:56 [0] NCCL INFO  0 : NET/0-0 GPU/0-1e0 NET/0-0
ip-10-235-1-137:56:56 [0] NCCL INFO Pattern 3, crossNic 0, nChannels 1, bw 2.400000/1.200000, type LOC/PHB, sameChannels 1
ip-10-235-1-137:56:56 [0] NCCL INFO  0 : NET/0-0 GPU/0-1e0 NET/0-0
ip-10-235-1-137:56:56 [0] NCCL INFO Could not get speed from /sys/class/net/ens5/speed. Defaulting to 10 Gbps.
ip-10-235-1-137:56:56 [0] NCCL INFO comm 0x5df2002d1390 rank 1 nRanks 2 nNodes 2 localRanks 1 localRank 0 MNNVL 0
ip-10-235-1-137:56:56 [0] NCCL INFO Tree 0 : 0 -> 1 -> -1/-1/-1
ip-10-235-1-137:56:56 [0] NCCL INFO Tree 1 : -1 -> 1 -> 0/-1/-1
ip-10-235-1-137:56:56 [0] NCCL INFO Ring 00 : 0 -> 1 -> 0
ip-10-235-1-137:56:56 [0] NCCL INFO Ring 01 : 0 -> 1 -> 0
ip-10-235-1-137:56:56 [0] NCCL INFO Trees [0] -1/-1/-1->1->0 [1] 0/-1/-1->1->-1
ip-10-235-1-137:56:56 [0] NCCL INFO P2P Chunksize set to 131072
ip-10-235-1-137:56:56 [0] NCCL INFO Check P2P Type isAllDirectP2p 1 directMode 0 isAllCudaP2p 1
ip-10-235-1-137:56:168 [0] NCCL INFO [Proxy Service] Device 0 CPU core 1
ip-10-235-1-137:56:56 [0] NCCL INFO ncclP2pSchedule: group size used is 1
ip-10-235-1-137:56:169 [0] NCCL INFO [Proxy Service UDS] Device 0 CPU core 3
ip-10-235-1-137:56:56 [0] NCCL INFO threadThresholds 8/8/64 | 16/8/64 | 512 | 512
ip-10-235-1-137:56:56 [0] NCCL INFO 2 coll channels, 2 collnet channels, 0 nvls channels, 2 p2p channels, 1 p2p channels per peer
ip-10-235-1-137:56:56 [0] NCCL INFO Symmetric VA size=24GB
ip-10-235-1-137:56:56 [0] NCCL INFO Symmetric memory is not supported. cuMemEnable 1, globalGinSupport 0, globalNicFused 0 cuMemGdrSupport 1
ip-10-235-1-137:56:56 [0] NCCL INFO ncclCommInitRankConfig comm 0x5df2002d1390 rank 1 nranks 2 cudaDev 0 nvmlDev 0 busId 1e0 commId 0xb1bd55cef055a9a - Init COMPLETE
ip-10-235-1-137:56:56 [0] NCCL INFO Init timings - ncclCommInitRankConfig: rank 1 nranks 2 total 0.21 (kernels 0.00, alloc 0.00, bootstrap 0.15, allgathers 0.06, topo 0.00, graphs 0.00, connections 0.00, rest 0.00)
ip-10-235-1-137:56:168 [0] NCCL INFO New proxy recv connection 0 from local rank 0, transport 2
ip-10-235-1-137:56:170 [0] NCCL INFO [Proxy Progress] Device 0 CPU core 2
ip-10-235-1-137:56:56 [0] NCCL INFO Connected to proxy localRank 0 -> connection 0x7144c0008df0
ip-10-235-1-137:56:168 [0] NCCL INFO Could not get speed from /sys/class/net/ens5/speed. Defaulting to 10 Gbps.
ip-10-235-1-137:56:168 [0] NCCL INFO NET/Socket: Using 2 threads and 8 sockets per thread
ip-10-235-1-137:56:56 [0] NCCL INFO Channel 01/1 : 0[0] -> 1[0] [receive] via NET/Socket/0/Shared
ip-10-235-1-137:56:168 [0] NCCL INFO New proxy send connection 1 from local rank 0, transport 2
ip-10-235-1-137:56:56 [0] NCCL INFO Connected to proxy localRank 0 -> connection 0x7144c0008e78
ip-10-235-1-137:56:168 [0] NCCL INFO Could not get speed from /sys/class/net/ens5/speed. Defaulting to 10 Gbps.
ip-10-235-1-137:56:56 [0] NCCL INFO Channel 01/1 : 1[0] -> 0[0] [send] via NET/Socket/0/Shared
ip-10-235-1-137:56:56 [0] NCCL INFO Initialized NET plugin Socket
ip-10-235-1-137:56:56 [0] NCCL INFO Could not get speed from /sys/class/net/ens5/speed. Defaulting to 10 Gbps.
ip-10-235-1-137:56:56 [0] NCCL INFO Assigned NET plugin Socket to comm
ip-10-235-1-137:56:56 [0] NCCL INFO Failed to initialize any GIN plugin
ip-10-235-1-137:56:56 [0] NCCL INFO Using network Socket
ip-10-235-1-137:56:56 [0] NCCL INFO [Rank 1] ncclCommInitRankConfig comm 0x5df2003f6180 rank 1 nranks 2 cudaDev 0 nvmlDev 0 busId 1e0 commId 0xa4217710d5d0c97b - Init START
ip-10-235-1-137:56:56 [0] NCCL INFO Topology detection : could not read /sys/devices/pci0000:00/0000:00:1e.0/../max_link_speed, ignoring
ip-10-235-1-137:56:56 [0] NCCL INFO Topology detection : could not read /sys/devices/pci0000:00/0000:00:1e.0/../max_link_width, ignoring
ip-10-235-1-137:56:56 [0] NCCL INFO Topology detection : could not read /sys/devices/system/node/node-1/cpumap, ignoring
ip-10-235-1-137:56:56 [0] NCCL INFO TOPO/NET : Importing network plugins to topology
ip-10-235-1-137:56:56 [0] NCCL INFO Could not get speed from /sys/class/net/ens5/speed. Defaulting to 10 Gbps.
ip-10-235-1-137:56:56 [0] NCCL INFO Topology detection : could not read /sys/devices/pci0000:00/0000:00:05.0/../max_link_speed, ignoring
ip-10-235-1-137:56:56 [0] NCCL INFO Topology detection : could not read /sys/devices/pci0000:00/0000:00:05.0/../max_link_width, ignoring
ip-10-235-1-137:56:56 [0] NCCL INFO Topology detection : could not read /sys/devices/system/node/node-1/cpumap, ignoring
ip-10-235-1-137:56:56 [0] NCCL INFO NET/Socket : GPU Direct RDMA Disabled for HCA 0 'ens5'
ip-10-235-1-137:56:56 [0] NCCL INFO ncclTopoPopulateNics : Filled ens5 in topo with pciPath=/sys/devices/pci0000:00/0000:00:05.0 net=1 gin=(null) keep=1 coll=(null)
ip-10-235-1-137:56:56 [0] NCCL INFO KV Convert to int : could not find value of 'Unknown' in dictionary, falling back to 60
ip-10-235-1-137:56:56 [0] NCCL INFO === System : maxBw 1.2 totalBw 24.0 ===
ip-10-235-1-137:56:56 [0] NCCL INFO CPU/0-ffffffffffffff (1/2/-1)
ip-10-235-1-137:56:56 [0] NCCL INFO + PCI[24.0] - GPU/0-1e0 (1)
ip-10-235-1-137:56:56 [0] NCCL INFO + PCI[12.0] - NIC/0-50
ip-10-235-1-137:56:56 [0] NCCL INFO               + NET[1.2] - NET/0-0 (0/0/0/1.250000)
ip-10-235-1-137:56:56 [0] NCCL INFO ==========================================
ip-10-235-1-137:56:56 [0] NCCL INFO GPU/0-1e0 :GPU/0-1e0 (0/5000.0/LOC) CPU/0-ffffffffffffff (1/24.0/PHB) NET/0-0 (3/1.2/PHB) 
ip-10-235-1-137:56:56 [0] NCCL INFO NET/0-0 :GPU/0-1e0 (3/1.2/PHB) CPU/0-ffffffffffffff (2/1.2/PHB) NET/0-0 (0/5000.0/LOC) 
ip-10-235-1-137:56:56 [0] NCCL INFO ncclTopoGetCpuAffinity: Affinity for GPU 0 is empty, ignoring. (GPU affinity =  ; CPU affinity = 0-3).
ip-10-235-1-137:56:56 [0] NCCL INFO Pattern 4, crossNic 0, nChannels 1, bw 1.200000/1.200000, type LOC/PHB, sameChannels 1
ip-10-235-1-137:56:56 [0] NCCL INFO  0 : NET/0-0 GPU/0-1e0 NET/0-0
ip-10-235-1-137:56:56 [0] NCCL INFO Pattern 3, crossNic 0, nChannels 1, bw 2.400000/1.200000, type LOC/PHB, sameChannels 1
ip-10-235-1-137:56:56 [0] NCCL INFO  0 : NET/0-0 GPU/0-1e0 NET/0-0
ip-10-235-1-137:56:56 [0] NCCL INFO Could not get speed from /sys/class/net/ens5/speed. Defaulting to 10 Gbps.
ip-10-235-1-137:56:56 [0] NCCL INFO comm 0x5df2003f6180 rank 1 nRanks 2 nNodes 2 localRanks 1 localRank 0 MNNVL 0
ip-10-235-1-137:56:56 [0] NCCL INFO Tree 0 : 0 -> 1 -> -1/-1/-1
ip-10-235-1-137:56:56 [0] NCCL INFO Tree 1 : -1 -> 1 -> 0/-1/-1
ip-10-235-1-137:56:56 [0] NCCL INFO Ring 00 : 0 -> 1 -> 0
ip-10-235-1-137:56:56 [0] NCCL INFO Ring 01 : 0 -> 1 -> 0
ip-10-235-1-137:56:56 [0] NCCL INFO Trees [0] -1/-1/-1->1->0 [1] 0/-1/-1->1->-1
ip-10-235-1-137:56:56 [0] NCCL INFO P2P Chunksize set to 131072
ip-10-235-1-137:56:56 [0] NCCL INFO Check P2P Type isAllDirectP2p 1 directMode 0 isAllCudaP2p 1
ip-10-235-1-137:56:175 [0] NCCL INFO [Proxy Service] Device 0 CPU core 2
ip-10-235-1-137:56:56 [0] NCCL INFO ncclP2pSchedule: group size used is 1
ip-10-235-1-137:56:176 [0] NCCL INFO [Proxy Service UDS] Device 0 CPU core 2
ip-10-235-1-137:56:56 [0] NCCL INFO threadThresholds 8/8/64 | 16/8/64 | 512 | 512
ip-10-235-1-137:56:56 [0] NCCL INFO 2 coll channels, 2 collnet channels, 0 nvls channels, 2 p2p channels, 1 p2p channels per peer
ip-10-235-1-137:56:56 [0] NCCL INFO Symmetric VA size=24GB
ip-10-235-1-137:56:56 [0] NCCL INFO Symmetric memory is not supported. cuMemEnable 1, globalGinSupport 0, globalNicFused 0 cuMemGdrSupport 1
ip-10-235-1-137:56:56 [0] NCCL INFO ncclCommInitRankConfig comm 0x5df2003f6180 rank 1 nranks 2 cudaDev 0 nvmlDev 0 busId 1e0 commId 0xa4217710d5d0c97b - Init COMPLETE
ip-10-235-1-137:56:56 [0] NCCL INFO Init timings - ncclCommInitRankConfig: rank 1 nranks 2 total 0.83 (kernels 0.00, alloc 0.00, bootstrap 0.60, allgathers 0.23, topo 0.00, graphs 0.00, connections 0.00, rest 0.00)
ip-10-235-1-137:56:175 [0] NCCL INFO New proxy recv connection 0 from local rank 0, transport 2
ip-10-235-1-137:56:177 [0] NCCL INFO [Proxy Progress] Device 0 CPU core 0
ip-10-235-1-137:56:56 [0] NCCL INFO Connected to proxy localRank 0 -> connection 0x7144d80efa70
ip-10-235-1-137:56:175 [0] NCCL INFO Could not get speed from /sys/class/net/ens5/speed. Defaulting to 10 Gbps.
ip-10-235-1-137:56:175 [0] NCCL INFO NET/Socket: Using 2 threads and 8 sockets per thread
ip-10-235-1-137:56:56 [0] NCCL INFO Channel 01/1 : 0[0] -> 1[0] [receive] via NET/Socket/0/Shared
ip-10-235-1-137:56:175 [0] NCCL INFO New proxy send connection 1 from local rank 0, transport 2
ip-10-235-1-137:56:56 [0] NCCL INFO Connected to proxy localRank 0 -> connection 0x7144d80efaf8
ip-10-235-1-137:56:175 [0] NCCL INFO Could not get speed from /sys/class/net/ens5/speed. Defaulting to 10 Gbps.
ip-10-235-1-137:56:56 [0] NCCL INFO Channel 01/1 : 1[0] -> 0[0] [send] via NET/Socket/0/Shared
ip-10-235-1-137:56:56 [0] NCCL INFO Initialized NET plugin Socket
ip-10-235-1-137:56:56 [0] NCCL INFO Could not get speed from /sys/class/net/ens5/speed. Defaulting to 10 Gbps.
ip-10-235-1-137:56:56 [0] NCCL INFO Assigned NET plugin Socket to comm
ip-10-235-1-137:56:56 [0] NCCL INFO Failed to initialize any GIN plugin
ip-10-235-1-137:56:56 [0] NCCL INFO Using network Socket
ip-10-235-1-137:56:56 [0] NCCL INFO [Rank 1] ncclCommInitRankConfig comm 0x5df20d5383b0 rank 1 nranks 2 cudaDev 0 nvmlDev 0 busId 1e0 commId 0x75771732130b2dea - Init START
ip-10-235-1-137:56:56 [0] NCCL INFO Topology detection : could not read /sys/devices/pci0000:00/0000:00:1e.0/../max_link_speed, ignoring
ip-10-235-1-137:56:56 [0] NCCL INFO Topology detection : could not read /sys/devices/pci0000:00/0000:00:1e.0/../max_link_width, ignoring
ip-10-235-1-137:56:56 [0] NCCL INFO Topology detection : could not read /sys/devices/system/node/node-1/cpumap, ignoring
ip-10-235-1-137:56:56 [0] NCCL INFO TOPO/NET : Importing network plugins to topology
ip-10-235-1-137:56:56 [0] NCCL INFO Could not get speed from /sys/class/net/ens5/speed. Defaulting to 10 Gbps.
ip-10-235-1-137:56:56 [0] NCCL INFO Topology detection : could not read /sys/devices/pci0000:00/0000:00:05.0/../max_link_speed, ignoring
ip-10-235-1-137:56:56 [0] NCCL INFO Topology detection : could not read /sys/devices/pci0000:00/0000:00:05.0/../max_link_width, ignoring
ip-10-235-1-137:56:56 [0] NCCL INFO Topology detection : could not read /sys/devices/system/node/node-1/cpumap, ignoring
ip-10-235-1-137:56:56 [0] NCCL INFO NET/Socket : GPU Direct RDMA Disabled for HCA 0 'ens5'
ip-10-235-1-137:56:56 [0] NCCL INFO ncclTopoPopulateNics : Filled ens5 in topo with pciPath=/sys/devices/pci0000:00/0000:00:05.0 net=1 gin=(null) keep=1 coll=(null)
ip-10-235-1-137:56:56 [0] NCCL INFO KV Convert to int : could not find value of 'Unknown' in dictionary, falling back to 60
ip-10-235-1-137:56:56 [0] NCCL INFO === System : maxBw 1.2 totalBw 24.0 ===
ip-10-235-1-137:56:56 [0] NCCL INFO CPU/0-ffffffffffffff (1/2/-1)
ip-10-235-1-137:56:56 [0] NCCL INFO + PCI[24.0] - GPU/0-1e0 (1)
ip-10-235-1-137:56:56 [0] NCCL INFO + PCI[12.0] - NIC/0-50
ip-10-235-1-137:56:56 [0] NCCL INFO               + NET[1.2] - NET/0-0 (0/0/0/1.250000)
ip-10-235-1-137:56:56 [0] NCCL INFO ==========================================
ip-10-235-1-137:56:56 [0] NCCL INFO GPU/0-1e0 :GPU/0-1e0 (0/5000.0/LOC) CPU/0-ffffffffffffff (1/24.0/PHB) NET/0-0 (3/1.2/PHB) 
ip-10-235-1-137:56:56 [0] NCCL INFO NET/0-0 :GPU/0-1e0 (3/1.2/PHB) CPU/0-ffffffffffffff (2/1.2/PHB) NET/0-0 (0/5000.0/LOC) 
ip-10-235-1-137:56:56 [0] NCCL INFO ncclTopoGetCpuAffinity: Affinity for GPU 0 is empty, ignoring. (GPU affinity =  ; CPU affinity = 0-3).
ip-10-235-1-137:56:56 [0] NCCL INFO Pattern 4, crossNic 0, nChannels 1, bw 1.200000/1.200000, type LOC/PHB, sameChannels 1
ip-10-235-1-137:56:56 [0] NCCL INFO  0 : NET/0-0 GPU/0-1e0 NET/0-0
ip-10-235-1-137:56:56 [0] NCCL INFO Pattern 3, crossNic 0, nChannels 1, bw 2.400000/1.200000, type LOC/PHB, sameChannels 1
ip-10-235-1-137:56:56 [0] NCCL INFO  0 : NET/0-0 GPU/0-1e0 NET/0-0
ip-10-235-1-137:56:56 [0] NCCL INFO Could not get speed from /sys/class/net/ens5/speed. Defaulting to 10 Gbps.
ip-10-235-1-137:56:56 [0] NCCL INFO comm 0x5df20d5383b0 rank 1 nRanks 2 nNodes 2 localRanks 1 localRank 0 MNNVL 0
ip-10-235-1-137:56:56 [0] NCCL INFO Tree 0 : 0 -> 1 -> -1/-1/-1
ip-10-235-1-137:56:56 [0] NCCL INFO Tree 1 : -1 -> 1 -> 0/-1/-1
ip-10-235-1-137:56:56 [0] NCCL INFO Ring 00 : 0 -> 1 -> 0
ip-10-235-1-137:56:56 [0] NCCL INFO Ring 01 : 0 -> 1 -> 0
ip-10-235-1-137:56:56 [0] NCCL INFO Trees [0] -1/-1/-1->1->0 [1] 0/-1/-1->1->-1
ip-10-235-1-137:56:56 [0] NCCL INFO P2P Chunksize set to 131072
ip-10-235-1-137:56:56 [0] NCCL INFO Check P2P Type isAllDirectP2p 1 directMode 0 isAllCudaP2p 1
ip-10-235-1-137:56:56 [0] NCCL INFO ncclP2pSchedule: group size used is 1
ip-10-235-1-137:56:183 [0] NCCL INFO [Proxy Service UDS] Device 0 CPU core 0
ip-10-235-1-137:56:182 [0] NCCL INFO [Proxy Service] Device 0 CPU core 3
ip-10-235-1-137:56:56 [0] NCCL INFO threadThresholds 8/8/64 | 16/8/64 | 512 | 512
ip-10-235-1-137:56:56 [0] NCCL INFO 2 coll channels, 2 collnet channels, 0 nvls channels, 2 p2p channels, 1 p2p channels per peer
ip-10-235-1-137:56:56 [0] NCCL INFO Symmetric VA size=24GB
ip-10-235-1-137:56:56 [0] NCCL INFO Symmetric memory is not supported. cuMemEnable 1, globalGinSupport 0, globalNicFused 0 cuMemGdrSupport 1
ip-10-235-1-137:56:56 [0] NCCL INFO ncclCommInitRankConfig comm 0x5df20d5383b0 rank 1 nranks 2 cudaDev 0 nvmlDev 0 busId 1e0 commId 0x75771732130b2dea - Init COMPLETE
ip-10-235-1-137:56:56 [0] NCCL INFO Init timings - ncclCommInitRankConfig: rank 1 nranks 2 total 0.78 (kernels 0.00, alloc 0.00, bootstrap 0.55, allgathers 0.22, topo 0.00, graphs 0.00, connections 0.00, rest 0.00)
ip-10-235-1-137:56:182 [0] NCCL INFO New proxy recv connection 0 from local rank 0, transport 2
ip-10-235-1-137:56:184 [0] NCCL INFO [Proxy Progress] Device 0 CPU core 1
ip-10-235-1-137:56:56 [0] NCCL INFO Connected to proxy localRank 0 -> connection 0x7144e8005260
ip-10-235-1-137:56:182 [0] NCCL INFO Could not get speed from /sys/class/net/ens5/speed. Defaulting to 10 Gbps.
ip-10-235-1-137:56:182 [0] NCCL INFO NET/Socket: Using 2 threads and 8 sockets per thread
ip-10-235-1-137:56:56 [0] NCCL INFO Channel 01/1 : 0[0] -> 1[0] [receive] via NET/Socket/0/Shared
ip-10-235-1-137:56:182 [0] NCCL INFO New proxy send connection 1 from local rank 0, transport 2
ip-10-235-1-137:56:56 [0] NCCL INFO Connected to proxy localRank 0 -> connection 0x7144e80052e8
ip-10-235-1-137:56:182 [0] NCCL INFO Could not get speed from /sys/class/net/ens5/speed. Defaulting to 10 Gbps.
ip-10-235-1-137:56:56 [0] NCCL INFO Channel 01/1 : 1[0] -> 0[0] [send] via NET/Socket/0/Shared
ip-10-235-1-137:56:56 [0] NCCL INFO Initialized NET plugin Socket
ip-10-235-1-137:56:56 [0] NCCL INFO Could not get speed from /sys/class/net/ens5/speed. Defaulting to 10 Gbps.
ip-10-235-1-137:56:56 [0] NCCL INFO Assigned NET plugin Socket to comm
ip-10-235-1-137:56:56 [0] NCCL INFO Failed to initialize any GIN plugin
ip-10-235-1-137:56:56 [0] NCCL INFO Using network Socket
ip-10-235-1-137:56:56 [0] NCCL INFO [Rank 1] ncclCommInitRankConfig comm 0x5df2083bb8c0 rank 1 nranks 2 cudaDev 0 nvmlDev 0 busId 1e0 commId 0xe8f595fb6c923105 - Init START
ip-10-235-1-137:56:56 [0] NCCL INFO Topology detection : could not read /sys/devices/pci0000:00/0000:00:1e.0/../max_link_speed, ignoring
ip-10-235-1-137:56:56 [0] NCCL INFO Topology detection : could not read /sys/devices/pci0000:00/0000:00:1e.0/../max_link_width, ignoring
ip-10-235-1-137:56:56 [0] NCCL INFO Topology detection : could not read /sys/devices/system/node/node-1/cpumap, ignoring
ip-10-235-1-137:56:56 [0] NCCL INFO TOPO/NET : Importing network plugins to topology
ip-10-235-1-137:56:56 [0] NCCL INFO Could not get speed from /sys/class/net/ens5/speed. Defaulting to 10 Gbps.
ip-10-235-1-137:56:56 [0] NCCL INFO Topology detection : could not read /sys/devices/pci0000:00/0000:00:05.0/../max_link_speed, ignoring
ip-10-235-1-137:56:56 [0] NCCL INFO Topology detection : could not read /sys/devices/pci0000:00/0000:00:05.0/../max_link_width, ignoring
ip-10-235-1-137:56:56 [0] NCCL INFO Topology detection : could not read /sys/devices/system/node/node-1/cpumap, ignoring
ip-10-235-1-137:56:56 [0] NCCL INFO NET/Socket : GPU Direct RDMA Disabled for HCA 0 'ens5'
ip-10-235-1-137:56:56 [0] NCCL INFO ncclTopoPopulateNics : Filled ens5 in topo with pciPath=/sys/devices/pci0000:00/0000:00:05.0 net=1 gin=(null) keep=1 coll=(null)
ip-10-235-1-137:56:56 [0] NCCL INFO KV Convert to int : could not find value of 'Unknown' in dictionary, falling back to 60
ip-10-235-1-137:56:56 [0] NCCL INFO === System : maxBw 1.2 totalBw 24.0 ===
ip-10-235-1-137:56:56 [0] NCCL INFO CPU/0-ffffffffffffff (1/2/-1)
ip-10-235-1-137:56:56 [0] NCCL INFO + PCI[24.0] - GPU/0-1e0 (1)
ip-10-235-1-137:56:56 [0] NCCL INFO + PCI[12.0] - NIC/0-50
ip-10-235-1-137:56:56 [0] NCCL INFO               + NET[1.2] - NET/0-0 (0/0/0/1.250000)
ip-10-235-1-137:56:56 [0] NCCL INFO ==========================================
ip-10-235-1-137:56:56 [0] NCCL INFO GPU/0-1e0 :GPU/0-1e0 (0/5000.0/LOC) CPU/0-ffffffffffffff (1/24.0/PHB) NET/0-0 (3/1.2/PHB) 
ip-10-235-1-137:56:56 [0] NCCL INFO NET/0-0 :GPU/0-1e0 (3/1.2/PHB) CPU/0-ffffffffffffff (2/1.2/PHB) NET/0-0 (0/5000.0/LOC) 
ip-10-235-1-137:56:56 [0] NCCL INFO ncclTopoGetCpuAffinity: Affinity for GPU 0 is empty, ignoring. (GPU affinity =  ; CPU affinity = 0-3).
ip-10-235-1-137:56:56 [0] NCCL INFO Pattern 4, crossNic 0, nChannels 1, bw 1.200000/1.200000, type LOC/PHB, sameChannels 1
ip-10-235-1-137:56:56 [0] NCCL INFO  0 : NET/0-0 GPU/0-1e0 NET/0-0
ip-10-235-1-137:56:56 [0] NCCL INFO Pattern 3, crossNic 0, nChannels 1, bw 2.400000/1.200000, type LOC/PHB, sameChannels 1
ip-10-235-1-137:56:56 [0] NCCL INFO  0 : NET/0-0 GPU/0-1e0 NET/0-0
ip-10-235-1-137:56:56 [0] NCCL INFO Could not get speed from /sys/class/net/ens5/speed. Defaulting to 10 Gbps.
ip-10-235-1-137:56:56 [0] NCCL INFO comm 0x5df2083bb8c0 rank 1 nRanks 2 nNodes 2 localRanks 1 localRank 0 MNNVL 0
ip-10-235-1-137:56:56 [0] NCCL INFO Tree 0 : 0 -> 1 -> -1/-1/-1
ip-10-235-1-137:56:56 [0] NCCL INFO Tree 1 : -1 -> 1 -> 0/-1/-1
ip-10-235-1-137:56:56 [0] NCCL INFO Ring 00 : 0 -> 1 -> 0
ip-10-235-1-137:56:56 [0] NCCL INFO Ring 01 : 0 -> 1 -> 0
ip-10-235-1-137:56:56 [0] NCCL INFO Trees [0] -1/-1/-1->1->0 [1] 0/-1/-1->1->-1
ip-10-235-1-137:56:56 [0] NCCL INFO P2P Chunksize set to 131072
ip-10-235-1-137:56:56 [0] NCCL INFO Check P2P Type isAllDirectP2p 1 directMode 0 isAllCudaP2p 1
ip-10-235-1-137:56:189 [0] NCCL INFO [Proxy Service] Device 0 CPU core 1
ip-10-235-1-137:56:56 [0] NCCL INFO ncclP2pSchedule: group size used is 1
ip-10-235-1-137:56:190 [0] NCCL INFO [Proxy Service UDS] Device 0 CPU core 1
ip-10-235-1-137:56:56 [0] NCCL INFO threadThresholds 8/8/64 | 16/8/64 | 512 | 512
ip-10-235-1-137:56:56 [0] NCCL INFO 2 coll channels, 2 collnet channels, 0 nvls channels, 2 p2p channels, 1 p2p channels per peer
ip-10-235-1-137:56:56 [0] NCCL INFO Symmetric VA size=24GB
ip-10-235-1-137:56:56 [0] NCCL INFO Symmetric memory is not supported. cuMemEnable 1, globalGinSupport 0, globalNicFused 0 cuMemGdrSupport 1
ip-10-235-1-137:56:56 [0] NCCL INFO ncclCommInitRankConfig comm 0x5df2083bb8c0 rank 1 nranks 2 cudaDev 0 nvmlDev 0 busId 1e0 commId 0xe8f595fb6c923105 - Init COMPLETE
ip-10-235-1-137:56:56 [0] NCCL INFO Init timings - ncclCommInitRankConfig: rank 1 nranks 2 total 1.19 (kernels 0.00, alloc 0.00, bootstrap 0.85, allgathers 0.34, topo 0.00, graphs 0.00, connections 0.00, rest 0.00)
ip-10-235-1-137:56:189 [0] NCCL INFO New proxy recv connection 0 from local rank 0, transport 2
ip-10-235-1-137:56:191 [0] NCCL INFO [Proxy Progress] Device 0 CPU core 1
ip-10-235-1-137:56:56 [0] NCCL INFO Connected to proxy localRank 0 -> connection 0x7144ec005220
ip-10-235-1-137:56:189 [0] NCCL INFO Could not get speed from /sys/class/net/ens5/speed. Defaulting to 10 Gbps.
ip-10-235-1-137:56:189 [0] NCCL INFO NET/Socket: Using 2 threads and 8 sockets per thread
ip-10-235-1-137:56:56 [0] NCCL INFO Channel 01/1 : 0[0] -> 1[0] [receive] via NET/Socket/0/Shared
ip-10-235-1-137:56:189 [0] NCCL INFO New proxy send connection 1 from local rank 0, transport 2
ip-10-235-1-137:56:56 [0] NCCL INFO Connected to proxy localRank 0 -> connection 0x7144ec0052a8
ip-10-235-1-137:56:189 [0] NCCL INFO Could not get speed from /sys/class/net/ens5/speed. Defaulting to 10 Gbps.
ip-10-235-1-137:56:56 [0] NCCL INFO Channel 01/1 : 1[0] -> 0[0] [send] via NET/Socket/0/Shared
ip-10-235-1-137:56:56 [0] NCCL INFO Initialized NET plugin Socket
ip-10-235-1-137:56:56 [0] NCCL INFO Could not get speed from /sys/class/net/ens5/speed. Defaulting to 10 Gbps.
ip-10-235-1-137:56:56 [0] NCCL INFO Assigned NET plugin Socket to comm
ip-10-235-1-137:56:56 [0] NCCL INFO Failed to initialize any GIN plugin
ip-10-235-1-137:56:56 [0] NCCL INFO Using network Socket
ip-10-235-1-137:56:56 [0] NCCL INFO [Rank 1] ncclCommInitRankConfig comm 0x5df2099b08e0 rank 1 nranks 2 cudaDev 0 nvmlDev 0 busId 1e0 commId 0xa51b570676170073 - Init START
ip-10-235-1-137:56:56 [0] NCCL INFO Topology detection : could not read /sys/devices/pci0000:00/0000:00:1e.0/../max_link_speed, ignoring
ip-10-235-1-137:56:56 [0] NCCL INFO Topology detection : could not read /sys/devices/pci0000:00/0000:00:1e.0/../max_link_width, ignoring
ip-10-235-1-137:56:56 [0] NCCL INFO Topology detection : could not read /sys/devices/system/node/node-1/cpumap, ignoring
ip-10-235-1-137:56:56 [0] NCCL INFO TOPO/NET : Importing network plugins to topology
ip-10-235-1-137:56:56 [0] NCCL INFO Could not get speed from /sys/class/net/ens5/speed. Defaulting to 10 Gbps.
ip-10-235-1-137:56:56 [0] NCCL INFO Topology detection : could not read /sys/devices/pci0000:00/0000:00:05.0/../max_link_speed, ignoring
ip-10-235-1-137:56:56 [0] NCCL INFO Topology detection : could not read /sys/devices/pci0000:00/0000:00:05.0/../max_link_width, ignoring
ip-10-235-1-137:56:56 [0] NCCL INFO Topology detection : could not read /sys/devices/system/node/node-1/cpumap, ignoring
ip-10-235-1-137:56:56 [0] NCCL INFO NET/Socket : GPU Direct RDMA Disabled for HCA 0 'ens5'
ip-10-235-1-137:56:56 [0] NCCL INFO ncclTopoPopulateNics : Filled ens5 in topo with pciPath=/sys/devices/pci0000:00/0000:00:05.0 net=1 gin=(null) keep=1 coll=(null)
ip-10-235-1-137:56:56 [0] NCCL INFO KV Convert to int : could not find value of 'Unknown' in dictionary, falling back to 60
ip-10-235-1-137:56:56 [0] NCCL INFO === System : maxBw 1.2 totalBw 24.0 ===
ip-10-235-1-137:56:56 [0] NCCL INFO CPU/0-ffffffffffffff (1/2/-1)
ip-10-235-1-137:56:56 [0] NCCL INFO + PCI[24.0] - GPU/0-1e0 (1)
ip-10-235-1-137:56:56 [0] NCCL INFO + PCI[12.0] - NIC/0-50
ip-10-235-1-137:56:56 [0] NCCL INFO               + NET[1.2] - NET/0-0 (0/0/0/1.250000)
ip-10-235-1-137:56:56 [0] NCCL INFO ==========================================
ip-10-235-1-137:56:56 [0] NCCL INFO GPU/0-1e0 :GPU/0-1e0 (0/5000.0/LOC) CPU/0-ffffffffffffff (1/24.0/PHB) NET/0-0 (3/1.2/PHB) 
ip-10-235-1-137:56:56 [0] NCCL INFO NET/0-0 :GPU/0-1e0 (3/1.2/PHB) CPU/0-ffffffffffffff (2/1.2/PHB) NET/0-0 (0/5000.0/LOC) 
ip-10-235-1-137:56:56 [0] NCCL INFO ncclTopoGetCpuAffinity: Affinity for GPU 0 is empty, ignoring. (GPU affinity =  ; CPU affinity = 0-3).
ip-10-235-1-137:56:56 [0] NCCL INFO Pattern 4, crossNic 0, nChannels 1, bw 1.200000/1.200000, type LOC/PHB, sameChannels 1
ip-10-235-1-137:56:56 [0] NCCL INFO  0 : NET/0-0 GPU/0-1e0 NET/0-0
ip-10-235-1-137:56:56 [0] NCCL INFO Pattern 3, crossNic 0, nChannels 1, bw 2.400000/1.200000, type LOC/PHB, sameChannels 1
ip-10-235-1-137:56:56 [0] NCCL INFO  0 : NET/0-0 GPU/0-1e0 NET/0-0
ip-10-235-1-137:56:56 [0] NCCL INFO Could not get speed from /sys/class/net/ens5/speed. Defaulting to 10 Gbps.
ip-10-235-1-137:56:56 [0] NCCL INFO comm 0x5df2099b08e0 rank 1 nRanks 2 nNodes 2 localRanks 1 localRank 0 MNNVL 0
ip-10-235-1-137:56:56 [0] NCCL INFO Tree 0 : 0 -> 1 -> -1/-1/-1
ip-10-235-1-137:56:56 [0] NCCL INFO Tree 1 : -1 -> 1 -> 0/-1/-1
ip-10-235-1-137:56:56 [0] NCCL INFO Ring 00 : 0 -> 1 -> 0
ip-10-235-1-137:56:56 [0] NCCL INFO Ring 01 : 0 -> 1 -> 0
ip-10-235-1-137:56:56 [0] NCCL INFO Trees [0] -1/-1/-1->1->0 [1] 0/-1/-1->1->-1
ip-10-235-1-137:56:56 [0] NCCL INFO P2P Chunksize set to 131072
ip-10-235-1-137:56:56 [0] NCCL INFO Check P2P Type isAllDirectP2p 1 directMode 0 isAllCudaP2p 1
ip-10-235-1-137:56:56 [0] NCCL INFO ncclP2pSchedule: group size used is 1
ip-10-235-1-137:56:196 [0] NCCL INFO [Proxy Service] Device 0 CPU core 3
ip-10-235-1-137:56:197 [0] NCCL INFO [Proxy Service UDS] Device 0 CPU core 1
ip-10-235-1-137:56:56 [0] NCCL INFO threadThresholds 8/8/64 | 16/8/64 | 512 | 512
ip-10-235-1-137:56:56 [0] NCCL INFO 2 coll channels, 2 collnet channels, 0 nvls channels, 2 p2p channels, 1 p2p channels per peer
ip-10-235-1-137:56:56 [0] NCCL INFO Symmetric VA size=24GB
ip-10-235-1-137:56:56 [0] NCCL INFO Symmetric memory is not supported. cuMemEnable 1, globalGinSupport 0, globalNicFused 0 cuMemGdrSupport 1
ip-10-235-1-137:56:56 [0] NCCL INFO ncclCommInitRankConfig comm 0x5df2099b08e0 rank 1 nranks 2 cudaDev 0 nvmlDev 0 busId 1e0 commId 0xa51b570676170073 - Init COMPLETE
ip-10-235-1-137:56:56 [0] NCCL INFO Init timings - ncclCommInitRankConfig: rank 1 nranks 2 total 0.21 (kernels 0.00, alloc 0.00, bootstrap 0.14, allgathers 0.06, topo 0.00, graphs 0.00, connections 0.00, rest 0.00)
ip-10-235-1-137:56:196 [0] NCCL INFO New proxy recv connection 0 from local rank 0, transport 2
ip-10-235-1-137:56:198 [0] NCCL INFO [Proxy Progress] Device 0 CPU core 2
ip-10-235-1-137:56:56 [0] NCCL INFO Connected to proxy localRank 0 -> connection 0x714528007dc0
ip-10-235-1-137:56:196 [0] NCCL INFO Could not get speed from /sys/class/net/ens5/speed. Defaulting to 10 Gbps.
ip-10-235-1-137:56:196 [0] NCCL INFO NET/Socket: Using 2 threads and 8 sockets per thread
ip-10-235-1-137:56:56 [0] NCCL INFO Channel 01/1 : 0[0] -> 1[0] [receive] via NET/Socket/0/Shared
ip-10-235-1-137:56:196 [0] NCCL INFO New proxy send connection 1 from local rank 0, transport 2
ip-10-235-1-137:56:56 [0] NCCL INFO Connected to proxy localRank 0 -> connection 0x714528007e48
ip-10-235-1-137:56:196 [0] NCCL INFO Could not get speed from /sys/class/net/ens5/speed. Defaulting to 10 Gbps.
ip-10-235-1-137:56:56 [0] NCCL INFO Channel 01/1 : 1[0] -> 0[0] [send] via NET/Socket/0/Shared
ip-10-235-1-137:56:56 [0] NCCL INFO Initialized NET plugin Socket
ip-10-235-1-137:56:56 [0] NCCL INFO Could not get speed from /sys/class/net/ens5/speed. Defaulting to 10 Gbps.
ip-10-235-1-137:56:56 [0] NCCL INFO Assigned NET plugin Socket to comm
ip-10-235-1-137:56:56 [0] NCCL INFO Failed to initialize any GIN plugin
ip-10-235-1-137:56:56 [0] NCCL INFO Using network Socket
ip-10-235-1-137:56:56 [0] NCCL INFO [Rank 0] ncclCommInitRankConfig comm 0x5df20dfe94d0 rank 0 nranks 2 cudaDev 0 nvmlDev 0 busId 1e0 commId 0x9bc2dfc843a032ee - Init START
ip-10-235-1-137:56:56 [0] NCCL INFO Topology detection : could not read /sys/devices/pci0000:00/0000:00:1e.0/../max_link_speed, ignoring
ip-10-235-1-137:56:56 [0] NCCL INFO Topology detection : could not read /sys/devices/pci0000:00/0000:00:1e.0/../max_link_width, ignoring
ip-10-235-1-137:56:56 [0] NCCL INFO Topology detection : could not read /sys/devices/system/node/node-1/cpumap, ignoring
ip-10-235-1-137:56:56 [0] NCCL INFO TOPO/NET : Importing network plugins to topology
ip-10-235-1-137:56:56 [0] NCCL INFO Could not get speed from /sys/class/net/ens5/speed. Defaulting to 10 Gbps.
ip-10-235-1-137:56:56 [0] NCCL INFO Topology detection : could not read /sys/devices/pci0000:00/0000:00:05.0/../max_link_speed, ignoring
ip-10-235-1-137:56:56 [0] NCCL INFO Topology detection : could not read /sys/devices/pci0000:00/0000:00:05.0/../max_link_width, ignoring
ip-10-235-1-137:56:56 [0] NCCL INFO Topology detection : could not read /sys/devices/system/node/node-1/cpumap, ignoring
ip-10-235-1-137:56:56 [0] NCCL INFO NET/Socket : GPU Direct RDMA Disabled for HCA 0 'ens5'
ip-10-235-1-137:56:56 [0] NCCL INFO ncclTopoPopulateNics : Filled ens5 in topo with pciPath=/sys/devices/pci0000:00/0000:00:05.0 net=1 gin=(null) keep=1 coll=(null)
ip-10-235-1-137:56:56 [0] NCCL INFO KV Convert to int : could not find value of 'Unknown' in dictionary, falling back to 60
ip-10-235-1-137:56:56 [0] NCCL INFO === System : maxBw 1.2 totalBw 24.0 ===
ip-10-235-1-137:56:56 [0] NCCL INFO CPU/0-ffffffffffffff (1/2/-1)
ip-10-235-1-137:56:56 [0] NCCL INFO + PCI[24.0] - GPU/0-1e0 (0)
ip-10-235-1-137:56:56 [0] NCCL INFO + PCI[12.0] - NIC/0-50
ip-10-235-1-137:56:56 [0] NCCL INFO               + NET[1.2] - NET/0-0 (0/0/0/1.250000)
ip-10-235-1-137:56:56 [0] NCCL INFO ==========================================
ip-10-235-1-137:56:56 [0] NCCL INFO GPU/0-1e0 :GPU/0-1e0 (0/5000.0/LOC) CPU/0-ffffffffffffff (1/24.0/PHB) NET/0-0 (3/1.2/PHB) 
ip-10-235-1-137:56:56 [0] NCCL INFO NET/0-0 :GPU/0-1e0 (3/1.2/PHB) CPU/0-ffffffffffffff (2/1.2/PHB) NET/0-0 (0/5000.0/LOC) 
ip-10-235-1-137:56:56 [0] NCCL INFO ncclTopoGetCpuAffinity: Affinity for GPU 0 is empty, ignoring. (GPU affinity =  ; CPU affinity = 0-3).
ip-10-235-1-137:56:56 [0] NCCL INFO Pattern 4, crossNic 0, nChannels 1, bw 1.200000/1.200000, type LOC/PHB, sameChannels 1
ip-10-235-1-137:56:56 [0] NCCL INFO  0 : NET/0-0 GPU/0-1e0 NET/0-0
ip-10-235-1-137:56:56 [0] NCCL INFO Pattern 3, crossNic 0, nChannels 1, bw 2.400000/1.200000, type LOC/PHB, sameChannels 1
ip-10-235-1-137:56:56 [0] NCCL INFO  0 : NET/0-0 GPU/0-1e0 NET/0-0
ip-10-235-1-137:56:56 [0] NCCL INFO Could not get speed from /sys/class/net/ens5/speed. Defaulting to 10 Gbps.
ip-10-235-1-137:56:56 [0] NCCL INFO comm 0x5df20dfe94d0 rank 0 nRanks 2 nNodes 2 localRanks 1 localRank 0 MNNVL 0
ip-10-235-1-137:56:56 [0] NCCL INFO Tree 0 : -1 -> 0 -> 1/-1/-1
ip-10-235-1-137:56:56 [0] NCCL INFO Tree 1 : 1 -> 0 -> -1/-1/-1
ip-10-235-1-137:56:56 [0] NCCL INFO Channel 00/02 : 0 1
ip-10-235-1-137:56:56 [0] NCCL INFO Channel 01/02 : 0 1
ip-10-235-1-137:56:56 [0] NCCL INFO Ring 00 : 1 -> 0 -> 1
ip-10-235-1-137:56:56 [0] NCCL INFO Ring 01 : 1 -> 0 -> 1
ip-10-235-1-137:56:56 [0] NCCL INFO Trees [0] 1/-1/-1->0->-1 [1] -1/-1/-1->0->1
ip-10-235-1-137:56:56 [0] NCCL INFO P2P Chunksize set to 131072
ip-10-235-1-137:56:56 [0] NCCL INFO Check P2P Type isAllDirectP2p 1 directMode 0 isAllCudaP2p 1
ip-10-235-1-137:56:204 [0] NCCL INFO [Proxy Service] Device 0 CPU core 0
ip-10-235-1-137:56:56 [0] NCCL INFO ncclP2pSchedule: group size used is 1
ip-10-235-1-137:56:205 [0] NCCL INFO [Proxy Service UDS] Device 0 CPU core 2
ip-10-235-1-137:56:56 [0] NCCL INFO threadThresholds 8/8/64 | 16/8/64 | 512 | 512
ip-10-235-1-137:56:56 [0] NCCL INFO 2 coll channels, 2 collnet channels, 0 nvls channels, 2 p2p channels, 1 p2p channels per peer
ip-10-235-1-137:56:56 [0] NCCL INFO Symmetric VA size=24GB
ip-10-235-1-137:56:56 [0] NCCL INFO Symmetric memory is not supported. cuMemEnable 1, globalGinSupport 0, globalNicFused 0 cuMemGdrSupport 1
ip-10-235-1-137:56:56 [0] NCCL INFO CC Off, workFifoBytes 1048576
ip-10-235-1-137:56:56 [0] NCCL INFO ncclCommInitRankConfig comm 0x5df20dfe94d0 rank 0 nranks 2 cudaDev 0 nvmlDev 0 busId 1e0 commId 0x9bc2dfc843a032ee - Init COMPLETE
ip-10-235-1-137:56:56 [0] NCCL INFO Init timings - ncclCommInitRankConfig: rank 0 nranks 2 total 0.47 (kernels 0.00, alloc 0.00, bootstrap 0.47, allgathers 0.00, topo 0.00, graphs 0.00, connections 0.00, rest 0.00)
ip-10-235-1-137:56:204 [0] NCCL INFO New proxy send connection 0 from local rank 0, transport 2
ip-10-235-1-137:56:206 [0] NCCL INFO [Proxy Progress] Device 0 CPU core 2
ip-10-235-1-137:56:56 [0] NCCL INFO Connected to proxy localRank 0 -> connection 0x7143ac03d290
ip-10-235-1-137:56:204 [0] NCCL INFO Could not get speed from /sys/class/net/ens5/speed. Defaulting to 10 Gbps.
ip-10-235-1-137:56:56 [0] NCCL INFO Channel 01/1 : 0[0] -> 1[0] [send] via NET/Socket/0/Shared
ip-10-235-1-137:56:204 [0] NCCL INFO New proxy recv connection 1 from local rank 0, transport 2
ip-10-235-1-137:56:56 [0] NCCL INFO Connected to proxy localRank 0 -> connection 0x7143ac03d318
ip-10-235-1-137:56:204 [0] NCCL INFO Could not get speed from /sys/class/net/ens5/speed. Defaulting to 10 Gbps.
ip-10-235-1-137:56:204 [0] NCCL INFO NET/Socket: Using 2 threads and 8 sockets per thread
ip-10-235-1-137:56:56 [0] NCCL INFO Channel 01/1 : 1[0] -> 0[0] [receive] via NET/Socket/0/Shared
ip-10-235-1-137:56:56 [0] NCCL INFO comm 0x5df2099b08e0 rank 1 nranks 2 cudaDev 0 busId 1e0 - Destroy COMPLETE
ip-10-235-1-137:56:56 [0] NCCL INFO comm 0x5df1fca58950 rank 12 nranks 16 cudaDev 0 busId 1e0 - Destroy COMPLETE
ip-10-235-1-137:56:56 [0] NCCL INFO comm 0x5df1fcf28a50 rank 0 nranks 2 cudaDev 0 busId 1e0 - Destroy COMPLETE
ip-10-235-1-137:56:56 [0] NCCL INFO comm 0x5df20dfe94d0 rank 0 nranks 2 cudaDev 0 busId 1e0 - Destroy COMPLETE
ip-10-235-1-137:56:56 [0] NCCL INFO comm 0x5df1fcdee6d0 rank 1 nranks 2 cudaDev 0 busId 1e0 - Destroy COMPLETE
ip-10-235-1-137:56:56 [0] NCCL INFO comm 0x5df2002d1390 rank 1 nranks 2 cudaDev 0 busId 1e0 - Destroy COMPLETE
ip-10-235-1-137:56:56 [0] NCCL INFO comm 0x5df1fd0e2cd0 rank 1 nranks 2 cudaDev 0 busId 1e0 - Destroy COMPLETE
ip-10-235-1-137:56:56 [0] NCCL INFO comm 0x5df1f88e1c50 rank 1 nranks 2 cudaDev 0 busId 1e0 - Destroy COMPLETE
ip-10-235-1-137:56:56 [0] NCCL INFO comm 0x5df20d5383b0 rank 1 nranks 2 cudaDev 0 busId 1e0 - Destroy COMPLETE
ip-10-235-1-137:56:56 [0] NCCL INFO comm 0x5df1fd46c690 rank 1 nranks 2 cudaDev 0 busId 1e0 - Destroy COMPLETE
ip-10-235-1-137:56:56 [0] NCCL INFO comm 0x5df1fffb4e50 rank 1 nranks 2 cudaDev 0 busId 1e0 - Destroy COMPLETE
ip-10-235-1-137:56:56 [0] NCCL INFO comm 0x5df205772e10 rank 0 nranks 2 cudaDev 0 busId 1e0 - Destroy COMPLETE
ip-10-235-1-137:56:56 [0] NCCL INFO comm 0x5df205897c00 rank 1 nranks 2 cudaDev 0 busId 1e0 - Destroy COMPLETE
ip-10-235-1-137:56:56 [0] NCCL INFO comm 0x5df2083bb8c0 rank 1 nranks 2 cudaDev 0 busId 1e0 - Destroy COMPLETE
ip-10-235-1-137:56:56 [0] NCCL INFO comm 0x5df2000d9c40 rank 1 nranks 2 cudaDev 0 busId 1e0 - Destroy COMPLETE
ip-10-235-1-137:56:56 [0] NCCL INFO comm 0x5df2003f6180 rank 1 nranks 2 cudaDev 0 busId 1e0 - Destroy COMPLETE
ip-10-235-1-137:56:56 [0] NCCL INFO ENV/Plugin: Closing env plugin ncclEnvDefault
