Warning: You are sending unauthenticated requests to the HF Hub. Please set a HF_TOKEN to enable higher rate limits and faster downloads.
Generating train split:   0%|          | 0/50000 [00:00<?, ? examples/s]Generating train split:  28%|██▊       | 14100/50000 [00:00<00:00, 103776.59 examples/s]Generating train split:  51%|█████▏    | 25700/50000 [00:00<00:00, 77886.97 examples/s] Generating train split: 100%|██████████| 50000/50000 [00:00<00:00, 132097.99 examples/s]Generating train split: 100%|██████████| 50000/50000 [00:00<00:00, 118642.69 examples/s]
Generating test split:   0%|          | 0/10000 [00:00<?, ? examples/s]Generating test split: 100%|██████████| 10000/10000 [00:00<00:00, 247944.53 examples/s]
[W909 10:01:58.355119321 Utils.hpp:166] Warning: Environment variable NCCL_BLOCKING_WAIT is deprecated; use TORCH_NCCL_BLOCKING_WAIT instead (function operator())
[W909 10:01:58.355141301 Utils.hpp:137] Warning: Environment variable NCCL_ASYNC_ERROR_HANDLING is deprecated; use TORCH_NCCL_ASYNC_ERROR_HANDLING instead (function operator())
[rank5]:[W909 10:02:02.524664121 ProcessGroupNCCL.cpp:4215] Warning: An unbatched P2P op (send/recv) was called on this ProcessGroup with size 16.  In lazy initialization mode, this will result in a new 2-rank NCCL communicator to be created. (function operator())
ip-10-232-1-152:58:58 [0] NCCL INFO ENV/Plugin: Could not find: libnccl-env.so
ip-10-232-1-152:58:58 [0] NCCL INFO cudaDriverVersion 13020
ip-10-232-1-152:58:58 [0] NCCL INFO NCCL_SOCKET_IFNAME set to ens5
ip-10-232-1-152:58:58 [0] NCCL INFO NCCL version 2.29.7+cuda13.2
ip-10-232-1-152:58:58 [0] NCCL INFO NCCL git version stable b81d6a5a3
ip-10-232-1-152:58:58 [0] NCCL INFO NET/Plugin: Could not find: libnccl-net.so
ip-10-232-1-152:58:58 [0] NCCL INFO transport/net_ib/init.cc:396 -> 3
ip-10-232-1-152:58:58 [0] NCCL INFO Failed to initialize NET plugin IB
ip-10-232-1-152:58:58 [0] NCCL INFO NET/Socket : Using [0]ens5:10.232.1.152<0>
ip-10-232-1-152:58:58 [0] NCCL INFO Initialized NET plugin Socket
ip-10-232-1-152:58:58 [0] NCCL INFO Could not get speed from /sys/class/net/ens5/speed. Defaulting to 10 Gbps.
ip-10-232-1-152:58:58 [0] NCCL INFO Assigned NET plugin Socket to comm
ip-10-232-1-152:58:58 [0] NCCL INFO GIN/Plugin: Could not find: libnccl-gin.so

[2026-09-09 10:02:07] ip-10-232-1-152:58:58 [0] misc/ibvwrap.cc:173 NCCL WARN lib wrapper not initialized.
ip-10-232-1-152:58:58 [0] NCCL INFO transport/net_ib/gdr.cc:56 -> 3
ip-10-232-1-152:58:58 [0] NCCL INFO Unable to use GIN: Peermem is not supported, nor DMA-BUF.
ip-10-232-1-152:58:58 [0] NCCL INFO Unable to use GIN: Peermem is not supported, nor DMA-BUF.
ip-10-232-1-152:58:58 [0] NCCL INFO Failed to initialize any GIN plugin
ip-10-232-1-152:58:58 [0] NCCL INFO Using network Socket
ip-10-232-1-152:58:58 [0] NCCL INFO [Rank 1] ncclCommInitRankConfig comm 0x55b2124a35b0 rank 1 nranks 2 cudaDev 0 nvmlDev 0 busId 1e0 commId 0xf0bdda09d194268d - Init START
ip-10-232-1-152:58:58 [0] NCCL INFO RAS client listening socket at 127.0.0.1<28028>
ip-10-232-1-152:58:58 [0] NCCL INFO Topology detection : could not read /sys/devices/pci0000:00/0000:00:1e.0/../max_link_speed, ignoring
ip-10-232-1-152:58:58 [0] NCCL INFO Topology detection : could not read /sys/devices/pci0000:00/0000:00:1e.0/../max_link_width, ignoring
ip-10-232-1-152:58:58 [0] NCCL INFO Topology detection : could not read /sys/devices/system/node/node-1/cpumap, ignoring
ip-10-232-1-152:58:58 [0] NCCL INFO TOPO/NET : Importing network plugins to topology
ip-10-232-1-152:58:58 [0] NCCL INFO Could not get speed from /sys/class/net/ens5/speed. Defaulting to 10 Gbps.
ip-10-232-1-152:58:58 [0] NCCL INFO Topology detection : could not read /sys/devices/pci0000:00/0000:00:05.0/../max_link_speed, ignoring
ip-10-232-1-152:58:58 [0] NCCL INFO Topology detection : could not read /sys/devices/pci0000:00/0000:00:05.0/../max_link_width, ignoring
ip-10-232-1-152:58:58 [0] NCCL INFO Topology detection : could not read /sys/devices/system/node/node-1/cpumap, ignoring
ip-10-232-1-152:58:58 [0] NCCL INFO NET/Socket : GPU Direct RDMA Disabled for HCA 0 'ens5'
ip-10-232-1-152:58:58 [0] NCCL INFO ncclTopoPopulateNics : Filled ens5 in topo with pciPath=/sys/devices/pci0000:00/0000:00:05.0 net=1 gin=(null) keep=1 coll=(null)
ip-10-232-1-152:58:58 [0] NCCL INFO KV Convert to int : could not find value of 'Unknown' in dictionary, falling back to 60
ip-10-232-1-152:58:58 [0] NCCL INFO === System : maxBw 1.2 totalBw 24.0 ===
ip-10-232-1-152:58:58 [0] NCCL INFO CPU/0-ffffffffffffff (1/2/-1)
ip-10-232-1-152:58:58 [0] NCCL INFO + PCI[24.0] - GPU/0-1e0 (1)
ip-10-232-1-152:58:58 [0] NCCL INFO + PCI[12.0] - NIC/0-50
ip-10-232-1-152:58:58 [0] NCCL INFO               + NET[1.2] - NET/0-0 (0/0/0/1.250000)
ip-10-232-1-152:58:58 [0] NCCL INFO ==========================================
ip-10-232-1-152:58:58 [0] NCCL INFO GPU/0-1e0 :GPU/0-1e0 (0/5000.0/LOC) CPU/0-ffffffffffffff (1/24.0/PHB) NET/0-0 (3/1.2/PHB) 
ip-10-232-1-152:58:58 [0] NCCL INFO NET/0-0 :GPU/0-1e0 (3/1.2/PHB) CPU/0-ffffffffffffff (2/1.2/PHB) NET/0-0 (0/5000.0/LOC) 
ip-10-232-1-152:58:58 [0] NCCL INFO ncclTopoGetCpuAffinity: Affinity for GPU 0 is empty, ignoring. (GPU affinity =  ; CPU affinity = 0-3).
ip-10-232-1-152:58:58 [0] NCCL INFO Pattern 4, crossNic 0, nChannels 1, bw 1.200000/1.200000, type LOC/PHB, sameChannels 1
ip-10-232-1-152:58:58 [0] NCCL INFO  0 : NET/0-0 GPU/0-1e0 NET/0-0
ip-10-232-1-152:58:58 [0] NCCL INFO Pattern 3, crossNic 0, nChannels 1, bw 2.400000/1.200000, type LOC/PHB, sameChannels 1
ip-10-232-1-152:58:58 [0] NCCL INFO  0 : NET/0-0 GPU/0-1e0 NET/0-0
ip-10-232-1-152:58:58 [0] NCCL INFO Could not get speed from /sys/class/net/ens5/speed. Defaulting to 10 Gbps.
ip-10-232-1-152:58:58 [0] NCCL INFO comm 0x55b2124a35b0 rank 1 nRanks 2 nNodes 2 localRanks 1 localRank 0 MNNVL 0
ip-10-232-1-152:58:58 [0] NCCL INFO Tree 0 : 0 -> 1 -> -1/-1/-1
ip-10-232-1-152:58:58 [0] NCCL INFO Tree 1 : -1 -> 1 -> 0/-1/-1
ip-10-232-1-152:58:58 [0] NCCL INFO Ring 00 : 0 -> 1 -> 0
ip-10-232-1-152:58:58 [0] NCCL INFO Ring 01 : 0 -> 1 -> 0
ip-10-232-1-152:58:58 [0] NCCL INFO Trees [0] -1/-1/-1->1->0 [1] 0/-1/-1->1->-1
ip-10-232-1-152:58:58 [0] NCCL INFO P2P Chunksize set to 131072
ip-10-232-1-152:58:58 [0] NCCL INFO PROFILER/Plugin: Could not find: libnccl-profiler.so
ip-10-232-1-152:58:58 [0] NCCL INFO Check P2P Type isAllDirectP2p 1 directMode 0 isAllCudaP2p 1
ip-10-232-1-152:58:58 [0] NCCL INFO ncclP2pSchedule: group size used is 1
ip-10-232-1-152:58:101 [0] NCCL INFO [Proxy Service UDS] Device 0 CPU core 0
ip-10-232-1-152:58:58 [0] NCCL INFO TUNER/Plugin: Could not find: libnccl-tuner.so
ip-10-232-1-152:58:58 [0] NCCL INFO threadThresholds 8/8/64 | 16/8/64 | 512 | 512
ip-10-232-1-152:58:58 [0] NCCL INFO 2 coll channels, 2 collnet channels, 0 nvls channels, 2 p2p channels, 1 p2p channels per peer
ip-10-232-1-152:58:58 [0] NCCL INFO Symmetric VA size=24GB
ip-10-232-1-152:58:58 [0] NCCL INFO Symmetric memory is not supported. cuMemEnable 1, globalGinSupport 0, globalNicFused 0 cuMemGdrSupport 1
ip-10-232-1-152:58:100 [0] NCCL INFO [Proxy Service] Device 0 CPU core 3
ip-10-232-1-152:58:58 [0] NCCL INFO ncclCommInitRankConfig comm 0x55b2124a35b0 rank 1 nranks 2 cudaDev 0 nvmlDev 0 busId 1e0 commId 0xf0bdda09d194268d - Init COMPLETE
ip-10-232-1-152:58:58 [0] NCCL INFO Init timings - ncclCommInitRankConfig: rank 1 nranks 2 total 0.19 (kernels 0.15, alloc 0.02, bootstrap 0.01, allgathers 0.00, topo 0.00, graphs 0.00, connections 0.00, rest 0.00)
ip-10-232-1-152:58:100 [0] NCCL INFO New proxy recv connection 0 from local rank 0, transport 2
ip-10-232-1-152:58:102 [0] NCCL INFO [Proxy Progress] Device 0 CPU core 3
ip-10-232-1-152:58:58 [0] NCCL INFO Connected to proxy localRank 0 -> connection 0x7c25ec004fa0
ip-10-232-1-152:58:100 [0] NCCL INFO Could not get speed from /sys/class/net/ens5/speed. Defaulting to 10 Gbps.
ip-10-232-1-152:58:100 [0] NCCL INFO NET/Socket: Using 2 threads and 8 sockets per thread
ip-10-232-1-152:58:58 [0] NCCL INFO Channel 01/1 : 0[0] -> 1[0] [receive] via NET/Socket/0/Shared
[rank5]:[W909 10:02:07.289894100 ProcessGroupNCCL.cpp:4215] Warning: An unbatched P2P op (send/recv) was called on this ProcessGroup with size 16.  In lazy initialization mode, this will result in a new 2-rank NCCL communicator to be created. (function operator())
ip-10-232-1-152:58:100 [0] NCCL INFO New proxy send connection 1 from local rank 0, transport 2
ip-10-232-1-152:58:58 [0] NCCL INFO Connected to proxy localRank 0 -> connection 0x7c25ec005028
ip-10-232-1-152:58:100 [0] NCCL INFO Could not get speed from /sys/class/net/ens5/speed. Defaulting to 10 Gbps.
ip-10-232-1-152:58:58 [0] NCCL INFO Channel 01/1 : 1[0] -> 0[0] [send] via NET/Socket/0/Shared
ip-10-232-1-152:58:58 [0] NCCL INFO Initialized NET plugin Socket
ip-10-232-1-152:58:58 [0] NCCL INFO Could not get speed from /sys/class/net/ens5/speed. Defaulting to 10 Gbps.
ip-10-232-1-152:58:58 [0] NCCL INFO Assigned NET plugin Socket to comm
ip-10-232-1-152:58:58 [0] NCCL INFO Failed to initialize any GIN plugin
ip-10-232-1-152:58:58 [0] NCCL INFO Using network Socket
ip-10-232-1-152:58:58 [0] NCCL INFO [Rank 5] ncclCommInitRankConfig comm 0x55b21661a6c0 rank 5 nranks 16 cudaDev 0 nvmlDev 0 busId 1e0 commId 0xb52e73f562d9812f - Init START
ip-10-232-1-152:58:58 [0] NCCL INFO Topology detection : could not read /sys/devices/pci0000:00/0000:00:1e.0/../max_link_speed, ignoring
ip-10-232-1-152:58:58 [0] NCCL INFO Topology detection : could not read /sys/devices/pci0000:00/0000:00:1e.0/../max_link_width, ignoring
ip-10-232-1-152:58:58 [0] NCCL INFO Topology detection : could not read /sys/devices/system/node/node-1/cpumap, ignoring
ip-10-232-1-152:58:58 [0] NCCL INFO TOPO/NET : Importing network plugins to topology
ip-10-232-1-152:58:58 [0] NCCL INFO Could not get speed from /sys/class/net/ens5/speed. Defaulting to 10 Gbps.
ip-10-232-1-152:58:58 [0] NCCL INFO Topology detection : could not read /sys/devices/pci0000:00/0000:00:05.0/../max_link_speed, ignoring
ip-10-232-1-152:58:58 [0] NCCL INFO Topology detection : could not read /sys/devices/pci0000:00/0000:00:05.0/../max_link_width, ignoring
ip-10-232-1-152:58:58 [0] NCCL INFO Topology detection : could not read /sys/devices/system/node/node-1/cpumap, ignoring
ip-10-232-1-152:58:58 [0] NCCL INFO NET/Socket : GPU Direct RDMA Disabled for HCA 0 'ens5'
ip-10-232-1-152:58:58 [0] NCCL INFO ncclTopoPopulateNics : Filled ens5 in topo with pciPath=/sys/devices/pci0000:00/0000:00:05.0 net=1 gin=(null) keep=1 coll=(null)
ip-10-232-1-152:58:58 [0] NCCL INFO KV Convert to int : could not find value of 'Unknown' in dictionary, falling back to 60
ip-10-232-1-152:58:58 [0] NCCL INFO === System : maxBw 1.2 totalBw 24.0 ===
ip-10-232-1-152:58:58 [0] NCCL INFO CPU/0-ffffffffffffff (1/2/-1)
ip-10-232-1-152:58:58 [0] NCCL INFO + PCI[24.0] - GPU/0-1e0 (5)
ip-10-232-1-152:58:58 [0] NCCL INFO + PCI[12.0] - NIC/0-50
ip-10-232-1-152:58:58 [0] NCCL INFO               + NET[1.2] - NET/0-0 (0/0/0/1.250000)
ip-10-232-1-152:58:58 [0] NCCL INFO ==========================================
ip-10-232-1-152:58:58 [0] NCCL INFO GPU/0-1e0 :GPU/0-1e0 (0/5000.0/LOC) CPU/0-ffffffffffffff (1/24.0/PHB) NET/0-0 (3/1.2/PHB) 
ip-10-232-1-152:58:58 [0] NCCL INFO NET/0-0 :GPU/0-1e0 (3/1.2/PHB) CPU/0-ffffffffffffff (2/1.2/PHB) NET/0-0 (0/5000.0/LOC) 
ip-10-232-1-152:58:58 [0] NCCL INFO ncclTopoGetCpuAffinity: Affinity for GPU 0 is empty, ignoring. (GPU affinity =  ; CPU affinity = 0-3).
ip-10-232-1-152:58:58 [0] NCCL INFO Pattern 4, crossNic 0, nChannels 1, bw 1.200000/1.200000, type LOC/PHB, sameChannels 1
ip-10-232-1-152:58:58 [0] NCCL INFO  0 : NET/0-0 GPU/0-1e0 NET/0-0
ip-10-232-1-152:58:58 [0] NCCL INFO Pattern 3, crossNic 0, nChannels 1, bw 2.400000/1.200000, type LOC/PHB, sameChannels 1
ip-10-232-1-152:58:58 [0] NCCL INFO  0 : NET/0-0 GPU/0-1e0 NET/0-0
ip-10-232-1-152:58:58 [0] NCCL INFO Could not get speed from /sys/class/net/ens5/speed. Defaulting to 10 Gbps.
ip-10-232-1-152:58:58 [0] NCCL INFO comm 0x55b21661a6c0 rank 5 nRanks 16 nNodes 16 localRanks 1 localRank 0 MNNVL 0
ip-10-232-1-152:58:58 [0] NCCL INFO Tree 0 : 6 -> 5 -> -1/-1/-1
ip-10-232-1-152:58:58 [0] NCCL INFO Tree 1 : 3 -> 5 -> 6/4/-1
ip-10-232-1-152:58:58 [0] NCCL INFO Ring 00 : 4 -> 5 -> 6
ip-10-232-1-152:58:58 [0] NCCL INFO Ring 01 : 4 -> 5 -> 6
ip-10-232-1-152:58:58 [0] NCCL INFO Trees [0] -1/-1/-1->5->6 [1] 6/4/-1->5->3
ip-10-232-1-152:58:58 [0] NCCL INFO P2P Chunksize set to 131072
ip-10-232-1-152:58:58 [0] NCCL INFO Check P2P Type isAllDirectP2p 1 directMode 0 isAllCudaP2p 1
ip-10-232-1-152:58:58 [0] NCCL INFO ncclP2pSchedule: group size used is 1
ip-10-232-1-152:58:107 [0] NCCL INFO [Proxy Service] Device 0 CPU core 3
ip-10-232-1-152:58:108 [0] NCCL INFO [Proxy Service UDS] Device 0 CPU core 0
ip-10-232-1-152:58:58 [0] NCCL INFO threadThresholds 8/8/64 | 128/8/64 | 512 | 512
ip-10-232-1-152:58:58 [0] NCCL INFO 2 coll channels, 2 collnet channels, 0 nvls channels, 2 p2p channels, 1 p2p channels per peer
ip-10-232-1-152:58:58 [0] NCCL INFO Symmetric VA size=24GB
ip-10-232-1-152:58:58 [0] NCCL INFO Symmetric memory is not supported. cuMemEnable 1, globalGinSupport 0, globalNicFused 0 cuMemGdrSupport 1
ip-10-232-1-152:58:58 [0] NCCL INFO ncclCommInitRankConfig comm 0x55b21661a6c0 rank 5 nranks 16 cudaDev 0 nvmlDev 0 busId 1e0 commId 0xb52e73f562d9812f - Init COMPLETE
ip-10-232-1-152:58:58 [0] NCCL INFO Init timings - ncclCommInitRankConfig: rank 5 nranks 16 total 48.55 (kernels 0.00, alloc 0.00, bootstrap 45.49, allgathers 3.05, topo 0.00, graphs 0.00, connections 0.00, rest 0.00)
ip-10-232-1-152:58:107 [0] NCCL INFO New proxy recv connection 0 from local rank 0, transport 2
ip-10-232-1-152:58:109 [0] NCCL INFO [Proxy Progress] Device 0 CPU core 1
ip-10-232-1-152:58:58 [0] NCCL INFO Connected to proxy localRank 0 -> connection 0x7c25b8004f70
ip-10-232-1-152:58:107 [0] NCCL INFO Could not get speed from /sys/class/net/ens5/speed. Defaulting to 10 Gbps.
ip-10-232-1-152:58:107 [0] NCCL INFO NET/Socket: Using 2 threads and 8 sockets per thread
ip-10-232-1-152:58:58 [0] NCCL INFO Channel 01/0 : 4[0] -> 5[0] [receive] via NET/Socket/0
ip-10-232-1-152:58:107 [0] NCCL INFO New proxy send connection 1 from local rank 0, transport 2
ip-10-232-1-152:58:58 [0] NCCL INFO Connected to proxy localRank 0 -> connection 0x7c25b8004ff8
ip-10-232-1-152:58:107 [0] NCCL INFO Could not get speed from /sys/class/net/ens5/speed. Defaulting to 10 Gbps.
ip-10-232-1-152:58:58 [0] NCCL INFO Channel 00/0 : 5[0] -> 6[0] [send] via NET/Socket/0
ip-10-232-1-152:58:107 [0] NCCL INFO New proxy send connection 2 from local rank 0, transport 2
ip-10-232-1-152:58:58 [0] NCCL INFO Connected to proxy localRank 0 -> connection 0x7c25b8005080
ip-10-232-1-152:58:107 [0] NCCL INFO Could not get speed from /sys/class/net/ens5/speed. Defaulting to 10 Gbps.
ip-10-232-1-152:58:58 [0] NCCL INFO Channel 01/0 : 5[0] -> 6[0] [send] via NET/Socket/0
ip-10-232-1-152:58:107 [0] NCCL INFO New proxy recv connection 3 from local rank 0, transport 2
ip-10-232-1-152:58:58 [0] NCCL INFO Connected to proxy localRank 0 -> connection 0x7c25b8005108
ip-10-232-1-152:58:107 [0] NCCL INFO Could not get speed from /sys/class/net/ens5/speed. Defaulting to 10 Gbps.
ip-10-232-1-152:58:107 [0] NCCL INFO NET/Socket: Using 2 threads and 8 sockets per thread
ip-10-232-1-152:58:58 [0] NCCL INFO Channel 01/0 : 3[0] -> 5[0] [receive] via NET/Socket/0
ip-10-232-1-152:58:107 [0] NCCL INFO New proxy send connection 4 from local rank 0, transport 2
ip-10-232-1-152:58:58 [0] NCCL INFO Connected to proxy localRank 0 -> connection 0x7c25b8005190
ip-10-232-1-152:58:107 [0] NCCL INFO Could not get speed from /sys/class/net/ens5/speed. Defaulting to 10 Gbps.
ip-10-232-1-152:58:58 [0] NCCL INFO Channel 01/0 : 5[0] -> 3[0] [send] via NET/Socket/0
ip-10-232-1-152:58:107 [0] NCCL INFO New proxy recv connection 5 from local rank 0, transport 2
ip-10-232-1-152:58:58 [0] NCCL INFO Connected to proxy localRank 0 -> connection 0x7c25b8005218
ip-10-232-1-152:58:107 [0] NCCL INFO Could not get speed from /sys/class/net/ens5/speed. Defaulting to 10 Gbps.
ip-10-232-1-152:58:107 [0] NCCL INFO NET/Socket: Using 2 threads and 8 sockets per thread
ip-10-232-1-152:58:58 [0] NCCL INFO Channel 00/0 : 6[0] -> 5[0] [receive] via NET/Socket/0
ip-10-232-1-152:58:107 [0] NCCL INFO New proxy recv connection 6 from local rank 0, transport 2
ip-10-232-1-152:58:58 [0] NCCL INFO Connected to proxy localRank 0 -> connection 0x7c25b80052a0
ip-10-232-1-152:58:107 [0] NCCL INFO Could not get speed from /sys/class/net/ens5/speed. Defaulting to 10 Gbps.
ip-10-232-1-152:58:107 [0] NCCL INFO NET/Socket: Using 2 threads and 8 sockets per thread
ip-10-232-1-152:58:58 [0] NCCL INFO Channel 01/0 : 6[0] -> 5[0] [receive] via NET/Socket/0
ip-10-232-1-152:58:107 [0] NCCL INFO New proxy send connection 7 from local rank 0, transport 2
ip-10-232-1-152:58:58 [0] NCCL INFO Connected to proxy localRank 0 -> connection 0x7c25b8005328
ip-10-232-1-152:58:107 [0] NCCL INFO Could not get speed from /sys/class/net/ens5/speed. Defaulting to 10 Gbps.
ip-10-232-1-152:58:58 [0] NCCL INFO Channel 01/0 : 5[0] -> 4[0] [send] via NET/Socket/0
ip-10-232-1-152:58:58 [0] NCCL INFO Connected all trees
ip-10-232-1-152:58:58 [0] NCCL INFO Initialized NET plugin Socket
ip-10-232-1-152:58:58 [0] NCCL INFO Could not get speed from /sys/class/net/ens5/speed. Defaulting to 10 Gbps.
ip-10-232-1-152:58:58 [0] NCCL INFO Assigned NET plugin Socket to comm
ip-10-232-1-152:58:58 [0] NCCL INFO Failed to initialize any GIN plugin
ip-10-232-1-152:58:58 [0] NCCL INFO Using network Socket
ip-10-232-1-152:58:58 [0] NCCL INFO [Rank 0] ncclCommInitRankConfig comm 0x55b2169bab80 rank 0 nranks 2 cudaDev 0 nvmlDev 0 busId 1e0 commId 0xc13bc6f75b7d68a0 - Init START
ip-10-232-1-152:58:58 [0] NCCL INFO Topology detection : could not read /sys/devices/pci0000:00/0000:00:1e.0/../max_link_speed, ignoring
ip-10-232-1-152:58:58 [0] NCCL INFO Topology detection : could not read /sys/devices/pci0000:00/0000:00:1e.0/../max_link_width, ignoring
ip-10-232-1-152:58:58 [0] NCCL INFO Topology detection : could not read /sys/devices/system/node/node-1/cpumap, ignoring
ip-10-232-1-152:58:58 [0] NCCL INFO TOPO/NET : Importing network plugins to topology
ip-10-232-1-152:58:58 [0] NCCL INFO Could not get speed from /sys/class/net/ens5/speed. Defaulting to 10 Gbps.
ip-10-232-1-152:58:58 [0] NCCL INFO Topology detection : could not read /sys/devices/pci0000:00/0000:00:05.0/../max_link_speed, ignoring
ip-10-232-1-152:58:58 [0] NCCL INFO Topology detection : could not read /sys/devices/pci0000:00/0000:00:05.0/../max_link_width, ignoring
ip-10-232-1-152:58:58 [0] NCCL INFO Topology detection : could not read /sys/devices/system/node/node-1/cpumap, ignoring
ip-10-232-1-152:58:58 [0] NCCL INFO NET/Socket : GPU Direct RDMA Disabled for HCA 0 'ens5'
ip-10-232-1-152:58:58 [0] NCCL INFO ncclTopoPopulateNics : Filled ens5 in topo with pciPath=/sys/devices/pci0000:00/0000:00:05.0 net=1 gin=(null) keep=1 coll=(null)
ip-10-232-1-152:58:58 [0] NCCL INFO KV Convert to int : could not find value of 'Unknown' in dictionary, falling back to 60
ip-10-232-1-152:58:58 [0] NCCL INFO === System : maxBw 1.2 totalBw 24.0 ===
ip-10-232-1-152:58:58 [0] NCCL INFO CPU/0-ffffffffffffff (1/2/-1)
ip-10-232-1-152:58:58 [0] NCCL INFO + PCI[24.0] - GPU/0-1e0 (0)
ip-10-232-1-152:58:58 [0] NCCL INFO + PCI[12.0] - NIC/0-50
ip-10-232-1-152:58:58 [0] NCCL INFO               + NET[1.2] - NET/0-0 (0/0/0/1.250000)
ip-10-232-1-152:58:58 [0] NCCL INFO ==========================================
ip-10-232-1-152:58:58 [0] NCCL INFO GPU/0-1e0 :GPU/0-1e0 (0/5000.0/LOC) CPU/0-ffffffffffffff (1/24.0/PHB) NET/0-0 (3/1.2/PHB) 
ip-10-232-1-152:58:58 [0] NCCL INFO NET/0-0 :GPU/0-1e0 (3/1.2/PHB) CPU/0-ffffffffffffff (2/1.2/PHB) NET/0-0 (0/5000.0/LOC) 
ip-10-232-1-152:58:58 [0] NCCL INFO ncclTopoGetCpuAffinity: Affinity for GPU 0 is empty, ignoring. (GPU affinity =  ; CPU affinity = 0-3).
ip-10-232-1-152:58:58 [0] NCCL INFO Pattern 4, crossNic 0, nChannels 1, bw 1.200000/1.200000, type LOC/PHB, sameChannels 1
ip-10-232-1-152:58:58 [0] NCCL INFO  0 : NET/0-0 GPU/0-1e0 NET/0-0
ip-10-232-1-152:58:58 [0] NCCL INFO Pattern 3, crossNic 0, nChannels 1, bw 2.400000/1.200000, type LOC/PHB, sameChannels 1
ip-10-232-1-152:58:58 [0] NCCL INFO  0 : NET/0-0 GPU/0-1e0 NET/0-0
ip-10-232-1-152:58:58 [0] NCCL INFO Could not get speed from /sys/class/net/ens5/speed. Defaulting to 10 Gbps.
ip-10-232-1-152:58:58 [0] NCCL INFO comm 0x55b2169bab80 rank 0 nRanks 2 nNodes 2 localRanks 1 localRank 0 MNNVL 0
ip-10-232-1-152:58:58 [0] NCCL INFO Tree 0 : -1 -> 0 -> 1/-1/-1
ip-10-232-1-152:58:58 [0] NCCL INFO Tree 1 : 1 -> 0 -> -1/-1/-1
ip-10-232-1-152:58:58 [0] NCCL INFO Channel 00/02 : 0 1
ip-10-232-1-152:58:58 [0] NCCL INFO Channel 01/02 : 0 1
ip-10-232-1-152:58:58 [0] NCCL INFO Ring 00 : 1 -> 0 -> 1
ip-10-232-1-152:58:58 [0] NCCL INFO Ring 01 : 1 -> 0 -> 1
ip-10-232-1-152:58:58 [0] NCCL INFO Trees [0] 1/-1/-1->0->-1 [1] -1/-1/-1->0->1
ip-10-232-1-152:58:58 [0] NCCL INFO P2P Chunksize set to 131072
ip-10-232-1-152:58:58 [0] NCCL INFO Check P2P Type isAllDirectP2p 1 directMode 0 isAllCudaP2p 1
ip-10-232-1-152:58:58 [0] NCCL INFO ncclP2pSchedule: group size used is 1
ip-10-232-1-152:58:111 [0] NCCL INFO [Proxy Service] Device 0 CPU core 3
ip-10-232-1-152:58:112 [0] NCCL INFO [Proxy Service UDS] Device 0 CPU core 3
ip-10-232-1-152:58:58 [0] NCCL INFO threadThresholds 8/8/64 | 16/8/64 | 512 | 512
ip-10-232-1-152:58:58 [0] NCCL INFO 2 coll channels, 2 collnet channels, 0 nvls channels, 2 p2p channels, 1 p2p channels per peer
ip-10-232-1-152:58:58 [0] NCCL INFO Symmetric VA size=24GB
ip-10-232-1-152:58:58 [0] NCCL INFO Symmetric memory is not supported. cuMemEnable 1, globalGinSupport 0, globalNicFused 0 cuMemGdrSupport 1
ip-10-232-1-152:58:58 [0] NCCL INFO CC Off, workFifoBytes 1048576
ip-10-232-1-152:58:58 [0] NCCL INFO ncclCommInitRankConfig comm 0x55b2169bab80 rank 0 nranks 2 cudaDev 0 nvmlDev 0 busId 1e0 commId 0xc13bc6f75b7d68a0 - Init COMPLETE
ip-10-232-1-152:58:58 [0] NCCL INFO Init timings - ncclCommInitRankConfig: rank 0 nranks 2 total 1.14 (kernels 0.00, alloc 0.00, bootstrap 0.89, allgathers 0.25, topo 0.00, graphs 0.00, connections 0.00, rest 0.00)
ip-10-232-1-152:58:111 [0] NCCL INFO New proxy send connection 0 from local rank 0, transport 2
ip-10-232-1-152:58:113 [0] NCCL INFO [Proxy Progress] Device 0 CPU core 1
ip-10-232-1-152:58:58 [0] NCCL INFO Connected to proxy localRank 0 -> connection 0x7c2590004f70
ip-10-232-1-152:58:111 [0] NCCL INFO Could not get speed from /sys/class/net/ens5/speed. Defaulting to 10 Gbps.
ip-10-232-1-152:58:58 [0] NCCL INFO Channel 01/1 : 0[0] -> 1[0] [send] via NET/Socket/0/Shared
ip-10-232-1-152:58:111 [0] NCCL INFO New proxy recv connection 1 from local rank 0, transport 2
ip-10-232-1-152:58:58 [0] NCCL INFO Connected to proxy localRank 0 -> connection 0x7c2590004ff8
ip-10-232-1-152:58:111 [0] NCCL INFO Could not get speed from /sys/class/net/ens5/speed. Defaulting to 10 Gbps.
ip-10-232-1-152:58:111 [0] NCCL INFO NET/Socket: Using 2 threads and 8 sockets per thread
ip-10-232-1-152:58:58 [0] NCCL INFO Channel 01/1 : 1[0] -> 0[0] [receive] via NET/Socket/0/Shared
ip-10-232-1-152:58:58 [0] NCCL INFO Initialized NET plugin Socket
ip-10-232-1-152:58:58 [0] NCCL INFO Could not get speed from /sys/class/net/ens5/speed. Defaulting to 10 Gbps.
ip-10-232-1-152:58:58 [0] NCCL INFO Assigned NET plugin Socket to comm
ip-10-232-1-152:58:58 [0] NCCL INFO Failed to initialize any GIN plugin
ip-10-232-1-152:58:58 [0] NCCL INFO Using network Socket
ip-10-232-1-152:58:58 [0] NCCL INFO [Rank 0] ncclCommInitRankConfig comm 0x55b2199af000 rank 0 nranks 2 cudaDev 0 nvmlDev 0 busId 1e0 commId 0xde7e098cf9c4b476 - Init START
ip-10-232-1-152:58:58 [0] NCCL INFO Topology detection : could not read /sys/devices/pci0000:00/0000:00:1e.0/../max_link_speed, ignoring
ip-10-232-1-152:58:58 [0] NCCL INFO Topology detection : could not read /sys/devices/pci0000:00/0000:00:1e.0/../max_link_width, ignoring
ip-10-232-1-152:58:58 [0] NCCL INFO Topology detection : could not read /sys/devices/system/node/node-1/cpumap, ignoring
ip-10-232-1-152:58:58 [0] NCCL INFO TOPO/NET : Importing network plugins to topology
ip-10-232-1-152:58:58 [0] NCCL INFO Could not get speed from /sys/class/net/ens5/speed. Defaulting to 10 Gbps.
ip-10-232-1-152:58:58 [0] NCCL INFO Topology detection : could not read /sys/devices/pci0000:00/0000:00:05.0/../max_link_speed, ignoring
ip-10-232-1-152:58:58 [0] NCCL INFO Topology detection : could not read /sys/devices/pci0000:00/0000:00:05.0/../max_link_width, ignoring
ip-10-232-1-152:58:58 [0] NCCL INFO Topology detection : could not read /sys/devices/system/node/node-1/cpumap, ignoring
ip-10-232-1-152:58:58 [0] NCCL INFO NET/Socket : GPU Direct RDMA Disabled for HCA 0 'ens5'
ip-10-232-1-152:58:58 [0] NCCL INFO ncclTopoPopulateNics : Filled ens5 in topo with pciPath=/sys/devices/pci0000:00/0000:00:05.0 net=1 gin=(null) keep=1 coll=(null)
ip-10-232-1-152:58:58 [0] NCCL INFO KV Convert to int : could not find value of 'Unknown' in dictionary, falling back to 60
ip-10-232-1-152:58:58 [0] NCCL INFO === System : maxBw 1.2 totalBw 24.0 ===
ip-10-232-1-152:58:58 [0] NCCL INFO CPU/0-ffffffffffffff (1/2/-1)
ip-10-232-1-152:58:58 [0] NCCL INFO + PCI[24.0] - GPU/0-1e0 (0)
ip-10-232-1-152:58:58 [0] NCCL INFO + PCI[12.0] - NIC/0-50
ip-10-232-1-152:58:58 [0] NCCL INFO               + NET[1.2] - NET/0-0 (0/0/0/1.250000)
ip-10-232-1-152:58:58 [0] NCCL INFO ==========================================
ip-10-232-1-152:58:58 [0] NCCL INFO GPU/0-1e0 :GPU/0-1e0 (0/5000.0/LOC) CPU/0-ffffffffffffff (1/24.0/PHB) NET/0-0 (3/1.2/PHB) 
ip-10-232-1-152:58:58 [0] NCCL INFO NET/0-0 :GPU/0-1e0 (3/1.2/PHB) CPU/0-ffffffffffffff (2/1.2/PHB) NET/0-0 (0/5000.0/LOC) 
ip-10-232-1-152:58:58 [0] NCCL INFO ncclTopoGetCpuAffinity: Affinity for GPU 0 is empty, ignoring. (GPU affinity =  ; CPU affinity = 0-3).
ip-10-232-1-152:58:58 [0] NCCL INFO Pattern 4, crossNic 0, nChannels 1, bw 1.200000/1.200000, type LOC/PHB, sameChannels 1
ip-10-232-1-152:58:58 [0] NCCL INFO  0 : NET/0-0 GPU/0-1e0 NET/0-0
ip-10-232-1-152:58:58 [0] NCCL INFO Pattern 3, crossNic 0, nChannels 1, bw 2.400000/1.200000, type LOC/PHB, sameChannels 1
ip-10-232-1-152:58:58 [0] NCCL INFO  0 : NET/0-0 GPU/0-1e0 NET/0-0
ip-10-232-1-152:58:58 [0] NCCL INFO Could not get speed from /sys/class/net/ens5/speed. Defaulting to 10 Gbps.
ip-10-232-1-152:58:58 [0] NCCL INFO comm 0x55b2199af000 rank 0 nRanks 2 nNodes 2 localRanks 1 localRank 0 MNNVL 0
ip-10-232-1-152:58:58 [0] NCCL INFO Tree 0 : -1 -> 0 -> 1/-1/-1
ip-10-232-1-152:58:58 [0] NCCL INFO Tree 1 : 1 -> 0 -> -1/-1/-1
ip-10-232-1-152:58:58 [0] NCCL INFO Channel 00/02 : 0 1
ip-10-232-1-152:58:58 [0] NCCL INFO Channel 01/02 : 0 1
ip-10-232-1-152:58:58 [0] NCCL INFO Ring 00 : 1 -> 0 -> 1
ip-10-232-1-152:58:58 [0] NCCL INFO Ring 01 : 1 -> 0 -> 1
ip-10-232-1-152:58:58 [0] NCCL INFO Trees [0] 1/-1/-1->0->-1 [1] -1/-1/-1->0->1
ip-10-232-1-152:58:58 [0] NCCL INFO P2P Chunksize set to 131072
ip-10-232-1-152:58:58 [0] NCCL INFO Check P2P Type isAllDirectP2p 1 directMode 0 isAllCudaP2p 1
ip-10-232-1-152:58:119 [0] NCCL INFO [Proxy Service] Device 0 CPU core 3
ip-10-232-1-152:58:58 [0] NCCL INFO ncclP2pSchedule: group size used is 1
ip-10-232-1-152:58:120 [0] NCCL INFO [Proxy Service UDS] Device 0 CPU core 3
ip-10-232-1-152:58:58 [0] NCCL INFO threadThresholds 8/8/64 | 16/8/64 | 512 | 512
ip-10-232-1-152:58:58 [0] NCCL INFO 2 coll channels, 2 collnet channels, 0 nvls channels, 2 p2p channels, 1 p2p channels per peer
ip-10-232-1-152:58:58 [0] NCCL INFO Symmetric VA size=24GB
ip-10-232-1-152:58:58 [0] NCCL INFO Symmetric memory is not supported. cuMemEnable 1, globalGinSupport 0, globalNicFused 0 cuMemGdrSupport 1
ip-10-232-1-152:58:58 [0] NCCL INFO CC Off, workFifoBytes 1048576
ip-10-232-1-152:58:58 [0] NCCL INFO ncclCommInitRankConfig comm 0x55b2199af000 rank 0 nranks 2 cudaDev 0 nvmlDev 0 busId 1e0 commId 0xde7e098cf9c4b476 - Init COMPLETE
ip-10-232-1-152:58:58 [0] NCCL INFO Init timings - ncclCommInitRankConfig: rank 0 nranks 2 total 0.78 (kernels 0.00, alloc 0.00, bootstrap 0.60, allgathers 0.18, topo 0.00, graphs 0.00, connections 0.00, rest 0.00)
ip-10-232-1-152:58:119 [0] NCCL INFO New proxy send connection 0 from local rank 0, transport 2
ip-10-232-1-152:58:121 [0] NCCL INFO [Proxy Progress] Device 0 CPU core 0
ip-10-232-1-152:58:58 [0] NCCL INFO Connected to proxy localRank 0 -> connection 0x7c2574004f70
ip-10-232-1-152:58:119 [0] NCCL INFO Could not get speed from /sys/class/net/ens5/speed. Defaulting to 10 Gbps.
ip-10-232-1-152:58:58 [0] NCCL INFO Channel 01/1 : 0[0] -> 1[0] [send] via NET/Socket/0/Shared
ip-10-232-1-152:58:119 [0] NCCL INFO New proxy recv connection 1 from local rank 0, transport 2
ip-10-232-1-152:58:58 [0] NCCL INFO Connected to proxy localRank 0 -> connection 0x7c2574004ff8
ip-10-232-1-152:58:119 [0] NCCL INFO Could not get speed from /sys/class/net/ens5/speed. Defaulting to 10 Gbps.
ip-10-232-1-152:58:119 [0] NCCL INFO NET/Socket: Using 2 threads and 8 sockets per thread
ip-10-232-1-152:58:58 [0] NCCL INFO Channel 01/1 : 1[0] -> 0[0] [receive] via NET/Socket/0/Shared
ip-10-232-1-152:58:58 [0] NCCL INFO Initialized NET plugin Socket
ip-10-232-1-152:58:58 [0] NCCL INFO Could not get speed from /sys/class/net/ens5/speed. Defaulting to 10 Gbps.
ip-10-232-1-152:58:58 [0] NCCL INFO Assigned NET plugin Socket to comm
ip-10-232-1-152:58:58 [0] NCCL INFO Failed to initialize any GIN plugin
ip-10-232-1-152:58:58 [0] NCCL INFO Using network Socket
ip-10-232-1-152:58:58 [0] NCCL INFO [Rank 1] ncclCommInitRankConfig comm 0x55b217cdfa80 rank 1 nranks 2 cudaDev 0 nvmlDev 0 busId 1e0 commId 0xbe662a087a3d8c51 - Init START
ip-10-232-1-152:58:58 [0] NCCL INFO Topology detection : could not read /sys/devices/pci0000:00/0000:00:1e.0/../max_link_speed, ignoring
ip-10-232-1-152:58:58 [0] NCCL INFO Topology detection : could not read /sys/devices/pci0000:00/0000:00:1e.0/../max_link_width, ignoring
ip-10-232-1-152:58:58 [0] NCCL INFO Topology detection : could not read /sys/devices/system/node/node-1/cpumap, ignoring
ip-10-232-1-152:58:58 [0] NCCL INFO TOPO/NET : Importing network plugins to topology
ip-10-232-1-152:58:58 [0] NCCL INFO Could not get speed from /sys/class/net/ens5/speed. Defaulting to 10 Gbps.
ip-10-232-1-152:58:58 [0] NCCL INFO Topology detection : could not read /sys/devices/pci0000:00/0000:00:05.0/../max_link_speed, ignoring
ip-10-232-1-152:58:58 [0] NCCL INFO Topology detection : could not read /sys/devices/pci0000:00/0000:00:05.0/../max_link_width, ignoring
ip-10-232-1-152:58:58 [0] NCCL INFO Topology detection : could not read /sys/devices/system/node/node-1/cpumap, ignoring
ip-10-232-1-152:58:58 [0] NCCL INFO NET/Socket : GPU Direct RDMA Disabled for HCA 0 'ens5'
ip-10-232-1-152:58:58 [0] NCCL INFO ncclTopoPopulateNics : Filled ens5 in topo with pciPath=/sys/devices/pci0000:00/0000:00:05.0 net=1 gin=(null) keep=1 coll=(null)
ip-10-232-1-152:58:58 [0] NCCL INFO KV Convert to int : could not find value of 'Unknown' in dictionary, falling back to 60
ip-10-232-1-152:58:58 [0] NCCL INFO === System : maxBw 1.2 totalBw 24.0 ===
ip-10-232-1-152:58:58 [0] NCCL INFO CPU/0-ffffffffffffff (1/2/-1)
ip-10-232-1-152:58:58 [0] NCCL INFO + PCI[24.0] - GPU/0-1e0 (1)
ip-10-232-1-152:58:58 [0] NCCL INFO + PCI[12.0] - NIC/0-50
ip-10-232-1-152:58:58 [0] NCCL INFO               + NET[1.2] - NET/0-0 (0/0/0/1.250000)
ip-10-232-1-152:58:58 [0] NCCL INFO ==========================================
ip-10-232-1-152:58:58 [0] NCCL INFO GPU/0-1e0 :GPU/0-1e0 (0/5000.0/LOC) CPU/0-ffffffffffffff (1/24.0/PHB) NET/0-0 (3/1.2/PHB) 
ip-10-232-1-152:58:58 [0] NCCL INFO NET/0-0 :GPU/0-1e0 (3/1.2/PHB) CPU/0-ffffffffffffff (2/1.2/PHB) NET/0-0 (0/5000.0/LOC) 
ip-10-232-1-152:58:58 [0] NCCL INFO ncclTopoGetCpuAffinity: Affinity for GPU 0 is empty, ignoring. (GPU affinity =  ; CPU affinity = 0-3).
ip-10-232-1-152:58:58 [0] NCCL INFO Pattern 4, crossNic 0, nChannels 1, bw 1.200000/1.200000, type LOC/PHB, sameChannels 1
ip-10-232-1-152:58:58 [0] NCCL INFO  0 : NET/0-0 GPU/0-1e0 NET/0-0
ip-10-232-1-152:58:58 [0] NCCL INFO Pattern 3, crossNic 0, nChannels 1, bw 2.400000/1.200000, type LOC/PHB, sameChannels 1
ip-10-232-1-152:58:58 [0] NCCL INFO  0 : NET/0-0 GPU/0-1e0 NET/0-0
ip-10-232-1-152:58:58 [0] NCCL INFO Could not get speed from /sys/class/net/ens5/speed. Defaulting to 10 Gbps.
ip-10-232-1-152:58:58 [0] NCCL INFO comm 0x55b217cdfa80 rank 1 nRanks 2 nNodes 2 localRanks 1 localRank 0 MNNVL 0
ip-10-232-1-152:58:58 [0] NCCL INFO Tree 0 : 0 -> 1 -> -1/-1/-1
ip-10-232-1-152:58:58 [0] NCCL INFO Tree 1 : -1 -> 1 -> 0/-1/-1
ip-10-232-1-152:58:58 [0] NCCL INFO Ring 00 : 0 -> 1 -> 0
ip-10-232-1-152:58:58 [0] NCCL INFO Ring 01 : 0 -> 1 -> 0
ip-10-232-1-152:58:58 [0] NCCL INFO Trees [0] -1/-1/-1->1->0 [1] 0/-1/-1->1->-1
ip-10-232-1-152:58:58 [0] NCCL INFO P2P Chunksize set to 131072
ip-10-232-1-152:58:58 [0] NCCL INFO Check P2P Type isAllDirectP2p 1 directMode 0 isAllCudaP2p 1
ip-10-232-1-152:58:58 [0] NCCL INFO ncclP2pSchedule: group size used is 1
ip-10-232-1-152:58:126 [0] NCCL INFO [Proxy Service] Device 0 CPU core 3
ip-10-232-1-152:58:127 [0] NCCL INFO [Proxy Service UDS] Device 0 CPU core 3
ip-10-232-1-152:58:58 [0] NCCL INFO threadThresholds 8/8/64 | 16/8/64 | 512 | 512
ip-10-232-1-152:58:58 [0] NCCL INFO 2 coll channels, 2 collnet channels, 0 nvls channels, 2 p2p channels, 1 p2p channels per peer
ip-10-232-1-152:58:58 [0] NCCL INFO Symmetric VA size=24GB
ip-10-232-1-152:58:58 [0] NCCL INFO Symmetric memory is not supported. cuMemEnable 1, globalGinSupport 0, globalNicFused 0 cuMemGdrSupport 1
ip-10-232-1-152:58:58 [0] NCCL INFO ncclCommInitRankConfig comm 0x55b217cdfa80 rank 1 nranks 2 cudaDev 0 nvmlDev 0 busId 1e0 commId 0xbe662a087a3d8c51 - Init COMPLETE
ip-10-232-1-152:58:58 [0] NCCL INFO Init timings - ncclCommInitRankConfig: rank 1 nranks 2 total 0.41 (kernels 0.00, alloc 0.00, bootstrap 0.29, allgathers 0.12, topo 0.00, graphs 0.00, connections 0.00, rest 0.00)
ip-10-232-1-152:58:126 [0] NCCL INFO New proxy recv connection 0 from local rank 0, transport 2
ip-10-232-1-152:58:128 [0] NCCL INFO [Proxy Progress] Device 0 CPU core 1
ip-10-232-1-152:58:58 [0] NCCL INFO Connected to proxy localRank 0 -> connection 0x55b219b84ee0
ip-10-232-1-152:58:126 [0] NCCL INFO Could not get speed from /sys/class/net/ens5/speed. Defaulting to 10 Gbps.
ip-10-232-1-152:58:126 [0] NCCL INFO NET/Socket: Using 2 threads and 8 sockets per thread
ip-10-232-1-152:58:58 [0] NCCL INFO Channel 01/1 : 0[0] -> 1[0] [receive] via NET/Socket/0/Shared
ip-10-232-1-152:58:126 [0] NCCL INFO New proxy send connection 1 from local rank 0, transport 2
ip-10-232-1-152:58:58 [0] NCCL INFO Connected to proxy localRank 0 -> connection 0x55b219b84f68
ip-10-232-1-152:58:126 [0] NCCL INFO Could not get speed from /sys/class/net/ens5/speed. Defaulting to 10 Gbps.
ip-10-232-1-152:58:58 [0] NCCL INFO Channel 01/1 : 1[0] -> 0[0] [send] via NET/Socket/0/Shared
ip-10-232-1-152:58:58 [0] NCCL INFO Initialized NET plugin Socket
ip-10-232-1-152:58:58 [0] NCCL INFO Could not get speed from /sys/class/net/ens5/speed. Defaulting to 10 Gbps.
ip-10-232-1-152:58:58 [0] NCCL INFO Assigned NET plugin Socket to comm
ip-10-232-1-152:58:58 [0] NCCL INFO Failed to initialize any GIN plugin
ip-10-232-1-152:58:58 [0] NCCL INFO Using network Socket
ip-10-232-1-152:58:58 [0] NCCL INFO [Rank 1] ncclCommInitRankConfig comm 0x55b21925a700 rank 1 nranks 2 cudaDev 0 nvmlDev 0 busId 1e0 commId 0x3689589f238025d7 - Init START
ip-10-232-1-152:58:58 [0] NCCL INFO Topology detection : could not read /sys/devices/pci0000:00/0000:00:1e.0/../max_link_speed, ignoring
ip-10-232-1-152:58:58 [0] NCCL INFO Topology detection : could not read /sys/devices/pci0000:00/0000:00:1e.0/../max_link_width, ignoring
ip-10-232-1-152:58:58 [0] NCCL INFO Topology detection : could not read /sys/devices/system/node/node-1/cpumap, ignoring
ip-10-232-1-152:58:58 [0] NCCL INFO TOPO/NET : Importing network plugins to topology
ip-10-232-1-152:58:58 [0] NCCL INFO Could not get speed from /sys/class/net/ens5/speed. Defaulting to 10 Gbps.
ip-10-232-1-152:58:58 [0] NCCL INFO Topology detection : could not read /sys/devices/pci0000:00/0000:00:05.0/../max_link_speed, ignoring
ip-10-232-1-152:58:58 [0] NCCL INFO Topology detection : could not read /sys/devices/pci0000:00/0000:00:05.0/../max_link_width, ignoring
ip-10-232-1-152:58:58 [0] NCCL INFO Topology detection : could not read /sys/devices/system/node/node-1/cpumap, ignoring
ip-10-232-1-152:58:58 [0] NCCL INFO NET/Socket : GPU Direct RDMA Disabled for HCA 0 'ens5'
ip-10-232-1-152:58:58 [0] NCCL INFO ncclTopoPopulateNics : Filled ens5 in topo with pciPath=/sys/devices/pci0000:00/0000:00:05.0 net=1 gin=(null) keep=1 coll=(null)
ip-10-232-1-152:58:58 [0] NCCL INFO KV Convert to int : could not find value of 'Unknown' in dictionary, falling back to 60
ip-10-232-1-152:58:58 [0] NCCL INFO === System : maxBw 1.2 totalBw 24.0 ===
ip-10-232-1-152:58:58 [0] NCCL INFO CPU/0-ffffffffffffff (1/2/-1)
ip-10-232-1-152:58:58 [0] NCCL INFO + PCI[24.0] - GPU/0-1e0 (1)
ip-10-232-1-152:58:58 [0] NCCL INFO + PCI[12.0] - NIC/0-50
ip-10-232-1-152:58:58 [0] NCCL INFO               + NET[1.2] - NET/0-0 (0/0/0/1.250000)
ip-10-232-1-152:58:58 [0] NCCL INFO ==========================================
ip-10-232-1-152:58:58 [0] NCCL INFO GPU/0-1e0 :GPU/0-1e0 (0/5000.0/LOC) CPU/0-ffffffffffffff (1/24.0/PHB) NET/0-0 (3/1.2/PHB) 
ip-10-232-1-152:58:58 [0] NCCL INFO NET/0-0 :GPU/0-1e0 (3/1.2/PHB) CPU/0-ffffffffffffff (2/1.2/PHB) NET/0-0 (0/5000.0/LOC) 
ip-10-232-1-152:58:58 [0] NCCL INFO ncclTopoGetCpuAffinity: Affinity for GPU 0 is empty, ignoring. (GPU affinity =  ; CPU affinity = 0-3).
ip-10-232-1-152:58:58 [0] NCCL INFO Pattern 4, crossNic 0, nChannels 1, bw 1.200000/1.200000, type LOC/PHB, sameChannels 1
ip-10-232-1-152:58:58 [0] NCCL INFO  0 : NET/0-0 GPU/0-1e0 NET/0-0
ip-10-232-1-152:58:58 [0] NCCL INFO Pattern 3, crossNic 0, nChannels 1, bw 2.400000/1.200000, type LOC/PHB, sameChannels 1
ip-10-232-1-152:58:58 [0] NCCL INFO  0 : NET/0-0 GPU/0-1e0 NET/0-0
ip-10-232-1-152:58:58 [0] NCCL INFO Could not get speed from /sys/class/net/ens5/speed. Defaulting to 10 Gbps.
ip-10-232-1-152:58:58 [0] NCCL INFO comm 0x55b21925a700 rank 1 nRanks 2 nNodes 2 localRanks 1 localRank 0 MNNVL 0
ip-10-232-1-152:58:58 [0] NCCL INFO Tree 0 : 0 -> 1 -> -1/-1/-1
ip-10-232-1-152:58:58 [0] NCCL INFO Tree 1 : -1 -> 1 -> 0/-1/-1
ip-10-232-1-152:58:58 [0] NCCL INFO Ring 00 : 0 -> 1 -> 0
ip-10-232-1-152:58:58 [0] NCCL INFO Ring 01 : 0 -> 1 -> 0
ip-10-232-1-152:58:58 [0] NCCL INFO Trees [0] -1/-1/-1->1->0 [1] 0/-1/-1->1->-1
ip-10-232-1-152:58:58 [0] NCCL INFO P2P Chunksize set to 131072
ip-10-232-1-152:58:58 [0] NCCL INFO Check P2P Type isAllDirectP2p 1 directMode 0 isAllCudaP2p 1
ip-10-232-1-152:58:133 [0] NCCL INFO [Proxy Service] Device 0 CPU core 1
ip-10-232-1-152:58:58 [0] NCCL INFO ncclP2pSchedule: group size used is 1
ip-10-232-1-152:58:134 [0] NCCL INFO [Proxy Service UDS] Device 0 CPU core 2
ip-10-232-1-152:58:58 [0] NCCL INFO threadThresholds 8/8/64 | 16/8/64 | 512 | 512
ip-10-232-1-152:58:58 [0] NCCL INFO 2 coll channels, 2 collnet channels, 0 nvls channels, 2 p2p channels, 1 p2p channels per peer
ip-10-232-1-152:58:58 [0] NCCL INFO Symmetric VA size=24GB
ip-10-232-1-152:58:58 [0] NCCL INFO Symmetric memory is not supported. cuMemEnable 1, globalGinSupport 0, globalNicFused 0 cuMemGdrSupport 1
ip-10-232-1-152:58:58 [0] NCCL INFO ncclCommInitRankConfig comm 0x55b21925a700 rank 1 nranks 2 cudaDev 0 nvmlDev 0 busId 1e0 commId 0x3689589f238025d7 - Init COMPLETE
ip-10-232-1-152:58:58 [0] NCCL INFO Init timings - ncclCommInitRankConfig: rank 1 nranks 2 total 0.10 (kernels 0.00, alloc 0.00, bootstrap 0.06, allgathers 0.03, topo 0.00, graphs 0.00, connections 0.00, rest 0.00)
ip-10-232-1-152:58:133 [0] NCCL INFO New proxy recv connection 0 from local rank 0, transport 2
ip-10-232-1-152:58:135 [0] NCCL INFO [Proxy Progress] Device 0 CPU core 0
ip-10-232-1-152:58:58 [0] NCCL INFO Connected to proxy localRank 0 -> connection 0x7c25740210c0
ip-10-232-1-152:58:133 [0] NCCL INFO Could not get speed from /sys/class/net/ens5/speed. Defaulting to 10 Gbps.
ip-10-232-1-152:58:133 [0] NCCL INFO NET/Socket: Using 2 threads and 8 sockets per thread
ip-10-232-1-152:58:58 [0] NCCL INFO Channel 01/1 : 0[0] -> 1[0] [receive] via NET/Socket/0/Shared
ip-10-232-1-152:58:133 [0] NCCL INFO New proxy send connection 1 from local rank 0, transport 2
ip-10-232-1-152:58:58 [0] NCCL INFO Connected to proxy localRank 0 -> connection 0x7c2574021148
ip-10-232-1-152:58:133 [0] NCCL INFO Could not get speed from /sys/class/net/ens5/speed. Defaulting to 10 Gbps.
ip-10-232-1-152:58:58 [0] NCCL INFO Channel 01/1 : 1[0] -> 0[0] [send] via NET/Socket/0/Shared
ip-10-232-1-152:58:58 [0] NCCL INFO Initialized NET plugin Socket
ip-10-232-1-152:58:58 [0] NCCL INFO Could not get speed from /sys/class/net/ens5/speed. Defaulting to 10 Gbps.
ip-10-232-1-152:58:58 [0] NCCL INFO Assigned NET plugin Socket to comm
ip-10-232-1-152:58:58 [0] NCCL INFO Failed to initialize any GIN plugin
ip-10-232-1-152:58:58 [0] NCCL INFO Using network Socket
ip-10-232-1-152:58:58 [0] NCCL INFO [Rank 0] ncclCommInitRankConfig comm 0x55b216adf970 rank 0 nranks 2 cudaDev 0 nvmlDev 0 busId 1e0 commId 0x117fa4ce164b4281 - Init START
ip-10-232-1-152:58:58 [0] NCCL INFO Topology detection : could not read /sys/devices/pci0000:00/0000:00:1e.0/../max_link_speed, ignoring
ip-10-232-1-152:58:58 [0] NCCL INFO Topology detection : could not read /sys/devices/pci0000:00/0000:00:1e.0/../max_link_width, ignoring
ip-10-232-1-152:58:58 [0] NCCL INFO Topology detection : could not read /sys/devices/system/node/node-1/cpumap, ignoring
ip-10-232-1-152:58:58 [0] NCCL INFO TOPO/NET : Importing network plugins to topology
ip-10-232-1-152:58:58 [0] NCCL INFO Could not get speed from /sys/class/net/ens5/speed. Defaulting to 10 Gbps.
ip-10-232-1-152:58:58 [0] NCCL INFO Topology detection : could not read /sys/devices/pci0000:00/0000:00:05.0/../max_link_speed, ignoring
ip-10-232-1-152:58:58 [0] NCCL INFO Topology detection : could not read /sys/devices/pci0000:00/0000:00:05.0/../max_link_width, ignoring
ip-10-232-1-152:58:58 [0] NCCL INFO Topology detection : could not read /sys/devices/system/node/node-1/cpumap, ignoring
ip-10-232-1-152:58:58 [0] NCCL INFO NET/Socket : GPU Direct RDMA Disabled for HCA 0 'ens5'
ip-10-232-1-152:58:58 [0] NCCL INFO ncclTopoPopulateNics : Filled ens5 in topo with pciPath=/sys/devices/pci0000:00/0000:00:05.0 net=1 gin=(null) keep=1 coll=(null)
ip-10-232-1-152:58:58 [0] NCCL INFO KV Convert to int : could not find value of 'Unknown' in dictionary, falling back to 60
ip-10-232-1-152:58:58 [0] NCCL INFO === System : maxBw 1.2 totalBw 24.0 ===
ip-10-232-1-152:58:58 [0] NCCL INFO CPU/0-ffffffffffffff (1/2/-1)
ip-10-232-1-152:58:58 [0] NCCL INFO + PCI[24.0] - GPU/0-1e0 (0)
ip-10-232-1-152:58:58 [0] NCCL INFO + PCI[12.0] - NIC/0-50
ip-10-232-1-152:58:58 [0] NCCL INFO               + NET[1.2] - NET/0-0 (0/0/0/1.250000)
ip-10-232-1-152:58:58 [0] NCCL INFO ==========================================
ip-10-232-1-152:58:58 [0] NCCL INFO GPU/0-1e0 :GPU/0-1e0 (0/5000.0/LOC) CPU/0-ffffffffffffff (1/24.0/PHB) NET/0-0 (3/1.2/PHB) 
ip-10-232-1-152:58:58 [0] NCCL INFO NET/0-0 :GPU/0-1e0 (3/1.2/PHB) CPU/0-ffffffffffffff (2/1.2/PHB) NET/0-0 (0/5000.0/LOC) 
ip-10-232-1-152:58:58 [0] NCCL INFO ncclTopoGetCpuAffinity: Affinity for GPU 0 is empty, ignoring. (GPU affinity =  ; CPU affinity = 0-3).
ip-10-232-1-152:58:58 [0] NCCL INFO Pattern 4, crossNic 0, nChannels 1, bw 1.200000/1.200000, type LOC/PHB, sameChannels 1
ip-10-232-1-152:58:58 [0] NCCL INFO  0 : NET/0-0 GPU/0-1e0 NET/0-0
ip-10-232-1-152:58:58 [0] NCCL INFO Pattern 3, crossNic 0, nChannels 1, bw 2.400000/1.200000, type LOC/PHB, sameChannels 1
ip-10-232-1-152:58:58 [0] NCCL INFO  0 : NET/0-0 GPU/0-1e0 NET/0-0
ip-10-232-1-152:58:58 [0] NCCL INFO Could not get speed from /sys/class/net/ens5/speed. Defaulting to 10 Gbps.
ip-10-232-1-152:58:58 [0] NCCL INFO comm 0x55b216adf970 rank 0 nRanks 2 nNodes 2 localRanks 1 localRank 0 MNNVL 0
ip-10-232-1-152:58:58 [0] NCCL INFO Tree 0 : -1 -> 0 -> 1/-1/-1
ip-10-232-1-152:58:58 [0] NCCL INFO Tree 1 : 1 -> 0 -> -1/-1/-1
ip-10-232-1-152:58:58 [0] NCCL INFO Channel 00/02 : 0 1
ip-10-232-1-152:58:58 [0] NCCL INFO Channel 01/02 : 0 1
ip-10-232-1-152:58:58 [0] NCCL INFO Ring 00 : 1 -> 0 -> 1
ip-10-232-1-152:58:58 [0] NCCL INFO Ring 01 : 1 -> 0 -> 1
ip-10-232-1-152:58:58 [0] NCCL INFO Trees [0] 1/-1/-1->0->-1 [1] -1/-1/-1->0->1
ip-10-232-1-152:58:58 [0] NCCL INFO P2P Chunksize set to 131072
ip-10-232-1-152:58:58 [0] NCCL INFO Check P2P Type isAllDirectP2p 1 directMode 0 isAllCudaP2p 1
ip-10-232-1-152:58:141 [0] NCCL INFO [Proxy Service] Device 0 CPU core 3
ip-10-232-1-152:58:142 [0] NCCL INFO [Proxy Service UDS] Device 0 CPU core 3
ip-10-232-1-152:58:58 [0] NCCL INFO ncclP2pSchedule: group size used is 1
ip-10-232-1-152:58:58 [0] NCCL INFO threadThresholds 8/8/64 | 16/8/64 | 512 | 512
ip-10-232-1-152:58:58 [0] NCCL INFO 2 coll channels, 2 collnet channels, 0 nvls channels, 2 p2p channels, 1 p2p channels per peer
ip-10-232-1-152:58:58 [0] NCCL INFO Symmetric VA size=24GB
ip-10-232-1-152:58:58 [0] NCCL INFO Symmetric memory is not supported. cuMemEnable 1, globalGinSupport 0, globalNicFused 0 cuMemGdrSupport 1
ip-10-232-1-152:58:58 [0] NCCL INFO CC Off, workFifoBytes 1048576
ip-10-232-1-152:58:58 [0] NCCL INFO ncclCommInitRankConfig comm 0x55b216adf970 rank 0 nranks 2 cudaDev 0 nvmlDev 0 busId 1e0 commId 0x117fa4ce164b4281 - Init COMPLETE
ip-10-232-1-152:58:58 [0] NCCL INFO Init timings - ncclCommInitRankConfig: rank 0 nranks 2 total 1.17 (kernels 0.00, alloc 0.00, bootstrap 0.92, allgathers 0.25, topo 0.00, graphs 0.00, connections 0.00, rest 0.00)
ip-10-232-1-152:58:141 [0] NCCL INFO New proxy send connection 0 from local rank 0, transport 2
ip-10-232-1-152:58:143 [0] NCCL INFO [Proxy Progress] Device 0 CPU core 1
ip-10-232-1-152:58:58 [0] NCCL INFO Connected to proxy localRank 0 -> connection 0x7c25b4009530
ip-10-232-1-152:58:141 [0] NCCL INFO Could not get speed from /sys/class/net/ens5/speed. Defaulting to 10 Gbps.
ip-10-232-1-152:58:58 [0] NCCL INFO Channel 01/1 : 0[0] -> 1[0] [send] via NET/Socket/0/Shared
ip-10-232-1-152:58:141 [0] NCCL INFO New proxy recv connection 1 from local rank 0, transport 2
ip-10-232-1-152:58:58 [0] NCCL INFO Connected to proxy localRank 0 -> connection 0x7c25b40095b8
ip-10-232-1-152:58:141 [0] NCCL INFO Could not get speed from /sys/class/net/ens5/speed. Defaulting to 10 Gbps.
ip-10-232-1-152:58:141 [0] NCCL INFO NET/Socket: Using 2 threads and 8 sockets per thread
ip-10-232-1-152:58:58 [0] NCCL INFO Channel 01/1 : 1[0] -> 0[0] [receive] via NET/Socket/0/Shared
ip-10-232-1-152:58:58 [0] NCCL INFO Initialized NET plugin Socket
ip-10-232-1-152:58:58 [0] NCCL INFO Could not get speed from /sys/class/net/ens5/speed. Defaulting to 10 Gbps.
ip-10-232-1-152:58:58 [0] NCCL INFO Assigned NET plugin Socket to comm
ip-10-232-1-152:58:58 [0] NCCL INFO Failed to initialize any GIN plugin
ip-10-232-1-152:58:58 [0] NCCL INFO Using network Socket
ip-10-232-1-152:58:58 [0] NCCL INFO [Rank 1] ncclCommInitRankConfig comm 0x55b2194ebd90 rank 1 nranks 2 cudaDev 0 nvmlDev 0 busId 1e0 commId 0x8ab4eb0f13558216 - Init START
ip-10-232-1-152:58:58 [0] NCCL INFO Topology detection : could not read /sys/devices/pci0000:00/0000:00:1e.0/../max_link_speed, ignoring
ip-10-232-1-152:58:58 [0] NCCL INFO Topology detection : could not read /sys/devices/pci0000:00/0000:00:1e.0/../max_link_width, ignoring
ip-10-232-1-152:58:58 [0] NCCL INFO Topology detection : could not read /sys/devices/system/node/node-1/cpumap, ignoring
ip-10-232-1-152:58:58 [0] NCCL INFO TOPO/NET : Importing network plugins to topology
ip-10-232-1-152:58:58 [0] NCCL INFO Could not get speed from /sys/class/net/ens5/speed. Defaulting to 10 Gbps.
ip-10-232-1-152:58:58 [0] NCCL INFO Topology detection : could not read /sys/devices/pci0000:00/0000:00:05.0/../max_link_speed, ignoring
ip-10-232-1-152:58:58 [0] NCCL INFO Topology detection : could not read /sys/devices/pci0000:00/0000:00:05.0/../max_link_width, ignoring
ip-10-232-1-152:58:58 [0] NCCL INFO Topology detection : could not read /sys/devices/system/node/node-1/cpumap, ignoring
ip-10-232-1-152:58:58 [0] NCCL INFO NET/Socket : GPU Direct RDMA Disabled for HCA 0 'ens5'
ip-10-232-1-152:58:58 [0] NCCL INFO ncclTopoPopulateNics : Filled ens5 in topo with pciPath=/sys/devices/pci0000:00/0000:00:05.0 net=1 gin=(null) keep=1 coll=(null)
ip-10-232-1-152:58:58 [0] NCCL INFO KV Convert to int : could not find value of 'Unknown' in dictionary, falling back to 60
ip-10-232-1-152:58:58 [0] NCCL INFO === System : maxBw 1.2 totalBw 24.0 ===
ip-10-232-1-152:58:58 [0] NCCL INFO CPU/0-ffffffffffffff (1/2/-1)
ip-10-232-1-152:58:58 [0] NCCL INFO + PCI[24.0] - GPU/0-1e0 (1)
ip-10-232-1-152:58:58 [0] NCCL INFO + PCI[12.0] - NIC/0-50
ip-10-232-1-152:58:58 [0] NCCL INFO               + NET[1.2] - NET/0-0 (0/0/0/1.250000)
ip-10-232-1-152:58:58 [0] NCCL INFO ==========================================
ip-10-232-1-152:58:58 [0] NCCL INFO GPU/0-1e0 :GPU/0-1e0 (0/5000.0/LOC) CPU/0-ffffffffffffff (1/24.0/PHB) NET/0-0 (3/1.2/PHB) 
ip-10-232-1-152:58:58 [0] NCCL INFO NET/0-0 :GPU/0-1e0 (3/1.2/PHB) CPU/0-ffffffffffffff (2/1.2/PHB) NET/0-0 (0/5000.0/LOC) 
ip-10-232-1-152:58:58 [0] NCCL INFO ncclTopoGetCpuAffinity: Affinity for GPU 0 is empty, ignoring. (GPU affinity =  ; CPU affinity = 0-3).
ip-10-232-1-152:58:58 [0] NCCL INFO Pattern 4, crossNic 0, nChannels 1, bw 1.200000/1.200000, type LOC/PHB, sameChannels 1
ip-10-232-1-152:58:58 [0] NCCL INFO  0 : NET/0-0 GPU/0-1e0 NET/0-0
ip-10-232-1-152:58:58 [0] NCCL INFO Pattern 3, crossNic 0, nChannels 1, bw 2.400000/1.200000, type LOC/PHB, sameChannels 1
ip-10-232-1-152:58:58 [0] NCCL INFO  0 : NET/0-0 GPU/0-1e0 NET/0-0
ip-10-232-1-152:58:58 [0] NCCL INFO Could not get speed from /sys/class/net/ens5/speed. Defaulting to 10 Gbps.
ip-10-232-1-152:58:58 [0] NCCL INFO comm 0x55b2194ebd90 rank 1 nRanks 2 nNodes 2 localRanks 1 localRank 0 MNNVL 0
ip-10-232-1-152:58:58 [0] NCCL INFO Tree 0 : 0 -> 1 -> -1/-1/-1
ip-10-232-1-152:58:58 [0] NCCL INFO Tree 1 : -1 -> 1 -> 0/-1/-1
ip-10-232-1-152:58:58 [0] NCCL INFO Ring 00 : 0 -> 1 -> 0
ip-10-232-1-152:58:58 [0] NCCL INFO Ring 01 : 0 -> 1 -> 0
ip-10-232-1-152:58:58 [0] NCCL INFO Trees [0] -1/-1/-1->1->0 [1] 0/-1/-1->1->-1
ip-10-232-1-152:58:58 [0] NCCL INFO P2P Chunksize set to 131072
ip-10-232-1-152:58:58 [0] NCCL INFO Check P2P Type isAllDirectP2p 1 directMode 0 isAllCudaP2p 1
ip-10-232-1-152:58:58 [0] NCCL INFO ncclP2pSchedule: group size used is 1
ip-10-232-1-152:58:149 [0] NCCL INFO [Proxy Service UDS] Device 0 CPU core 0
ip-10-232-1-152:58:148 [0] NCCL INFO [Proxy Service] Device 0 CPU core 2
ip-10-232-1-152:58:58 [0] NCCL INFO threadThresholds 8/8/64 | 16/8/64 | 512 | 512
ip-10-232-1-152:58:58 [0] NCCL INFO 2 coll channels, 2 collnet channels, 0 nvls channels, 2 p2p channels, 1 p2p channels per peer
ip-10-232-1-152:58:58 [0] NCCL INFO Symmetric VA size=24GB
ip-10-232-1-152:58:58 [0] NCCL INFO Symmetric memory is not supported. cuMemEnable 1, globalGinSupport 0, globalNicFused 0 cuMemGdrSupport 1
ip-10-232-1-152:58:58 [0] NCCL INFO ncclCommInitRankConfig comm 0x55b2194ebd90 rank 1 nranks 2 cudaDev 0 nvmlDev 0 busId 1e0 commId 0x8ab4eb0f13558216 - Init COMPLETE
ip-10-232-1-152:58:58 [0] NCCL INFO Init timings - ncclCommInitRankConfig: rank 1 nranks 2 total 0.11 (kernels 0.00, alloc 0.00, bootstrap 0.07, allgathers 0.03, topo 0.00, graphs 0.00, connections 0.00, rest 0.00)
ip-10-232-1-152:58:148 [0] NCCL INFO New proxy recv connection 0 from local rank 0, transport 2
ip-10-232-1-152:58:150 [0] NCCL INFO [Proxy Progress] Device 0 CPU core 1
ip-10-232-1-152:58:58 [0] NCCL INFO Connected to proxy localRank 0 -> connection 0x7c25e4009590
ip-10-232-1-152:58:148 [0] NCCL INFO Could not get speed from /sys/class/net/ens5/speed. Defaulting to 10 Gbps.
ip-10-232-1-152:58:148 [0] NCCL INFO NET/Socket: Using 2 threads and 8 sockets per thread
ip-10-232-1-152:58:58 [0] NCCL INFO Channel 01/1 : 0[0] -> 1[0] [receive] via NET/Socket/0/Shared
ip-10-232-1-152:58:148 [0] NCCL INFO New proxy send connection 1 from local rank 0, transport 2
ip-10-232-1-152:58:58 [0] NCCL INFO Connected to proxy localRank 0 -> connection 0x7c25e4009618
ip-10-232-1-152:58:148 [0] NCCL INFO Could not get speed from /sys/class/net/ens5/speed. Defaulting to 10 Gbps.
ip-10-232-1-152:58:58 [0] NCCL INFO Channel 01/1 : 1[0] -> 0[0] [send] via NET/Socket/0/Shared
ip-10-232-1-152:58:58 [0] NCCL INFO Initialized NET plugin Socket
ip-10-232-1-152:58:58 [0] NCCL INFO Could not get speed from /sys/class/net/ens5/speed. Defaulting to 10 Gbps.
ip-10-232-1-152:58:58 [0] NCCL INFO Assigned NET plugin Socket to comm
ip-10-232-1-152:58:58 [0] NCCL INFO Failed to initialize any GIN plugin
ip-10-232-1-152:58:58 [0] NCCL INFO Using network Socket
ip-10-232-1-152:58:58 [0] NCCL INFO [Rank 0] ncclCommInitRankConfig comm 0x55b2196cb780 rank 0 nranks 2 cudaDev 0 nvmlDev 0 busId 1e0 commId 0x564ef37da8b4f11b - Init START
ip-10-232-1-152:58:58 [0] NCCL INFO Topology detection : could not read /sys/devices/pci0000:00/0000:00:1e.0/../max_link_speed, ignoring
ip-10-232-1-152:58:58 [0] NCCL INFO Topology detection : could not read /sys/devices/pci0000:00/0000:00:1e.0/../max_link_width, ignoring
ip-10-232-1-152:58:58 [0] NCCL INFO Topology detection : could not read /sys/devices/system/node/node-1/cpumap, ignoring
ip-10-232-1-152:58:58 [0] NCCL INFO TOPO/NET : Importing network plugins to topology
ip-10-232-1-152:58:58 [0] NCCL INFO Could not get speed from /sys/class/net/ens5/speed. Defaulting to 10 Gbps.
ip-10-232-1-152:58:58 [0] NCCL INFO Topology detection : could not read /sys/devices/pci0000:00/0000:00:05.0/../max_link_speed, ignoring
ip-10-232-1-152:58:58 [0] NCCL INFO Topology detection : could not read /sys/devices/pci0000:00/0000:00:05.0/../max_link_width, ignoring
ip-10-232-1-152:58:58 [0] NCCL INFO Topology detection : could not read /sys/devices/system/node/node-1/cpumap, ignoring
ip-10-232-1-152:58:58 [0] NCCL INFO NET/Socket : GPU Direct RDMA Disabled for HCA 0 'ens5'
ip-10-232-1-152:58:58 [0] NCCL INFO ncclTopoPopulateNics : Filled ens5 in topo with pciPath=/sys/devices/pci0000:00/0000:00:05.0 net=1 gin=(null) keep=1 coll=(null)
ip-10-232-1-152:58:58 [0] NCCL INFO KV Convert to int : could not find value of 'Unknown' in dictionary, falling back to 60
ip-10-232-1-152:58:58 [0] NCCL INFO === System : maxBw 1.2 totalBw 24.0 ===
ip-10-232-1-152:58:58 [0] NCCL INFO CPU/0-ffffffffffffff (1/2/-1)
ip-10-232-1-152:58:58 [0] NCCL INFO + PCI[24.0] - GPU/0-1e0 (0)
ip-10-232-1-152:58:58 [0] NCCL INFO + PCI[12.0] - NIC/0-50
ip-10-232-1-152:58:58 [0] NCCL INFO               + NET[1.2] - NET/0-0 (0/0/0/1.250000)
ip-10-232-1-152:58:58 [0] NCCL INFO ==========================================
ip-10-232-1-152:58:58 [0] NCCL INFO GPU/0-1e0 :GPU/0-1e0 (0/5000.0/LOC) CPU/0-ffffffffffffff (1/24.0/PHB) NET/0-0 (3/1.2/PHB) 
ip-10-232-1-152:58:58 [0] NCCL INFO NET/0-0 :GPU/0-1e0 (3/1.2/PHB) CPU/0-ffffffffffffff (2/1.2/PHB) NET/0-0 (0/5000.0/LOC) 
ip-10-232-1-152:58:58 [0] NCCL INFO ncclTopoGetCpuAffinity: Affinity for GPU 0 is empty, ignoring. (GPU affinity =  ; CPU affinity = 0-3).
ip-10-232-1-152:58:58 [0] NCCL INFO Pattern 4, crossNic 0, nChannels 1, bw 1.200000/1.200000, type LOC/PHB, sameChannels 1
ip-10-232-1-152:58:58 [0] NCCL INFO  0 : NET/0-0 GPU/0-1e0 NET/0-0
ip-10-232-1-152:58:58 [0] NCCL INFO Pattern 3, crossNic 0, nChannels 1, bw 2.400000/1.200000, type LOC/PHB, sameChannels 1
ip-10-232-1-152:58:58 [0] NCCL INFO  0 : NET/0-0 GPU/0-1e0 NET/0-0
ip-10-232-1-152:58:58 [0] NCCL INFO Could not get speed from /sys/class/net/ens5/speed. Defaulting to 10 Gbps.
ip-10-232-1-152:58:58 [0] NCCL INFO comm 0x55b2196cb780 rank 0 nRanks 2 nNodes 2 localRanks 1 localRank 0 MNNVL 0
ip-10-232-1-152:58:58 [0] NCCL INFO Tree 0 : -1 -> 0 -> 1/-1/-1
ip-10-232-1-152:58:58 [0] NCCL INFO Tree 1 : 1 -> 0 -> -1/-1/-1
ip-10-232-1-152:58:58 [0] NCCL INFO Channel 00/02 : 0 1
ip-10-232-1-152:58:58 [0] NCCL INFO Channel 01/02 : 0 1
ip-10-232-1-152:58:58 [0] NCCL INFO Ring 00 : 1 -> 0 -> 1
ip-10-232-1-152:58:58 [0] NCCL INFO Ring 01 : 1 -> 0 -> 1
ip-10-232-1-152:58:58 [0] NCCL INFO Trees [0] 1/-1/-1->0->-1 [1] -1/-1/-1->0->1
ip-10-232-1-152:58:58 [0] NCCL INFO P2P Chunksize set to 131072
ip-10-232-1-152:58:58 [0] NCCL INFO Check P2P Type isAllDirectP2p 1 directMode 0 isAllCudaP2p 1
ip-10-232-1-152:58:156 [0] NCCL INFO [Proxy Service] Device 0 CPU core 1
ip-10-232-1-152:58:58 [0] NCCL INFO ncclP2pSchedule: group size used is 1
ip-10-232-1-152:58:157 [0] NCCL INFO [Proxy Service UDS] Device 0 CPU core 2
ip-10-232-1-152:58:58 [0] NCCL INFO threadThresholds 8/8/64 | 16/8/64 | 512 | 512
ip-10-232-1-152:58:58 [0] NCCL INFO 2 coll channels, 2 collnet channels, 0 nvls channels, 2 p2p channels, 1 p2p channels per peer
ip-10-232-1-152:58:58 [0] NCCL INFO Symmetric VA size=24GB
ip-10-232-1-152:58:58 [0] NCCL INFO Symmetric memory is not supported. cuMemEnable 1, globalGinSupport 0, globalNicFused 0 cuMemGdrSupport 1
ip-10-232-1-152:58:58 [0] NCCL INFO CC Off, workFifoBytes 1048576
ip-10-232-1-152:58:58 [0] NCCL INFO ncclCommInitRankConfig comm 0x55b2196cb780 rank 0 nranks 2 cudaDev 0 nvmlDev 0 busId 1e0 commId 0x564ef37da8b4f11b - Init COMPLETE
ip-10-232-1-152:58:58 [0] NCCL INFO Init timings - ncclCommInitRankConfig: rank 0 nranks 2 total 0.92 (kernels 0.00, alloc 0.00, bootstrap 0.72, allgathers 0.19, topo 0.00, graphs 0.00, connections 0.00, rest 0.00)
ip-10-232-1-152:58:156 [0] NCCL INFO New proxy send connection 0 from local rank 0, transport 2
ip-10-232-1-152:58:158 [0] NCCL INFO [Proxy Progress] Device 0 CPU core 0
ip-10-232-1-152:58:58 [0] NCCL INFO Connected to proxy localRank 0 -> connection 0x7c260686dae0
ip-10-232-1-152:58:156 [0] NCCL INFO Could not get speed from /sys/class/net/ens5/speed. Defaulting to 10 Gbps.
ip-10-232-1-152:58:58 [0] NCCL INFO Channel 01/1 : 0[0] -> 1[0] [send] via NET/Socket/0/Shared
ip-10-232-1-152:58:156 [0] NCCL INFO New proxy recv connection 1 from local rank 0, transport 2
ip-10-232-1-152:58:58 [0] NCCL INFO Connected to proxy localRank 0 -> connection 0x7c260686db68
ip-10-232-1-152:58:156 [0] NCCL INFO Could not get speed from /sys/class/net/ens5/speed. Defaulting to 10 Gbps.
ip-10-232-1-152:58:156 [0] NCCL INFO NET/Socket: Using 2 threads and 8 sockets per thread
ip-10-232-1-152:58:58 [0] NCCL INFO Channel 01/1 : 1[0] -> 0[0] [receive] via NET/Socket/0/Shared
ip-10-232-1-152:58:58 [0] NCCL INFO Initialized NET plugin Socket
ip-10-232-1-152:58:58 [0] NCCL INFO Could not get speed from /sys/class/net/ens5/speed. Defaulting to 10 Gbps.
ip-10-232-1-152:58:58 [0] NCCL INFO Assigned NET plugin Socket to comm
ip-10-232-1-152:58:58 [0] NCCL INFO Failed to initialize any GIN plugin
ip-10-232-1-152:58:58 [0] NCCL INFO Using network Socket
ip-10-232-1-152:58:58 [0] NCCL INFO [Rank 1] ncclCommInitRankConfig comm 0x55b2197f0570 rank 1 nranks 2 cudaDev 0 nvmlDev 0 busId 1e0 commId 0xfc32148040af271d - Init START
ip-10-232-1-152:58:58 [0] NCCL INFO Topology detection : could not read /sys/devices/pci0000:00/0000:00:1e.0/../max_link_speed, ignoring
ip-10-232-1-152:58:58 [0] NCCL INFO Topology detection : could not read /sys/devices/pci0000:00/0000:00:1e.0/../max_link_width, ignoring
ip-10-232-1-152:58:58 [0] NCCL INFO Topology detection : could not read /sys/devices/system/node/node-1/cpumap, ignoring
ip-10-232-1-152:58:58 [0] NCCL INFO TOPO/NET : Importing network plugins to topology
ip-10-232-1-152:58:58 [0] NCCL INFO Could not get speed from /sys/class/net/ens5/speed. Defaulting to 10 Gbps.
ip-10-232-1-152:58:58 [0] NCCL INFO Topology detection : could not read /sys/devices/pci0000:00/0000:00:05.0/../max_link_speed, ignoring
ip-10-232-1-152:58:58 [0] NCCL INFO Topology detection : could not read /sys/devices/pci0000:00/0000:00:05.0/../max_link_width, ignoring
ip-10-232-1-152:58:58 [0] NCCL INFO Topology detection : could not read /sys/devices/system/node/node-1/cpumap, ignoring
ip-10-232-1-152:58:58 [0] NCCL INFO NET/Socket : GPU Direct RDMA Disabled for HCA 0 'ens5'
ip-10-232-1-152:58:58 [0] NCCL INFO ncclTopoPopulateNics : Filled ens5 in topo with pciPath=/sys/devices/pci0000:00/0000:00:05.0 net=1 gin=(null) keep=1 coll=(null)
ip-10-232-1-152:58:58 [0] NCCL INFO KV Convert to int : could not find value of 'Unknown' in dictionary, falling back to 60
ip-10-232-1-152:58:58 [0] NCCL INFO === System : maxBw 1.2 totalBw 24.0 ===
ip-10-232-1-152:58:58 [0] NCCL INFO CPU/0-ffffffffffffff (1/2/-1)
ip-10-232-1-152:58:58 [0] NCCL INFO + PCI[24.0] - GPU/0-1e0 (1)
ip-10-232-1-152:58:58 [0] NCCL INFO + PCI[12.0] - NIC/0-50
ip-10-232-1-152:58:58 [0] NCCL INFO               + NET[1.2] - NET/0-0 (0/0/0/1.250000)
ip-10-232-1-152:58:58 [0] NCCL INFO ==========================================
ip-10-232-1-152:58:58 [0] NCCL INFO GPU/0-1e0 :GPU/0-1e0 (0/5000.0/LOC) CPU/0-ffffffffffffff (1/24.0/PHB) NET/0-0 (3/1.2/PHB) 
ip-10-232-1-152:58:58 [0] NCCL INFO NET/0-0 :GPU/0-1e0 (3/1.2/PHB) CPU/0-ffffffffffffff (2/1.2/PHB) NET/0-0 (0/5000.0/LOC) 
ip-10-232-1-152:58:58 [0] NCCL INFO ncclTopoGetCpuAffinity: Affinity for GPU 0 is empty, ignoring. (GPU affinity =  ; CPU affinity = 0-3).
ip-10-232-1-152:58:58 [0] NCCL INFO Pattern 4, crossNic 0, nChannels 1, bw 1.200000/1.200000, type LOC/PHB, sameChannels 1
ip-10-232-1-152:58:58 [0] NCCL INFO  0 : NET/0-0 GPU/0-1e0 NET/0-0
ip-10-232-1-152:58:58 [0] NCCL INFO Pattern 3, crossNic 0, nChannels 1, bw 2.400000/1.200000, type LOC/PHB, sameChannels 1
ip-10-232-1-152:58:58 [0] NCCL INFO  0 : NET/0-0 GPU/0-1e0 NET/0-0
ip-10-232-1-152:58:58 [0] NCCL INFO Could not get speed from /sys/class/net/ens5/speed. Defaulting to 10 Gbps.
ip-10-232-1-152:58:58 [0] NCCL INFO comm 0x55b2197f0570 rank 1 nRanks 2 nNodes 2 localRanks 1 localRank 0 MNNVL 0
ip-10-232-1-152:58:58 [0] NCCL INFO Tree 0 : 0 -> 1 -> -1/-1/-1
ip-10-232-1-152:58:58 [0] NCCL INFO Tree 1 : -1 -> 1 -> 0/-1/-1
ip-10-232-1-152:58:58 [0] NCCL INFO Ring 00 : 0 -> 1 -> 0
ip-10-232-1-152:58:58 [0] NCCL INFO Ring 01 : 0 -> 1 -> 0
ip-10-232-1-152:58:58 [0] NCCL INFO Trees [0] -1/-1/-1->1->0 [1] 0/-1/-1->1->-1
ip-10-232-1-152:58:58 [0] NCCL INFO P2P Chunksize set to 131072
ip-10-232-1-152:58:58 [0] NCCL INFO Check P2P Type isAllDirectP2p 1 directMode 0 isAllCudaP2p 1
ip-10-232-1-152:58:58 [0] NCCL INFO ncclP2pSchedule: group size used is 1
ip-10-232-1-152:58:163 [0] NCCL INFO [Proxy Service] Device 0 CPU core 3
ip-10-232-1-152:58:164 [0] NCCL INFO [Proxy Service UDS] Device 0 CPU core 1
ip-10-232-1-152:58:58 [0] NCCL INFO threadThresholds 8/8/64 | 16/8/64 | 512 | 512
ip-10-232-1-152:58:58 [0] NCCL INFO 2 coll channels, 2 collnet channels, 0 nvls channels, 2 p2p channels, 1 p2p channels per peer
ip-10-232-1-152:58:58 [0] NCCL INFO Symmetric VA size=24GB
ip-10-232-1-152:58:58 [0] NCCL INFO Symmetric memory is not supported. cuMemEnable 1, globalGinSupport 0, globalNicFused 0 cuMemGdrSupport 1
ip-10-232-1-152:58:58 [0] NCCL INFO ncclCommInitRankConfig comm 0x55b2197f0570 rank 1 nranks 2 cudaDev 0 nvmlDev 0 busId 1e0 commId 0xfc32148040af271d - Init COMPLETE
ip-10-232-1-152:58:58 [0] NCCL INFO Init timings - ncclCommInitRankConfig: rank 1 nranks 2 total 0.40 (kernels 0.00, alloc 0.00, bootstrap 0.28, allgathers 0.12, topo 0.00, graphs 0.00, connections 0.00, rest 0.00)
ip-10-232-1-152:58:163 [0] NCCL INFO New proxy recv connection 0 from local rank 0, transport 2
ip-10-232-1-152:58:165 [0] NCCL INFO [Proxy Progress] Device 0 CPU core 1
ip-10-232-1-152:58:58 [0] NCCL INFO Connected to proxy localRank 0 -> connection 0x7c26840210c0
ip-10-232-1-152:58:163 [0] NCCL INFO Could not get speed from /sys/class/net/ens5/speed. Defaulting to 10 Gbps.
ip-10-232-1-152:58:163 [0] NCCL INFO NET/Socket: Using 2 threads and 8 sockets per thread
ip-10-232-1-152:58:58 [0] NCCL INFO Channel 01/1 : 0[0] -> 1[0] [receive] via NET/Socket/0/Shared
ip-10-232-1-152:58:163 [0] NCCL INFO New proxy send connection 1 from local rank 0, transport 2
ip-10-232-1-152:58:58 [0] NCCL INFO Connected to proxy localRank 0 -> connection 0x7c2684021148
ip-10-232-1-152:58:163 [0] NCCL INFO Could not get speed from /sys/class/net/ens5/speed. Defaulting to 10 Gbps.
ip-10-232-1-152:58:58 [0] NCCL INFO Channel 01/1 : 1[0] -> 0[0] [send] via NET/Socket/0/Shared
ip-10-232-1-152:58:58 [0] NCCL INFO Initialized NET plugin Socket
ip-10-232-1-152:58:58 [0] NCCL INFO Could not get speed from /sys/class/net/ens5/speed. Defaulting to 10 Gbps.
ip-10-232-1-152:58:58 [0] NCCL INFO Assigned NET plugin Socket to comm
ip-10-232-1-152:58:58 [0] NCCL INFO Failed to initialize any GIN plugin
ip-10-232-1-152:58:58 [0] NCCL INFO Using network Socket
ip-10-232-1-152:58:58 [0] NCCL INFO [Rank 0] ncclCommInitRankConfig comm 0x55b216cf4c00 rank 0 nranks 2 cudaDev 0 nvmlDev 0 busId 1e0 commId 0xa4217710d5d0c97b - Init START
ip-10-232-1-152:58:58 [0] NCCL INFO Topology detection : could not read /sys/devices/pci0000:00/0000:00:1e.0/../max_link_speed, ignoring
ip-10-232-1-152:58:58 [0] NCCL INFO Topology detection : could not read /sys/devices/pci0000:00/0000:00:1e.0/../max_link_width, ignoring
ip-10-232-1-152:58:58 [0] NCCL INFO Topology detection : could not read /sys/devices/system/node/node-1/cpumap, ignoring
ip-10-232-1-152:58:58 [0] NCCL INFO TOPO/NET : Importing network plugins to topology
ip-10-232-1-152:58:58 [0] NCCL INFO Could not get speed from /sys/class/net/ens5/speed. Defaulting to 10 Gbps.
ip-10-232-1-152:58:58 [0] NCCL INFO Topology detection : could not read /sys/devices/pci0000:00/0000:00:05.0/../max_link_speed, ignoring
ip-10-232-1-152:58:58 [0] NCCL INFO Topology detection : could not read /sys/devices/pci0000:00/0000:00:05.0/../max_link_width, ignoring
ip-10-232-1-152:58:58 [0] NCCL INFO Topology detection : could not read /sys/devices/system/node/node-1/cpumap, ignoring
ip-10-232-1-152:58:58 [0] NCCL INFO NET/Socket : GPU Direct RDMA Disabled for HCA 0 'ens5'
ip-10-232-1-152:58:58 [0] NCCL INFO ncclTopoPopulateNics : Filled ens5 in topo with pciPath=/sys/devices/pci0000:00/0000:00:05.0 net=1 gin=(null) keep=1 coll=(null)
ip-10-232-1-152:58:58 [0] NCCL INFO KV Convert to int : could not find value of 'Unknown' in dictionary, falling back to 60
ip-10-232-1-152:58:58 [0] NCCL INFO === System : maxBw 1.2 totalBw 24.0 ===
ip-10-232-1-152:58:58 [0] NCCL INFO CPU/0-ffffffffffffff (1/2/-1)
ip-10-232-1-152:58:58 [0] NCCL INFO + PCI[24.0] - GPU/0-1e0 (0)
ip-10-232-1-152:58:58 [0] NCCL INFO + PCI[12.0] - NIC/0-50
ip-10-232-1-152:58:58 [0] NCCL INFO               + NET[1.2] - NET/0-0 (0/0/0/1.250000)
ip-10-232-1-152:58:58 [0] NCCL INFO ==========================================
ip-10-232-1-152:58:58 [0] NCCL INFO GPU/0-1e0 :GPU/0-1e0 (0/5000.0/LOC) CPU/0-ffffffffffffff (1/24.0/PHB) NET/0-0 (3/1.2/PHB) 
ip-10-232-1-152:58:58 [0] NCCL INFO NET/0-0 :GPU/0-1e0 (3/1.2/PHB) CPU/0-ffffffffffffff (2/1.2/PHB) NET/0-0 (0/5000.0/LOC) 
ip-10-232-1-152:58:58 [0] NCCL INFO ncclTopoGetCpuAffinity: Affinity for GPU 0 is empty, ignoring. (GPU affinity =  ; CPU affinity = 0-3).
ip-10-232-1-152:58:58 [0] NCCL INFO Pattern 4, crossNic 0, nChannels 1, bw 1.200000/1.200000, type LOC/PHB, sameChannels 1
ip-10-232-1-152:58:58 [0] NCCL INFO  0 : NET/0-0 GPU/0-1e0 NET/0-0
ip-10-232-1-152:58:58 [0] NCCL INFO Pattern 3, crossNic 0, nChannels 1, bw 2.400000/1.200000, type LOC/PHB, sameChannels 1
ip-10-232-1-152:58:58 [0] NCCL INFO  0 : NET/0-0 GPU/0-1e0 NET/0-0
ip-10-232-1-152:58:58 [0] NCCL INFO Could not get speed from /sys/class/net/ens5/speed. Defaulting to 10 Gbps.
ip-10-232-1-152:58:58 [0] NCCL INFO comm 0x55b216cf4c00 rank 0 nRanks 2 nNodes 2 localRanks 1 localRank 0 MNNVL 0
ip-10-232-1-152:58:58 [0] NCCL INFO Tree 0 : -1 -> 0 -> 1/-1/-1
ip-10-232-1-152:58:58 [0] NCCL INFO Tree 1 : 1 -> 0 -> -1/-1/-1
ip-10-232-1-152:58:58 [0] NCCL INFO Channel 00/02 : 0 1
ip-10-232-1-152:58:58 [0] NCCL INFO Channel 01/02 : 0 1
ip-10-232-1-152:58:58 [0] NCCL INFO Ring 00 : 1 -> 0 -> 1
ip-10-232-1-152:58:58 [0] NCCL INFO Ring 01 : 1 -> 0 -> 1
ip-10-232-1-152:58:58 [0] NCCL INFO Trees [0] 1/-1/-1->0->-1 [1] -1/-1/-1->0->1
ip-10-232-1-152:58:58 [0] NCCL INFO P2P Chunksize set to 131072
ip-10-232-1-152:58:58 [0] NCCL INFO Check P2P Type isAllDirectP2p 1 directMode 0 isAllCudaP2p 1
ip-10-232-1-152:58:58 [0] NCCL INFO ncclP2pSchedule: group size used is 1
ip-10-232-1-152:58:172 [0] NCCL INFO [Proxy Service UDS] Device 0 CPU core 1
ip-10-232-1-152:58:171 [0] NCCL INFO [Proxy Service] Device 0 CPU core 2
ip-10-232-1-152:58:58 [0] NCCL INFO threadThresholds 8/8/64 | 16/8/64 | 512 | 512
ip-10-232-1-152:58:58 [0] NCCL INFO 2 coll channels, 2 collnet channels, 0 nvls channels, 2 p2p channels, 1 p2p channels per peer
ip-10-232-1-152:58:58 [0] NCCL INFO Symmetric VA size=24GB
ip-10-232-1-152:58:58 [0] NCCL INFO Symmetric memory is not supported. cuMemEnable 1, globalGinSupport 0, globalNicFused 0 cuMemGdrSupport 1
ip-10-232-1-152:58:58 [0] NCCL INFO CC Off, workFifoBytes 1048576
ip-10-232-1-152:58:58 [0] NCCL INFO ncclCommInitRankConfig comm 0x55b216cf4c00 rank 0 nranks 2 cudaDev 0 nvmlDev 0 busId 1e0 commId 0xa4217710d5d0c97b - Init COMPLETE
ip-10-232-1-152:58:58 [0] NCCL INFO Init timings - ncclCommInitRankConfig: rank 0 nranks 2 total 1.07 (kernels 0.00, alloc 0.00, bootstrap 0.84, allgathers 0.23, topo 0.00, graphs 0.00, connections 0.00, rest 0.00)
ip-10-232-1-152:58:171 [0] NCCL INFO New proxy send connection 0 from local rank 0, transport 2
ip-10-232-1-152:58:173 [0] NCCL INFO [Proxy Progress] Device 0 CPU core 3
ip-10-232-1-152:58:58 [0] NCCL INFO Connected to proxy localRank 0 -> connection 0x7c2694040d70
ip-10-232-1-152:58:171 [0] NCCL INFO Could not get speed from /sys/class/net/ens5/speed. Defaulting to 10 Gbps.
ip-10-232-1-152:58:58 [0] NCCL INFO Channel 01/1 : 0[0] -> 1[0] [send] via NET/Socket/0/Shared
ip-10-232-1-152:58:171 [0] NCCL INFO New proxy recv connection 1 from local rank 0, transport 2
ip-10-232-1-152:58:58 [0] NCCL INFO Connected to proxy localRank 0 -> connection 0x7c2694040df8
ip-10-232-1-152:58:171 [0] NCCL INFO Could not get speed from /sys/class/net/ens5/speed. Defaulting to 10 Gbps.
ip-10-232-1-152:58:171 [0] NCCL INFO NET/Socket: Using 2 threads and 8 sockets per thread
ip-10-232-1-152:58:58 [0] NCCL INFO Channel 01/1 : 1[0] -> 0[0] [receive] via NET/Socket/0/Shared
ip-10-232-1-152:58:58 [0] NCCL INFO Initialized NET plugin Socket
ip-10-232-1-152:58:58 [0] NCCL INFO Could not get speed from /sys/class/net/ens5/speed. Defaulting to 10 Gbps.
ip-10-232-1-152:58:58 [0] NCCL INFO Assigned NET plugin Socket to comm
ip-10-232-1-152:58:58 [0] NCCL INFO Failed to initialize any GIN plugin
ip-10-232-1-152:58:58 [0] NCCL INFO Using network Socket
ip-10-232-1-152:58:58 [0] NCCL INFO [Rank 0] ncclCommInitRankConfig comm 0x55b216f1de40 rank 0 nranks 2 cudaDev 0 nvmlDev 0 busId 1e0 commId 0xa46507d8f076f78a - Init START
ip-10-232-1-152:58:58 [0] NCCL INFO Topology detection : could not read /sys/devices/pci0000:00/0000:00:1e.0/../max_link_speed, ignoring
ip-10-232-1-152:58:58 [0] NCCL INFO Topology detection : could not read /sys/devices/pci0000:00/0000:00:1e.0/../max_link_width, ignoring
ip-10-232-1-152:58:58 [0] NCCL INFO Topology detection : could not read /sys/devices/system/node/node-1/cpumap, ignoring
ip-10-232-1-152:58:58 [0] NCCL INFO TOPO/NET : Importing network plugins to topology
ip-10-232-1-152:58:58 [0] NCCL INFO Could not get speed from /sys/class/net/ens5/speed. Defaulting to 10 Gbps.
ip-10-232-1-152:58:58 [0] NCCL INFO Topology detection : could not read /sys/devices/pci0000:00/0000:00:05.0/../max_link_speed, ignoring
ip-10-232-1-152:58:58 [0] NCCL INFO Topology detection : could not read /sys/devices/pci0000:00/0000:00:05.0/../max_link_width, ignoring
ip-10-232-1-152:58:58 [0] NCCL INFO Topology detection : could not read /sys/devices/system/node/node-1/cpumap, ignoring
ip-10-232-1-152:58:58 [0] NCCL INFO NET/Socket : GPU Direct RDMA Disabled for HCA 0 'ens5'
ip-10-232-1-152:58:58 [0] NCCL INFO ncclTopoPopulateNics : Filled ens5 in topo with pciPath=/sys/devices/pci0000:00/0000:00:05.0 net=1 gin=(null) keep=1 coll=(null)
ip-10-232-1-152:58:58 [0] NCCL INFO KV Convert to int : could not find value of 'Unknown' in dictionary, falling back to 60
ip-10-232-1-152:58:58 [0] NCCL INFO === System : maxBw 1.2 totalBw 24.0 ===
ip-10-232-1-152:58:58 [0] NCCL INFO CPU/0-ffffffffffffff (1/2/-1)
ip-10-232-1-152:58:58 [0] NCCL INFO + PCI[24.0] - GPU/0-1e0 (0)
ip-10-232-1-152:58:58 [0] NCCL INFO + PCI[12.0] - NIC/0-50
ip-10-232-1-152:58:58 [0] NCCL INFO               + NET[1.2] - NET/0-0 (0/0/0/1.250000)
ip-10-232-1-152:58:58 [0] NCCL INFO ==========================================
ip-10-232-1-152:58:58 [0] NCCL INFO GPU/0-1e0 :GPU/0-1e0 (0/5000.0/LOC) CPU/0-ffffffffffffff (1/24.0/PHB) NET/0-0 (3/1.2/PHB) 
ip-10-232-1-152:58:58 [0] NCCL INFO NET/0-0 :GPU/0-1e0 (3/1.2/PHB) CPU/0-ffffffffffffff (2/1.2/PHB) NET/0-0 (0/5000.0/LOC) 
ip-10-232-1-152:58:58 [0] NCCL INFO ncclTopoGetCpuAffinity: Affinity for GPU 0 is empty, ignoring. (GPU affinity =  ; CPU affinity = 0-3).
ip-10-232-1-152:58:58 [0] NCCL INFO Pattern 4, crossNic 0, nChannels 1, bw 1.200000/1.200000, type LOC/PHB, sameChannels 1
ip-10-232-1-152:58:58 [0] NCCL INFO  0 : NET/0-0 GPU/0-1e0 NET/0-0
ip-10-232-1-152:58:58 [0] NCCL INFO Pattern 3, crossNic 0, nChannels 1, bw 2.400000/1.200000, type LOC/PHB, sameChannels 1
ip-10-232-1-152:58:58 [0] NCCL INFO  0 : NET/0-0 GPU/0-1e0 NET/0-0
ip-10-232-1-152:58:58 [0] NCCL INFO Could not get speed from /sys/class/net/ens5/speed. Defaulting to 10 Gbps.
ip-10-232-1-152:58:58 [0] NCCL INFO comm 0x55b216f1de40 rank 0 nRanks 2 nNodes 2 localRanks 1 localRank 0 MNNVL 0
ip-10-232-1-152:58:58 [0] NCCL INFO Tree 0 : -1 -> 0 -> 1/-1/-1
ip-10-232-1-152:58:58 [0] NCCL INFO Tree 1 : 1 -> 0 -> -1/-1/-1
ip-10-232-1-152:58:58 [0] NCCL INFO Channel 00/02 : 0 1
ip-10-232-1-152:58:58 [0] NCCL INFO Channel 01/02 : 0 1
ip-10-232-1-152:58:58 [0] NCCL INFO Ring 00 : 1 -> 0 -> 1
ip-10-232-1-152:58:58 [0] NCCL INFO Ring 01 : 1 -> 0 -> 1
ip-10-232-1-152:58:58 [0] NCCL INFO Trees [0] 1/-1/-1->0->-1 [1] -1/-1/-1->0->1
ip-10-232-1-152:58:58 [0] NCCL INFO P2P Chunksize set to 131072
ip-10-232-1-152:58:58 [0] NCCL INFO Check P2P Type isAllDirectP2p 1 directMode 0 isAllCudaP2p 1
ip-10-232-1-152:58:58 [0] NCCL INFO ncclP2pSchedule: group size used is 1
ip-10-232-1-152:58:180 [0] NCCL INFO [Proxy Service UDS] Device 0 CPU core 3
ip-10-232-1-152:58:179 [0] NCCL INFO [Proxy Service] Device 0 CPU core 0
ip-10-232-1-152:58:58 [0] NCCL INFO threadThresholds 8/8/64 | 16/8/64 | 512 | 512
ip-10-232-1-152:58:58 [0] NCCL INFO 2 coll channels, 2 collnet channels, 0 nvls channels, 2 p2p channels, 1 p2p channels per peer
ip-10-232-1-152:58:58 [0] NCCL INFO Symmetric VA size=24GB
ip-10-232-1-152:58:58 [0] NCCL INFO Symmetric memory is not supported. cuMemEnable 1, globalGinSupport 0, globalNicFused 0 cuMemGdrSupport 1
ip-10-232-1-152:58:58 [0] NCCL INFO CC Off, workFifoBytes 1048576
ip-10-232-1-152:58:58 [0] NCCL INFO ncclCommInitRankConfig comm 0x55b216f1de40 rank 0 nranks 2 cudaDev 0 nvmlDev 0 busId 1e0 commId 0xa46507d8f076f78a - Init COMPLETE
ip-10-232-1-152:58:58 [0] NCCL INFO Init timings - ncclCommInitRankConfig: rank 0 nranks 2 total 1.27 (kernels 0.00, alloc 0.00, bootstrap 1.03, allgathers 0.24, topo 0.00, graphs 0.00, connections 0.00, rest 0.00)
ip-10-232-1-152:58:179 [0] NCCL INFO New proxy send connection 0 from local rank 0, transport 2
ip-10-232-1-152:58:181 [0] NCCL INFO [Proxy Progress] Device 0 CPU core 0
ip-10-232-1-152:58:58 [0] NCCL INFO Connected to proxy localRank 0 -> connection 0x7c26b4005260
ip-10-232-1-152:58:179 [0] NCCL INFO Could not get speed from /sys/class/net/ens5/speed. Defaulting to 10 Gbps.
ip-10-232-1-152:58:58 [0] NCCL INFO Channel 01/1 : 0[0] -> 1[0] [send] via NET/Socket/0/Shared
ip-10-232-1-152:58:179 [0] NCCL INFO New proxy recv connection 1 from local rank 0, transport 2
ip-10-232-1-152:58:58 [0] NCCL INFO Connected to proxy localRank 0 -> connection 0x7c26b40052e8
ip-10-232-1-152:58:179 [0] NCCL INFO Could not get speed from /sys/class/net/ens5/speed. Defaulting to 10 Gbps.
ip-10-232-1-152:58:179 [0] NCCL INFO NET/Socket: Using 2 threads and 8 sockets per thread
ip-10-232-1-152:58:58 [0] NCCL INFO Channel 01/1 : 1[0] -> 0[0] [receive] via NET/Socket/0/Shared
ip-10-232-1-152:58:58 [0] NCCL INFO Initialized NET plugin Socket
ip-10-232-1-152:58:58 [0] NCCL INFO Could not get speed from /sys/class/net/ens5/speed. Defaulting to 10 Gbps.
ip-10-232-1-152:58:58 [0] NCCL INFO Assigned NET plugin Socket to comm
ip-10-232-1-152:58:58 [0] NCCL INFO Failed to initialize any GIN plugin
ip-10-232-1-152:58:58 [0] NCCL INFO Using network Socket
ip-10-232-1-152:58:58 [0] NCCL INFO [Rank 0] ncclCommInitRankConfig comm 0x55b217042c80 rank 0 nranks 2 cudaDev 0 nvmlDev 0 busId 1e0 commId 0x4ce5ecb9a4510d2e - Init START
ip-10-232-1-152:58:58 [0] NCCL INFO Topology detection : could not read /sys/devices/pci0000:00/0000:00:1e.0/../max_link_speed, ignoring
ip-10-232-1-152:58:58 [0] NCCL INFO Topology detection : could not read /sys/devices/pci0000:00/0000:00:1e.0/../max_link_width, ignoring
ip-10-232-1-152:58:58 [0] NCCL INFO Topology detection : could not read /sys/devices/system/node/node-1/cpumap, ignoring
ip-10-232-1-152:58:58 [0] NCCL INFO TOPO/NET : Importing network plugins to topology
ip-10-232-1-152:58:58 [0] NCCL INFO Could not get speed from /sys/class/net/ens5/speed. Defaulting to 10 Gbps.
ip-10-232-1-152:58:58 [0] NCCL INFO Topology detection : could not read /sys/devices/pci0000:00/0000:00:05.0/../max_link_speed, ignoring
ip-10-232-1-152:58:58 [0] NCCL INFO Topology detection : could not read /sys/devices/pci0000:00/0000:00:05.0/../max_link_width, ignoring
ip-10-232-1-152:58:58 [0] NCCL INFO Topology detection : could not read /sys/devices/system/node/node-1/cpumap, ignoring
ip-10-232-1-152:58:58 [0] NCCL INFO NET/Socket : GPU Direct RDMA Disabled for HCA 0 'ens5'
ip-10-232-1-152:58:58 [0] NCCL INFO ncclTopoPopulateNics : Filled ens5 in topo with pciPath=/sys/devices/pci0000:00/0000:00:05.0 net=1 gin=(null) keep=1 coll=(null)
ip-10-232-1-152:58:58 [0] NCCL INFO KV Convert to int : could not find value of 'Unknown' in dictionary, falling back to 60
ip-10-232-1-152:58:58 [0] NCCL INFO === System : maxBw 1.2 totalBw 24.0 ===
ip-10-232-1-152:58:58 [0] NCCL INFO CPU/0-ffffffffffffff (1/2/-1)
ip-10-232-1-152:58:58 [0] NCCL INFO + PCI[24.0] - GPU/0-1e0 (0)
ip-10-232-1-152:58:58 [0] NCCL INFO + PCI[12.0] - NIC/0-50
ip-10-232-1-152:58:58 [0] NCCL INFO               + NET[1.2] - NET/0-0 (0/0/0/1.250000)
ip-10-232-1-152:58:58 [0] NCCL INFO ==========================================
ip-10-232-1-152:58:58 [0] NCCL INFO GPU/0-1e0 :GPU/0-1e0 (0/5000.0/LOC) CPU/0-ffffffffffffff (1/24.0/PHB) NET/0-0 (3/1.2/PHB) 
ip-10-232-1-152:58:58 [0] NCCL INFO NET/0-0 :GPU/0-1e0 (3/1.2/PHB) CPU/0-ffffffffffffff (2/1.2/PHB) NET/0-0 (0/5000.0/LOC) 
ip-10-232-1-152:58:58 [0] NCCL INFO ncclTopoGetCpuAffinity: Affinity for GPU 0 is empty, ignoring. (GPU affinity =  ; CPU affinity = 0-3).
ip-10-232-1-152:58:58 [0] NCCL INFO Pattern 4, crossNic 0, nChannels 1, bw 1.200000/1.200000, type LOC/PHB, sameChannels 1
ip-10-232-1-152:58:58 [0] NCCL INFO  0 : NET/0-0 GPU/0-1e0 NET/0-0
ip-10-232-1-152:58:58 [0] NCCL INFO Pattern 3, crossNic 0, nChannels 1, bw 2.400000/1.200000, type LOC/PHB, sameChannels 1
ip-10-232-1-152:58:58 [0] NCCL INFO  0 : NET/0-0 GPU/0-1e0 NET/0-0
ip-10-232-1-152:58:58 [0] NCCL INFO Could not get speed from /sys/class/net/ens5/speed. Defaulting to 10 Gbps.
ip-10-232-1-152:58:58 [0] NCCL INFO comm 0x55b217042c80 rank 0 nRanks 2 nNodes 2 localRanks 1 localRank 0 MNNVL 0
ip-10-232-1-152:58:58 [0] NCCL INFO Tree 0 : -1 -> 0 -> 1/-1/-1
ip-10-232-1-152:58:58 [0] NCCL INFO Tree 1 : 1 -> 0 -> -1/-1/-1
ip-10-232-1-152:58:58 [0] NCCL INFO Channel 00/02 : 0 1
ip-10-232-1-152:58:58 [0] NCCL INFO Channel 01/02 : 0 1
ip-10-232-1-152:58:58 [0] NCCL INFO Ring 00 : 1 -> 0 -> 1
ip-10-232-1-152:58:58 [0] NCCL INFO Ring 01 : 1 -> 0 -> 1
ip-10-232-1-152:58:58 [0] NCCL INFO Trees [0] 1/-1/-1->0->-1 [1] -1/-1/-1->0->1
ip-10-232-1-152:58:58 [0] NCCL INFO P2P Chunksize set to 131072
ip-10-232-1-152:58:58 [0] NCCL INFO Check P2P Type isAllDirectP2p 1 directMode 0 isAllCudaP2p 1
ip-10-232-1-152:58:187 [0] NCCL INFO [Proxy Service] Device 0 CPU core 1
ip-10-232-1-152:58:58 [0] NCCL INFO ncclP2pSchedule: group size used is 1
ip-10-232-1-152:58:188 [0] NCCL INFO [Proxy Service UDS] Device 0 CPU core 0
ip-10-232-1-152:58:58 [0] NCCL INFO threadThresholds 8/8/64 | 16/8/64 | 512 | 512
ip-10-232-1-152:58:58 [0] NCCL INFO 2 coll channels, 2 collnet channels, 0 nvls channels, 2 p2p channels, 1 p2p channels per peer
ip-10-232-1-152:58:58 [0] NCCL INFO Symmetric VA size=24GB
ip-10-232-1-152:58:58 [0] NCCL INFO Symmetric memory is not supported. cuMemEnable 1, globalGinSupport 0, globalNicFused 0 cuMemGdrSupport 1
ip-10-232-1-152:58:58 [0] NCCL INFO CC Off, workFifoBytes 1048576
ip-10-232-1-152:58:58 [0] NCCL INFO ncclCommInitRankConfig comm 0x55b217042c80 rank 0 nranks 2 cudaDev 0 nvmlDev 0 busId 1e0 commId 0x4ce5ecb9a4510d2e - Init COMPLETE
ip-10-232-1-152:58:58 [0] NCCL INFO Init timings - ncclCommInitRankConfig: rank 0 nranks 2 total 0.77 (kernels 0.00, alloc 0.00, bootstrap 0.59, allgathers 0.17, topo 0.00, graphs 0.00, connections 0.00, rest 0.00)
ip-10-232-1-152:58:187 [0] NCCL INFO New proxy send connection 0 from local rank 0, transport 2
ip-10-232-1-152:58:189 [0] NCCL INFO [Proxy Progress] Device 0 CPU core 0
ip-10-232-1-152:58:58 [0] NCCL INFO Connected to proxy localRank 0 -> connection 0x7c26d0005310
ip-10-232-1-152:58:187 [0] NCCL INFO Could not get speed from /sys/class/net/ens5/speed. Defaulting to 10 Gbps.
ip-10-232-1-152:58:58 [0] NCCL INFO Channel 01/1 : 0[0] -> 1[0] [send] via NET/Socket/0/Shared
ip-10-232-1-152:58:187 [0] NCCL INFO New proxy recv connection 1 from local rank 0, transport 2
ip-10-232-1-152:58:58 [0] NCCL INFO Connected to proxy localRank 0 -> connection 0x7c26d0005398
ip-10-232-1-152:58:187 [0] NCCL INFO Could not get speed from /sys/class/net/ens5/speed. Defaulting to 10 Gbps.
ip-10-232-1-152:58:187 [0] NCCL INFO NET/Socket: Using 2 threads and 8 sockets per thread
ip-10-232-1-152:58:58 [0] NCCL INFO Channel 01/1 : 1[0] -> 0[0] [receive] via NET/Socket/0/Shared
ip-10-232-1-152:58:58 [0] NCCL INFO Initialized NET plugin Socket
ip-10-232-1-152:58:58 [0] NCCL INFO Could not get speed from /sys/class/net/ens5/speed. Defaulting to 10 Gbps.
ip-10-232-1-152:58:58 [0] NCCL INFO Assigned NET plugin Socket to comm
ip-10-232-1-152:58:58 [0] NCCL INFO Failed to initialize any GIN plugin
ip-10-232-1-152:58:58 [0] NCCL INFO Using network Socket
ip-10-232-1-152:58:58 [0] NCCL INFO [Rank 0] ncclCommInitRankConfig comm 0x55b217284650 rank 0 nranks 2 cudaDev 0 nvmlDev 0 busId 1e0 commId 0xa8205568a04d8b2c - Init START
ip-10-232-1-152:58:58 [0] NCCL INFO Topology detection : could not read /sys/devices/pci0000:00/0000:00:1e.0/../max_link_speed, ignoring
ip-10-232-1-152:58:58 [0] NCCL INFO Topology detection : could not read /sys/devices/pci0000:00/0000:00:1e.0/../max_link_width, ignoring
ip-10-232-1-152:58:58 [0] NCCL INFO Topology detection : could not read /sys/devices/system/node/node-1/cpumap, ignoring
ip-10-232-1-152:58:58 [0] NCCL INFO TOPO/NET : Importing network plugins to topology
ip-10-232-1-152:58:58 [0] NCCL INFO Could not get speed from /sys/class/net/ens5/speed. Defaulting to 10 Gbps.
ip-10-232-1-152:58:58 [0] NCCL INFO Topology detection : could not read /sys/devices/pci0000:00/0000:00:05.0/../max_link_speed, ignoring
ip-10-232-1-152:58:58 [0] NCCL INFO Topology detection : could not read /sys/devices/pci0000:00/0000:00:05.0/../max_link_width, ignoring
ip-10-232-1-152:58:58 [0] NCCL INFO Topology detection : could not read /sys/devices/system/node/node-1/cpumap, ignoring
ip-10-232-1-152:58:58 [0] NCCL INFO NET/Socket : GPU Direct RDMA Disabled for HCA 0 'ens5'
ip-10-232-1-152:58:58 [0] NCCL INFO ncclTopoPopulateNics : Filled ens5 in topo with pciPath=/sys/devices/pci0000:00/0000:00:05.0 net=1 gin=(null) keep=1 coll=(null)
ip-10-232-1-152:58:58 [0] NCCL INFO KV Convert to int : could not find value of 'Unknown' in dictionary, falling back to 60
ip-10-232-1-152:58:58 [0] NCCL INFO === System : maxBw 1.2 totalBw 24.0 ===
ip-10-232-1-152:58:58 [0] NCCL INFO CPU/0-ffffffffffffff (1/2/-1)
ip-10-232-1-152:58:58 [0] NCCL INFO + PCI[24.0] - GPU/0-1e0 (0)
ip-10-232-1-152:58:58 [0] NCCL INFO + PCI[12.0] - NIC/0-50
ip-10-232-1-152:58:58 [0] NCCL INFO               + NET[1.2] - NET/0-0 (0/0/0/1.250000)
ip-10-232-1-152:58:58 [0] NCCL INFO ==========================================
ip-10-232-1-152:58:58 [0] NCCL INFO GPU/0-1e0 :GPU/0-1e0 (0/5000.0/LOC) CPU/0-ffffffffffffff (1/24.0/PHB) NET/0-0 (3/1.2/PHB) 
ip-10-232-1-152:58:58 [0] NCCL INFO NET/0-0 :GPU/0-1e0 (3/1.2/PHB) CPU/0-ffffffffffffff (2/1.2/PHB) NET/0-0 (0/5000.0/LOC) 
ip-10-232-1-152:58:58 [0] NCCL INFO ncclTopoGetCpuAffinity: Affinity for GPU 0 is empty, ignoring. (GPU affinity =  ; CPU affinity = 0-3).
ip-10-232-1-152:58:58 [0] NCCL INFO Pattern 4, crossNic 0, nChannels 1, bw 1.200000/1.200000, type LOC/PHB, sameChannels 1
ip-10-232-1-152:58:58 [0] NCCL INFO  0 : NET/0-0 GPU/0-1e0 NET/0-0
ip-10-232-1-152:58:58 [0] NCCL INFO Pattern 3, crossNic 0, nChannels 1, bw 2.400000/1.200000, type LOC/PHB, sameChannels 1
ip-10-232-1-152:58:58 [0] NCCL INFO  0 : NET/0-0 GPU/0-1e0 NET/0-0
ip-10-232-1-152:58:58 [0] NCCL INFO Could not get speed from /sys/class/net/ens5/speed. Defaulting to 10 Gbps.
ip-10-232-1-152:58:58 [0] NCCL INFO comm 0x55b217284650 rank 0 nRanks 2 nNodes 2 localRanks 1 localRank 0 MNNVL 0
ip-10-232-1-152:58:58 [0] NCCL INFO Tree 0 : -1 -> 0 -> 1/-1/-1
ip-10-232-1-152:58:58 [0] NCCL INFO Tree 1 : 1 -> 0 -> -1/-1/-1
ip-10-232-1-152:58:58 [0] NCCL INFO Channel 00/02 : 0 1
ip-10-232-1-152:58:58 [0] NCCL INFO Channel 01/02 : 0 1
ip-10-232-1-152:58:58 [0] NCCL INFO Ring 00 : 1 -> 0 -> 1
ip-10-232-1-152:58:58 [0] NCCL INFO Ring 01 : 1 -> 0 -> 1
ip-10-232-1-152:58:58 [0] NCCL INFO Trees [0] 1/-1/-1->0->-1 [1] -1/-1/-1->0->1
ip-10-232-1-152:58:58 [0] NCCL INFO P2P Chunksize set to 131072
ip-10-232-1-152:58:58 [0] NCCL INFO Check P2P Type isAllDirectP2p 1 directMode 0 isAllCudaP2p 1
ip-10-232-1-152:58:58 [0] NCCL INFO ncclP2pSchedule: group size used is 1
ip-10-232-1-152:58:196 [0] NCCL INFO [Proxy Service UDS] Device 0 CPU core 1
ip-10-232-1-152:58:195 [0] NCCL INFO [Proxy Service] Device 0 CPU core 1
ip-10-232-1-152:58:58 [0] NCCL INFO threadThresholds 8/8/64 | 16/8/64 | 512 | 512
ip-10-232-1-152:58:58 [0] NCCL INFO 2 coll channels, 2 collnet channels, 0 nvls channels, 2 p2p channels, 1 p2p channels per peer
ip-10-232-1-152:58:58 [0] NCCL INFO Symmetric VA size=24GB
ip-10-232-1-152:58:58 [0] NCCL INFO Symmetric memory is not supported. cuMemEnable 1, globalGinSupport 0, globalNicFused 0 cuMemGdrSupport 1
ip-10-232-1-152:58:58 [0] NCCL INFO CC Off, workFifoBytes 1048576
ip-10-232-1-152:58:58 [0] NCCL INFO ncclCommInitRankConfig comm 0x55b217284650 rank 0 nranks 2 cudaDev 0 nvmlDev 0 busId 1e0 commId 0xa8205568a04d8b2c - Init COMPLETE
ip-10-232-1-152:58:58 [0] NCCL INFO Init timings - ncclCommInitRankConfig: rank 0 nranks 2 total 0.92 (kernels 0.00, alloc 0.00, bootstrap 0.72, allgathers 0.19, topo 0.00, graphs 0.00, connections 0.00, rest 0.00)
ip-10-232-1-152:58:195 [0] NCCL INFO New proxy send connection 0 from local rank 0, transport 2
ip-10-232-1-152:58:197 [0] NCCL INFO [Proxy Progress] Device 0 CPU core 2
ip-10-232-1-152:58:58 [0] NCCL INFO Connected to proxy localRank 0 -> connection 0x7c256401aaa0
ip-10-232-1-152:58:195 [0] NCCL INFO Could not get speed from /sys/class/net/ens5/speed. Defaulting to 10 Gbps.
ip-10-232-1-152:58:58 [0] NCCL INFO Channel 01/1 : 0[0] -> 1[0] [send] via NET/Socket/0/Shared
ip-10-232-1-152:58:195 [0] NCCL INFO New proxy recv connection 1 from local rank 0, transport 2
ip-10-232-1-152:58:58 [0] NCCL INFO Connected to proxy localRank 0 -> connection 0x7c256401ab28
ip-10-232-1-152:58:195 [0] NCCL INFO Could not get speed from /sys/class/net/ens5/speed. Defaulting to 10 Gbps.
ip-10-232-1-152:58:195 [0] NCCL INFO NET/Socket: Using 2 threads and 8 sockets per thread
ip-10-232-1-152:58:58 [0] NCCL INFO Channel 01/1 : 1[0] -> 0[0] [receive] via NET/Socket/0/Shared
ip-10-232-1-152:58:58 [0] NCCL INFO Initialized NET plugin Socket
ip-10-232-1-152:58:58 [0] NCCL INFO Could not get speed from /sys/class/net/ens5/speed. Defaulting to 10 Gbps.
ip-10-232-1-152:58:58 [0] NCCL INFO Assigned NET plugin Socket to comm
ip-10-232-1-152:58:58 [0] NCCL INFO Failed to initialize any GIN plugin
ip-10-232-1-152:58:58 [0] NCCL INFO Using network Socket
ip-10-232-1-152:58:58 [0] NCCL INFO [Rank 0] ncclCommInitRankConfig comm 0x55b21742be40 rank 0 nranks 2 cudaDev 0 nvmlDev 0 busId 1e0 commId 0xb9f5d2ff016dd322 - Init START
ip-10-232-1-152:58:58 [0] NCCL INFO Topology detection : could not read /sys/devices/pci0000:00/0000:00:1e.0/../max_link_speed, ignoring
ip-10-232-1-152:58:58 [0] NCCL INFO Topology detection : could not read /sys/devices/pci0000:00/0000:00:1e.0/../max_link_width, ignoring
ip-10-232-1-152:58:58 [0] NCCL INFO Topology detection : could not read /sys/devices/system/node/node-1/cpumap, ignoring
ip-10-232-1-152:58:58 [0] NCCL INFO TOPO/NET : Importing network plugins to topology
ip-10-232-1-152:58:58 [0] NCCL INFO Could not get speed from /sys/class/net/ens5/speed. Defaulting to 10 Gbps.
ip-10-232-1-152:58:58 [0] NCCL INFO Topology detection : could not read /sys/devices/pci0000:00/0000:00:05.0/../max_link_speed, ignoring
ip-10-232-1-152:58:58 [0] NCCL INFO Topology detection : could not read /sys/devices/pci0000:00/0000:00:05.0/../max_link_width, ignoring
ip-10-232-1-152:58:58 [0] NCCL INFO Topology detection : could not read /sys/devices/system/node/node-1/cpumap, ignoring
ip-10-232-1-152:58:58 [0] NCCL INFO NET/Socket : GPU Direct RDMA Disabled for HCA 0 'ens5'
ip-10-232-1-152:58:58 [0] NCCL INFO ncclTopoPopulateNics : Filled ens5 in topo with pciPath=/sys/devices/pci0000:00/0000:00:05.0 net=1 gin=(null) keep=1 coll=(null)
ip-10-232-1-152:58:58 [0] NCCL INFO KV Convert to int : could not find value of 'Unknown' in dictionary, falling back to 60
ip-10-232-1-152:58:58 [0] NCCL INFO === System : maxBw 1.2 totalBw 24.0 ===
ip-10-232-1-152:58:58 [0] NCCL INFO CPU/0-ffffffffffffff (1/2/-1)
ip-10-232-1-152:58:58 [0] NCCL INFO + PCI[24.0] - GPU/0-1e0 (0)
ip-10-232-1-152:58:58 [0] NCCL INFO + PCI[12.0] - NIC/0-50
ip-10-232-1-152:58:58 [0] NCCL INFO               + NET[1.2] - NET/0-0 (0/0/0/1.250000)
ip-10-232-1-152:58:58 [0] NCCL INFO ==========================================
ip-10-232-1-152:58:58 [0] NCCL INFO GPU/0-1e0 :GPU/0-1e0 (0/5000.0/LOC) CPU/0-ffffffffffffff (1/24.0/PHB) NET/0-0 (3/1.2/PHB) 
ip-10-232-1-152:58:58 [0] NCCL INFO NET/0-0 :GPU/0-1e0 (3/1.2/PHB) CPU/0-ffffffffffffff (2/1.2/PHB) NET/0-0 (0/5000.0/LOC) 
ip-10-232-1-152:58:58 [0] NCCL INFO ncclTopoGetCpuAffinity: Affinity for GPU 0 is empty, ignoring. (GPU affinity =  ; CPU affinity = 0-3).
ip-10-232-1-152:58:58 [0] NCCL INFO Pattern 4, crossNic 0, nChannels 1, bw 1.200000/1.200000, type LOC/PHB, sameChannels 1
ip-10-232-1-152:58:58 [0] NCCL INFO  0 : NET/0-0 GPU/0-1e0 NET/0-0
ip-10-232-1-152:58:58 [0] NCCL INFO Pattern 3, crossNic 0, nChannels 1, bw 2.400000/1.200000, type LOC/PHB, sameChannels 1
ip-10-232-1-152:58:58 [0] NCCL INFO  0 : NET/0-0 GPU/0-1e0 NET/0-0
ip-10-232-1-152:58:58 [0] NCCL INFO Could not get speed from /sys/class/net/ens5/speed. Defaulting to 10 Gbps.
ip-10-232-1-152:58:58 [0] NCCL INFO comm 0x55b21742be40 rank 0 nRanks 2 nNodes 2 localRanks 1 localRank 0 MNNVL 0
ip-10-232-1-152:58:58 [0] NCCL INFO Tree 0 : -1 -> 0 -> 1/-1/-1
ip-10-232-1-152:58:58 [0] NCCL INFO Tree 1 : 1 -> 0 -> -1/-1/-1
ip-10-232-1-152:58:58 [0] NCCL INFO Channel 00/02 : 0 1
ip-10-232-1-152:58:58 [0] NCCL INFO Channel 01/02 : 0 1
ip-10-232-1-152:58:58 [0] NCCL INFO Ring 00 : 1 -> 0 -> 1
ip-10-232-1-152:58:58 [0] NCCL INFO Ring 01 : 1 -> 0 -> 1
ip-10-232-1-152:58:58 [0] NCCL INFO Trees [0] 1/-1/-1->0->-1 [1] -1/-1/-1->0->1
ip-10-232-1-152:58:58 [0] NCCL INFO P2P Chunksize set to 131072
ip-10-232-1-152:58:58 [0] NCCL INFO Check P2P Type isAllDirectP2p 1 directMode 0 isAllCudaP2p 1
ip-10-232-1-152:58:203 [0] NCCL INFO [Proxy Service] Device 0 CPU core 0
ip-10-232-1-152:58:58 [0] NCCL INFO ncclP2pSchedule: group size used is 1
ip-10-232-1-152:58:204 [0] NCCL INFO [Proxy Service UDS] Device 0 CPU core 1
ip-10-232-1-152:58:58 [0] NCCL INFO threadThresholds 8/8/64 | 16/8/64 | 512 | 512
ip-10-232-1-152:58:58 [0] NCCL INFO 2 coll channels, 2 collnet channels, 0 nvls channels, 2 p2p channels, 1 p2p channels per peer
ip-10-232-1-152:58:58 [0] NCCL INFO Symmetric VA size=24GB
ip-10-232-1-152:58:58 [0] NCCL INFO Symmetric memory is not supported. cuMemEnable 1, globalGinSupport 0, globalNicFused 0 cuMemGdrSupport 1
ip-10-232-1-152:58:58 [0] NCCL INFO CC Off, workFifoBytes 1048576
ip-10-232-1-152:58:58 [0] NCCL INFO ncclCommInitRankConfig comm 0x55b21742be40 rank 0 nranks 2 cudaDev 0 nvmlDev 0 busId 1e0 commId 0xb9f5d2ff016dd322 - Init COMPLETE
ip-10-232-1-152:58:58 [0] NCCL INFO Init timings - ncclCommInitRankConfig: rank 0 nranks 2 total 0.83 (kernels 0.00, alloc 0.00, bootstrap 0.64, allgathers 0.18, topo 0.00, graphs 0.00, connections 0.00, rest 0.00)
ip-10-232-1-152:58:203 [0] NCCL INFO New proxy send connection 0 from local rank 0, transport 2
ip-10-232-1-152:58:205 [0] NCCL INFO [Proxy Progress] Device 0 CPU core 2
ip-10-232-1-152:58:58 [0] NCCL INFO Connected to proxy localRank 0 -> connection 0x7c258801aaa0
ip-10-232-1-152:58:203 [0] NCCL INFO Could not get speed from /sys/class/net/ens5/speed. Defaulting to 10 Gbps.
ip-10-232-1-152:58:58 [0] NCCL INFO Channel 01/1 : 0[0] -> 1[0] [send] via NET/Socket/0/Shared
ip-10-232-1-152:58:203 [0] NCCL INFO New proxy recv connection 1 from local rank 0, transport 2
ip-10-232-1-152:58:58 [0] NCCL INFO Connected to proxy localRank 0 -> connection 0x7c258801ab28
ip-10-232-1-152:58:203 [0] NCCL INFO Could not get speed from /sys/class/net/ens5/speed. Defaulting to 10 Gbps.
ip-10-232-1-152:58:203 [0] NCCL INFO NET/Socket: Using 2 threads and 8 sockets per thread
ip-10-232-1-152:58:58 [0] NCCL INFO Channel 01/1 : 1[0] -> 0[0] [receive] via NET/Socket/0/Shared
ip-10-232-1-152:58:58 [0] NCCL INFO Initialized NET plugin Socket
ip-10-232-1-152:58:58 [0] NCCL INFO Could not get speed from /sys/class/net/ens5/speed. Defaulting to 10 Gbps.
ip-10-232-1-152:58:58 [0] NCCL INFO Assigned NET plugin Socket to comm
ip-10-232-1-152:58:58 [0] NCCL INFO Failed to initialize any GIN plugin
ip-10-232-1-152:58:58 [0] NCCL INFO Using network Socket
ip-10-232-1-152:58:58 [0] NCCL INFO [Rank 0] ncclCommInitRankConfig comm 0x55b2179887a0 rank 0 nranks 2 cudaDev 0 nvmlDev 0 busId 1e0 commId 0x5715bffed89668e3 - Init START
ip-10-232-1-152:58:58 [0] NCCL INFO Topology detection : could not read /sys/devices/pci0000:00/0000:00:1e.0/../max_link_speed, ignoring
ip-10-232-1-152:58:58 [0] NCCL INFO Topology detection : could not read /sys/devices/pci0000:00/0000:00:1e.0/../max_link_width, ignoring
ip-10-232-1-152:58:58 [0] NCCL INFO Topology detection : could not read /sys/devices/system/node/node-1/cpumap, ignoring
ip-10-232-1-152:58:58 [0] NCCL INFO TOPO/NET : Importing network plugins to topology
ip-10-232-1-152:58:58 [0] NCCL INFO Could not get speed from /sys/class/net/ens5/speed. Defaulting to 10 Gbps.
ip-10-232-1-152:58:58 [0] NCCL INFO Topology detection : could not read /sys/devices/pci0000:00/0000:00:05.0/../max_link_speed, ignoring
ip-10-232-1-152:58:58 [0] NCCL INFO Topology detection : could not read /sys/devices/pci0000:00/0000:00:05.0/../max_link_width, ignoring
ip-10-232-1-152:58:58 [0] NCCL INFO Topology detection : could not read /sys/devices/system/node/node-1/cpumap, ignoring
ip-10-232-1-152:58:58 [0] NCCL INFO NET/Socket : GPU Direct RDMA Disabled for HCA 0 'ens5'
ip-10-232-1-152:58:58 [0] NCCL INFO ncclTopoPopulateNics : Filled ens5 in topo with pciPath=/sys/devices/pci0000:00/0000:00:05.0 net=1 gin=(null) keep=1 coll=(null)
ip-10-232-1-152:58:58 [0] NCCL INFO KV Convert to int : could not find value of 'Unknown' in dictionary, falling back to 60
ip-10-232-1-152:58:58 [0] NCCL INFO === System : maxBw 1.2 totalBw 24.0 ===
ip-10-232-1-152:58:58 [0] NCCL INFO CPU/0-ffffffffffffff (1/2/-1)
ip-10-232-1-152:58:58 [0] NCCL INFO + PCI[24.0] - GPU/0-1e0 (0)
ip-10-232-1-152:58:58 [0] NCCL INFO + PCI[12.0] - NIC/0-50
ip-10-232-1-152:58:58 [0] NCCL INFO               + NET[1.2] - NET/0-0 (0/0/0/1.250000)
ip-10-232-1-152:58:58 [0] NCCL INFO ==========================================
ip-10-232-1-152:58:58 [0] NCCL INFO GPU/0-1e0 :GPU/0-1e0 (0/5000.0/LOC) CPU/0-ffffffffffffff (1/24.0/PHB) NET/0-0 (3/1.2/PHB) 
ip-10-232-1-152:58:58 [0] NCCL INFO NET/0-0 :GPU/0-1e0 (3/1.2/PHB) CPU/0-ffffffffffffff (2/1.2/PHB) NET/0-0 (0/5000.0/LOC) 
ip-10-232-1-152:58:58 [0] NCCL INFO ncclTopoGetCpuAffinity: Affinity for GPU 0 is empty, ignoring. (GPU affinity =  ; CPU affinity = 0-3).
ip-10-232-1-152:58:58 [0] NCCL INFO Pattern 4, crossNic 0, nChannels 1, bw 1.200000/1.200000, type LOC/PHB, sameChannels 1
ip-10-232-1-152:58:58 [0] NCCL INFO  0 : NET/0-0 GPU/0-1e0 NET/0-0
ip-10-232-1-152:58:58 [0] NCCL INFO Pattern 3, crossNic 0, nChannels 1, bw 2.400000/1.200000, type LOC/PHB, sameChannels 1
ip-10-232-1-152:58:58 [0] NCCL INFO  0 : NET/0-0 GPU/0-1e0 NET/0-0
ip-10-232-1-152:58:58 [0] NCCL INFO Could not get speed from /sys/class/net/ens5/speed. Defaulting to 10 Gbps.
ip-10-232-1-152:58:58 [0] NCCL INFO comm 0x55b2179887a0 rank 0 nRanks 2 nNodes 2 localRanks 1 localRank 0 MNNVL 0
ip-10-232-1-152:58:58 [0] NCCL INFO Tree 0 : -1 -> 0 -> 1/-1/-1
ip-10-232-1-152:58:58 [0] NCCL INFO Tree 1 : 1 -> 0 -> -1/-1/-1
ip-10-232-1-152:58:58 [0] NCCL INFO Channel 00/02 : 0 1
ip-10-232-1-152:58:58 [0] NCCL INFO Channel 01/02 : 0 1
ip-10-232-1-152:58:58 [0] NCCL INFO Ring 00 : 1 -> 0 -> 1
ip-10-232-1-152:58:58 [0] NCCL INFO Ring 01 : 1 -> 0 -> 1
ip-10-232-1-152:58:58 [0] NCCL INFO Trees [0] 1/-1/-1->0->-1 [1] -1/-1/-1->0->1
ip-10-232-1-152:58:58 [0] NCCL INFO P2P Chunksize set to 131072
ip-10-232-1-152:58:58 [0] NCCL INFO Check P2P Type isAllDirectP2p 1 directMode 0 isAllCudaP2p 1
ip-10-232-1-152:58:58 [0] NCCL INFO ncclP2pSchedule: group size used is 1
ip-10-232-1-152:58:211 [0] NCCL INFO [Proxy Service] Device 0 CPU core 0
ip-10-232-1-152:58:212 [0] NCCL INFO [Proxy Service UDS] Device 0 CPU core 1
ip-10-232-1-152:58:58 [0] NCCL INFO threadThresholds 8/8/64 | 16/8/64 | 512 | 512
ip-10-232-1-152:58:58 [0] NCCL INFO 2 coll channels, 2 collnet channels, 0 nvls channels, 2 p2p channels, 1 p2p channels per peer
ip-10-232-1-152:58:58 [0] NCCL INFO Symmetric VA size=24GB
ip-10-232-1-152:58:58 [0] NCCL INFO Symmetric memory is not supported. cuMemEnable 1, globalGinSupport 0, globalNicFused 0 cuMemGdrSupport 1
ip-10-232-1-152:58:58 [0] NCCL INFO CC Off, workFifoBytes 1048576
ip-10-232-1-152:58:58 [0] NCCL INFO ncclCommInitRankConfig comm 0x55b2179887a0 rank 0 nranks 2 cudaDev 0 nvmlDev 0 busId 1e0 commId 0x5715bffed89668e3 - Init COMPLETE
ip-10-232-1-152:58:58 [0] NCCL INFO Init timings - ncclCommInitRankConfig: rank 0 nranks 2 total 0.84 (kernels 0.00, alloc 0.00, bootstrap 0.65, allgathers 0.19, topo 0.00, graphs 0.00, connections 0.00, rest 0.00)
ip-10-232-1-152:58:211 [0] NCCL INFO New proxy send connection 0 from local rank 0, transport 2
ip-10-232-1-152:58:213 [0] NCCL INFO [Proxy Progress] Device 0 CPU core 2
ip-10-232-1-152:58:58 [0] NCCL INFO Connected to proxy localRank 0 -> connection 0x7c25b8068b80
ip-10-232-1-152:58:211 [0] NCCL INFO Could not get speed from /sys/class/net/ens5/speed. Defaulting to 10 Gbps.
ip-10-232-1-152:58:58 [0] NCCL INFO Channel 01/1 : 0[0] -> 1[0] [send] via NET/Socket/0/Shared
ip-10-232-1-152:58:211 [0] NCCL INFO New proxy recv connection 1 from local rank 0, transport 2
ip-10-232-1-152:58:58 [0] NCCL INFO Connected to proxy localRank 0 -> connection 0x7c25b8068c08
ip-10-232-1-152:58:211 [0] NCCL INFO Could not get speed from /sys/class/net/ens5/speed. Defaulting to 10 Gbps.
ip-10-232-1-152:58:211 [0] NCCL INFO NET/Socket: Using 2 threads and 8 sockets per thread
ip-10-232-1-152:58:58 [0] NCCL INFO Channel 01/1 : 1[0] -> 0[0] [receive] via NET/Socket/0/Shared
ip-10-232-1-152:58:58 [0] NCCL INFO comm 0x55b2179887a0 rank 0 nranks 2 cudaDev 0 busId 1e0 - Destroy COMPLETE
ip-10-232-1-152:58:58 [0] NCCL INFO comm 0x55b21742be40 rank 0 nranks 2 cudaDev 0 busId 1e0 - Destroy COMPLETE
ip-10-232-1-152:58:58 [0] NCCL INFO comm 0x55b217284650 rank 0 nranks 2 cudaDev 0 busId 1e0 - Destroy COMPLETE
ip-10-232-1-152:58:58 [0] NCCL INFO comm 0x55b2124a35b0 rank 1 nranks 2 cudaDev 0 busId 1e0 - Destroy COMPLETE
ip-10-232-1-152:58:58 [0] NCCL INFO comm 0x55b216adf970 rank 0 nranks 2 cudaDev 0 busId 1e0 - Destroy COMPLETE
ip-10-232-1-152:58:58 [0] NCCL INFO comm 0x55b2197f0570 rank 1 nranks 2 cudaDev 0 busId 1e0 - Destroy COMPLETE
ip-10-232-1-152:58:58 [0] NCCL INFO comm 0x55b21661a6c0 rank 5 nranks 16 cudaDev 0 busId 1e0 - Destroy COMPLETE
ip-10-232-1-152:58:58 [0] NCCL INFO comm 0x55b216cf4c00 rank 0 nranks 2 cudaDev 0 busId 1e0 - Destroy COMPLETE
ip-10-232-1-152:58:58 [0] NCCL INFO comm 0x55b2169bab80 rank 0 nranks 2 cudaDev 0 busId 1e0 - Destroy COMPLETE
ip-10-232-1-152:58:58 [0] NCCL INFO comm 0x55b2194ebd90 rank 1 nranks 2 cudaDev 0 busId 1e0 - Destroy COMPLETE
ip-10-232-1-152:58:58 [0] NCCL INFO comm 0x55b216f1de40 rank 0 nranks 2 cudaDev 0 busId 1e0 - Destroy COMPLETE
ip-10-232-1-152:58:58 [0] NCCL INFO comm 0x55b217cdfa80 rank 1 nranks 2 cudaDev 0 busId 1e0 - Destroy COMPLETE
ip-10-232-1-152:58:58 [0] NCCL INFO comm 0x55b21925a700 rank 1 nranks 2 cudaDev 0 busId 1e0 - Destroy COMPLETE
ip-10-232-1-152:58:58 [0] NCCL INFO comm 0x55b2199af000 rank 0 nranks 2 cudaDev 0 busId 1e0 - Destroy COMPLETE
ip-10-232-1-152:58:58 [0] NCCL INFO comm 0x55b2196cb780 rank 0 nranks 2 cudaDev 0 busId 1e0 - Destroy COMPLETE
ip-10-232-1-152:58:58 [0] NCCL INFO comm 0x55b217042c80 rank 0 nranks 2 cudaDev 0 busId 1e0 - Destroy COMPLETE
ip-10-232-1-152:58:58 [0] NCCL INFO ENV/Plugin: Closing env plugin ncclEnvDefault
