Warning: You are sending unauthenticated requests to the HF Hub. Please set a HF_TOKEN to enable higher rate limits and faster downloads.
Generating train split:   0%|          | 0/50000 [00:00<?, ? examples/s]Generating train split:   0%|          | 100/50000 [00:00<01:45, 473.88 examples/s]Generating train split:  65%|██████▍   | 32300/50000 [00:00<00:00, 130069.61 examples/s]Generating train split: 100%|██████████| 50000/50000 [00:00<00:00, 132515.51 examples/s]
Generating test split:   0%|          | 0/10000 [00:00<?, ? examples/s]Generating test split: 100%|██████████| 10000/10000 [00:00<00:00, 244488.85 examples/s]
[W914 14:40:21.579053102 Utils.hpp:166] Warning: Environment variable NCCL_BLOCKING_WAIT is deprecated; use TORCH_NCCL_BLOCKING_WAIT instead (function operator())
[W914 14:40:21.579074473 Utils.hpp:137] Warning: Environment variable NCCL_ASYNC_ERROR_HANDLING is deprecated; use TORCH_NCCL_ASYNC_ERROR_HANDLING instead (function operator())
[rank5]:[W914 14:40:26.376803634 ProcessGroupNCCL.cpp:4215] Warning: An unbatched P2P op (send/recv) was called on this ProcessGroup with size 16.  In lazy initialization mode, this will result in a new 2-rank NCCL communicator to be created. (function operator())
ip-10-182-1-155:57:57 [0] NCCL INFO ENV/Plugin: Could not find: libnccl-env.so
ip-10-182-1-155:57:57 [0] NCCL INFO NCCL_SOCKET_IFNAME set to ens5
ip-10-182-1-155:57:57 [0] NCCL INFO cudaDriverVersion 13020
ip-10-182-1-155:57:57 [0] NCCL INFO NCCL version 2.29.7+cuda13.2
ip-10-182-1-155:57:57 [0] NCCL INFO NCCL git version stable b81d6a5a3
ip-10-182-1-155:57:57 [0] NCCL INFO NET/Plugin: Could not find: libnccl-net.so
ip-10-182-1-155:57:57 [0] NCCL INFO transport/net_ib/init.cc:396 -> 3
ip-10-182-1-155:57:57 [0] NCCL INFO Failed to initialize NET plugin IB
ip-10-182-1-155:57:57 [0] NCCL INFO NET/Socket : Using [0]ens5:10.182.1.155<0>
ip-10-182-1-155:57:57 [0] NCCL INFO Initialized NET plugin Socket
ip-10-182-1-155:57:57 [0] NCCL INFO Could not get speed from /sys/class/net/ens5/speed. Defaulting to 10 Gbps.
ip-10-182-1-155:57:57 [0] NCCL INFO Assigned NET plugin Socket to comm
ip-10-182-1-155:57:57 [0] NCCL INFO GIN/Plugin: Could not find: libnccl-gin.so

[2026-09-14 14:40:26] ip-10-182-1-155:57:57 [0] misc/ibvwrap.cc:173 NCCL WARN lib wrapper not initialized.
ip-10-182-1-155:57:57 [0] NCCL INFO transport/net_ib/gdr.cc:56 -> 3
ip-10-182-1-155:57:57 [0] NCCL INFO Unable to use GIN: Peermem is not supported, nor DMA-BUF.
ip-10-182-1-155:57:57 [0] NCCL INFO Unable to use GIN: Peermem is not supported, nor DMA-BUF.
ip-10-182-1-155:57:57 [0] NCCL INFO Failed to initialize any GIN plugin
ip-10-182-1-155:57:57 [0] NCCL INFO Using network Socket
ip-10-182-1-155:57:57 [0] NCCL INFO [Rank 0] ncclCommInitRankConfig comm 0x5d82b4146890 rank 0 nranks 2 cudaDev 0 nvmlDev 0 busId 1e0 commId 0xc457edd83da60786 - Init START
ip-10-182-1-155:57:57 [0] NCCL INFO RAS client listening socket at 127.0.0.1<28028>
ip-10-182-1-155:57:57 [0] NCCL INFO Topology detection : could not read /sys/devices/pci0000:00/0000:00:1e.0/../max_link_speed, ignoring
ip-10-182-1-155:57:57 [0] NCCL INFO Topology detection : could not read /sys/devices/pci0000:00/0000:00:1e.0/../max_link_width, ignoring
ip-10-182-1-155:57:57 [0] NCCL INFO Topology detection : could not read /sys/devices/system/node/node-1/cpumap, ignoring
ip-10-182-1-155:57:57 [0] NCCL INFO TOPO/NET : Importing network plugins to topology
ip-10-182-1-155:57:57 [0] NCCL INFO Could not get speed from /sys/class/net/ens5/speed. Defaulting to 10 Gbps.
ip-10-182-1-155:57:57 [0] NCCL INFO Topology detection : could not read /sys/devices/pci0000:00/0000:00:05.0/../max_link_speed, ignoring
ip-10-182-1-155:57:57 [0] NCCL INFO Topology detection : could not read /sys/devices/pci0000:00/0000:00:05.0/../max_link_width, ignoring
ip-10-182-1-155:57:57 [0] NCCL INFO Topology detection : could not read /sys/devices/system/node/node-1/cpumap, ignoring
ip-10-182-1-155:57:57 [0] NCCL INFO NET/Socket : GPU Direct RDMA Disabled for HCA 0 'ens5'
ip-10-182-1-155:57:57 [0] NCCL INFO ncclTopoPopulateNics : Filled ens5 in topo with pciPath=/sys/devices/pci0000:00/0000:00:05.0 net=1 gin=(null) keep=1 coll=(null)
ip-10-182-1-155:57:57 [0] NCCL INFO KV Convert to int : could not find value of 'Unknown' in dictionary, falling back to 60
ip-10-182-1-155:57:57 [0] NCCL INFO === System : maxBw 1.2 totalBw 24.0 ===
ip-10-182-1-155:57:57 [0] NCCL INFO CPU/0-ffffffffffffff (1/2/-1)
ip-10-182-1-155:57:57 [0] NCCL INFO + PCI[24.0] - GPU/0-1e0 (0)
ip-10-182-1-155:57:57 [0] NCCL INFO + PCI[12.0] - NIC/0-50
ip-10-182-1-155:57:57 [0] NCCL INFO               + NET[1.2] - NET/0-0 (0/0/0/1.250000)
ip-10-182-1-155:57:57 [0] NCCL INFO ==========================================
ip-10-182-1-155:57:57 [0] NCCL INFO GPU/0-1e0 :GPU/0-1e0 (0/5000.0/LOC) CPU/0-ffffffffffffff (1/24.0/PHB) NET/0-0 (3/1.2/PHB) 
ip-10-182-1-155:57:57 [0] NCCL INFO NET/0-0 :GPU/0-1e0 (3/1.2/PHB) CPU/0-ffffffffffffff (2/1.2/PHB) NET/0-0 (0/5000.0/LOC) 
ip-10-182-1-155:57:57 [0] NCCL INFO ncclTopoGetCpuAffinity: Affinity for GPU 0 is empty, ignoring. (GPU affinity =  ; CPU affinity = 0-3).
ip-10-182-1-155:57:57 [0] NCCL INFO Pattern 4, crossNic 0, nChannels 1, bw 1.200000/1.200000, type LOC/PHB, sameChannels 1
ip-10-182-1-155:57:57 [0] NCCL INFO  0 : NET/0-0 GPU/0-1e0 NET/0-0
ip-10-182-1-155:57:57 [0] NCCL INFO Pattern 3, crossNic 0, nChannels 1, bw 2.400000/1.200000, type LOC/PHB, sameChannels 1
ip-10-182-1-155:57:57 [0] NCCL INFO  0 : NET/0-0 GPU/0-1e0 NET/0-0
ip-10-182-1-155:57:57 [0] NCCL INFO Could not get speed from /sys/class/net/ens5/speed. Defaulting to 10 Gbps.
ip-10-182-1-155:57:57 [0] NCCL INFO comm 0x5d82b4146890 rank 0 nRanks 2 nNodes 2 localRanks 1 localRank 0 MNNVL 0
ip-10-182-1-155:57:57 [0] NCCL INFO Tree 0 : -1 -> 0 -> 1/-1/-1
ip-10-182-1-155:57:57 [0] NCCL INFO Tree 1 : 1 -> 0 -> -1/-1/-1
ip-10-182-1-155:57:57 [0] NCCL INFO Channel 00/02 : 0 1
ip-10-182-1-155:57:57 [0] NCCL INFO Channel 01/02 : 0 1
ip-10-182-1-155:57:57 [0] NCCL INFO Ring 00 : 1 -> 0 -> 1
ip-10-182-1-155:57:57 [0] NCCL INFO Ring 01 : 1 -> 0 -> 1
ip-10-182-1-155:57:57 [0] NCCL INFO Trees [0] 1/-1/-1->0->-1 [1] -1/-1/-1->0->1
ip-10-182-1-155:57:57 [0] NCCL INFO P2P Chunksize set to 131072
ip-10-182-1-155:57:57 [0] NCCL INFO PROFILER/Plugin: Could not find: libnccl-profiler.so
ip-10-182-1-155:57:57 [0] NCCL INFO Check P2P Type isAllDirectP2p 1 directMode 0 isAllCudaP2p 1
ip-10-182-1-155:57:57 [0] NCCL INFO ncclP2pSchedule: group size used is 1
ip-10-182-1-155:57:100 [0] NCCL INFO [Proxy Service] Device 0 CPU core 2
ip-10-182-1-155:57:101 [0] NCCL INFO [Proxy Service UDS] Device 0 CPU core 3
ip-10-182-1-155:57:57 [0] NCCL INFO TUNER/Plugin: Could not find: libnccl-tuner.so
ip-10-182-1-155:57:57 [0] NCCL INFO threadThresholds 8/8/64 | 16/8/64 | 512 | 512
ip-10-182-1-155:57:57 [0] NCCL INFO 2 coll channels, 2 collnet channels, 0 nvls channels, 2 p2p channels, 1 p2p channels per peer
ip-10-182-1-155:57:57 [0] NCCL INFO Symmetric VA size=24GB
ip-10-182-1-155:57:57 [0] NCCL INFO Symmetric memory is not supported. cuMemEnable 1, globalGinSupport 0, globalNicFused 0 cuMemGdrSupport 1
ip-10-182-1-155:57:57 [0] NCCL INFO CC Off, workFifoBytes 1048576
ip-10-182-1-155:57:57 [0] NCCL INFO ncclCommInitRankConfig comm 0x5d82b4146890 rank 0 nranks 2 cudaDev 0 nvmlDev 0 busId 1e0 commId 0xc457edd83da60786 - Init COMPLETE
ip-10-182-1-155:57:57 [0] NCCL INFO Init timings - ncclCommInitRankConfig: rank 0 nranks 2 total 8.51 (kernels 0.17, alloc 0.02, bootstrap 7.92, allgathers 0.39, topo 0.00, graphs 0.00, connections 0.00, rest 0.00)
ip-10-182-1-155:57:100 [0] NCCL INFO New proxy send connection 0 from local rank 0, transport 2
ip-10-182-1-155:57:102 [0] NCCL INFO [Proxy Progress] Device 0 CPU core 0
ip-10-182-1-155:57:57 [0] NCCL INFO Connected to proxy localRank 0 -> connection 0x7dff28004fa0
ip-10-182-1-155:57:100 [0] NCCL INFO Could not get speed from /sys/class/net/ens5/speed. Defaulting to 10 Gbps.
ip-10-182-1-155:57:57 [0] NCCL INFO Channel 01/1 : 0[0] -> 1[0] [send] via NET/Socket/0/Shared
[rank5]:[W914 14:41:16.142290654 ProcessGroupNCCL.cpp:4215] Warning: An unbatched P2P op (send/recv) was called on this ProcessGroup with size 16.  In lazy initialization mode, this will result in a new 2-rank NCCL communicator to be created. (function operator())
ip-10-182-1-155:57:100 [0] NCCL INFO New proxy recv connection 1 from local rank 0, transport 2
ip-10-182-1-155:57:57 [0] NCCL INFO Connected to proxy localRank 0 -> connection 0x7dff28005028
ip-10-182-1-155:57:100 [0] NCCL INFO Could not get speed from /sys/class/net/ens5/speed. Defaulting to 10 Gbps.
ip-10-182-1-155:57:100 [0] NCCL INFO NET/Socket: Using 2 threads and 8 sockets per thread
ip-10-182-1-155:57:57 [0] NCCL INFO Channel 01/1 : 1[0] -> 0[0] [receive] via NET/Socket/0/Shared
{"event": "outer_step_completed", "rank": 5, "completed_outer_steps": 1, "timestamp": "2026-09-14T14:41:29.856608+00:00"}
ip-10-182-1-155:57:57 [0] NCCL INFO Initialized NET plugin Socket
ip-10-182-1-155:57:57 [0] NCCL INFO Could not get speed from /sys/class/net/ens5/speed. Defaulting to 10 Gbps.
ip-10-182-1-155:57:57 [0] NCCL INFO Assigned NET plugin Socket to comm
ip-10-182-1-155:57:57 [0] NCCL INFO Failed to initialize any GIN plugin
ip-10-182-1-155:57:57 [0] NCCL INFO Using network Socket
ip-10-182-1-155:57:57 [0] NCCL INFO [Rank 5] ncclCommInitRankConfig comm 0x5d82b82bdb40 rank 5 nranks 16 cudaDev 0 nvmlDev 0 busId 1e0 commId 0xbcac494dc69e8913 - Init START
ip-10-182-1-155:57:57 [0] NCCL INFO Topology detection : could not read /sys/devices/pci0000:00/0000:00:1e.0/../max_link_speed, ignoring
ip-10-182-1-155:57:57 [0] NCCL INFO Topology detection : could not read /sys/devices/pci0000:00/0000:00:1e.0/../max_link_width, ignoring
ip-10-182-1-155:57:57 [0] NCCL INFO Topology detection : could not read /sys/devices/system/node/node-1/cpumap, ignoring
ip-10-182-1-155:57:57 [0] NCCL INFO TOPO/NET : Importing network plugins to topology
ip-10-182-1-155:57:57 [0] NCCL INFO Could not get speed from /sys/class/net/ens5/speed. Defaulting to 10 Gbps.
ip-10-182-1-155:57:57 [0] NCCL INFO Topology detection : could not read /sys/devices/pci0000:00/0000:00:05.0/../max_link_speed, ignoring
ip-10-182-1-155:57:57 [0] NCCL INFO Topology detection : could not read /sys/devices/pci0000:00/0000:00:05.0/../max_link_width, ignoring
ip-10-182-1-155:57:57 [0] NCCL INFO Topology detection : could not read /sys/devices/system/node/node-1/cpumap, ignoring
ip-10-182-1-155:57:57 [0] NCCL INFO NET/Socket : GPU Direct RDMA Disabled for HCA 0 'ens5'
ip-10-182-1-155:57:57 [0] NCCL INFO ncclTopoPopulateNics : Filled ens5 in topo with pciPath=/sys/devices/pci0000:00/0000:00:05.0 net=1 gin=(null) keep=1 coll=(null)
ip-10-182-1-155:57:57 [0] NCCL INFO KV Convert to int : could not find value of 'Unknown' in dictionary, falling back to 60
ip-10-182-1-155:57:57 [0] NCCL INFO === System : maxBw 1.2 totalBw 24.0 ===
ip-10-182-1-155:57:57 [0] NCCL INFO CPU/0-ffffffffffffff (1/2/-1)
ip-10-182-1-155:57:57 [0] NCCL INFO + PCI[24.0] - GPU/0-1e0 (5)
ip-10-182-1-155:57:57 [0] NCCL INFO + PCI[12.0] - NIC/0-50
ip-10-182-1-155:57:57 [0] NCCL INFO               + NET[1.2] - NET/0-0 (0/0/0/1.250000)
ip-10-182-1-155:57:57 [0] NCCL INFO ==========================================
ip-10-182-1-155:57:57 [0] NCCL INFO GPU/0-1e0 :GPU/0-1e0 (0/5000.0/LOC) CPU/0-ffffffffffffff (1/24.0/PHB) NET/0-0 (3/1.2/PHB) 
ip-10-182-1-155:57:57 [0] NCCL INFO NET/0-0 :GPU/0-1e0 (3/1.2/PHB) CPU/0-ffffffffffffff (2/1.2/PHB) NET/0-0 (0/5000.0/LOC) 
ip-10-182-1-155:57:57 [0] NCCL INFO ncclTopoGetCpuAffinity: Affinity for GPU 0 is empty, ignoring. (GPU affinity =  ; CPU affinity = 0-3).
ip-10-182-1-155:57:57 [0] NCCL INFO Pattern 4, crossNic 0, nChannels 1, bw 1.200000/1.200000, type LOC/PHB, sameChannels 1
ip-10-182-1-155:57:57 [0] NCCL INFO  0 : NET/0-0 GPU/0-1e0 NET/0-0
ip-10-182-1-155:57:57 [0] NCCL INFO Pattern 3, crossNic 0, nChannels 1, bw 2.400000/1.200000, type LOC/PHB, sameChannels 1
ip-10-182-1-155:57:57 [0] NCCL INFO  0 : NET/0-0 GPU/0-1e0 NET/0-0
ip-10-182-1-155:57:57 [0] NCCL INFO Could not get speed from /sys/class/net/ens5/speed. Defaulting to 10 Gbps.
ip-10-182-1-155:57:57 [0] NCCL INFO comm 0x5d82b82bdb40 rank 5 nRanks 16 nNodes 16 localRanks 1 localRank 0 MNNVL 0
ip-10-182-1-155:57:57 [0] NCCL INFO Tree 0 : 6 -> 5 -> -1/-1/-1
ip-10-182-1-155:57:57 [0] NCCL INFO Tree 1 : 3 -> 5 -> 6/4/-1
ip-10-182-1-155:57:57 [0] NCCL INFO Ring 00 : 4 -> 5 -> 6
ip-10-182-1-155:57:57 [0] NCCL INFO Ring 01 : 4 -> 5 -> 6
ip-10-182-1-155:57:57 [0] NCCL INFO Trees [0] -1/-1/-1->5->6 [1] 6/4/-1->5->3
ip-10-182-1-155:57:57 [0] NCCL INFO P2P Chunksize set to 131072
ip-10-182-1-155:57:57 [0] NCCL INFO Check P2P Type isAllDirectP2p 1 directMode 0 isAllCudaP2p 1
ip-10-182-1-155:57:57 [0] NCCL INFO ncclP2pSchedule: group size used is 1
ip-10-182-1-155:57:108 [0] NCCL INFO [Proxy Service UDS] Device 0 CPU core 1
ip-10-182-1-155:57:107 [0] NCCL INFO [Proxy Service] Device 0 CPU core 1
ip-10-182-1-155:57:57 [0] NCCL INFO threadThresholds 8/8/64 | 128/8/64 | 512 | 512
ip-10-182-1-155:57:57 [0] NCCL INFO 2 coll channels, 2 collnet channels, 0 nvls channels, 2 p2p channels, 1 p2p channels per peer
ip-10-182-1-155:57:57 [0] NCCL INFO Symmetric VA size=24GB
ip-10-182-1-155:57:57 [0] NCCL INFO Symmetric memory is not supported. cuMemEnable 1, globalGinSupport 0, globalNicFused 0 cuMemGdrSupport 1
ip-10-182-1-155:57:57 [0] NCCL INFO ncclCommInitRankConfig comm 0x5d82b82bdb40 rank 5 nranks 16 cudaDev 0 nvmlDev 0 busId 1e0 commId 0xbcac494dc69e8913 - Init COMPLETE
ip-10-182-1-155:57:57 [0] NCCL INFO Init timings - ncclCommInitRankConfig: rank 5 nranks 16 total 4.37 (kernels 0.00, alloc 0.00, bootstrap 1.27, allgathers 3.10, topo 0.00, graphs 0.00, connections 0.00, rest 0.00)
ip-10-182-1-155:57:107 [0] NCCL INFO New proxy recv connection 0 from local rank 0, transport 2
ip-10-182-1-155:57:109 [0] NCCL INFO [Proxy Progress] Device 0 CPU core 0
ip-10-182-1-155:57:57 [0] NCCL INFO Connected to proxy localRank 0 -> connection 0x7dfef4004f70
ip-10-182-1-155:57:107 [0] NCCL INFO Could not get speed from /sys/class/net/ens5/speed. Defaulting to 10 Gbps.
ip-10-182-1-155:57:107 [0] NCCL INFO NET/Socket: Using 2 threads and 8 sockets per thread
ip-10-182-1-155:57:57 [0] NCCL INFO Channel 01/0 : 4[0] -> 5[0] [receive] via NET/Socket/0
ip-10-182-1-155:57:107 [0] NCCL INFO New proxy send connection 1 from local rank 0, transport 2
ip-10-182-1-155:57:57 [0] NCCL INFO Connected to proxy localRank 0 -> connection 0x7dfef4004ff8
ip-10-182-1-155:57:107 [0] NCCL INFO Could not get speed from /sys/class/net/ens5/speed. Defaulting to 10 Gbps.
ip-10-182-1-155:57:57 [0] NCCL INFO Channel 00/0 : 5[0] -> 6[0] [send] via NET/Socket/0
ip-10-182-1-155:57:107 [0] NCCL INFO New proxy send connection 2 from local rank 0, transport 2
ip-10-182-1-155:57:57 [0] NCCL INFO Connected to proxy localRank 0 -> connection 0x7dfef4005080
ip-10-182-1-155:57:107 [0] NCCL INFO Could not get speed from /sys/class/net/ens5/speed. Defaulting to 10 Gbps.
ip-10-182-1-155:57:57 [0] NCCL INFO Channel 01/0 : 5[0] -> 6[0] [send] via NET/Socket/0
ip-10-182-1-155:57:107 [0] NCCL INFO New proxy recv connection 3 from local rank 0, transport 2
ip-10-182-1-155:57:57 [0] NCCL INFO Connected to proxy localRank 0 -> connection 0x7dfef4005108
ip-10-182-1-155:57:107 [0] NCCL INFO Could not get speed from /sys/class/net/ens5/speed. Defaulting to 10 Gbps.
ip-10-182-1-155:57:107 [0] NCCL INFO NET/Socket: Using 2 threads and 8 sockets per thread
ip-10-182-1-155:57:57 [0] NCCL INFO Channel 01/0 : 3[0] -> 5[0] [receive] via NET/Socket/0
ip-10-182-1-155:57:107 [0] NCCL INFO New proxy send connection 4 from local rank 0, transport 2
ip-10-182-1-155:57:57 [0] NCCL INFO Connected to proxy localRank 0 -> connection 0x7dfef4005190
ip-10-182-1-155:57:107 [0] NCCL INFO Could not get speed from /sys/class/net/ens5/speed. Defaulting to 10 Gbps.
ip-10-182-1-155:57:57 [0] NCCL INFO Channel 01/0 : 5[0] -> 3[0] [send] via NET/Socket/0
ip-10-182-1-155:57:107 [0] NCCL INFO New proxy recv connection 5 from local rank 0, transport 2
ip-10-182-1-155:57:57 [0] NCCL INFO Connected to proxy localRank 0 -> connection 0x7dfef4005218
ip-10-182-1-155:57:107 [0] NCCL INFO Could not get speed from /sys/class/net/ens5/speed. Defaulting to 10 Gbps.
ip-10-182-1-155:57:107 [0] NCCL INFO NET/Socket: Using 2 threads and 8 sockets per thread
ip-10-182-1-155:57:57 [0] NCCL INFO Channel 00/0 : 6[0] -> 5[0] [receive] via NET/Socket/0
ip-10-182-1-155:57:107 [0] NCCL INFO New proxy recv connection 6 from local rank 0, transport 2
ip-10-182-1-155:57:57 [0] NCCL INFO Connected to proxy localRank 0 -> connection 0x7dfef40052a0
ip-10-182-1-155:57:107 [0] NCCL INFO Could not get speed from /sys/class/net/ens5/speed. Defaulting to 10 Gbps.
ip-10-182-1-155:57:107 [0] NCCL INFO NET/Socket: Using 2 threads and 8 sockets per thread
ip-10-182-1-155:57:57 [0] NCCL INFO Channel 01/0 : 6[0] -> 5[0] [receive] via NET/Socket/0
ip-10-182-1-155:57:107 [0] NCCL INFO New proxy send connection 7 from local rank 0, transport 2
ip-10-182-1-155:57:57 [0] NCCL INFO Connected to proxy localRank 0 -> connection 0x7dfef4005328
ip-10-182-1-155:57:107 [0] NCCL INFO Could not get speed from /sys/class/net/ens5/speed. Defaulting to 10 Gbps.
ip-10-182-1-155:57:57 [0] NCCL INFO Channel 01/0 : 5[0] -> 4[0] [send] via NET/Socket/0
ip-10-182-1-155:57:57 [0] NCCL INFO Connected all trees
ip-10-182-1-155:57:57 [0] NCCL INFO Initialized NET plugin Socket
ip-10-182-1-155:57:57 [0] NCCL INFO Could not get speed from /sys/class/net/ens5/speed. Defaulting to 10 Gbps.
ip-10-182-1-155:57:57 [0] NCCL INFO Assigned NET plugin Socket to comm
ip-10-182-1-155:57:57 [0] NCCL INFO Failed to initialize any GIN plugin
ip-10-182-1-155:57:57 [0] NCCL INFO Using network Socket
ip-10-182-1-155:57:57 [0] NCCL INFO [Rank 0] ncclCommInitRankConfig comm 0x5d82b85955d0 rank 0 nranks 2 cudaDev 0 nvmlDev 0 busId 1e0 commId 0x4c48f42d6b0290a5 - Init START
ip-10-182-1-155:57:57 [0] NCCL INFO Topology detection : could not read /sys/devices/pci0000:00/0000:00:1e.0/../max_link_speed, ignoring
ip-10-182-1-155:57:57 [0] NCCL INFO Topology detection : could not read /sys/devices/pci0000:00/0000:00:1e.0/../max_link_width, ignoring
ip-10-182-1-155:57:57 [0] NCCL INFO Topology detection : could not read /sys/devices/system/node/node-1/cpumap, ignoring
ip-10-182-1-155:57:57 [0] NCCL INFO TOPO/NET : Importing network plugins to topology
ip-10-182-1-155:57:57 [0] NCCL INFO Could not get speed from /sys/class/net/ens5/speed. Defaulting to 10 Gbps.
ip-10-182-1-155:57:57 [0] NCCL INFO Topology detection : could not read /sys/devices/pci0000:00/0000:00:05.0/../max_link_speed, ignoring
ip-10-182-1-155:57:57 [0] NCCL INFO Topology detection : could not read /sys/devices/pci0000:00/0000:00:05.0/../max_link_width, ignoring
ip-10-182-1-155:57:57 [0] NCCL INFO Topology detection : could not read /sys/devices/system/node/node-1/cpumap, ignoring
ip-10-182-1-155:57:57 [0] NCCL INFO NET/Socket : GPU Direct RDMA Disabled for HCA 0 'ens5'
ip-10-182-1-155:57:57 [0] NCCL INFO ncclTopoPopulateNics : Filled ens5 in topo with pciPath=/sys/devices/pci0000:00/0000:00:05.0 net=1 gin=(null) keep=1 coll=(null)
ip-10-182-1-155:57:57 [0] NCCL INFO KV Convert to int : could not find value of 'Unknown' in dictionary, falling back to 60
ip-10-182-1-155:57:57 [0] NCCL INFO === System : maxBw 1.2 totalBw 24.0 ===
ip-10-182-1-155:57:57 [0] NCCL INFO CPU/0-ffffffffffffff (1/2/-1)
ip-10-182-1-155:57:57 [0] NCCL INFO + PCI[24.0] - GPU/0-1e0 (0)
ip-10-182-1-155:57:57 [0] NCCL INFO + PCI[12.0] - NIC/0-50
ip-10-182-1-155:57:57 [0] NCCL INFO               + NET[1.2] - NET/0-0 (0/0/0/1.250000)
ip-10-182-1-155:57:57 [0] NCCL INFO ==========================================
ip-10-182-1-155:57:57 [0] NCCL INFO GPU/0-1e0 :GPU/0-1e0 (0/5000.0/LOC) CPU/0-ffffffffffffff (1/24.0/PHB) NET/0-0 (3/1.2/PHB) 
ip-10-182-1-155:57:57 [0] NCCL INFO NET/0-0 :GPU/0-1e0 (3/1.2/PHB) CPU/0-ffffffffffffff (2/1.2/PHB) NET/0-0 (0/5000.0/LOC) 
ip-10-182-1-155:57:57 [0] NCCL INFO ncclTopoGetCpuAffinity: Affinity for GPU 0 is empty, ignoring. (GPU affinity =  ; CPU affinity = 0-3).
ip-10-182-1-155:57:57 [0] NCCL INFO Pattern 4, crossNic 0, nChannels 1, bw 1.200000/1.200000, type LOC/PHB, sameChannels 1
ip-10-182-1-155:57:57 [0] NCCL INFO  0 : NET/0-0 GPU/0-1e0 NET/0-0
ip-10-182-1-155:57:57 [0] NCCL INFO Pattern 3, crossNic 0, nChannels 1, bw 2.400000/1.200000, type LOC/PHB, sameChannels 1
ip-10-182-1-155:57:57 [0] NCCL INFO  0 : NET/0-0 GPU/0-1e0 NET/0-0
ip-10-182-1-155:57:57 [0] NCCL INFO Could not get speed from /sys/class/net/ens5/speed. Defaulting to 10 Gbps.
ip-10-182-1-155:57:57 [0] NCCL INFO comm 0x5d82b85955d0 rank 0 nRanks 2 nNodes 2 localRanks 1 localRank 0 MNNVL 0
ip-10-182-1-155:57:57 [0] NCCL INFO Tree 0 : -1 -> 0 -> 1/-1/-1
ip-10-182-1-155:57:57 [0] NCCL INFO Tree 1 : 1 -> 0 -> -1/-1/-1
ip-10-182-1-155:57:57 [0] NCCL INFO Channel 00/02 : 0 1
ip-10-182-1-155:57:57 [0] NCCL INFO Channel 01/02 : 0 1
ip-10-182-1-155:57:57 [0] NCCL INFO Ring 00 : 1 -> 0 -> 1
ip-10-182-1-155:57:57 [0] NCCL INFO Ring 01 : 1 -> 0 -> 1
ip-10-182-1-155:57:57 [0] NCCL INFO Trees [0] 1/-1/-1->0->-1 [1] -1/-1/-1->0->1
ip-10-182-1-155:57:57 [0] NCCL INFO P2P Chunksize set to 131072
ip-10-182-1-155:57:57 [0] NCCL INFO Check P2P Type isAllDirectP2p 1 directMode 0 isAllCudaP2p 1
ip-10-182-1-155:57:111 [0] NCCL INFO [Proxy Service] Device 0 CPU core 1
ip-10-182-1-155:57:57 [0] NCCL INFO ncclP2pSchedule: group size used is 1
ip-10-182-1-155:57:112 [0] NCCL INFO [Proxy Service UDS] Device 0 CPU core 1
ip-10-182-1-155:57:57 [0] NCCL INFO threadThresholds 8/8/64 | 16/8/64 | 512 | 512
ip-10-182-1-155:57:57 [0] NCCL INFO 2 coll channels, 2 collnet channels, 0 nvls channels, 2 p2p channels, 1 p2p channels per peer
ip-10-182-1-155:57:57 [0] NCCL INFO Symmetric VA size=24GB
ip-10-182-1-155:57:57 [0] NCCL INFO Symmetric memory is not supported. cuMemEnable 1, globalGinSupport 0, globalNicFused 0 cuMemGdrSupport 1
ip-10-182-1-155:57:57 [0] NCCL INFO CC Off, workFifoBytes 1048576
ip-10-182-1-155:57:57 [0] NCCL INFO ncclCommInitRankConfig comm 0x5d82b85955d0 rank 0 nranks 2 cudaDev 0 nvmlDev 0 busId 1e0 commId 0x4c48f42d6b0290a5 - Init COMPLETE
ip-10-182-1-155:57:57 [0] NCCL INFO Init timings - ncclCommInitRankConfig: rank 0 nranks 2 total 0.90 (kernels 0.00, alloc 0.00, bootstrap 0.70, allgathers 0.19, topo 0.00, graphs 0.00, connections 0.00, rest 0.00)
ip-10-182-1-155:57:111 [0] NCCL INFO New proxy send connection 0 from local rank 0, transport 2
ip-10-182-1-155:57:113 [0] NCCL INFO [Proxy Progress] Device 0 CPU core 2
ip-10-182-1-155:57:57 [0] NCCL INFO Connected to proxy localRank 0 -> connection 0x7dfecc004f70
ip-10-182-1-155:57:111 [0] NCCL INFO Could not get speed from /sys/class/net/ens5/speed. Defaulting to 10 Gbps.
ip-10-182-1-155:57:57 [0] NCCL INFO Channel 01/1 : 0[0] -> 1[0] [send] via NET/Socket/0/Shared
ip-10-182-1-155:57:111 [0] NCCL INFO New proxy recv connection 1 from local rank 0, transport 2
ip-10-182-1-155:57:57 [0] NCCL INFO Connected to proxy localRank 0 -> connection 0x7dfecc004ff8
ip-10-182-1-155:57:111 [0] NCCL INFO Could not get speed from /sys/class/net/ens5/speed. Defaulting to 10 Gbps.
ip-10-182-1-155:57:111 [0] NCCL INFO NET/Socket: Using 2 threads and 8 sockets per thread
ip-10-182-1-155:57:57 [0] NCCL INFO Channel 01/1 : 1[0] -> 0[0] [receive] via NET/Socket/0/Shared
ip-10-182-1-155:57:57 [0] NCCL INFO Initialized NET plugin Socket
ip-10-182-1-155:57:57 [0] NCCL INFO Could not get speed from /sys/class/net/ens5/speed. Defaulting to 10 Gbps.
ip-10-182-1-155:57:57 [0] NCCL INFO Assigned NET plugin Socket to comm
ip-10-182-1-155:57:57 [0] NCCL INFO Failed to initialize any GIN plugin
ip-10-182-1-155:57:57 [0] NCCL INFO Using network Socket
ip-10-182-1-155:57:57 [0] NCCL INFO [Rank 0] ncclCommInitRankConfig comm 0x5d82b886e690 rank 0 nranks 2 cudaDev 0 nvmlDev 0 busId 1e0 commId 0x1c31db68725a355c - Init START
ip-10-182-1-155:57:57 [0] NCCL INFO Topology detection : could not read /sys/devices/pci0000:00/0000:00:1e.0/../max_link_speed, ignoring
ip-10-182-1-155:57:57 [0] NCCL INFO Topology detection : could not read /sys/devices/pci0000:00/0000:00:1e.0/../max_link_width, ignoring
ip-10-182-1-155:57:57 [0] NCCL INFO Topology detection : could not read /sys/devices/system/node/node-1/cpumap, ignoring
ip-10-182-1-155:57:57 [0] NCCL INFO TOPO/NET : Importing network plugins to topology
ip-10-182-1-155:57:57 [0] NCCL INFO Could not get speed from /sys/class/net/ens5/speed. Defaulting to 10 Gbps.
ip-10-182-1-155:57:57 [0] NCCL INFO Topology detection : could not read /sys/devices/pci0000:00/0000:00:05.0/../max_link_speed, ignoring
ip-10-182-1-155:57:57 [0] NCCL INFO Topology detection : could not read /sys/devices/pci0000:00/0000:00:05.0/../max_link_width, ignoring
ip-10-182-1-155:57:57 [0] NCCL INFO Topology detection : could not read /sys/devices/system/node/node-1/cpumap, ignoring
ip-10-182-1-155:57:57 [0] NCCL INFO NET/Socket : GPU Direct RDMA Disabled for HCA 0 'ens5'
ip-10-182-1-155:57:57 [0] NCCL INFO ncclTopoPopulateNics : Filled ens5 in topo with pciPath=/sys/devices/pci0000:00/0000:00:05.0 net=1 gin=(null) keep=1 coll=(null)
ip-10-182-1-155:57:57 [0] NCCL INFO KV Convert to int : could not find value of 'Unknown' in dictionary, falling back to 60
ip-10-182-1-155:57:57 [0] NCCL INFO === System : maxBw 1.2 totalBw 24.0 ===
ip-10-182-1-155:57:57 [0] NCCL INFO CPU/0-ffffffffffffff (1/2/-1)
ip-10-182-1-155:57:57 [0] NCCL INFO + PCI[24.0] - GPU/0-1e0 (0)
ip-10-182-1-155:57:57 [0] NCCL INFO + PCI[12.0] - NIC/0-50
ip-10-182-1-155:57:57 [0] NCCL INFO               + NET[1.2] - NET/0-0 (0/0/0/1.250000)
ip-10-182-1-155:57:57 [0] NCCL INFO ==========================================
ip-10-182-1-155:57:57 [0] NCCL INFO GPU/0-1e0 :GPU/0-1e0 (0/5000.0/LOC) CPU/0-ffffffffffffff (1/24.0/PHB) NET/0-0 (3/1.2/PHB) 
ip-10-182-1-155:57:57 [0] NCCL INFO NET/0-0 :GPU/0-1e0 (3/1.2/PHB) CPU/0-ffffffffffffff (2/1.2/PHB) NET/0-0 (0/5000.0/LOC) 
ip-10-182-1-155:57:57 [0] NCCL INFO ncclTopoGetCpuAffinity: Affinity for GPU 0 is empty, ignoring. (GPU affinity =  ; CPU affinity = 0-3).
ip-10-182-1-155:57:57 [0] NCCL INFO Pattern 4, crossNic 0, nChannels 1, bw 1.200000/1.200000, type LOC/PHB, sameChannels 1
ip-10-182-1-155:57:57 [0] NCCL INFO  0 : NET/0-0 GPU/0-1e0 NET/0-0
ip-10-182-1-155:57:57 [0] NCCL INFO Pattern 3, crossNic 0, nChannels 1, bw 2.400000/1.200000, type LOC/PHB, sameChannels 1
ip-10-182-1-155:57:57 [0] NCCL INFO  0 : NET/0-0 GPU/0-1e0 NET/0-0
ip-10-182-1-155:57:57 [0] NCCL INFO Could not get speed from /sys/class/net/ens5/speed. Defaulting to 10 Gbps.
ip-10-182-1-155:57:57 [0] NCCL INFO comm 0x5d82b886e690 rank 0 nRanks 2 nNodes 2 localRanks 1 localRank 0 MNNVL 0
ip-10-182-1-155:57:57 [0] NCCL INFO Tree 0 : -1 -> 0 -> 1/-1/-1
ip-10-182-1-155:57:57 [0] NCCL INFO Tree 1 : 1 -> 0 -> -1/-1/-1
ip-10-182-1-155:57:57 [0] NCCL INFO Channel 00/02 : 0 1
ip-10-182-1-155:57:57 [0] NCCL INFO Channel 01/02 : 0 1
ip-10-182-1-155:57:57 [0] NCCL INFO Ring 00 : 1 -> 0 -> 1
ip-10-182-1-155:57:57 [0] NCCL INFO Ring 01 : 1 -> 0 -> 1
ip-10-182-1-155:57:57 [0] NCCL INFO Trees [0] 1/-1/-1->0->-1 [1] -1/-1/-1->0->1
ip-10-182-1-155:57:57 [0] NCCL INFO P2P Chunksize set to 131072
ip-10-182-1-155:57:57 [0] NCCL INFO Check P2P Type isAllDirectP2p 1 directMode 0 isAllCudaP2p 1
ip-10-182-1-155:57:119 [0] NCCL INFO [Proxy Service] Device 0 CPU core 1
ip-10-182-1-155:57:57 [0] NCCL INFO ncclP2pSchedule: group size used is 1
ip-10-182-1-155:57:120 [0] NCCL INFO [Proxy Service UDS] Device 0 CPU core 1
ip-10-182-1-155:57:57 [0] NCCL INFO threadThresholds 8/8/64 | 16/8/64 | 512 | 512
ip-10-182-1-155:57:57 [0] NCCL INFO 2 coll channels, 2 collnet channels, 0 nvls channels, 2 p2p channels, 1 p2p channels per peer
ip-10-182-1-155:57:57 [0] NCCL INFO Symmetric VA size=24GB
ip-10-182-1-155:57:57 [0] NCCL INFO Symmetric memory is not supported. cuMemEnable 1, globalGinSupport 0, globalNicFused 0 cuMemGdrSupport 1
ip-10-182-1-155:57:57 [0] NCCL INFO CC Off, workFifoBytes 1048576
ip-10-182-1-155:57:57 [0] NCCL INFO ncclCommInitRankConfig comm 0x5d82b886e690 rank 0 nranks 2 cudaDev 0 nvmlDev 0 busId 1e0 commId 0x1c31db68725a355c - Init COMPLETE
ip-10-182-1-155:57:57 [0] NCCL INFO Init timings - ncclCommInitRankConfig: rank 0 nranks 2 total 1.82 (kernels 0.00, alloc 0.00, bootstrap 1.43, allgathers 0.39, topo 0.00, graphs 0.00, connections 0.00, rest 0.00)
ip-10-182-1-155:57:119 [0] NCCL INFO New proxy send connection 0 from local rank 0, transport 2
ip-10-182-1-155:57:121 [0] NCCL INFO [Proxy Progress] Device 0 CPU core 3
ip-10-182-1-155:57:57 [0] NCCL INFO Connected to proxy localRank 0 -> connection 0x7dfeb0004f70
ip-10-182-1-155:57:119 [0] NCCL INFO Could not get speed from /sys/class/net/ens5/speed. Defaulting to 10 Gbps.
ip-10-182-1-155:57:57 [0] NCCL INFO Channel 01/1 : 0[0] -> 1[0] [send] via NET/Socket/0/Shared
ip-10-182-1-155:57:119 [0] NCCL INFO New proxy recv connection 1 from local rank 0, transport 2
ip-10-182-1-155:57:57 [0] NCCL INFO Connected to proxy localRank 0 -> connection 0x7dfeb0004ff8
ip-10-182-1-155:57:119 [0] NCCL INFO Could not get speed from /sys/class/net/ens5/speed. Defaulting to 10 Gbps.
ip-10-182-1-155:57:119 [0] NCCL INFO NET/Socket: Using 2 threads and 8 sockets per thread
ip-10-182-1-155:57:57 [0] NCCL INFO Channel 01/1 : 1[0] -> 0[0] [receive] via NET/Socket/0/Shared
ip-10-182-1-155:57:57 [0] NCCL INFO Initialized NET plugin Socket
ip-10-182-1-155:57:57 [0] NCCL INFO Could not get speed from /sys/class/net/ens5/speed. Defaulting to 10 Gbps.
ip-10-182-1-155:57:57 [0] NCCL INFO Assigned NET plugin Socket to comm
ip-10-182-1-155:57:57 [0] NCCL INFO Failed to initialize any GIN plugin
ip-10-182-1-155:57:57 [0] NCCL INFO Using network Socket
ip-10-182-1-155:57:57 [0] NCCL INFO [Rank 0] ncclCommInitRankConfig comm 0x5d82b8a45df0 rank 0 nranks 2 cudaDev 0 nvmlDev 0 busId 1e0 commId 0x53697ea52b324c35 - Init START
ip-10-182-1-155:57:57 [0] NCCL INFO Topology detection : could not read /sys/devices/pci0000:00/0000:00:1e.0/../max_link_speed, ignoring
ip-10-182-1-155:57:57 [0] NCCL INFO Topology detection : could not read /sys/devices/pci0000:00/0000:00:1e.0/../max_link_width, ignoring
ip-10-182-1-155:57:57 [0] NCCL INFO Topology detection : could not read /sys/devices/system/node/node-1/cpumap, ignoring
ip-10-182-1-155:57:57 [0] NCCL INFO TOPO/NET : Importing network plugins to topology
ip-10-182-1-155:57:57 [0] NCCL INFO Could not get speed from /sys/class/net/ens5/speed. Defaulting to 10 Gbps.
ip-10-182-1-155:57:57 [0] NCCL INFO Topology detection : could not read /sys/devices/pci0000:00/0000:00:05.0/../max_link_speed, ignoring
ip-10-182-1-155:57:57 [0] NCCL INFO Topology detection : could not read /sys/devices/pci0000:00/0000:00:05.0/../max_link_width, ignoring
ip-10-182-1-155:57:57 [0] NCCL INFO Topology detection : could not read /sys/devices/system/node/node-1/cpumap, ignoring
ip-10-182-1-155:57:57 [0] NCCL INFO NET/Socket : GPU Direct RDMA Disabled for HCA 0 'ens5'
ip-10-182-1-155:57:57 [0] NCCL INFO ncclTopoPopulateNics : Filled ens5 in topo with pciPath=/sys/devices/pci0000:00/0000:00:05.0 net=1 gin=(null) keep=1 coll=(null)
ip-10-182-1-155:57:57 [0] NCCL INFO KV Convert to int : could not find value of 'Unknown' in dictionary, falling back to 60
ip-10-182-1-155:57:57 [0] NCCL INFO === System : maxBw 1.2 totalBw 24.0 ===
ip-10-182-1-155:57:57 [0] NCCL INFO CPU/0-ffffffffffffff (1/2/-1)
ip-10-182-1-155:57:57 [0] NCCL INFO + PCI[24.0] - GPU/0-1e0 (0)
ip-10-182-1-155:57:57 [0] NCCL INFO + PCI[12.0] - NIC/0-50
ip-10-182-1-155:57:57 [0] NCCL INFO               + NET[1.2] - NET/0-0 (0/0/0/1.250000)
ip-10-182-1-155:57:57 [0] NCCL INFO ==========================================
ip-10-182-1-155:57:57 [0] NCCL INFO GPU/0-1e0 :GPU/0-1e0 (0/5000.0/LOC) CPU/0-ffffffffffffff (1/24.0/PHB) NET/0-0 (3/1.2/PHB) 
ip-10-182-1-155:57:57 [0] NCCL INFO NET/0-0 :GPU/0-1e0 (3/1.2/PHB) CPU/0-ffffffffffffff (2/1.2/PHB) NET/0-0 (0/5000.0/LOC) 
ip-10-182-1-155:57:57 [0] NCCL INFO ncclTopoGetCpuAffinity: Affinity for GPU 0 is empty, ignoring. (GPU affinity =  ; CPU affinity = 0-3).
ip-10-182-1-155:57:57 [0] NCCL INFO Pattern 4, crossNic 0, nChannels 1, bw 1.200000/1.200000, type LOC/PHB, sameChannels 1
ip-10-182-1-155:57:57 [0] NCCL INFO  0 : NET/0-0 GPU/0-1e0 NET/0-0
ip-10-182-1-155:57:57 [0] NCCL INFO Pattern 3, crossNic 0, nChannels 1, bw 2.400000/1.200000, type LOC/PHB, sameChannels 1
ip-10-182-1-155:57:57 [0] NCCL INFO  0 : NET/0-0 GPU/0-1e0 NET/0-0
ip-10-182-1-155:57:57 [0] NCCL INFO Could not get speed from /sys/class/net/ens5/speed. Defaulting to 10 Gbps.
ip-10-182-1-155:57:57 [0] NCCL INFO comm 0x5d82b8a45df0 rank 0 nRanks 2 nNodes 2 localRanks 1 localRank 0 MNNVL 0
ip-10-182-1-155:57:57 [0] NCCL INFO Tree 0 : -1 -> 0 -> 1/-1/-1
ip-10-182-1-155:57:57 [0] NCCL INFO Tree 1 : 1 -> 0 -> -1/-1/-1
ip-10-182-1-155:57:57 [0] NCCL INFO Channel 00/02 : 0 1
ip-10-182-1-155:57:57 [0] NCCL INFO Channel 01/02 : 0 1
ip-10-182-1-155:57:57 [0] NCCL INFO Ring 00 : 1 -> 0 -> 1
ip-10-182-1-155:57:57 [0] NCCL INFO Ring 01 : 1 -> 0 -> 1
ip-10-182-1-155:57:57 [0] NCCL INFO Trees [0] 1/-1/-1->0->-1 [1] -1/-1/-1->0->1
ip-10-182-1-155:57:57 [0] NCCL INFO P2P Chunksize set to 131072
ip-10-182-1-155:57:57 [0] NCCL INFO Check P2P Type isAllDirectP2p 1 directMode 0 isAllCudaP2p 1
ip-10-182-1-155:57:127 [0] NCCL INFO [Proxy Service] Device 0 CPU core 0
ip-10-182-1-155:57:57 [0] NCCL INFO ncclP2pSchedule: group size used is 1
ip-10-182-1-155:57:128 [0] NCCL INFO [Proxy Service UDS] Device 0 CPU core 3
ip-10-182-1-155:57:57 [0] NCCL INFO threadThresholds 8/8/64 | 16/8/64 | 512 | 512
ip-10-182-1-155:57:57 [0] NCCL INFO 2 coll channels, 2 collnet channels, 0 nvls channels, 2 p2p channels, 1 p2p channels per peer
ip-10-182-1-155:57:57 [0] NCCL INFO Symmetric VA size=24GB
ip-10-182-1-155:57:57 [0] NCCL INFO Symmetric memory is not supported. cuMemEnable 1, globalGinSupport 0, globalNicFused 0 cuMemGdrSupport 1
ip-10-182-1-155:57:57 [0] NCCL INFO CC Off, workFifoBytes 1048576
ip-10-182-1-155:57:57 [0] NCCL INFO ncclCommInitRankConfig comm 0x5d82b8a45df0 rank 0 nranks 2 cudaDev 0 nvmlDev 0 busId 1e0 commId 0x53697ea52b324c35 - Init COMPLETE
ip-10-182-1-155:57:57 [0] NCCL INFO Init timings - ncclCommInitRankConfig: rank 0 nranks 2 total 0.83 (kernels 0.00, alloc 0.00, bootstrap 0.64, allgathers 0.19, topo 0.00, graphs 0.00, connections 0.00, rest 0.00)
ip-10-182-1-155:57:127 [0] NCCL INFO New proxy send connection 0 from local rank 0, transport 2
ip-10-182-1-155:57:129 [0] NCCL INFO [Proxy Progress] Device 0 CPU core 2
ip-10-182-1-155:57:57 [0] NCCL INFO Connected to proxy localRank 0 -> connection 0x7dfea40164b0
ip-10-182-1-155:57:127 [0] NCCL INFO Could not get speed from /sys/class/net/ens5/speed. Defaulting to 10 Gbps.
ip-10-182-1-155:57:57 [0] NCCL INFO Channel 01/1 : 0[0] -> 1[0] [send] via NET/Socket/0/Shared
ip-10-182-1-155:57:127 [0] NCCL INFO New proxy recv connection 1 from local rank 0, transport 2
ip-10-182-1-155:57:57 [0] NCCL INFO Connected to proxy localRank 0 -> connection 0x7dfea4016538
ip-10-182-1-155:57:127 [0] NCCL INFO Could not get speed from /sys/class/net/ens5/speed. Defaulting to 10 Gbps.
ip-10-182-1-155:57:127 [0] NCCL INFO NET/Socket: Using 2 threads and 8 sockets per thread
ip-10-182-1-155:57:57 [0] NCCL INFO Channel 01/1 : 1[0] -> 0[0] [receive] via NET/Socket/0/Shared
ip-10-182-1-155:57:57 [0] NCCL INFO Initialized NET plugin Socket
ip-10-182-1-155:57:57 [0] NCCL INFO Could not get speed from /sys/class/net/ens5/speed. Defaulting to 10 Gbps.
ip-10-182-1-155:57:57 [0] NCCL INFO Assigned NET plugin Socket to comm
ip-10-182-1-155:57:57 [0] NCCL INFO Failed to initialize any GIN plugin
ip-10-182-1-155:57:57 [0] NCCL INFO Using network Socket
ip-10-182-1-155:57:57 [0] NCCL INFO [Rank 1] ncclCommInitRankConfig comm 0x5d82bba607f0 rank 1 nranks 2 cudaDev 0 nvmlDev 0 busId 1e0 commId 0x4801b10275eed029 - Init START
ip-10-182-1-155:57:57 [0] NCCL INFO Topology detection : could not read /sys/devices/pci0000:00/0000:00:1e.0/../max_link_speed, ignoring
ip-10-182-1-155:57:57 [0] NCCL INFO Topology detection : could not read /sys/devices/pci0000:00/0000:00:1e.0/../max_link_width, ignoring
ip-10-182-1-155:57:57 [0] NCCL INFO Topology detection : could not read /sys/devices/system/node/node-1/cpumap, ignoring
ip-10-182-1-155:57:57 [0] NCCL INFO TOPO/NET : Importing network plugins to topology
ip-10-182-1-155:57:57 [0] NCCL INFO Could not get speed from /sys/class/net/ens5/speed. Defaulting to 10 Gbps.
ip-10-182-1-155:57:57 [0] NCCL INFO Topology detection : could not read /sys/devices/pci0000:00/0000:00:05.0/../max_link_speed, ignoring
ip-10-182-1-155:57:57 [0] NCCL INFO Topology detection : could not read /sys/devices/pci0000:00/0000:00:05.0/../max_link_width, ignoring
ip-10-182-1-155:57:57 [0] NCCL INFO Topology detection : could not read /sys/devices/system/node/node-1/cpumap, ignoring
ip-10-182-1-155:57:57 [0] NCCL INFO NET/Socket : GPU Direct RDMA Disabled for HCA 0 'ens5'
ip-10-182-1-155:57:57 [0] NCCL INFO ncclTopoPopulateNics : Filled ens5 in topo with pciPath=/sys/devices/pci0000:00/0000:00:05.0 net=1 gin=(null) keep=1 coll=(null)
ip-10-182-1-155:57:57 [0] NCCL INFO KV Convert to int : could not find value of 'Unknown' in dictionary, falling back to 60
ip-10-182-1-155:57:57 [0] NCCL INFO === System : maxBw 1.2 totalBw 24.0 ===
ip-10-182-1-155:57:57 [0] NCCL INFO CPU/0-ffffffffffffff (1/2/-1)
ip-10-182-1-155:57:57 [0] NCCL INFO + PCI[24.0] - GPU/0-1e0 (1)
ip-10-182-1-155:57:57 [0] NCCL INFO + PCI[12.0] - NIC/0-50
ip-10-182-1-155:57:57 [0] NCCL INFO               + NET[1.2] - NET/0-0 (0/0/0/1.250000)
ip-10-182-1-155:57:57 [0] NCCL INFO ==========================================
ip-10-182-1-155:57:57 [0] NCCL INFO GPU/0-1e0 :GPU/0-1e0 (0/5000.0/LOC) CPU/0-ffffffffffffff (1/24.0/PHB) NET/0-0 (3/1.2/PHB) 
ip-10-182-1-155:57:57 [0] NCCL INFO NET/0-0 :GPU/0-1e0 (3/1.2/PHB) CPU/0-ffffffffffffff (2/1.2/PHB) NET/0-0 (0/5000.0/LOC) 
ip-10-182-1-155:57:57 [0] NCCL INFO ncclTopoGetCpuAffinity: Affinity for GPU 0 is empty, ignoring. (GPU affinity =  ; CPU affinity = 0-3).
ip-10-182-1-155:57:57 [0] NCCL INFO Pattern 4, crossNic 0, nChannels 1, bw 1.200000/1.200000, type LOC/PHB, sameChannels 1
ip-10-182-1-155:57:57 [0] NCCL INFO  0 : NET/0-0 GPU/0-1e0 NET/0-0
ip-10-182-1-155:57:57 [0] NCCL INFO Pattern 3, crossNic 0, nChannels 1, bw 2.400000/1.200000, type LOC/PHB, sameChannels 1
ip-10-182-1-155:57:57 [0] NCCL INFO  0 : NET/0-0 GPU/0-1e0 NET/0-0
ip-10-182-1-155:57:57 [0] NCCL INFO Could not get speed from /sys/class/net/ens5/speed. Defaulting to 10 Gbps.
ip-10-182-1-155:57:57 [0] NCCL INFO comm 0x5d82bba607f0 rank 1 nRanks 2 nNodes 2 localRanks 1 localRank 0 MNNVL 0
ip-10-182-1-155:57:57 [0] NCCL INFO Tree 0 : 0 -> 1 -> -1/-1/-1
ip-10-182-1-155:57:57 [0] NCCL INFO Tree 1 : -1 -> 1 -> 0/-1/-1
ip-10-182-1-155:57:57 [0] NCCL INFO Ring 00 : 0 -> 1 -> 0
ip-10-182-1-155:57:57 [0] NCCL INFO Ring 01 : 0 -> 1 -> 0
ip-10-182-1-155:57:57 [0] NCCL INFO Trees [0] -1/-1/-1->1->0 [1] 0/-1/-1->1->-1
ip-10-182-1-155:57:57 [0] NCCL INFO P2P Chunksize set to 131072
ip-10-182-1-155:57:57 [0] NCCL INFO Check P2P Type isAllDirectP2p 1 directMode 0 isAllCudaP2p 1
ip-10-182-1-155:57:57 [0] NCCL INFO ncclP2pSchedule: group size used is 1
ip-10-182-1-155:57:134 [0] NCCL INFO [Proxy Service] Device 0 CPU core 1
ip-10-182-1-155:57:135 [0] NCCL INFO [Proxy Service UDS] Device 0 CPU core 0
ip-10-182-1-155:57:57 [0] NCCL INFO threadThresholds 8/8/64 | 16/8/64 | 512 | 512
ip-10-182-1-155:57:57 [0] NCCL INFO 2 coll channels, 2 collnet channels, 0 nvls channels, 2 p2p channels, 1 p2p channels per peer
ip-10-182-1-155:57:57 [0] NCCL INFO Symmetric VA size=24GB
ip-10-182-1-155:57:57 [0] NCCL INFO Symmetric memory is not supported. cuMemEnable 1, globalGinSupport 0, globalNicFused 0 cuMemGdrSupport 1
ip-10-182-1-155:57:57 [0] NCCL INFO ncclCommInitRankConfig comm 0x5d82bba607f0 rank 1 nranks 2 cudaDev 0 nvmlDev 0 busId 1e0 commId 0x4801b10275eed029 - Init COMPLETE
ip-10-182-1-155:57:57 [0] NCCL INFO Init timings - ncclCommInitRankConfig: rank 1 nranks 2 total 0.35 (kernels 0.00, alloc 0.00, bootstrap 0.24, allgathers 0.10, topo 0.00, graphs 0.00, connections 0.00, rest 0.00)
ip-10-182-1-155:57:134 [0] NCCL INFO New proxy recv connection 0 from local rank 0, transport 2
ip-10-182-1-155:57:136 [0] NCCL INFO [Proxy Progress] Device 0 CPU core 3
ip-10-182-1-155:57:57 [0] NCCL INFO Connected to proxy localRank 0 -> connection 0x7dfec4009560
ip-10-182-1-155:57:134 [0] NCCL INFO Could not get speed from /sys/class/net/ens5/speed. Defaulting to 10 Gbps.
ip-10-182-1-155:57:134 [0] NCCL INFO NET/Socket: Using 2 threads and 8 sockets per thread
ip-10-182-1-155:57:57 [0] NCCL INFO Channel 01/1 : 0[0] -> 1[0] [receive] via NET/Socket/0/Shared
ip-10-182-1-155:57:134 [0] NCCL INFO New proxy send connection 1 from local rank 0, transport 2
ip-10-182-1-155:57:57 [0] NCCL INFO Connected to proxy localRank 0 -> connection 0x7dfec40095e8
ip-10-182-1-155:57:134 [0] NCCL INFO Could not get speed from /sys/class/net/ens5/speed. Defaulting to 10 Gbps.
ip-10-182-1-155:57:57 [0] NCCL INFO Channel 01/1 : 1[0] -> 0[0] [send] via NET/Socket/0/Shared
ip-10-182-1-155:57:57 [0] NCCL INFO Initialized NET plugin Socket
ip-10-182-1-155:57:57 [0] NCCL INFO Could not get speed from /sys/class/net/ens5/speed. Defaulting to 10 Gbps.
ip-10-182-1-155:57:57 [0] NCCL INFO Assigned NET plugin Socket to comm
ip-10-182-1-155:57:57 [0] NCCL INFO Failed to initialize any GIN plugin
ip-10-182-1-155:57:57 [0] NCCL INFO Using network Socket
ip-10-182-1-155:57:57 [0] NCCL INFO [Rank 0] ncclCommInitRankConfig comm 0x5d82be531050 rank 0 nranks 2 cudaDev 0 nvmlDev 0 busId 1e0 commId 0x84e889abfbe40143 - Init START
ip-10-182-1-155:57:57 [0] NCCL INFO Topology detection : could not read /sys/devices/pci0000:00/0000:00:1e.0/../max_link_speed, ignoring
ip-10-182-1-155:57:57 [0] NCCL INFO Topology detection : could not read /sys/devices/pci0000:00/0000:00:1e.0/../max_link_width, ignoring
ip-10-182-1-155:57:57 [0] NCCL INFO Topology detection : could not read /sys/devices/system/node/node-1/cpumap, ignoring
ip-10-182-1-155:57:57 [0] NCCL INFO TOPO/NET : Importing network plugins to topology
ip-10-182-1-155:57:57 [0] NCCL INFO Could not get speed from /sys/class/net/ens5/speed. Defaulting to 10 Gbps.
ip-10-182-1-155:57:57 [0] NCCL INFO Topology detection : could not read /sys/devices/pci0000:00/0000:00:05.0/../max_link_speed, ignoring
ip-10-182-1-155:57:57 [0] NCCL INFO Topology detection : could not read /sys/devices/pci0000:00/0000:00:05.0/../max_link_width, ignoring
ip-10-182-1-155:57:57 [0] NCCL INFO Topology detection : could not read /sys/devices/system/node/node-1/cpumap, ignoring
ip-10-182-1-155:57:57 [0] NCCL INFO NET/Socket : GPU Direct RDMA Disabled for HCA 0 'ens5'
ip-10-182-1-155:57:57 [0] NCCL INFO ncclTopoPopulateNics : Filled ens5 in topo with pciPath=/sys/devices/pci0000:00/0000:00:05.0 net=1 gin=(null) keep=1 coll=(null)
ip-10-182-1-155:57:57 [0] NCCL INFO KV Convert to int : could not find value of 'Unknown' in dictionary, falling back to 60
ip-10-182-1-155:57:57 [0] NCCL INFO === System : maxBw 1.2 totalBw 24.0 ===
ip-10-182-1-155:57:57 [0] NCCL INFO CPU/0-ffffffffffffff (1/2/-1)
ip-10-182-1-155:57:57 [0] NCCL INFO + PCI[24.0] - GPU/0-1e0 (0)
ip-10-182-1-155:57:57 [0] NCCL INFO + PCI[12.0] - NIC/0-50
ip-10-182-1-155:57:57 [0] NCCL INFO               + NET[1.2] - NET/0-0 (0/0/0/1.250000)
ip-10-182-1-155:57:57 [0] NCCL INFO ==========================================
ip-10-182-1-155:57:57 [0] NCCL INFO GPU/0-1e0 :GPU/0-1e0 (0/5000.0/LOC) CPU/0-ffffffffffffff (1/24.0/PHB) NET/0-0 (3/1.2/PHB) 
ip-10-182-1-155:57:57 [0] NCCL INFO NET/0-0 :GPU/0-1e0 (3/1.2/PHB) CPU/0-ffffffffffffff (2/1.2/PHB) NET/0-0 (0/5000.0/LOC) 
ip-10-182-1-155:57:57 [0] NCCL INFO ncclTopoGetCpuAffinity: Affinity for GPU 0 is empty, ignoring. (GPU affinity =  ; CPU affinity = 0-3).
ip-10-182-1-155:57:57 [0] NCCL INFO Pattern 4, crossNic 0, nChannels 1, bw 1.200000/1.200000, type LOC/PHB, sameChannels 1
ip-10-182-1-155:57:57 [0] NCCL INFO  0 : NET/0-0 GPU/0-1e0 NET/0-0
ip-10-182-1-155:57:57 [0] NCCL INFO Pattern 3, crossNic 0, nChannels 1, bw 2.400000/1.200000, type LOC/PHB, sameChannels 1
ip-10-182-1-155:57:57 [0] NCCL INFO  0 : NET/0-0 GPU/0-1e0 NET/0-0
ip-10-182-1-155:57:57 [0] NCCL INFO Could not get speed from /sys/class/net/ens5/speed. Defaulting to 10 Gbps.
ip-10-182-1-155:57:57 [0] NCCL INFO comm 0x5d82be531050 rank 0 nRanks 2 nNodes 2 localRanks 1 localRank 0 MNNVL 0
ip-10-182-1-155:57:57 [0] NCCL INFO Tree 0 : -1 -> 0 -> 1/-1/-1
ip-10-182-1-155:57:57 [0] NCCL INFO Tree 1 : 1 -> 0 -> -1/-1/-1
ip-10-182-1-155:57:57 [0] NCCL INFO Channel 00/02 : 0 1
ip-10-182-1-155:57:57 [0] NCCL INFO Channel 01/02 : 0 1
ip-10-182-1-155:57:57 [0] NCCL INFO Ring 00 : 1 -> 0 -> 1
ip-10-182-1-155:57:57 [0] NCCL INFO Ring 01 : 1 -> 0 -> 1
ip-10-182-1-155:57:57 [0] NCCL INFO Trees [0] 1/-1/-1->0->-1 [1] -1/-1/-1->0->1
ip-10-182-1-155:57:57 [0] NCCL INFO P2P Chunksize set to 131072
ip-10-182-1-155:57:57 [0] NCCL INFO Check P2P Type isAllDirectP2p 1 directMode 0 isAllCudaP2p 1
ip-10-182-1-155:57:142 [0] NCCL INFO [Proxy Service] Device 0 CPU core 2
ip-10-182-1-155:57:57 [0] NCCL INFO ncclP2pSchedule: group size used is 1
ip-10-182-1-155:57:143 [0] NCCL INFO [Proxy Service UDS] Device 0 CPU core 1
ip-10-182-1-155:57:57 [0] NCCL INFO threadThresholds 8/8/64 | 16/8/64 | 512 | 512
ip-10-182-1-155:57:57 [0] NCCL INFO 2 coll channels, 2 collnet channels, 0 nvls channels, 2 p2p channels, 1 p2p channels per peer
ip-10-182-1-155:57:57 [0] NCCL INFO Symmetric VA size=24GB
ip-10-182-1-155:57:57 [0] NCCL INFO Symmetric memory is not supported. cuMemEnable 1, globalGinSupport 0, globalNicFused 0 cuMemGdrSupport 1
ip-10-182-1-155:57:57 [0] NCCL INFO CC Off, workFifoBytes 1048576
ip-10-182-1-155:57:57 [0] NCCL INFO ncclCommInitRankConfig comm 0x5d82be531050 rank 0 nranks 2 cudaDev 0 nvmlDev 0 busId 1e0 commId 0x84e889abfbe40143 - Init COMPLETE
ip-10-182-1-155:57:57 [0] NCCL INFO Init timings - ncclCommInitRankConfig: rank 0 nranks 2 total 1.25 (kernels 0.00, alloc 0.00, bootstrap 1.00, allgathers 0.25, topo 0.00, graphs 0.00, connections 0.00, rest 0.00)
ip-10-182-1-155:57:142 [0] NCCL INFO New proxy send connection 0 from local rank 0, transport 2
ip-10-182-1-155:57:144 [0] NCCL INFO [Proxy Progress] Device 0 CPU core 0
ip-10-182-1-155:57:57 [0] NCCL INFO Connected to proxy localRank 0 -> connection 0x7dfeec009560
ip-10-182-1-155:57:142 [0] NCCL INFO Could not get speed from /sys/class/net/ens5/speed. Defaulting to 10 Gbps.
ip-10-182-1-155:57:57 [0] NCCL INFO Channel 01/1 : 0[0] -> 1[0] [send] via NET/Socket/0/Shared
ip-10-182-1-155:57:142 [0] NCCL INFO New proxy recv connection 1 from local rank 0, transport 2
ip-10-182-1-155:57:57 [0] NCCL INFO Connected to proxy localRank 0 -> connection 0x7dfeec0095e8
ip-10-182-1-155:57:142 [0] NCCL INFO Could not get speed from /sys/class/net/ens5/speed. Defaulting to 10 Gbps.
ip-10-182-1-155:57:142 [0] NCCL INFO NET/Socket: Using 2 threads and 8 sockets per thread
ip-10-182-1-155:57:57 [0] NCCL INFO Channel 01/1 : 1[0] -> 0[0] [receive] via NET/Socket/0/Shared
ip-10-182-1-155:57:57 [0] NCCL INFO Initialized NET plugin Socket
ip-10-182-1-155:57:57 [0] NCCL INFO Could not get speed from /sys/class/net/ens5/speed. Defaulting to 10 Gbps.
ip-10-182-1-155:57:57 [0] NCCL INFO Assigned NET plugin Socket to comm
ip-10-182-1-155:57:57 [0] NCCL INFO Failed to initialize any GIN plugin
ip-10-182-1-155:57:57 [0] NCCL INFO Using network Socket
ip-10-182-1-155:57:57 [0] NCCL INFO [Rank 0] ncclCommInitRankConfig comm 0x5d82be716280 rank 0 nranks 2 cudaDev 0 nvmlDev 0 busId 1e0 commId 0x122da2068b7ff960 - Init START
ip-10-182-1-155:57:57 [0] NCCL INFO Topology detection : could not read /sys/devices/pci0000:00/0000:00:1e.0/../max_link_speed, ignoring
ip-10-182-1-155:57:57 [0] NCCL INFO Topology detection : could not read /sys/devices/pci0000:00/0000:00:1e.0/../max_link_width, ignoring
ip-10-182-1-155:57:57 [0] NCCL INFO Topology detection : could not read /sys/devices/system/node/node-1/cpumap, ignoring
ip-10-182-1-155:57:57 [0] NCCL INFO TOPO/NET : Importing network plugins to topology
ip-10-182-1-155:57:57 [0] NCCL INFO Could not get speed from /sys/class/net/ens5/speed. Defaulting to 10 Gbps.
ip-10-182-1-155:57:57 [0] NCCL INFO Topology detection : could not read /sys/devices/pci0000:00/0000:00:05.0/../max_link_speed, ignoring
ip-10-182-1-155:57:57 [0] NCCL INFO Topology detection : could not read /sys/devices/pci0000:00/0000:00:05.0/../max_link_width, ignoring
ip-10-182-1-155:57:57 [0] NCCL INFO Topology detection : could not read /sys/devices/system/node/node-1/cpumap, ignoring
ip-10-182-1-155:57:57 [0] NCCL INFO NET/Socket : GPU Direct RDMA Disabled for HCA 0 'ens5'
ip-10-182-1-155:57:57 [0] NCCL INFO ncclTopoPopulateNics : Filled ens5 in topo with pciPath=/sys/devices/pci0000:00/0000:00:05.0 net=1 gin=(null) keep=1 coll=(null)
ip-10-182-1-155:57:57 [0] NCCL INFO KV Convert to int : could not find value of 'Unknown' in dictionary, falling back to 60
ip-10-182-1-155:57:57 [0] NCCL INFO === System : maxBw 1.2 totalBw 24.0 ===
ip-10-182-1-155:57:57 [0] NCCL INFO CPU/0-ffffffffffffff (1/2/-1)
ip-10-182-1-155:57:57 [0] NCCL INFO + PCI[24.0] - GPU/0-1e0 (0)
ip-10-182-1-155:57:57 [0] NCCL INFO + PCI[12.0] - NIC/0-50
ip-10-182-1-155:57:57 [0] NCCL INFO               + NET[1.2] - NET/0-0 (0/0/0/1.250000)
ip-10-182-1-155:57:57 [0] NCCL INFO ==========================================
ip-10-182-1-155:57:57 [0] NCCL INFO GPU/0-1e0 :GPU/0-1e0 (0/5000.0/LOC) CPU/0-ffffffffffffff (1/24.0/PHB) NET/0-0 (3/1.2/PHB) 
ip-10-182-1-155:57:57 [0] NCCL INFO NET/0-0 :GPU/0-1e0 (3/1.2/PHB) CPU/0-ffffffffffffff (2/1.2/PHB) NET/0-0 (0/5000.0/LOC) 
ip-10-182-1-155:57:57 [0] NCCL INFO ncclTopoGetCpuAffinity: Affinity for GPU 0 is empty, ignoring. (GPU affinity =  ; CPU affinity = 0-3).
ip-10-182-1-155:57:57 [0] NCCL INFO Pattern 4, crossNic 0, nChannels 1, bw 1.200000/1.200000, type LOC/PHB, sameChannels 1
ip-10-182-1-155:57:57 [0] NCCL INFO  0 : NET/0-0 GPU/0-1e0 NET/0-0
ip-10-182-1-155:57:57 [0] NCCL INFO Pattern 3, crossNic 0, nChannels 1, bw 2.400000/1.200000, type LOC/PHB, sameChannels 1
ip-10-182-1-155:57:57 [0] NCCL INFO  0 : NET/0-0 GPU/0-1e0 NET/0-0
ip-10-182-1-155:57:57 [0] NCCL INFO Could not get speed from /sys/class/net/ens5/speed. Defaulting to 10 Gbps.
ip-10-182-1-155:57:57 [0] NCCL INFO comm 0x5d82be716280 rank 0 nRanks 2 nNodes 2 localRanks 1 localRank 0 MNNVL 0
ip-10-182-1-155:57:57 [0] NCCL INFO Tree 0 : -1 -> 0 -> 1/-1/-1
ip-10-182-1-155:57:57 [0] NCCL INFO Tree 1 : 1 -> 0 -> -1/-1/-1
ip-10-182-1-155:57:57 [0] NCCL INFO Channel 00/02 : 0 1
ip-10-182-1-155:57:57 [0] NCCL INFO Channel 01/02 : 0 1
ip-10-182-1-155:57:57 [0] NCCL INFO Ring 00 : 1 -> 0 -> 1
ip-10-182-1-155:57:57 [0] NCCL INFO Ring 01 : 1 -> 0 -> 1
ip-10-182-1-155:57:57 [0] NCCL INFO Trees [0] 1/-1/-1->0->-1 [1] -1/-1/-1->0->1
ip-10-182-1-155:57:57 [0] NCCL INFO P2P Chunksize set to 131072
ip-10-182-1-155:57:57 [0] NCCL INFO Check P2P Type isAllDirectP2p 1 directMode 0 isAllCudaP2p 1
ip-10-182-1-155:57:150 [0] NCCL INFO [Proxy Service] Device 0 CPU core 3
ip-10-182-1-155:57:57 [0] NCCL INFO ncclP2pSchedule: group size used is 1
ip-10-182-1-155:57:151 [0] NCCL INFO [Proxy Service UDS] Device 0 CPU core 3
ip-10-182-1-155:57:57 [0] NCCL INFO threadThresholds 8/8/64 | 16/8/64 | 512 | 512
ip-10-182-1-155:57:57 [0] NCCL INFO 2 coll channels, 2 collnet channels, 0 nvls channels, 2 p2p channels, 1 p2p channels per peer
ip-10-182-1-155:57:57 [0] NCCL INFO Symmetric VA size=24GB
ip-10-182-1-155:57:57 [0] NCCL INFO Symmetric memory is not supported. cuMemEnable 1, globalGinSupport 0, globalNicFused 0 cuMemGdrSupport 1
ip-10-182-1-155:57:57 [0] NCCL INFO CC Off, workFifoBytes 1048576
ip-10-182-1-155:57:57 [0] NCCL INFO ncclCommInitRankConfig comm 0x5d82be716280 rank 0 nranks 2 cudaDev 0 nvmlDev 0 busId 1e0 commId 0x122da2068b7ff960 - Init COMPLETE
ip-10-182-1-155:57:57 [0] NCCL INFO Init timings - ncclCommInitRankConfig: rank 0 nranks 2 total 1.13 (kernels 0.00, alloc 0.00, bootstrap 0.88, allgathers 0.24, topo 0.00, graphs 0.00, connections 0.00, rest 0.00)
ip-10-182-1-155:57:150 [0] NCCL INFO New proxy send connection 0 from local rank 0, transport 2
ip-10-182-1-155:57:152 [0] NCCL INFO [Proxy Progress] Device 0 CPU core 1
ip-10-182-1-155:57:57 [0] NCCL INFO Connected to proxy localRank 0 -> connection 0x7dff28020fb0
ip-10-182-1-155:57:150 [0] NCCL INFO Could not get speed from /sys/class/net/ens5/speed. Defaulting to 10 Gbps.
ip-10-182-1-155:57:57 [0] NCCL INFO Channel 01/1 : 0[0] -> 1[0] [send] via NET/Socket/0/Shared
ip-10-182-1-155:57:150 [0] NCCL INFO New proxy recv connection 1 from local rank 0, transport 2
ip-10-182-1-155:57:57 [0] NCCL INFO Connected to proxy localRank 0 -> connection 0x7dff28021038
ip-10-182-1-155:57:150 [0] NCCL INFO Could not get speed from /sys/class/net/ens5/speed. Defaulting to 10 Gbps.
ip-10-182-1-155:57:150 [0] NCCL INFO NET/Socket: Using 2 threads and 8 sockets per thread
ip-10-182-1-155:57:57 [0] NCCL INFO Channel 01/1 : 1[0] -> 0[0] [receive] via NET/Socket/0/Shared
ip-10-182-1-155:57:57 [0] NCCL INFO Initialized NET plugin Socket
ip-10-182-1-155:57:57 [0] NCCL INFO Could not get speed from /sys/class/net/ens5/speed. Defaulting to 10 Gbps.
ip-10-182-1-155:57:57 [0] NCCL INFO Assigned NET plugin Socket to comm
ip-10-182-1-155:57:57 [0] NCCL INFO Failed to initialize any GIN plugin
ip-10-182-1-155:57:57 [0] NCCL INFO Using network Socket
ip-10-182-1-155:57:57 [0] NCCL INFO [Rank 1] ncclCommInitRankConfig comm 0x5d82c11018c0 rank 1 nranks 2 cudaDev 0 nvmlDev 0 busId 1e0 commId 0x6a3a048aae119bf - Init START
ip-10-182-1-155:57:57 [0] NCCL INFO Topology detection : could not read /sys/devices/pci0000:00/0000:00:1e.0/../max_link_speed, ignoring
ip-10-182-1-155:57:57 [0] NCCL INFO Topology detection : could not read /sys/devices/pci0000:00/0000:00:1e.0/../max_link_width, ignoring
ip-10-182-1-155:57:57 [0] NCCL INFO Topology detection : could not read /sys/devices/system/node/node-1/cpumap, ignoring
ip-10-182-1-155:57:57 [0] NCCL INFO TOPO/NET : Importing network plugins to topology
ip-10-182-1-155:57:57 [0] NCCL INFO Could not get speed from /sys/class/net/ens5/speed. Defaulting to 10 Gbps.
ip-10-182-1-155:57:57 [0] NCCL INFO Topology detection : could not read /sys/devices/pci0000:00/0000:00:05.0/../max_link_speed, ignoring
ip-10-182-1-155:57:57 [0] NCCL INFO Topology detection : could not read /sys/devices/pci0000:00/0000:00:05.0/../max_link_width, ignoring
ip-10-182-1-155:57:57 [0] NCCL INFO Topology detection : could not read /sys/devices/system/node/node-1/cpumap, ignoring
ip-10-182-1-155:57:57 [0] NCCL INFO NET/Socket : GPU Direct RDMA Disabled for HCA 0 'ens5'
ip-10-182-1-155:57:57 [0] NCCL INFO ncclTopoPopulateNics : Filled ens5 in topo with pciPath=/sys/devices/pci0000:00/0000:00:05.0 net=1 gin=(null) keep=1 coll=(null)
ip-10-182-1-155:57:57 [0] NCCL INFO KV Convert to int : could not find value of 'Unknown' in dictionary, falling back to 60
ip-10-182-1-155:57:57 [0] NCCL INFO === System : maxBw 1.2 totalBw 24.0 ===
ip-10-182-1-155:57:57 [0] NCCL INFO CPU/0-ffffffffffffff (1/2/-1)
ip-10-182-1-155:57:57 [0] NCCL INFO + PCI[24.0] - GPU/0-1e0 (1)
ip-10-182-1-155:57:57 [0] NCCL INFO + PCI[12.0] - NIC/0-50
ip-10-182-1-155:57:57 [0] NCCL INFO               + NET[1.2] - NET/0-0 (0/0/0/1.250000)
ip-10-182-1-155:57:57 [0] NCCL INFO ==========================================
ip-10-182-1-155:57:57 [0] NCCL INFO GPU/0-1e0 :GPU/0-1e0 (0/5000.0/LOC) CPU/0-ffffffffffffff (1/24.0/PHB) NET/0-0 (3/1.2/PHB) 
ip-10-182-1-155:57:57 [0] NCCL INFO NET/0-0 :GPU/0-1e0 (3/1.2/PHB) CPU/0-ffffffffffffff (2/1.2/PHB) NET/0-0 (0/5000.0/LOC) 
ip-10-182-1-155:57:57 [0] NCCL INFO ncclTopoGetCpuAffinity: Affinity for GPU 0 is empty, ignoring. (GPU affinity =  ; CPU affinity = 0-3).
ip-10-182-1-155:57:57 [0] NCCL INFO Pattern 4, crossNic 0, nChannels 1, bw 1.200000/1.200000, type LOC/PHB, sameChannels 1
ip-10-182-1-155:57:57 [0] NCCL INFO  0 : NET/0-0 GPU/0-1e0 NET/0-0
ip-10-182-1-155:57:57 [0] NCCL INFO Pattern 3, crossNic 0, nChannels 1, bw 2.400000/1.200000, type LOC/PHB, sameChannels 1
ip-10-182-1-155:57:57 [0] NCCL INFO  0 : NET/0-0 GPU/0-1e0 NET/0-0
ip-10-182-1-155:57:57 [0] NCCL INFO Could not get speed from /sys/class/net/ens5/speed. Defaulting to 10 Gbps.
ip-10-182-1-155:57:57 [0] NCCL INFO comm 0x5d82c11018c0 rank 1 nRanks 2 nNodes 2 localRanks 1 localRank 0 MNNVL 0
ip-10-182-1-155:57:57 [0] NCCL INFO Tree 0 : 0 -> 1 -> -1/-1/-1
ip-10-182-1-155:57:57 [0] NCCL INFO Tree 1 : -1 -> 1 -> 0/-1/-1
ip-10-182-1-155:57:57 [0] NCCL INFO Ring 00 : 0 -> 1 -> 0
ip-10-182-1-155:57:57 [0] NCCL INFO Ring 01 : 0 -> 1 -> 0
ip-10-182-1-155:57:57 [0] NCCL INFO Trees [0] -1/-1/-1->1->0 [1] 0/-1/-1->1->-1
ip-10-182-1-155:57:57 [0] NCCL INFO P2P Chunksize set to 131072
ip-10-182-1-155:57:57 [0] NCCL INFO Check P2P Type isAllDirectP2p 1 directMode 0 isAllCudaP2p 1
ip-10-182-1-155:57:157 [0] NCCL INFO [Proxy Service] Device 0 CPU core 3
ip-10-182-1-155:57:57 [0] NCCL INFO ncclP2pSchedule: group size used is 1
ip-10-182-1-155:57:158 [0] NCCL INFO [Proxy Service UDS] Device 0 CPU core 0
ip-10-182-1-155:57:57 [0] NCCL INFO threadThresholds 8/8/64 | 16/8/64 | 512 | 512
ip-10-182-1-155:57:57 [0] NCCL INFO 2 coll channels, 2 collnet channels, 0 nvls channels, 2 p2p channels, 1 p2p channels per peer
ip-10-182-1-155:57:57 [0] NCCL INFO Symmetric VA size=24GB
ip-10-182-1-155:57:57 [0] NCCL INFO Symmetric memory is not supported. cuMemEnable 1, globalGinSupport 0, globalNicFused 0 cuMemGdrSupport 1
ip-10-182-1-155:57:57 [0] NCCL INFO ncclCommInitRankConfig comm 0x5d82c11018c0 rank 1 nranks 2 cudaDev 0 nvmlDev 0 busId 1e0 commId 0x6a3a048aae119bf - Init COMPLETE
ip-10-182-1-155:57:57 [0] NCCL INFO Init timings - ncclCommInitRankConfig: rank 1 nranks 2 total 0.11 (kernels 0.00, alloc 0.00, bootstrap 0.07, allgathers 0.02, topo 0.00, graphs 0.00, connections 0.00, rest 0.00)
ip-10-182-1-155:57:157 [0] NCCL INFO New proxy recv connection 0 from local rank 0, transport 2
ip-10-182-1-155:57:159 [0] NCCL INFO [Proxy Progress] Device 0 CPU core 0
ip-10-182-1-155:57:57 [0] NCCL INFO Connected to proxy localRank 0 -> connection 0x7dffc0132ab0
ip-10-182-1-155:57:157 [0] NCCL INFO Could not get speed from /sys/class/net/ens5/speed. Defaulting to 10 Gbps.
ip-10-182-1-155:57:157 [0] NCCL INFO NET/Socket: Using 2 threads and 8 sockets per thread
ip-10-182-1-155:57:57 [0] NCCL INFO Channel 01/1 : 0[0] -> 1[0] [receive] via NET/Socket/0/Shared
ip-10-182-1-155:57:157 [0] NCCL INFO New proxy send connection 1 from local rank 0, transport 2
ip-10-182-1-155:57:57 [0] NCCL INFO Connected to proxy localRank 0 -> connection 0x7dffc0132b38
ip-10-182-1-155:57:157 [0] NCCL INFO Could not get speed from /sys/class/net/ens5/speed. Defaulting to 10 Gbps.
ip-10-182-1-155:57:57 [0] NCCL INFO Channel 01/1 : 1[0] -> 0[0] [send] via NET/Socket/0/Shared
ip-10-182-1-155:57:57 [0] NCCL INFO Initialized NET plugin Socket
ip-10-182-1-155:57:57 [0] NCCL INFO Could not get speed from /sys/class/net/ens5/speed. Defaulting to 10 Gbps.
ip-10-182-1-155:57:57 [0] NCCL INFO Assigned NET plugin Socket to comm
ip-10-182-1-155:57:57 [0] NCCL INFO Failed to initialize any GIN plugin
ip-10-182-1-155:57:57 [0] NCCL INFO Using network Socket
ip-10-182-1-155:57:57 [0] NCCL INFO [Rank 1] ncclCommInitRankConfig comm 0x5d82c12266b0 rank 1 nranks 2 cudaDev 0 nvmlDev 0 busId 1e0 commId 0x990cda7f555caa8e - Init START
ip-10-182-1-155:57:57 [0] NCCL INFO Topology detection : could not read /sys/devices/pci0000:00/0000:00:1e.0/../max_link_speed, ignoring
ip-10-182-1-155:57:57 [0] NCCL INFO Topology detection : could not read /sys/devices/pci0000:00/0000:00:1e.0/../max_link_width, ignoring
ip-10-182-1-155:57:57 [0] NCCL INFO Topology detection : could not read /sys/devices/system/node/node-1/cpumap, ignoring
ip-10-182-1-155:57:57 [0] NCCL INFO TOPO/NET : Importing network plugins to topology
ip-10-182-1-155:57:57 [0] NCCL INFO Could not get speed from /sys/class/net/ens5/speed. Defaulting to 10 Gbps.
ip-10-182-1-155:57:57 [0] NCCL INFO Topology detection : could not read /sys/devices/pci0000:00/0000:00:05.0/../max_link_speed, ignoring
ip-10-182-1-155:57:57 [0] NCCL INFO Topology detection : could not read /sys/devices/pci0000:00/0000:00:05.0/../max_link_width, ignoring
ip-10-182-1-155:57:57 [0] NCCL INFO Topology detection : could not read /sys/devices/system/node/node-1/cpumap, ignoring
ip-10-182-1-155:57:57 [0] NCCL INFO NET/Socket : GPU Direct RDMA Disabled for HCA 0 'ens5'
ip-10-182-1-155:57:57 [0] NCCL INFO ncclTopoPopulateNics : Filled ens5 in topo with pciPath=/sys/devices/pci0000:00/0000:00:05.0 net=1 gin=(null) keep=1 coll=(null)
ip-10-182-1-155:57:57 [0] NCCL INFO KV Convert to int : could not find value of 'Unknown' in dictionary, falling back to 60
ip-10-182-1-155:57:57 [0] NCCL INFO === System : maxBw 1.2 totalBw 24.0 ===
ip-10-182-1-155:57:57 [0] NCCL INFO CPU/0-ffffffffffffff (1/2/-1)
ip-10-182-1-155:57:57 [0] NCCL INFO + PCI[24.0] - GPU/0-1e0 (1)
ip-10-182-1-155:57:57 [0] NCCL INFO + PCI[12.0] - NIC/0-50
ip-10-182-1-155:57:57 [0] NCCL INFO               + NET[1.2] - NET/0-0 (0/0/0/1.250000)
ip-10-182-1-155:57:57 [0] NCCL INFO ==========================================
ip-10-182-1-155:57:57 [0] NCCL INFO GPU/0-1e0 :GPU/0-1e0 (0/5000.0/LOC) CPU/0-ffffffffffffff (1/24.0/PHB) NET/0-0 (3/1.2/PHB) 
ip-10-182-1-155:57:57 [0] NCCL INFO NET/0-0 :GPU/0-1e0 (3/1.2/PHB) CPU/0-ffffffffffffff (2/1.2/PHB) NET/0-0 (0/5000.0/LOC) 
ip-10-182-1-155:57:57 [0] NCCL INFO ncclTopoGetCpuAffinity: Affinity for GPU 0 is empty, ignoring. (GPU affinity =  ; CPU affinity = 0-3).
ip-10-182-1-155:57:57 [0] NCCL INFO Pattern 4, crossNic 0, nChannels 1, bw 1.200000/1.200000, type LOC/PHB, sameChannels 1
ip-10-182-1-155:57:57 [0] NCCL INFO  0 : NET/0-0 GPU/0-1e0 NET/0-0
ip-10-182-1-155:57:57 [0] NCCL INFO Pattern 3, crossNic 0, nChannels 1, bw 2.400000/1.200000, type LOC/PHB, sameChannels 1
ip-10-182-1-155:57:57 [0] NCCL INFO  0 : NET/0-0 GPU/0-1e0 NET/0-0
ip-10-182-1-155:57:57 [0] NCCL INFO Could not get speed from /sys/class/net/ens5/speed. Defaulting to 10 Gbps.
ip-10-182-1-155:57:57 [0] NCCL INFO comm 0x5d82c12266b0 rank 1 nRanks 2 nNodes 2 localRanks 1 localRank 0 MNNVL 0
ip-10-182-1-155:57:57 [0] NCCL INFO Tree 0 : 0 -> 1 -> -1/-1/-1
ip-10-182-1-155:57:57 [0] NCCL INFO Tree 1 : -1 -> 1 -> 0/-1/-1
ip-10-182-1-155:57:57 [0] NCCL INFO Ring 00 : 0 -> 1 -> 0
ip-10-182-1-155:57:57 [0] NCCL INFO Ring 01 : 0 -> 1 -> 0
ip-10-182-1-155:57:57 [0] NCCL INFO Trees [0] -1/-1/-1->1->0 [1] 0/-1/-1->1->-1
ip-10-182-1-155:57:57 [0] NCCL INFO P2P Chunksize set to 131072
ip-10-182-1-155:57:57 [0] NCCL INFO Check P2P Type isAllDirectP2p 1 directMode 0 isAllCudaP2p 1
ip-10-182-1-155:57:57 [0] NCCL INFO ncclP2pSchedule: group size used is 1
ip-10-182-1-155:57:164 [0] NCCL INFO [Proxy Service] Device 0 CPU core 3
ip-10-182-1-155:57:165 [0] NCCL INFO [Proxy Service UDS] Device 0 CPU core 2
ip-10-182-1-155:57:57 [0] NCCL INFO threadThresholds 8/8/64 | 16/8/64 | 512 | 512
ip-10-182-1-155:57:57 [0] NCCL INFO 2 coll channels, 2 collnet channels, 0 nvls channels, 2 p2p channels, 1 p2p channels per peer
ip-10-182-1-155:57:57 [0] NCCL INFO Symmetric VA size=24GB
ip-10-182-1-155:57:57 [0] NCCL INFO Symmetric memory is not supported. cuMemEnable 1, globalGinSupport 0, globalNicFused 0 cuMemGdrSupport 1
ip-10-182-1-155:57:57 [0] NCCL INFO ncclCommInitRankConfig comm 0x5d82c12266b0 rank 1 nranks 2 cudaDev 0 nvmlDev 0 busId 1e0 commId 0x990cda7f555caa8e - Init COMPLETE
ip-10-182-1-155:57:57 [0] NCCL INFO Init timings - ncclCommInitRankConfig: rank 1 nranks 2 total 0.35 (kernels 0.00, alloc 0.00, bootstrap 0.24, allgathers 0.10, topo 0.00, graphs 0.00, connections 0.00, rest 0.00)
ip-10-182-1-155:57:164 [0] NCCL INFO New proxy recv connection 0 from local rank 0, transport 2
ip-10-182-1-155:57:166 [0] NCCL INFO [Proxy Progress] Device 0 CPU core 1
ip-10-182-1-155:57:57 [0] NCCL INFO Connected to proxy localRank 0 -> connection 0x7dffc4026230
ip-10-182-1-155:57:164 [0] NCCL INFO Could not get speed from /sys/class/net/ens5/speed. Defaulting to 10 Gbps.
ip-10-182-1-155:57:164 [0] NCCL INFO NET/Socket: Using 2 threads and 8 sockets per thread
ip-10-182-1-155:57:57 [0] NCCL INFO Channel 01/1 : 0[0] -> 1[0] [receive] via NET/Socket/0/Shared
ip-10-182-1-155:57:164 [0] NCCL INFO New proxy send connection 1 from local rank 0, transport 2
ip-10-182-1-155:57:57 [0] NCCL INFO Connected to proxy localRank 0 -> connection 0x7dffc40262b8
ip-10-182-1-155:57:164 [0] NCCL INFO Could not get speed from /sys/class/net/ens5/speed. Defaulting to 10 Gbps.
ip-10-182-1-155:57:57 [0] NCCL INFO Channel 01/1 : 1[0] -> 0[0] [send] via NET/Socket/0/Shared
ip-10-182-1-155:57:57 [0] NCCL INFO Initialized NET plugin Socket
ip-10-182-1-155:57:57 [0] NCCL INFO Could not get speed from /sys/class/net/ens5/speed. Defaulting to 10 Gbps.
ip-10-182-1-155:57:57 [0] NCCL INFO Assigned NET plugin Socket to comm
ip-10-182-1-155:57:57 [0] NCCL INFO Failed to initialize any GIN plugin
ip-10-182-1-155:57:57 [0] NCCL INFO Using network Socket
ip-10-182-1-155:57:57 [0] NCCL INFO [Rank 0] ncclCommInitRankConfig comm 0x5d82c3cd2130 rank 0 nranks 2 cudaDev 0 nvmlDev 0 busId 1e0 commId 0xe991ddd9f1aa0ace - Init START
ip-10-182-1-155:57:57 [0] NCCL INFO Topology detection : could not read /sys/devices/pci0000:00/0000:00:1e.0/../max_link_speed, ignoring
ip-10-182-1-155:57:57 [0] NCCL INFO Topology detection : could not read /sys/devices/pci0000:00/0000:00:1e.0/../max_link_width, ignoring
ip-10-182-1-155:57:57 [0] NCCL INFO Topology detection : could not read /sys/devices/system/node/node-1/cpumap, ignoring
ip-10-182-1-155:57:57 [0] NCCL INFO TOPO/NET : Importing network plugins to topology
ip-10-182-1-155:57:57 [0] NCCL INFO Could not get speed from /sys/class/net/ens5/speed. Defaulting to 10 Gbps.
ip-10-182-1-155:57:57 [0] NCCL INFO Topology detection : could not read /sys/devices/pci0000:00/0000:00:05.0/../max_link_speed, ignoring
ip-10-182-1-155:57:57 [0] NCCL INFO Topology detection : could not read /sys/devices/pci0000:00/0000:00:05.0/../max_link_width, ignoring
ip-10-182-1-155:57:57 [0] NCCL INFO Topology detection : could not read /sys/devices/system/node/node-1/cpumap, ignoring
ip-10-182-1-155:57:57 [0] NCCL INFO NET/Socket : GPU Direct RDMA Disabled for HCA 0 'ens5'
ip-10-182-1-155:57:57 [0] NCCL INFO ncclTopoPopulateNics : Filled ens5 in topo with pciPath=/sys/devices/pci0000:00/0000:00:05.0 net=1 gin=(null) keep=1 coll=(null)
ip-10-182-1-155:57:57 [0] NCCL INFO KV Convert to int : could not find value of 'Unknown' in dictionary, falling back to 60
ip-10-182-1-155:57:57 [0] NCCL INFO === System : maxBw 1.2 totalBw 24.0 ===
ip-10-182-1-155:57:57 [0] NCCL INFO CPU/0-ffffffffffffff (1/2/-1)
ip-10-182-1-155:57:57 [0] NCCL INFO + PCI[24.0] - GPU/0-1e0 (0)
ip-10-182-1-155:57:57 [0] NCCL INFO + PCI[12.0] - NIC/0-50
ip-10-182-1-155:57:57 [0] NCCL INFO               + NET[1.2] - NET/0-0 (0/0/0/1.250000)
ip-10-182-1-155:57:57 [0] NCCL INFO ==========================================
ip-10-182-1-155:57:57 [0] NCCL INFO GPU/0-1e0 :GPU/0-1e0 (0/5000.0/LOC) CPU/0-ffffffffffffff (1/24.0/PHB) NET/0-0 (3/1.2/PHB) 
ip-10-182-1-155:57:57 [0] NCCL INFO NET/0-0 :GPU/0-1e0 (3/1.2/PHB) CPU/0-ffffffffffffff (2/1.2/PHB) NET/0-0 (0/5000.0/LOC) 
ip-10-182-1-155:57:57 [0] NCCL INFO ncclTopoGetCpuAffinity: Affinity for GPU 0 is empty, ignoring. (GPU affinity =  ; CPU affinity = 0-3).
ip-10-182-1-155:57:57 [0] NCCL INFO Pattern 4, crossNic 0, nChannels 1, bw 1.200000/1.200000, type LOC/PHB, sameChannels 1
ip-10-182-1-155:57:57 [0] NCCL INFO  0 : NET/0-0 GPU/0-1e0 NET/0-0
ip-10-182-1-155:57:57 [0] NCCL INFO Pattern 3, crossNic 0, nChannels 1, bw 2.400000/1.200000, type LOC/PHB, sameChannels 1
ip-10-182-1-155:57:57 [0] NCCL INFO  0 : NET/0-0 GPU/0-1e0 NET/0-0
ip-10-182-1-155:57:57 [0] NCCL INFO Could not get speed from /sys/class/net/ens5/speed. Defaulting to 10 Gbps.
ip-10-182-1-155:57:57 [0] NCCL INFO comm 0x5d82c3cd2130 rank 0 nRanks 2 nNodes 2 localRanks 1 localRank 0 MNNVL 0
ip-10-182-1-155:57:57 [0] NCCL INFO Tree 0 : -1 -> 0 -> 1/-1/-1
ip-10-182-1-155:57:57 [0] NCCL INFO Tree 1 : 1 -> 0 -> -1/-1/-1
ip-10-182-1-155:57:57 [0] NCCL INFO Channel 00/02 : 0 1
ip-10-182-1-155:57:57 [0] NCCL INFO Channel 01/02 : 0 1
ip-10-182-1-155:57:57 [0] NCCL INFO Ring 00 : 1 -> 0 -> 1
ip-10-182-1-155:57:57 [0] NCCL INFO Ring 01 : 1 -> 0 -> 1
ip-10-182-1-155:57:57 [0] NCCL INFO Trees [0] 1/-1/-1->0->-1 [1] -1/-1/-1->0->1
ip-10-182-1-155:57:57 [0] NCCL INFO P2P Chunksize set to 131072
ip-10-182-1-155:57:57 [0] NCCL INFO Check P2P Type isAllDirectP2p 1 directMode 0 isAllCudaP2p 1
ip-10-182-1-155:57:172 [0] NCCL INFO [Proxy Service] Device 0 CPU core 3
ip-10-182-1-155:57:173 [0] NCCL INFO [Proxy Service UDS] Device 0 CPU core 2
ip-10-182-1-155:57:57 [0] NCCL INFO ncclP2pSchedule: group size used is 1
ip-10-182-1-155:57:57 [0] NCCL INFO threadThresholds 8/8/64 | 16/8/64 | 512 | 512
ip-10-182-1-155:57:57 [0] NCCL INFO 2 coll channels, 2 collnet channels, 0 nvls channels, 2 p2p channels, 1 p2p channels per peer
ip-10-182-1-155:57:57 [0] NCCL INFO Symmetric VA size=24GB
ip-10-182-1-155:57:57 [0] NCCL INFO Symmetric memory is not supported. cuMemEnable 1, globalGinSupport 0, globalNicFused 0 cuMemGdrSupport 1
ip-10-182-1-155:57:57 [0] NCCL INFO CC Off, workFifoBytes 1048576
ip-10-182-1-155:57:57 [0] NCCL INFO ncclCommInitRankConfig comm 0x5d82c3cd2130 rank 0 nranks 2 cudaDev 0 nvmlDev 0 busId 1e0 commId 0xe991ddd9f1aa0ace - Init COMPLETE
ip-10-182-1-155:57:57 [0] NCCL INFO Init timings - ncclCommInitRankConfig: rank 0 nranks 2 total 0.82 (kernels 0.00, alloc 0.00, bootstrap 0.63, allgathers 0.18, topo 0.00, graphs 0.00, connections 0.00, rest 0.00)
ip-10-182-1-155:57:172 [0] NCCL INFO New proxy send connection 0 from local rank 0, transport 2
ip-10-182-1-155:57:174 [0] NCCL INFO [Proxy Progress] Device 0 CPU core 1
ip-10-182-1-155:57:57 [0] NCCL INFO Connected to proxy localRank 0 -> connection 0x7dffd403dd60
ip-10-182-1-155:57:172 [0] NCCL INFO Could not get speed from /sys/class/net/ens5/speed. Defaulting to 10 Gbps.
ip-10-182-1-155:57:57 [0] NCCL INFO Channel 01/1 : 0[0] -> 1[0] [send] via NET/Socket/0/Shared
ip-10-182-1-155:57:172 [0] NCCL INFO New proxy recv connection 1 from local rank 0, transport 2
ip-10-182-1-155:57:57 [0] NCCL INFO Connected to proxy localRank 0 -> connection 0x7dffd403dde8
ip-10-182-1-155:57:172 [0] NCCL INFO Could not get speed from /sys/class/net/ens5/speed. Defaulting to 10 Gbps.
ip-10-182-1-155:57:172 [0] NCCL INFO NET/Socket: Using 2 threads and 8 sockets per thread
ip-10-182-1-155:57:57 [0] NCCL INFO Channel 01/1 : 1[0] -> 0[0] [receive] via NET/Socket/0/Shared
ip-10-182-1-155:57:57 [0] NCCL INFO Initialized NET plugin Socket
ip-10-182-1-155:57:57 [0] NCCL INFO Could not get speed from /sys/class/net/ens5/speed. Defaulting to 10 Gbps.
ip-10-182-1-155:57:57 [0] NCCL INFO Assigned NET plugin Socket to comm
ip-10-182-1-155:57:57 [0] NCCL INFO Failed to initialize any GIN plugin
ip-10-182-1-155:57:57 [0] NCCL INFO Using network Socket
ip-10-182-1-155:57:57 [0] NCCL INFO [Rank 0] ncclCommInitRankConfig comm 0x5d82c3df6f20 rank 0 nranks 2 cudaDev 0 nvmlDev 0 busId 1e0 commId 0x7bd78cfa07fa7e04 - Init START
ip-10-182-1-155:57:57 [0] NCCL INFO Topology detection : could not read /sys/devices/pci0000:00/0000:00:1e.0/../max_link_speed, ignoring
ip-10-182-1-155:57:57 [0] NCCL INFO Topology detection : could not read /sys/devices/pci0000:00/0000:00:1e.0/../max_link_width, ignoring
ip-10-182-1-155:57:57 [0] NCCL INFO Topology detection : could not read /sys/devices/system/node/node-1/cpumap, ignoring
ip-10-182-1-155:57:57 [0] NCCL INFO TOPO/NET : Importing network plugins to topology
ip-10-182-1-155:57:57 [0] NCCL INFO Could not get speed from /sys/class/net/ens5/speed. Defaulting to 10 Gbps.
ip-10-182-1-155:57:57 [0] NCCL INFO Topology detection : could not read /sys/devices/pci0000:00/0000:00:05.0/../max_link_speed, ignoring
ip-10-182-1-155:57:57 [0] NCCL INFO Topology detection : could not read /sys/devices/pci0000:00/0000:00:05.0/../max_link_width, ignoring
ip-10-182-1-155:57:57 [0] NCCL INFO Topology detection : could not read /sys/devices/system/node/node-1/cpumap, ignoring
ip-10-182-1-155:57:57 [0] NCCL INFO NET/Socket : GPU Direct RDMA Disabled for HCA 0 'ens5'
ip-10-182-1-155:57:57 [0] NCCL INFO ncclTopoPopulateNics : Filled ens5 in topo with pciPath=/sys/devices/pci0000:00/0000:00:05.0 net=1 gin=(null) keep=1 coll=(null)
ip-10-182-1-155:57:57 [0] NCCL INFO KV Convert to int : could not find value of 'Unknown' in dictionary, falling back to 60
ip-10-182-1-155:57:57 [0] NCCL INFO === System : maxBw 1.2 totalBw 24.0 ===
ip-10-182-1-155:57:57 [0] NCCL INFO CPU/0-ffffffffffffff (1/2/-1)
ip-10-182-1-155:57:57 [0] NCCL INFO + PCI[24.0] - GPU/0-1e0 (0)
ip-10-182-1-155:57:57 [0] NCCL INFO + PCI[12.0] - NIC/0-50
ip-10-182-1-155:57:57 [0] NCCL INFO               + NET[1.2] - NET/0-0 (0/0/0/1.250000)
ip-10-182-1-155:57:57 [0] NCCL INFO ==========================================
ip-10-182-1-155:57:57 [0] NCCL INFO GPU/0-1e0 :GPU/0-1e0 (0/5000.0/LOC) CPU/0-ffffffffffffff (1/24.0/PHB) NET/0-0 (3/1.2/PHB) 
ip-10-182-1-155:57:57 [0] NCCL INFO NET/0-0 :GPU/0-1e0 (3/1.2/PHB) CPU/0-ffffffffffffff (2/1.2/PHB) NET/0-0 (0/5000.0/LOC) 
ip-10-182-1-155:57:57 [0] NCCL INFO ncclTopoGetCpuAffinity: Affinity for GPU 0 is empty, ignoring. (GPU affinity =  ; CPU affinity = 0-3).
ip-10-182-1-155:57:57 [0] NCCL INFO Pattern 4, crossNic 0, nChannels 1, bw 1.200000/1.200000, type LOC/PHB, sameChannels 1
ip-10-182-1-155:57:57 [0] NCCL INFO  0 : NET/0-0 GPU/0-1e0 NET/0-0
ip-10-182-1-155:57:57 [0] NCCL INFO Pattern 3, crossNic 0, nChannels 1, bw 2.400000/1.200000, type LOC/PHB, sameChannels 1
ip-10-182-1-155:57:57 [0] NCCL INFO  0 : NET/0-0 GPU/0-1e0 NET/0-0
ip-10-182-1-155:57:57 [0] NCCL INFO Could not get speed from /sys/class/net/ens5/speed. Defaulting to 10 Gbps.
ip-10-182-1-155:57:57 [0] NCCL INFO comm 0x5d82c3df6f20 rank 0 nRanks 2 nNodes 2 localRanks 1 localRank 0 MNNVL 0
ip-10-182-1-155:57:57 [0] NCCL INFO Tree 0 : -1 -> 0 -> 1/-1/-1
ip-10-182-1-155:57:57 [0] NCCL INFO Tree 1 : 1 -> 0 -> -1/-1/-1
ip-10-182-1-155:57:57 [0] NCCL INFO Channel 00/02 : 0 1
ip-10-182-1-155:57:57 [0] NCCL INFO Channel 01/02 : 0 1
ip-10-182-1-155:57:57 [0] NCCL INFO Ring 00 : 1 -> 0 -> 1
ip-10-182-1-155:57:57 [0] NCCL INFO Ring 01 : 1 -> 0 -> 1
ip-10-182-1-155:57:57 [0] NCCL INFO Trees [0] 1/-1/-1->0->-1 [1] -1/-1/-1->0->1
ip-10-182-1-155:57:57 [0] NCCL INFO P2P Chunksize set to 131072
ip-10-182-1-155:57:57 [0] NCCL INFO Check P2P Type isAllDirectP2p 1 directMode 0 isAllCudaP2p 1
ip-10-182-1-155:57:180 [0] NCCL INFO [Proxy Service] Device 0 CPU core 0
ip-10-182-1-155:57:57 [0] NCCL INFO ncclP2pSchedule: group size used is 1
ip-10-182-1-155:57:181 [0] NCCL INFO [Proxy Service UDS] Device 0 CPU core 1
ip-10-182-1-155:57:57 [0] NCCL INFO threadThresholds 8/8/64 | 16/8/64 | 512 | 512
ip-10-182-1-155:57:57 [0] NCCL INFO 2 coll channels, 2 collnet channels, 0 nvls channels, 2 p2p channels, 1 p2p channels per peer
ip-10-182-1-155:57:57 [0] NCCL INFO Symmetric VA size=24GB
ip-10-182-1-155:57:57 [0] NCCL INFO Symmetric memory is not supported. cuMemEnable 1, globalGinSupport 0, globalNicFused 0 cuMemGdrSupport 1
ip-10-182-1-155:57:57 [0] NCCL INFO CC Off, workFifoBytes 1048576
ip-10-182-1-155:57:57 [0] NCCL INFO ncclCommInitRankConfig comm 0x5d82c3df6f20 rank 0 nranks 2 cudaDev 0 nvmlDev 0 busId 1e0 commId 0x7bd78cfa07fa7e04 - Init COMPLETE
ip-10-182-1-155:57:57 [0] NCCL INFO Init timings - ncclCommInitRankConfig: rank 0 nranks 2 total 1.09 (kernels 0.00, alloc 0.00, bootstrap 0.84, allgathers 0.24, topo 0.00, graphs 0.00, connections 0.00, rest 0.00)
ip-10-182-1-155:57:180 [0] NCCL INFO New proxy send connection 0 from local rank 0, transport 2
ip-10-182-1-155:57:182 [0] NCCL INFO [Proxy Progress] Device 0 CPU core 3
ip-10-182-1-155:57:57 [0] NCCL INFO Connected to proxy localRank 0 -> connection 0x7dfff0005260
ip-10-182-1-155:57:180 [0] NCCL INFO Could not get speed from /sys/class/net/ens5/speed. Defaulting to 10 Gbps.
ip-10-182-1-155:57:57 [0] NCCL INFO Channel 01/1 : 0[0] -> 1[0] [send] via NET/Socket/0/Shared
ip-10-182-1-155:57:180 [0] NCCL INFO New proxy recv connection 1 from local rank 0, transport 2
ip-10-182-1-155:57:57 [0] NCCL INFO Connected to proxy localRank 0 -> connection 0x7dfff00052e8
ip-10-182-1-155:57:180 [0] NCCL INFO Could not get speed from /sys/class/net/ens5/speed. Defaulting to 10 Gbps.
ip-10-182-1-155:57:180 [0] NCCL INFO NET/Socket: Using 2 threads and 8 sockets per thread
ip-10-182-1-155:57:57 [0] NCCL INFO Channel 01/1 : 1[0] -> 0[0] [receive] via NET/Socket/0/Shared
{"event": "outer_step_completed", "rank": 5, "completed_outer_steps": 25, "timestamp": "2026-09-14T14:52:29.370224+00:00"}
ip-10-182-1-155:57:57 [0] NCCL INFO Initialized NET plugin Socket
ip-10-182-1-155:57:57 [0] NCCL INFO Could not get speed from /sys/class/net/ens5/speed. Defaulting to 10 Gbps.
ip-10-182-1-155:57:57 [0] NCCL INFO Assigned NET plugin Socket to comm
ip-10-182-1-155:57:57 [0] NCCL INFO Failed to initialize any GIN plugin
ip-10-182-1-155:57:57 [0] NCCL INFO Using network Socket
ip-10-182-1-155:57:57 [0] NCCL INFO [Rank 1] ncclCommInitRankConfig comm 0x5d82b8beab70 rank 1 nranks 2 cudaDev 0 nvmlDev 0 busId 1e0 commId 0x50837265d2974693 - Init START
ip-10-182-1-155:57:57 [0] NCCL INFO Topology detection : could not read /sys/devices/pci0000:00/0000:00:1e.0/../max_link_speed, ignoring
ip-10-182-1-155:57:57 [0] NCCL INFO Topology detection : could not read /sys/devices/pci0000:00/0000:00:1e.0/../max_link_width, ignoring
ip-10-182-1-155:57:57 [0] NCCL INFO Topology detection : could not read /sys/devices/system/node/node-1/cpumap, ignoring
ip-10-182-1-155:57:57 [0] NCCL INFO TOPO/NET : Importing network plugins to topology
ip-10-182-1-155:57:57 [0] NCCL INFO Could not get speed from /sys/class/net/ens5/speed. Defaulting to 10 Gbps.
ip-10-182-1-155:57:57 [0] NCCL INFO Topology detection : could not read /sys/devices/pci0000:00/0000:00:05.0/../max_link_speed, ignoring
ip-10-182-1-155:57:57 [0] NCCL INFO Topology detection : could not read /sys/devices/pci0000:00/0000:00:05.0/../max_link_width, ignoring
ip-10-182-1-155:57:57 [0] NCCL INFO Topology detection : could not read /sys/devices/system/node/node-1/cpumap, ignoring
ip-10-182-1-155:57:57 [0] NCCL INFO NET/Socket : GPU Direct RDMA Disabled for HCA 0 'ens5'
ip-10-182-1-155:57:57 [0] NCCL INFO ncclTopoPopulateNics : Filled ens5 in topo with pciPath=/sys/devices/pci0000:00/0000:00:05.0 net=1 gin=(null) keep=1 coll=(null)
ip-10-182-1-155:57:57 [0] NCCL INFO KV Convert to int : could not find value of 'Unknown' in dictionary, falling back to 60
ip-10-182-1-155:57:57 [0] NCCL INFO === System : maxBw 1.2 totalBw 24.0 ===
ip-10-182-1-155:57:57 [0] NCCL INFO CPU/0-ffffffffffffff (1/2/-1)
ip-10-182-1-155:57:57 [0] NCCL INFO + PCI[24.0] - GPU/0-1e0 (1)
ip-10-182-1-155:57:57 [0] NCCL INFO + PCI[12.0] - NIC/0-50
ip-10-182-1-155:57:57 [0] NCCL INFO               + NET[1.2] - NET/0-0 (0/0/0/1.250000)
ip-10-182-1-155:57:57 [0] NCCL INFO ==========================================
ip-10-182-1-155:57:57 [0] NCCL INFO GPU/0-1e0 :GPU/0-1e0 (0/5000.0/LOC) CPU/0-ffffffffffffff (1/24.0/PHB) NET/0-0 (3/1.2/PHB) 
ip-10-182-1-155:57:57 [0] NCCL INFO NET/0-0 :GPU/0-1e0 (3/1.2/PHB) CPU/0-ffffffffffffff (2/1.2/PHB) NET/0-0 (0/5000.0/LOC) 
ip-10-182-1-155:57:57 [0] NCCL INFO ncclTopoGetCpuAffinity: Affinity for GPU 0 is empty, ignoring. (GPU affinity =  ; CPU affinity = 0-3).
ip-10-182-1-155:57:57 [0] NCCL INFO Pattern 4, crossNic 0, nChannels 1, bw 1.200000/1.200000, type LOC/PHB, sameChannels 1
ip-10-182-1-155:57:57 [0] NCCL INFO  0 : NET/0-0 GPU/0-1e0 NET/0-0
ip-10-182-1-155:57:57 [0] NCCL INFO Pattern 3, crossNic 0, nChannels 1, bw 2.400000/1.200000, type LOC/PHB, sameChannels 1
ip-10-182-1-155:57:57 [0] NCCL INFO  0 : NET/0-0 GPU/0-1e0 NET/0-0
ip-10-182-1-155:57:57 [0] NCCL INFO Could not get speed from /sys/class/net/ens5/speed. Defaulting to 10 Gbps.
ip-10-182-1-155:57:57 [0] NCCL INFO comm 0x5d82b8beab70 rank 1 nRanks 2 nNodes 2 localRanks 1 localRank 0 MNNVL 0
ip-10-182-1-155:57:57 [0] NCCL INFO Tree 0 : 0 -> 1 -> -1/-1/-1
ip-10-182-1-155:57:57 [0] NCCL INFO Tree 1 : -1 -> 1 -> 0/-1/-1
ip-10-182-1-155:57:57 [0] NCCL INFO Ring 00 : 0 -> 1 -> 0
ip-10-182-1-155:57:57 [0] NCCL INFO Ring 01 : 0 -> 1 -> 0
ip-10-182-1-155:57:57 [0] NCCL INFO Trees [0] -1/-1/-1->1->0 [1] 0/-1/-1->1->-1
ip-10-182-1-155:57:57 [0] NCCL INFO P2P Chunksize set to 131072
ip-10-182-1-155:57:57 [0] NCCL INFO Check P2P Type isAllDirectP2p 1 directMode 0 isAllCudaP2p 1
ip-10-182-1-155:57:187 [0] NCCL INFO [Proxy Service] Device 0 CPU core 2
ip-10-182-1-155:57:57 [0] NCCL INFO ncclP2pSchedule: group size used is 1
ip-10-182-1-155:57:188 [0] NCCL INFO [Proxy Service UDS] Device 0 CPU core 0
ip-10-182-1-155:57:57 [0] NCCL INFO threadThresholds 8/8/64 | 16/8/64 | 512 | 512
ip-10-182-1-155:57:57 [0] NCCL INFO 2 coll channels, 2 collnet channels, 0 nvls channels, 2 p2p channels, 1 p2p channels per peer
ip-10-182-1-155:57:57 [0] NCCL INFO Symmetric VA size=24GB
ip-10-182-1-155:57:57 [0] NCCL INFO Symmetric memory is not supported. cuMemEnable 1, globalGinSupport 0, globalNicFused 0 cuMemGdrSupport 1
ip-10-182-1-155:57:57 [0] NCCL INFO ncclCommInitRankConfig comm 0x5d82b8beab70 rank 1 nranks 2 cudaDev 0 nvmlDev 0 busId 1e0 commId 0x50837265d2974693 - Init COMPLETE
ip-10-182-1-155:57:57 [0] NCCL INFO Init timings - ncclCommInitRankConfig: rank 1 nranks 2 total 0.09 (kernels 0.00, alloc 0.00, bootstrap 0.06, allgathers 0.02, topo 0.00, graphs 0.00, connections 0.00, rest 0.00)
ip-10-182-1-155:57:187 [0] NCCL INFO New proxy recv connection 0 from local rank 0, transport 2
ip-10-182-1-155:57:189 [0] NCCL INFO [Proxy Progress] Device 0 CPU core 1
ip-10-182-1-155:57:57 [0] NCCL INFO Connected to proxy localRank 0 -> connection 0x7e000c005310
ip-10-182-1-155:57:187 [0] NCCL INFO Could not get speed from /sys/class/net/ens5/speed. Defaulting to 10 Gbps.
ip-10-182-1-155:57:187 [0] NCCL INFO NET/Socket: Using 2 threads and 8 sockets per thread
ip-10-182-1-155:57:57 [0] NCCL INFO Channel 01/1 : 0[0] -> 1[0] [receive] via NET/Socket/0/Shared
ip-10-182-1-155:57:187 [0] NCCL INFO New proxy send connection 1 from local rank 0, transport 2
ip-10-182-1-155:57:57 [0] NCCL INFO Connected to proxy localRank 0 -> connection 0x7e000c005398
ip-10-182-1-155:57:187 [0] NCCL INFO Could not get speed from /sys/class/net/ens5/speed. Defaulting to 10 Gbps.
ip-10-182-1-155:57:57 [0] NCCL INFO Channel 01/1 : 1[0] -> 0[0] [send] via NET/Socket/0/Shared
ip-10-182-1-155:57:57 [0] NCCL INFO Initialized NET plugin Socket
ip-10-182-1-155:57:57 [0] NCCL INFO Could not get speed from /sys/class/net/ens5/speed. Defaulting to 10 Gbps.
ip-10-182-1-155:57:57 [0] NCCL INFO Assigned NET plugin Socket to comm
ip-10-182-1-155:57:57 [0] NCCL INFO Failed to initialize any GIN plugin
ip-10-182-1-155:57:57 [0] NCCL INFO Using network Socket
ip-10-182-1-155:57:57 [0] NCCL INFO [Rank 0] ncclCommInitRankConfig comm 0x5d82b8d0f960 rank 0 nranks 2 cudaDev 0 nvmlDev 0 busId 1e0 commId 0x4e8f83d7422654b8 - Init START
ip-10-182-1-155:57:57 [0] NCCL INFO Topology detection : could not read /sys/devices/pci0000:00/0000:00:1e.0/../max_link_speed, ignoring
ip-10-182-1-155:57:57 [0] NCCL INFO Topology detection : could not read /sys/devices/pci0000:00/0000:00:1e.0/../max_link_width, ignoring
ip-10-182-1-155:57:57 [0] NCCL INFO Topology detection : could not read /sys/devices/system/node/node-1/cpumap, ignoring
ip-10-182-1-155:57:57 [0] NCCL INFO TOPO/NET : Importing network plugins to topology
ip-10-182-1-155:57:57 [0] NCCL INFO Could not get speed from /sys/class/net/ens5/speed. Defaulting to 10 Gbps.
ip-10-182-1-155:57:57 [0] NCCL INFO Topology detection : could not read /sys/devices/pci0000:00/0000:00:05.0/../max_link_speed, ignoring
ip-10-182-1-155:57:57 [0] NCCL INFO Topology detection : could not read /sys/devices/pci0000:00/0000:00:05.0/../max_link_width, ignoring
ip-10-182-1-155:57:57 [0] NCCL INFO Topology detection : could not read /sys/devices/system/node/node-1/cpumap, ignoring
ip-10-182-1-155:57:57 [0] NCCL INFO NET/Socket : GPU Direct RDMA Disabled for HCA 0 'ens5'
ip-10-182-1-155:57:57 [0] NCCL INFO ncclTopoPopulateNics : Filled ens5 in topo with pciPath=/sys/devices/pci0000:00/0000:00:05.0 net=1 gin=(null) keep=1 coll=(null)
ip-10-182-1-155:57:57 [0] NCCL INFO KV Convert to int : could not find value of 'Unknown' in dictionary, falling back to 60
ip-10-182-1-155:57:57 [0] NCCL INFO === System : maxBw 1.2 totalBw 24.0 ===
ip-10-182-1-155:57:57 [0] NCCL INFO CPU/0-ffffffffffffff (1/2/-1)
ip-10-182-1-155:57:57 [0] NCCL INFO + PCI[24.0] - GPU/0-1e0 (0)
ip-10-182-1-155:57:57 [0] NCCL INFO + PCI[12.0] - NIC/0-50
ip-10-182-1-155:57:57 [0] NCCL INFO               + NET[1.2] - NET/0-0 (0/0/0/1.250000)
ip-10-182-1-155:57:57 [0] NCCL INFO ==========================================
ip-10-182-1-155:57:57 [0] NCCL INFO GPU/0-1e0 :GPU/0-1e0 (0/5000.0/LOC) CPU/0-ffffffffffffff (1/24.0/PHB) NET/0-0 (3/1.2/PHB) 
ip-10-182-1-155:57:57 [0] NCCL INFO NET/0-0 :GPU/0-1e0 (3/1.2/PHB) CPU/0-ffffffffffffff (2/1.2/PHB) NET/0-0 (0/5000.0/LOC) 
ip-10-182-1-155:57:57 [0] NCCL INFO ncclTopoGetCpuAffinity: Affinity for GPU 0 is empty, ignoring. (GPU affinity =  ; CPU affinity = 0-3).
ip-10-182-1-155:57:57 [0] NCCL INFO Pattern 4, crossNic 0, nChannels 1, bw 1.200000/1.200000, type LOC/PHB, sameChannels 1
ip-10-182-1-155:57:57 [0] NCCL INFO  0 : NET/0-0 GPU/0-1e0 NET/0-0
ip-10-182-1-155:57:57 [0] NCCL INFO Pattern 3, crossNic 0, nChannels 1, bw 2.400000/1.200000, type LOC/PHB, sameChannels 1
ip-10-182-1-155:57:57 [0] NCCL INFO  0 : NET/0-0 GPU/0-1e0 NET/0-0
ip-10-182-1-155:57:57 [0] NCCL INFO Could not get speed from /sys/class/net/ens5/speed. Defaulting to 10 Gbps.
ip-10-182-1-155:57:57 [0] NCCL INFO comm 0x5d82b8d0f960 rank 0 nRanks 2 nNodes 2 localRanks 1 localRank 0 MNNVL 0
ip-10-182-1-155:57:57 [0] NCCL INFO Tree 0 : -1 -> 0 -> 1/-1/-1
ip-10-182-1-155:57:57 [0] NCCL INFO Tree 1 : 1 -> 0 -> -1/-1/-1
ip-10-182-1-155:57:57 [0] NCCL INFO Channel 00/02 : 0 1
ip-10-182-1-155:57:57 [0] NCCL INFO Channel 01/02 : 0 1
ip-10-182-1-155:57:57 [0] NCCL INFO Ring 00 : 1 -> 0 -> 1
ip-10-182-1-155:57:57 [0] NCCL INFO Ring 01 : 1 -> 0 -> 1
ip-10-182-1-155:57:57 [0] NCCL INFO Trees [0] 1/-1/-1->0->-1 [1] -1/-1/-1->0->1
ip-10-182-1-155:57:57 [0] NCCL INFO P2P Chunksize set to 131072
ip-10-182-1-155:57:57 [0] NCCL INFO Check P2P Type isAllDirectP2p 1 directMode 0 isAllCudaP2p 1
ip-10-182-1-155:57:195 [0] NCCL INFO [Proxy Service] Device 0 CPU core 1
ip-10-182-1-155:57:196 [0] NCCL INFO [Proxy Service UDS] Device 0 CPU core 0
ip-10-182-1-155:57:57 [0] NCCL INFO ncclP2pSchedule: group size used is 1
ip-10-182-1-155:57:57 [0] NCCL INFO threadThresholds 8/8/64 | 16/8/64 | 512 | 512
ip-10-182-1-155:57:57 [0] NCCL INFO 2 coll channels, 2 collnet channels, 0 nvls channels, 2 p2p channels, 1 p2p channels per peer
ip-10-182-1-155:57:57 [0] NCCL INFO Symmetric VA size=24GB
ip-10-182-1-155:57:57 [0] NCCL INFO Symmetric memory is not supported. cuMemEnable 1, globalGinSupport 0, globalNicFused 0 cuMemGdrSupport 1
ip-10-182-1-155:57:57 [0] NCCL INFO CC Off, workFifoBytes 1048576
ip-10-182-1-155:57:57 [0] NCCL INFO ncclCommInitRankConfig comm 0x5d82b8d0f960 rank 0 nranks 2 cudaDev 0 nvmlDev 0 busId 1e0 commId 0x4e8f83d7422654b8 - Init COMPLETE
ip-10-182-1-155:57:57 [0] NCCL INFO Init timings - ncclCommInitRankConfig: rank 0 nranks 2 total 1.23 (kernels 0.00, alloc 0.00, bootstrap 0.99, allgathers 0.24, topo 0.00, graphs 0.00, connections 0.00, rest 0.00)
ip-10-182-1-155:57:195 [0] NCCL INFO New proxy send connection 0 from local rank 0, transport 2
ip-10-182-1-155:57:197 [0] NCCL INFO [Proxy Progress] Device 0 CPU core 1
ip-10-182-1-155:57:57 [0] NCCL INFO Connected to proxy localRank 0 -> connection 0x7dfea4032600
ip-10-182-1-155:57:195 [0] NCCL INFO Could not get speed from /sys/class/net/ens5/speed. Defaulting to 10 Gbps.
ip-10-182-1-155:57:57 [0] NCCL INFO Channel 01/1 : 0[0] -> 1[0] [send] via NET/Socket/0/Shared
ip-10-182-1-155:57:195 [0] NCCL INFO New proxy recv connection 1 from local rank 0, transport 2
ip-10-182-1-155:57:57 [0] NCCL INFO Connected to proxy localRank 0 -> connection 0x7dfea4032688
ip-10-182-1-155:57:195 [0] NCCL INFO Could not get speed from /sys/class/net/ens5/speed. Defaulting to 10 Gbps.
ip-10-182-1-155:57:195 [0] NCCL INFO NET/Socket: Using 2 threads and 8 sockets per thread
ip-10-182-1-155:57:57 [0] NCCL INFO Channel 01/1 : 1[0] -> 0[0] [receive] via NET/Socket/0/Shared
ip-10-182-1-155:57:57 [0] NCCL INFO Initialized NET plugin Socket
ip-10-182-1-155:57:57 [0] NCCL INFO Could not get speed from /sys/class/net/ens5/speed. Defaulting to 10 Gbps.
ip-10-182-1-155:57:57 [0] NCCL INFO Assigned NET plugin Socket to comm
ip-10-182-1-155:57:57 [0] NCCL INFO Failed to initialize any GIN plugin
ip-10-182-1-155:57:57 [0] NCCL INFO Using network Socket
ip-10-182-1-155:57:57 [0] NCCL INFO [Rank 1] ncclCommInitRankConfig comm 0x5d82b8e34750 rank 1 nranks 2 cudaDev 0 nvmlDev 0 busId 1e0 commId 0x100bce1c799178c2 - Init START
ip-10-182-1-155:57:57 [0] NCCL INFO Topology detection : could not read /sys/devices/pci0000:00/0000:00:1e.0/../max_link_speed, ignoring
ip-10-182-1-155:57:57 [0] NCCL INFO Topology detection : could not read /sys/devices/pci0000:00/0000:00:1e.0/../max_link_width, ignoring
ip-10-182-1-155:57:57 [0] NCCL INFO Topology detection : could not read /sys/devices/system/node/node-1/cpumap, ignoring
ip-10-182-1-155:57:57 [0] NCCL INFO TOPO/NET : Importing network plugins to topology
ip-10-182-1-155:57:57 [0] NCCL INFO Could not get speed from /sys/class/net/ens5/speed. Defaulting to 10 Gbps.
ip-10-182-1-155:57:57 [0] NCCL INFO Topology detection : could not read /sys/devices/pci0000:00/0000:00:05.0/../max_link_speed, ignoring
ip-10-182-1-155:57:57 [0] NCCL INFO Topology detection : could not read /sys/devices/pci0000:00/0000:00:05.0/../max_link_width, ignoring
ip-10-182-1-155:57:57 [0] NCCL INFO Topology detection : could not read /sys/devices/system/node/node-1/cpumap, ignoring
ip-10-182-1-155:57:57 [0] NCCL INFO NET/Socket : GPU Direct RDMA Disabled for HCA 0 'ens5'
ip-10-182-1-155:57:57 [0] NCCL INFO ncclTopoPopulateNics : Filled ens5 in topo with pciPath=/sys/devices/pci0000:00/0000:00:05.0 net=1 gin=(null) keep=1 coll=(null)
ip-10-182-1-155:57:57 [0] NCCL INFO KV Convert to int : could not find value of 'Unknown' in dictionary, falling back to 60
ip-10-182-1-155:57:57 [0] NCCL INFO === System : maxBw 1.2 totalBw 24.0 ===
ip-10-182-1-155:57:57 [0] NCCL INFO CPU/0-ffffffffffffff (1/2/-1)
ip-10-182-1-155:57:57 [0] NCCL INFO + PCI[24.0] - GPU/0-1e0 (1)
ip-10-182-1-155:57:57 [0] NCCL INFO + PCI[12.0] - NIC/0-50
ip-10-182-1-155:57:57 [0] NCCL INFO               + NET[1.2] - NET/0-0 (0/0/0/1.250000)
ip-10-182-1-155:57:57 [0] NCCL INFO ==========================================
ip-10-182-1-155:57:57 [0] NCCL INFO GPU/0-1e0 :GPU/0-1e0 (0/5000.0/LOC) CPU/0-ffffffffffffff (1/24.0/PHB) NET/0-0 (3/1.2/PHB) 
ip-10-182-1-155:57:57 [0] NCCL INFO NET/0-0 :GPU/0-1e0 (3/1.2/PHB) CPU/0-ffffffffffffff (2/1.2/PHB) NET/0-0 (0/5000.0/LOC) 
ip-10-182-1-155:57:57 [0] NCCL INFO ncclTopoGetCpuAffinity: Affinity for GPU 0 is empty, ignoring. (GPU affinity =  ; CPU affinity = 0-3).
ip-10-182-1-155:57:57 [0] NCCL INFO Pattern 4, crossNic 0, nChannels 1, bw 1.200000/1.200000, type LOC/PHB, sameChannels 1
ip-10-182-1-155:57:57 [0] NCCL INFO  0 : NET/0-0 GPU/0-1e0 NET/0-0
ip-10-182-1-155:57:57 [0] NCCL INFO Pattern 3, crossNic 0, nChannels 1, bw 2.400000/1.200000, type LOC/PHB, sameChannels 1
ip-10-182-1-155:57:57 [0] NCCL INFO  0 : NET/0-0 GPU/0-1e0 NET/0-0
ip-10-182-1-155:57:57 [0] NCCL INFO Could not get speed from /sys/class/net/ens5/speed. Defaulting to 10 Gbps.
ip-10-182-1-155:57:57 [0] NCCL INFO comm 0x5d82b8e34750 rank 1 nRanks 2 nNodes 2 localRanks 1 localRank 0 MNNVL 0
ip-10-182-1-155:57:57 [0] NCCL INFO Tree 0 : 0 -> 1 -> -1/-1/-1
ip-10-182-1-155:57:57 [0] NCCL INFO Tree 1 : -1 -> 1 -> 0/-1/-1
ip-10-182-1-155:57:57 [0] NCCL INFO Ring 00 : 0 -> 1 -> 0
ip-10-182-1-155:57:57 [0] NCCL INFO Ring 01 : 0 -> 1 -> 0
ip-10-182-1-155:57:57 [0] NCCL INFO Trees [0] -1/-1/-1->1->0 [1] 0/-1/-1->1->-1
ip-10-182-1-155:57:57 [0] NCCL INFO P2P Chunksize set to 131072
ip-10-182-1-155:57:57 [0] NCCL INFO Check P2P Type isAllDirectP2p 1 directMode 0 isAllCudaP2p 1
ip-10-182-1-155:57:202 [0] NCCL INFO [Proxy Service] Device 0 CPU core 3
ip-10-182-1-155:57:57 [0] NCCL INFO ncclP2pSchedule: group size used is 1
ip-10-182-1-155:57:203 [0] NCCL INFO [Proxy Service UDS] Device 0 CPU core 2
ip-10-182-1-155:57:57 [0] NCCL INFO threadThresholds 8/8/64 | 16/8/64 | 512 | 512
ip-10-182-1-155:57:57 [0] NCCL INFO 2 coll channels, 2 collnet channels, 0 nvls channels, 2 p2p channels, 1 p2p channels per peer
ip-10-182-1-155:57:57 [0] NCCL INFO Symmetric VA size=24GB
ip-10-182-1-155:57:57 [0] NCCL INFO Symmetric memory is not supported. cuMemEnable 1, globalGinSupport 0, globalNicFused 0 cuMemGdrSupport 1
ip-10-182-1-155:57:57 [0] NCCL INFO ncclCommInitRankConfig comm 0x5d82b8e34750 rank 1 nranks 2 cudaDev 0 nvmlDev 0 busId 1e0 commId 0x100bce1c799178c2 - Init COMPLETE
ip-10-182-1-155:57:57 [0] NCCL INFO Init timings - ncclCommInitRankConfig: rank 1 nranks 2 total 0.01 (kernels 0.00, alloc 0.00, bootstrap 0.00, allgathers 0.00, topo 0.00, graphs 0.00, connections 0.00, rest 0.00)
ip-10-182-1-155:57:202 [0] NCCL INFO New proxy recv connection 0 from local rank 0, transport 2
ip-10-182-1-155:57:204 [0] NCCL INFO [Proxy Progress] Device 0 CPU core 2
ip-10-182-1-155:57:57 [0] NCCL INFO Connected to proxy localRank 0 -> connection 0x7dfebc01aaa0
ip-10-182-1-155:57:202 [0] NCCL INFO Could not get speed from /sys/class/net/ens5/speed. Defaulting to 10 Gbps.
ip-10-182-1-155:57:202 [0] NCCL INFO NET/Socket: Using 2 threads and 8 sockets per thread
ip-10-182-1-155:57:57 [0] NCCL INFO Channel 01/1 : 0[0] -> 1[0] [receive] via NET/Socket/0/Shared
ip-10-182-1-155:57:202 [0] NCCL INFO New proxy send connection 1 from local rank 0, transport 2
ip-10-182-1-155:57:57 [0] NCCL INFO Connected to proxy localRank 0 -> connection 0x7dfebc01ab28
ip-10-182-1-155:57:202 [0] NCCL INFO Could not get speed from /sys/class/net/ens5/speed. Defaulting to 10 Gbps.
ip-10-182-1-155:57:57 [0] NCCL INFO Channel 01/1 : 1[0] -> 0[0] [send] via NET/Socket/0/Shared
{"event": "outer_step_completed", "rank": 5, "completed_outer_steps": 50, "timestamp": "2026-09-14T14:59:25.304583+00:00"}
{"event": "outer_step_completed", "rank": 5, "completed_outer_steps": 75, "timestamp": "2026-09-14T15:03:14.844563+00:00"}
ip-10-182-1-155:57:57 [0] NCCL INFO Initialized NET plugin Socket
ip-10-182-1-155:57:57 [0] NCCL INFO Could not get speed from /sys/class/net/ens5/speed. Defaulting to 10 Gbps.
ip-10-182-1-155:57:57 [0] NCCL INFO Assigned NET plugin Socket to comm
ip-10-182-1-155:57:57 [0] NCCL INFO Failed to initialize any GIN plugin
ip-10-182-1-155:57:57 [0] NCCL INFO Using network Socket
ip-10-182-1-155:57:57 [0] NCCL INFO [Rank 0] ncclCommInitRankConfig comm 0x5d82cc281bd0 rank 0 nranks 2 cudaDev 0 nvmlDev 0 busId 1e0 commId 0x706575929e560c49 - Init START
ip-10-182-1-155:57:57 [0] NCCL INFO Topology detection : could not read /sys/devices/pci0000:00/0000:00:1e.0/../max_link_speed, ignoring
ip-10-182-1-155:57:57 [0] NCCL INFO Topology detection : could not read /sys/devices/pci0000:00/0000:00:1e.0/../max_link_width, ignoring
ip-10-182-1-155:57:57 [0] NCCL INFO Topology detection : could not read /sys/devices/system/node/node-1/cpumap, ignoring
ip-10-182-1-155:57:57 [0] NCCL INFO TOPO/NET : Importing network plugins to topology
ip-10-182-1-155:57:57 [0] NCCL INFO Could not get speed from /sys/class/net/ens5/speed. Defaulting to 10 Gbps.
ip-10-182-1-155:57:57 [0] NCCL INFO Topology detection : could not read /sys/devices/pci0000:00/0000:00:05.0/../max_link_speed, ignoring
ip-10-182-1-155:57:57 [0] NCCL INFO Topology detection : could not read /sys/devices/pci0000:00/0000:00:05.0/../max_link_width, ignoring
ip-10-182-1-155:57:57 [0] NCCL INFO Topology detection : could not read /sys/devices/system/node/node-1/cpumap, ignoring
ip-10-182-1-155:57:57 [0] NCCL INFO NET/Socket : GPU Direct RDMA Disabled for HCA 0 'ens5'
ip-10-182-1-155:57:57 [0] NCCL INFO ncclTopoPopulateNics : Filled ens5 in topo with pciPath=/sys/devices/pci0000:00/0000:00:05.0 net=1 gin=(null) keep=1 coll=(null)
ip-10-182-1-155:57:57 [0] NCCL INFO KV Convert to int : could not find value of 'Unknown' in dictionary, falling back to 60
ip-10-182-1-155:57:57 [0] NCCL INFO === System : maxBw 1.2 totalBw 24.0 ===
ip-10-182-1-155:57:57 [0] NCCL INFO CPU/0-ffffffffffffff (1/2/-1)
ip-10-182-1-155:57:57 [0] NCCL INFO + PCI[24.0] - GPU/0-1e0 (0)
ip-10-182-1-155:57:57 [0] NCCL INFO + PCI[12.0] - NIC/0-50
ip-10-182-1-155:57:57 [0] NCCL INFO               + NET[1.2] - NET/0-0 (0/0/0/1.250000)
ip-10-182-1-155:57:57 [0] NCCL INFO ==========================================
ip-10-182-1-155:57:57 [0] NCCL INFO GPU/0-1e0 :GPU/0-1e0 (0/5000.0/LOC) CPU/0-ffffffffffffff (1/24.0/PHB) NET/0-0 (3/1.2/PHB) 
ip-10-182-1-155:57:57 [0] NCCL INFO NET/0-0 :GPU/0-1e0 (3/1.2/PHB) CPU/0-ffffffffffffff (2/1.2/PHB) NET/0-0 (0/5000.0/LOC) 
ip-10-182-1-155:57:57 [0] NCCL INFO ncclTopoGetCpuAffinity: Affinity for GPU 0 is empty, ignoring. (GPU affinity =  ; CPU affinity = 0-3).
ip-10-182-1-155:57:57 [0] NCCL INFO Pattern 4, crossNic 0, nChannels 1, bw 1.200000/1.200000, type LOC/PHB, sameChannels 1
ip-10-182-1-155:57:57 [0] NCCL INFO  0 : NET/0-0 GPU/0-1e0 NET/0-0
ip-10-182-1-155:57:57 [0] NCCL INFO Pattern 3, crossNic 0, nChannels 1, bw 2.400000/1.200000, type LOC/PHB, sameChannels 1
ip-10-182-1-155:57:57 [0] NCCL INFO  0 : NET/0-0 GPU/0-1e0 NET/0-0
ip-10-182-1-155:57:57 [0] NCCL INFO Could not get speed from /sys/class/net/ens5/speed. Defaulting to 10 Gbps.
ip-10-182-1-155:57:57 [0] NCCL INFO comm 0x5d82cc281bd0 rank 0 nRanks 2 nNodes 2 localRanks 1 localRank 0 MNNVL 0
ip-10-182-1-155:57:57 [0] NCCL INFO Tree 0 : -1 -> 0 -> 1/-1/-1
ip-10-182-1-155:57:57 [0] NCCL INFO Tree 1 : 1 -> 0 -> -1/-1/-1
ip-10-182-1-155:57:57 [0] NCCL INFO Channel 00/02 : 0 1
ip-10-182-1-155:57:57 [0] NCCL INFO Channel 01/02 : 0 1
ip-10-182-1-155:57:57 [0] NCCL INFO Ring 00 : 1 -> 0 -> 1
ip-10-182-1-155:57:57 [0] NCCL INFO Ring 01 : 1 -> 0 -> 1
ip-10-182-1-155:57:57 [0] NCCL INFO Trees [0] 1/-1/-1->0->-1 [1] -1/-1/-1->0->1
ip-10-182-1-155:57:57 [0] NCCL INFO P2P Chunksize set to 131072
ip-10-182-1-155:57:57 [0] NCCL INFO Check P2P Type isAllDirectP2p 1 directMode 0 isAllCudaP2p 1
ip-10-182-1-155:57:210 [0] NCCL INFO [Proxy Service] Device 0 CPU core 1
ip-10-182-1-155:57:57 [0] NCCL INFO ncclP2pSchedule: group size used is 1
ip-10-182-1-155:57:211 [0] NCCL INFO [Proxy Service UDS] Device 0 CPU core 1
ip-10-182-1-155:57:57 [0] NCCL INFO threadThresholds 8/8/64 | 16/8/64 | 512 | 512
ip-10-182-1-155:57:57 [0] NCCL INFO 2 coll channels, 2 collnet channels, 0 nvls channels, 2 p2p channels, 1 p2p channels per peer
ip-10-182-1-155:57:57 [0] NCCL INFO Symmetric VA size=24GB
ip-10-182-1-155:57:57 [0] NCCL INFO Symmetric memory is not supported. cuMemEnable 1, globalGinSupport 0, globalNicFused 0 cuMemGdrSupport 1
ip-10-182-1-155:57:57 [0] NCCL INFO CC Off, workFifoBytes 1048576
ip-10-182-1-155:57:57 [0] NCCL INFO ncclCommInitRankConfig comm 0x5d82cc281bd0 rank 0 nranks 2 cudaDev 0 nvmlDev 0 busId 1e0 commId 0x706575929e560c49 - Init COMPLETE
ip-10-182-1-155:57:57 [0] NCCL INFO Init timings - ncclCommInitRankConfig: rank 0 nranks 2 total 0.89 (kernels 0.00, alloc 0.00, bootstrap 0.69, allgathers 0.19, topo 0.00, graphs 0.00, connections 0.00, rest 0.00)
ip-10-182-1-155:57:210 [0] NCCL INFO New proxy send connection 0 from local rank 0, transport 2
ip-10-182-1-155:57:212 [0] NCCL INFO [Proxy Progress] Device 0 CPU core 2
ip-10-182-1-155:57:57 [0] NCCL INFO Connected to proxy localRank 0 -> connection 0x7dfeec0256b0
ip-10-182-1-155:57:210 [0] NCCL INFO Could not get speed from /sys/class/net/ens5/speed. Defaulting to 10 Gbps.
ip-10-182-1-155:57:57 [0] NCCL INFO Channel 01/1 : 0[0] -> 1[0] [send] via NET/Socket/0/Shared
ip-10-182-1-155:57:210 [0] NCCL INFO New proxy recv connection 1 from local rank 0, transport 2
ip-10-182-1-155:57:57 [0] NCCL INFO Connected to proxy localRank 0 -> connection 0x7dfeec025738
ip-10-182-1-155:57:210 [0] NCCL INFO Could not get speed from /sys/class/net/ens5/speed. Defaulting to 10 Gbps.
ip-10-182-1-155:57:210 [0] NCCL INFO NET/Socket: Using 2 threads and 8 sockets per thread
ip-10-182-1-155:57:57 [0] NCCL INFO Channel 01/1 : 1[0] -> 0[0] [receive] via NET/Socket/0/Shared
{"event": "outer_step_completed", "rank": 5, "completed_outer_steps": 100, "timestamp": "2026-09-14T15:06:34.158621+00:00"}
{"event": "outer_step_completed", "rank": 5, "completed_outer_steps": 125, "timestamp": "2026-09-14T15:09:32.442148+00:00"}
{"event": "outer_step_completed", "rank": 5, "completed_outer_steps": 150, "timestamp": "2026-09-14T15:12:29.637658+00:00"}
{"event": "outer_step_completed", "rank": 5, "completed_outer_steps": 175, "timestamp": "2026-09-14T15:15:30.477018+00:00"}
{"event": "outer_step_completed", "rank": 5, "completed_outer_steps": 200, "timestamp": "2026-09-14T15:18:38.242896+00:00"}
{"event": "outer_step_completed", "rank": 5, "completed_outer_steps": 225, "timestamp": "2026-09-14T15:21:49.841472+00:00"}
{"event": "outer_step_completed", "rank": 5, "completed_outer_steps": 250, "timestamp": "2026-09-14T15:24:49.147029+00:00"}
{"event": "outer_step_completed", "rank": 5, "completed_outer_steps": 275, "timestamp": "2026-09-14T15:27:45.384375+00:00"}
{"event": "outer_step_completed", "rank": 5, "completed_outer_steps": 300, "timestamp": "2026-09-14T15:30:37.712301+00:00"}
{"event": "outer_step_completed", "rank": 5, "completed_outer_steps": 325, "timestamp": "2026-09-14T15:33:32.453484+00:00"}
{"event": "outer_step_completed", "rank": 5, "completed_outer_steps": 350, "timestamp": "2026-09-14T15:36:33.079271+00:00"}
{"event": "outer_step_completed", "rank": 5, "completed_outer_steps": 375, "timestamp": "2026-09-14T15:39:37.555734+00:00"}
{"event": "outer_step_completed", "rank": 5, "completed_outer_steps": 400, "timestamp": "2026-09-14T15:42:39.561389+00:00"}
{"event": "outer_step_completed", "rank": 5, "completed_outer_steps": 425, "timestamp": "2026-09-14T15:45:42.936300+00:00"}
{"event": "outer_step_completed", "rank": 5, "completed_outer_steps": 450, "timestamp": "2026-09-14T15:48:27.058573+00:00"}
{"event": "outer_step_completed", "rank": 5, "completed_outer_steps": 475, "timestamp": "2026-09-14T15:51:24.451497+00:00"}
{"event": "outer_step_completed", "rank": 5, "completed_outer_steps": 500, "timestamp": "2026-09-14T15:54:19.153478+00:00"}
ip-10-182-1-155:57:57 [0] NCCL INFO comm 0x5d82b8e34750 rank 1 nranks 2 cudaDev 0 busId 1e0 - Destroy COMPLETE
ip-10-182-1-155:57:57 [0] NCCL INFO comm 0x5d82cc281bd0 rank 0 nranks 2 cudaDev 0 busId 1e0 - Destroy COMPLETE
ip-10-182-1-155:57:57 [0] NCCL INFO comm 0x5d82b4146890 rank 0 nranks 2 cudaDev 0 busId 1e0 - Destroy COMPLETE
ip-10-182-1-155:57:57 [0] NCCL INFO comm 0x5d82b82bdb40 rank 5 nranks 16 cudaDev 0 busId 1e0 - Destroy COMPLETE
ip-10-182-1-155:57:57 [0] NCCL INFO comm 0x5d82b85955d0 rank 0 nranks 2 cudaDev 0 busId 1e0 - Destroy COMPLETE
ip-10-182-1-155:57:57 [0] NCCL INFO comm 0x5d82b886e690 rank 0 nranks 2 cudaDev 0 busId 1e0 - Destroy COMPLETE
ip-10-182-1-155:57:57 [0] NCCL INFO comm 0x5d82b8a45df0 rank 0 nranks 2 cudaDev 0 busId 1e0 - Destroy COMPLETE
ip-10-182-1-155:57:57 [0] NCCL INFO comm 0x5d82c12266b0 rank 1 nranks 2 cudaDev 0 busId 1e0 - Destroy COMPLETE
ip-10-182-1-155:57:57 [0] NCCL INFO comm 0x5d82bba607f0 rank 1 nranks 2 cudaDev 0 busId 1e0 - Destroy COMPLETE
ip-10-182-1-155:57:57 [0] NCCL INFO comm 0x5d82be716280 rank 0 nranks 2 cudaDev 0 busId 1e0 - Destroy COMPLETE
ip-10-182-1-155:57:57 [0] NCCL INFO comm 0x5d82c3cd2130 rank 0 nranks 2 cudaDev 0 busId 1e0 - Destroy COMPLETE
ip-10-182-1-155:57:57 [0] NCCL INFO comm 0x5d82c3df6f20 rank 0 nranks 2 cudaDev 0 busId 1e0 - Destroy COMPLETE
ip-10-182-1-155:57:57 [0] NCCL INFO comm 0x5d82be531050 rank 0 nranks 2 cudaDev 0 busId 1e0 - Destroy COMPLETE
ip-10-182-1-155:57:57 [0] NCCL INFO comm 0x5d82b8d0f960 rank 0 nranks 2 cudaDev 0 busId 1e0 - Destroy COMPLETE
ip-10-182-1-155:57:57 [0] NCCL INFO comm 0x5d82c11018c0 rank 1 nranks 2 cudaDev 0 busId 1e0 - Destroy COMPLETE
ip-10-182-1-155:57:57 [0] NCCL INFO comm 0x5d82b8beab70 rank 1 nranks 2 cudaDev 0 busId 1e0 - Destroy COMPLETE
ip-10-182-1-155:57:57 [0] NCCL INFO ENV/Plugin: Closing env plugin ncclEnvDefault
