Warning: You are sending unauthenticated requests to the HF Hub. Please set a HF_TOKEN to enable higher rate limits and faster downloads.
[W914 14:40:17.644829877 Utils.hpp:166] Warning: Environment variable NCCL_BLOCKING_WAIT is deprecated; use TORCH_NCCL_BLOCKING_WAIT instead (function operator())
[W914 14:40:17.644852017 Utils.hpp:137] Warning: Environment variable NCCL_ASYNC_ERROR_HANDLING is deprecated; use TORCH_NCCL_ASYNC_ERROR_HANDLING instead (function operator())
[rank3]:[W914 14:40:21.517494867 ProcessGroupNCCL.cpp:4215] Warning: An unbatched P2P op (send/recv) was called on this ProcessGroup with size 16.  In lazy initialization mode, this will result in a new 2-rank NCCL communicator to be created. (function operator())
ip-10-181-1-19:56:56 [0] NCCL INFO ENV/Plugin: Could not find: libnccl-env.so
ip-10-181-1-19:56:56 [0] NCCL INFO NCCL_SOCKET_IFNAME set to ens5
ip-10-181-1-19:56:56 [0] NCCL INFO cudaDriverVersion 13020
ip-10-181-1-19:56:56 [0] NCCL INFO NCCL version 2.29.7+cuda13.2
ip-10-181-1-19:56:56 [0] NCCL INFO NCCL git version stable b81d6a5a3
ip-10-181-1-19:56:56 [0] NCCL INFO NET/Plugin: Could not find: libnccl-net.so
ip-10-181-1-19:56:56 [0] NCCL INFO transport/net_ib/init.cc:396 -> 3
ip-10-181-1-19:56:56 [0] NCCL INFO Failed to initialize NET plugin IB
ip-10-181-1-19:56:56 [0] NCCL INFO NET/Socket : Using [0]ens5:10.181.1.19<0>
ip-10-181-1-19:56:56 [0] NCCL INFO Initialized NET plugin Socket
ip-10-181-1-19:56:56 [0] NCCL INFO Could not get speed from /sys/class/net/ens5/speed. Defaulting to 10 Gbps.
ip-10-181-1-19:56:56 [0] NCCL INFO Assigned NET plugin Socket to comm
ip-10-181-1-19:56:56 [0] NCCL INFO GIN/Plugin: Could not find: libnccl-gin.so

[2026-09-14 14:40:21] ip-10-181-1-19:56:56 [0] misc/ibvwrap.cc:173 NCCL WARN lib wrapper not initialized.
ip-10-181-1-19:56:56 [0] NCCL INFO transport/net_ib/gdr.cc:56 -> 3
ip-10-181-1-19:56:56 [0] NCCL INFO Unable to use GIN: Peermem is not supported, nor DMA-BUF.
ip-10-181-1-19:56:56 [0] NCCL INFO Unable to use GIN: Peermem is not supported, nor DMA-BUF.
ip-10-181-1-19:56:56 [0] NCCL INFO Failed to initialize any GIN plugin
ip-10-181-1-19:56:56 [0] NCCL INFO Using network Socket
ip-10-181-1-19:56:56 [0] NCCL INFO [Rank 0] ncclCommInitRankConfig comm 0x602d3a656c10 rank 0 nranks 2 cudaDev 0 nvmlDev 0 busId 1e0 commId 0x6e30638bff83583a - Init START
ip-10-181-1-19:56:56 [0] NCCL INFO RAS client listening socket at 127.0.0.1<28028>
ip-10-181-1-19:56:56 [0] NCCL INFO Topology detection : could not read /sys/devices/pci0000:00/0000:00:1e.0/../max_link_speed, ignoring
ip-10-181-1-19:56:56 [0] NCCL INFO Topology detection : could not read /sys/devices/pci0000:00/0000:00:1e.0/../max_link_width, ignoring
ip-10-181-1-19:56:56 [0] NCCL INFO Topology detection : could not read /sys/devices/system/node/node-1/cpumap, ignoring
ip-10-181-1-19:56:56 [0] NCCL INFO TOPO/NET : Importing network plugins to topology
ip-10-181-1-19:56:56 [0] NCCL INFO Could not get speed from /sys/class/net/ens5/speed. Defaulting to 10 Gbps.
ip-10-181-1-19:56:56 [0] NCCL INFO Topology detection : could not read /sys/devices/pci0000:00/0000:00:05.0/../max_link_speed, ignoring
ip-10-181-1-19:56:56 [0] NCCL INFO Topology detection : could not read /sys/devices/pci0000:00/0000:00:05.0/../max_link_width, ignoring
ip-10-181-1-19:56:56 [0] NCCL INFO Topology detection : could not read /sys/devices/system/node/node-1/cpumap, ignoring
ip-10-181-1-19:56:56 [0] NCCL INFO NET/Socket : GPU Direct RDMA Disabled for HCA 0 'ens5'
ip-10-181-1-19:56:56 [0] NCCL INFO ncclTopoPopulateNics : Filled ens5 in topo with pciPath=/sys/devices/pci0000:00/0000:00:05.0 net=1 gin=(null) keep=1 coll=(null)
ip-10-181-1-19:56:56 [0] NCCL INFO KV Convert to int : could not find value of 'Unknown' in dictionary, falling back to 60
ip-10-181-1-19:56:56 [0] NCCL INFO === System : maxBw 1.2 totalBw 24.0 ===
ip-10-181-1-19:56:56 [0] NCCL INFO CPU/0-ffffffffffffff (1/2/-1)
ip-10-181-1-19:56:56 [0] NCCL INFO + PCI[24.0] - GPU/0-1e0 (0)
ip-10-181-1-19:56:56 [0] NCCL INFO + PCI[12.0] - NIC/0-50
ip-10-181-1-19:56:56 [0] NCCL INFO               + NET[1.2] - NET/0-0 (0/0/0/1.250000)
ip-10-181-1-19:56:56 [0] NCCL INFO ==========================================
ip-10-181-1-19:56:56 [0] NCCL INFO GPU/0-1e0 :GPU/0-1e0 (0/5000.0/LOC) CPU/0-ffffffffffffff (1/24.0/PHB) NET/0-0 (3/1.2/PHB) 
ip-10-181-1-19:56:56 [0] NCCL INFO NET/0-0 :GPU/0-1e0 (3/1.2/PHB) CPU/0-ffffffffffffff (2/1.2/PHB) NET/0-0 (0/5000.0/LOC) 
ip-10-181-1-19:56:56 [0] NCCL INFO ncclTopoGetCpuAffinity: Affinity for GPU 0 is empty, ignoring. (GPU affinity =  ; CPU affinity = 0-3).
ip-10-181-1-19:56:56 [0] NCCL INFO Pattern 4, crossNic 0, nChannels 1, bw 1.200000/1.200000, type LOC/PHB, sameChannels 1
ip-10-181-1-19:56:56 [0] NCCL INFO  0 : NET/0-0 GPU/0-1e0 NET/0-0
ip-10-181-1-19:56:56 [0] NCCL INFO Pattern 3, crossNic 0, nChannels 1, bw 2.400000/1.200000, type LOC/PHB, sameChannels 1
ip-10-181-1-19:56:56 [0] NCCL INFO  0 : NET/0-0 GPU/0-1e0 NET/0-0
ip-10-181-1-19:56:56 [0] NCCL INFO Could not get speed from /sys/class/net/ens5/speed. Defaulting to 10 Gbps.
ip-10-181-1-19:56:56 [0] NCCL INFO comm 0x602d3a656c10 rank 0 nRanks 2 nNodes 2 localRanks 1 localRank 0 MNNVL 0
ip-10-181-1-19:56:56 [0] NCCL INFO Tree 0 : -1 -> 0 -> 1/-1/-1
ip-10-181-1-19:56:56 [0] NCCL INFO Tree 1 : 1 -> 0 -> -1/-1/-1
ip-10-181-1-19:56:56 [0] NCCL INFO Channel 00/02 : 0 1
ip-10-181-1-19:56:56 [0] NCCL INFO Channel 01/02 : 0 1
ip-10-181-1-19:56:56 [0] NCCL INFO Ring 00 : 1 -> 0 -> 1
ip-10-181-1-19:56:56 [0] NCCL INFO Ring 01 : 1 -> 0 -> 1
ip-10-181-1-19:56:56 [0] NCCL INFO Trees [0] 1/-1/-1->0->-1 [1] -1/-1/-1->0->1
ip-10-181-1-19:56:56 [0] NCCL INFO P2P Chunksize set to 131072
ip-10-181-1-19:56:56 [0] NCCL INFO PROFILER/Plugin: Could not find: libnccl-profiler.so
ip-10-181-1-19:56:56 [0] NCCL INFO Check P2P Type isAllDirectP2p 1 directMode 0 isAllCudaP2p 1
ip-10-181-1-19:56:56 [0] NCCL INFO ncclP2pSchedule: group size used is 1
ip-10-181-1-19:56:73 [0] NCCL INFO [Proxy Service] Device 0 CPU core 3
ip-10-181-1-19:56:74 [0] NCCL INFO [Proxy Service UDS] Device 0 CPU core 0
ip-10-181-1-19:56:56 [0] NCCL INFO TUNER/Plugin: Could not find: libnccl-tuner.so
ip-10-181-1-19:56:56 [0] NCCL INFO threadThresholds 8/8/64 | 16/8/64 | 512 | 512
ip-10-181-1-19:56:56 [0] NCCL INFO 2 coll channels, 2 collnet channels, 0 nvls channels, 2 p2p channels, 1 p2p channels per peer
ip-10-181-1-19:56:56 [0] NCCL INFO Symmetric VA size=24GB
ip-10-181-1-19:56:56 [0] NCCL INFO Symmetric memory is not supported. cuMemEnable 1, globalGinSupport 0, globalNicFused 0 cuMemGdrSupport 1
ip-10-181-1-19:56:56 [0] NCCL INFO CC Off, workFifoBytes 1048576
ip-10-181-1-19:56:56 [0] NCCL INFO ncclCommInitRankConfig comm 0x602d3a656c10 rank 0 nranks 2 cudaDev 0 nvmlDev 0 busId 1e0 commId 0x6e30638bff83583a - Init COMPLETE
ip-10-181-1-19:56:56 [0] NCCL INFO Init timings - ncclCommInitRankConfig: rank 0 nranks 2 total 6.92 (kernels 0.15, alloc 0.02, bootstrap 6.48, allgathers 0.27, topo 0.00, graphs 0.00, connections 0.00, rest 0.00)
ip-10-181-1-19:56:73 [0] NCCL INFO New proxy send connection 0 from local rank 0, transport 2
ip-10-181-1-19:56:75 [0] NCCL INFO [Proxy Progress] Device 0 CPU core 1
ip-10-181-1-19:56:56 [0] NCCL INFO Connected to proxy localRank 0 -> connection 0x7ce890004fa0
ip-10-181-1-19:56:73 [0] NCCL INFO Could not get speed from /sys/class/net/ens5/speed. Defaulting to 10 Gbps.
ip-10-181-1-19:56:56 [0] NCCL INFO Channel 01/1 : 0[0] -> 1[0] [send] via NET/Socket/0/Shared
[rank3]:[W914 14:40:35.514321408 ProcessGroupNCCL.cpp:4215] Warning: An unbatched P2P op (send/recv) was called on this ProcessGroup with size 16.  In lazy initialization mode, this will result in a new 2-rank NCCL communicator to be created. (function operator())
ip-10-181-1-19:56:73 [0] NCCL INFO New proxy recv connection 1 from local rank 0, transport 2
ip-10-181-1-19:56:56 [0] NCCL INFO Connected to proxy localRank 0 -> connection 0x7ce890005028
ip-10-181-1-19:56:73 [0] NCCL INFO Could not get speed from /sys/class/net/ens5/speed. Defaulting to 10 Gbps.
ip-10-181-1-19:56:73 [0] NCCL INFO NET/Socket: Using 2 threads and 8 sockets per thread
ip-10-181-1-19:56:56 [0] NCCL INFO Channel 01/1 : 1[0] -> 0[0] [receive] via NET/Socket/0/Shared
{"event": "outer_step_completed", "rank": 3, "completed_outer_steps": 1, "timestamp": "2026-09-14T14:40:44.557822+00:00"}
ip-10-181-1-19:56:56 [0] NCCL INFO Initialized NET plugin Socket
ip-10-181-1-19:56:56 [0] NCCL INFO Could not get speed from /sys/class/net/ens5/speed. Defaulting to 10 Gbps.
ip-10-181-1-19:56:56 [0] NCCL INFO Assigned NET plugin Socket to comm
ip-10-181-1-19:56:56 [0] NCCL INFO Failed to initialize any GIN plugin
ip-10-181-1-19:56:56 [0] NCCL INFO Using network Socket
ip-10-181-1-19:56:56 [0] NCCL INFO [Rank 3] ncclCommInitRankConfig comm 0x602d3e7cbb00 rank 3 nranks 16 cudaDev 0 nvmlDev 0 busId 1e0 commId 0xbcac494dc69e8913 - Init START
ip-10-181-1-19:56:56 [0] NCCL INFO Topology detection : could not read /sys/devices/pci0000:00/0000:00:1e.0/../max_link_speed, ignoring
ip-10-181-1-19:56:56 [0] NCCL INFO Topology detection : could not read /sys/devices/pci0000:00/0000:00:1e.0/../max_link_width, ignoring
ip-10-181-1-19:56:56 [0] NCCL INFO Topology detection : could not read /sys/devices/system/node/node-1/cpumap, ignoring
ip-10-181-1-19:56:56 [0] NCCL INFO TOPO/NET : Importing network plugins to topology
ip-10-181-1-19:56:56 [0] NCCL INFO Could not get speed from /sys/class/net/ens5/speed. Defaulting to 10 Gbps.
ip-10-181-1-19:56:56 [0] NCCL INFO Topology detection : could not read /sys/devices/pci0000:00/0000:00:05.0/../max_link_speed, ignoring
ip-10-181-1-19:56:56 [0] NCCL INFO Topology detection : could not read /sys/devices/pci0000:00/0000:00:05.0/../max_link_width, ignoring
ip-10-181-1-19:56:56 [0] NCCL INFO Topology detection : could not read /sys/devices/system/node/node-1/cpumap, ignoring
ip-10-181-1-19:56:56 [0] NCCL INFO NET/Socket : GPU Direct RDMA Disabled for HCA 0 'ens5'
ip-10-181-1-19:56:56 [0] NCCL INFO ncclTopoPopulateNics : Filled ens5 in topo with pciPath=/sys/devices/pci0000:00/0000:00:05.0 net=1 gin=(null) keep=1 coll=(null)
ip-10-181-1-19:56:56 [0] NCCL INFO KV Convert to int : could not find value of 'Unknown' in dictionary, falling back to 60
ip-10-181-1-19:56:56 [0] NCCL INFO === System : maxBw 1.2 totalBw 24.0 ===
ip-10-181-1-19:56:56 [0] NCCL INFO CPU/0-ffffffffffffff (1/2/-1)
ip-10-181-1-19:56:56 [0] NCCL INFO + PCI[24.0] - GPU/0-1e0 (3)
ip-10-181-1-19:56:56 [0] NCCL INFO + PCI[12.0] - NIC/0-50
ip-10-181-1-19:56:56 [0] NCCL INFO               + NET[1.2] - NET/0-0 (0/0/0/1.250000)
ip-10-181-1-19:56:56 [0] NCCL INFO ==========================================
ip-10-181-1-19:56:56 [0] NCCL INFO GPU/0-1e0 :GPU/0-1e0 (0/5000.0/LOC) CPU/0-ffffffffffffff (1/24.0/PHB) NET/0-0 (3/1.2/PHB) 
ip-10-181-1-19:56:56 [0] NCCL INFO NET/0-0 :GPU/0-1e0 (3/1.2/PHB) CPU/0-ffffffffffffff (2/1.2/PHB) NET/0-0 (0/5000.0/LOC) 
ip-10-181-1-19:56:56 [0] NCCL INFO ncclTopoGetCpuAffinity: Affinity for GPU 0 is empty, ignoring. (GPU affinity =  ; CPU affinity = 0-3).
ip-10-181-1-19:56:56 [0] NCCL INFO Pattern 4, crossNic 0, nChannels 1, bw 1.200000/1.200000, type LOC/PHB, sameChannels 1
ip-10-181-1-19:56:56 [0] NCCL INFO  0 : NET/0-0 GPU/0-1e0 NET/0-0
ip-10-181-1-19:56:56 [0] NCCL INFO Pattern 3, crossNic 0, nChannels 1, bw 2.400000/1.200000, type LOC/PHB, sameChannels 1
ip-10-181-1-19:56:56 [0] NCCL INFO  0 : NET/0-0 GPU/0-1e0 NET/0-0
ip-10-181-1-19:56:56 [0] NCCL INFO Could not get speed from /sys/class/net/ens5/speed. Defaulting to 10 Gbps.
ip-10-181-1-19:56:56 [0] NCCL INFO comm 0x602d3e7cbb00 rank 3 nRanks 16 nNodes 16 localRanks 1 localRank 0 MNNVL 0
ip-10-181-1-19:56:56 [0] NCCL INFO Tree 0 : 2 -> 3 -> -1/-1/-1
ip-10-181-1-19:56:56 [0] NCCL INFO Tree 1 : 7 -> 3 -> 5/1/-1
ip-10-181-1-19:56:56 [0] NCCL INFO Ring 00 : 2 -> 3 -> 4
ip-10-181-1-19:56:56 [0] NCCL INFO Ring 01 : 2 -> 3 -> 4
ip-10-181-1-19:56:56 [0] NCCL INFO Trees [0] -1/-1/-1->3->2 [1] 5/1/-1->3->7
ip-10-181-1-19:56:56 [0] NCCL INFO P2P Chunksize set to 131072
ip-10-181-1-19:56:56 [0] NCCL INFO Check P2P Type isAllDirectP2p 1 directMode 0 isAllCudaP2p 1
ip-10-181-1-19:56:56 [0] NCCL INFO ncclP2pSchedule: group size used is 1
ip-10-181-1-19:56:81 [0] NCCL INFO [Proxy Service UDS] Device 0 CPU core 3
ip-10-181-1-19:56:80 [0] NCCL INFO [Proxy Service] Device 0 CPU core 3
ip-10-181-1-19:56:56 [0] NCCL INFO threadThresholds 8/8/64 | 128/8/64 | 512 | 512
ip-10-181-1-19:56:56 [0] NCCL INFO 2 coll channels, 2 collnet channels, 0 nvls channels, 2 p2p channels, 1 p2p channels per peer
ip-10-181-1-19:56:56 [0] NCCL INFO Symmetric VA size=24GB
ip-10-181-1-19:56:56 [0] NCCL INFO Symmetric memory is not supported. cuMemEnable 1, globalGinSupport 0, globalNicFused 0 cuMemGdrSupport 1
ip-10-181-1-19:56:56 [0] NCCL INFO ncclCommInitRankConfig comm 0x602d3e7cbb00 rank 3 nranks 16 cudaDev 0 nvmlDev 0 busId 1e0 commId 0xbcac494dc69e8913 - Init COMPLETE
ip-10-181-1-19:56:56 [0] NCCL INFO Init timings - ncclCommInitRankConfig: rank 3 nranks 16 total 49.78 (kernels 0.00, alloc 0.00, bootstrap 46.68, allgathers 3.10, topo 0.00, graphs 0.00, connections 0.00, rest 0.00)
ip-10-181-1-19:56:80 [0] NCCL INFO New proxy recv connection 0 from local rank 0, transport 2
ip-10-181-1-19:56:82 [0] NCCL INFO [Proxy Progress] Device 0 CPU core 2
ip-10-181-1-19:56:56 [0] NCCL INFO Connected to proxy localRank 0 -> connection 0x7ce85c004f70
ip-10-181-1-19:56:80 [0] NCCL INFO Could not get speed from /sys/class/net/ens5/speed. Defaulting to 10 Gbps.
ip-10-181-1-19:56:80 [0] NCCL INFO NET/Socket: Using 2 threads and 8 sockets per thread
ip-10-181-1-19:56:56 [0] NCCL INFO Channel 00/0 : 2[0] -> 3[0] [receive] via NET/Socket/0
ip-10-181-1-19:56:80 [0] NCCL INFO New proxy recv connection 1 from local rank 0, transport 2
ip-10-181-1-19:56:56 [0] NCCL INFO Connected to proxy localRank 0 -> connection 0x7ce85c004ff8
ip-10-181-1-19:56:80 [0] NCCL INFO Could not get speed from /sys/class/net/ens5/speed. Defaulting to 10 Gbps.
ip-10-181-1-19:56:80 [0] NCCL INFO NET/Socket: Using 2 threads and 8 sockets per thread
ip-10-181-1-19:56:56 [0] NCCL INFO Channel 01/0 : 1[0] -> 3[0] [receive] via NET/Socket/0
ip-10-181-1-19:56:80 [0] NCCL INFO New proxy send connection 2 from local rank 0, transport 2
ip-10-181-1-19:56:56 [0] NCCL INFO Connected to proxy localRank 0 -> connection 0x7ce85c005080
ip-10-181-1-19:56:80 [0] NCCL INFO Could not get speed from /sys/class/net/ens5/speed. Defaulting to 10 Gbps.
ip-10-181-1-19:56:56 [0] NCCL INFO Channel 01/0 : 3[0] -> 5[0] [send] via NET/Socket/0
ip-10-181-1-19:56:80 [0] NCCL INFO New proxy send connection 3 from local rank 0, transport 2
ip-10-181-1-19:56:56 [0] NCCL INFO Connected to proxy localRank 0 -> connection 0x7ce85c005108
ip-10-181-1-19:56:80 [0] NCCL INFO Could not get speed from /sys/class/net/ens5/speed. Defaulting to 10 Gbps.
ip-10-181-1-19:56:56 [0] NCCL INFO Channel 01/0 : 3[0] -> 7[0] [send] via NET/Socket/0
ip-10-181-1-19:56:80 [0] NCCL INFO New proxy recv connection 4 from local rank 0, transport 2
ip-10-181-1-19:56:56 [0] NCCL INFO Connected to proxy localRank 0 -> connection 0x7ce85c005190
ip-10-181-1-19:56:80 [0] NCCL INFO Could not get speed from /sys/class/net/ens5/speed. Defaulting to 10 Gbps.
ip-10-181-1-19:56:80 [0] NCCL INFO NET/Socket: Using 2 threads and 8 sockets per thread
ip-10-181-1-19:56:56 [0] NCCL INFO Channel 01/0 : 7[0] -> 3[0] [receive] via NET/Socket/0
ip-10-181-1-19:56:80 [0] NCCL INFO New proxy recv connection 5 from local rank 0, transport 2
ip-10-181-1-19:56:56 [0] NCCL INFO Connected to proxy localRank 0 -> connection 0x7ce85c005218
ip-10-181-1-19:56:80 [0] NCCL INFO Could not get speed from /sys/class/net/ens5/speed. Defaulting to 10 Gbps.
ip-10-181-1-19:56:80 [0] NCCL INFO NET/Socket: Using 2 threads and 8 sockets per thread
ip-10-181-1-19:56:56 [0] NCCL INFO Channel 01/0 : 5[0] -> 3[0] [receive] via NET/Socket/0
ip-10-181-1-19:56:80 [0] NCCL INFO New proxy send connection 6 from local rank 0, transport 2
ip-10-181-1-19:56:56 [0] NCCL INFO Connected to proxy localRank 0 -> connection 0x7ce85c0052a0
ip-10-181-1-19:56:80 [0] NCCL INFO Could not get speed from /sys/class/net/ens5/speed. Defaulting to 10 Gbps.
ip-10-181-1-19:56:56 [0] NCCL INFO Channel 01/0 : 3[0] -> 1[0] [send] via NET/Socket/0
ip-10-181-1-19:56:80 [0] NCCL INFO New proxy send connection 7 from local rank 0, transport 2
ip-10-181-1-19:56:56 [0] NCCL INFO Connected to proxy localRank 0 -> connection 0x7ce85c005328
ip-10-181-1-19:56:80 [0] NCCL INFO Could not get speed from /sys/class/net/ens5/speed. Defaulting to 10 Gbps.
ip-10-181-1-19:56:56 [0] NCCL INFO Channel 00/0 : 3[0] -> 2[0] [send] via NET/Socket/0
ip-10-181-1-19:56:56 [0] NCCL INFO Connected all trees
ip-10-181-1-19:56:56 [0] NCCL INFO Initialized NET plugin Socket
ip-10-181-1-19:56:56 [0] NCCL INFO Could not get speed from /sys/class/net/ens5/speed. Defaulting to 10 Gbps.
ip-10-181-1-19:56:56 [0] NCCL INFO Assigned NET plugin Socket to comm
ip-10-181-1-19:56:56 [0] NCCL INFO Failed to initialize any GIN plugin
ip-10-181-1-19:56:56 [0] NCCL INFO Using network Socket
ip-10-181-1-19:56:56 [0] NCCL INFO [Rank 1] ncclCommInitRankConfig comm 0x602d3ea8b260 rank 1 nranks 2 cudaDev 0 nvmlDev 0 busId 1e0 commId 0xcc9dd395f2c8edb3 - Init START
ip-10-181-1-19:56:56 [0] NCCL INFO Topology detection : could not read /sys/devices/pci0000:00/0000:00:1e.0/../max_link_speed, ignoring
ip-10-181-1-19:56:56 [0] NCCL INFO Topology detection : could not read /sys/devices/pci0000:00/0000:00:1e.0/../max_link_width, ignoring
ip-10-181-1-19:56:56 [0] NCCL INFO Topology detection : could not read /sys/devices/system/node/node-1/cpumap, ignoring
ip-10-181-1-19:56:56 [0] NCCL INFO TOPO/NET : Importing network plugins to topology
ip-10-181-1-19:56:56 [0] NCCL INFO Could not get speed from /sys/class/net/ens5/speed. Defaulting to 10 Gbps.
ip-10-181-1-19:56:56 [0] NCCL INFO Topology detection : could not read /sys/devices/pci0000:00/0000:00:05.0/../max_link_speed, ignoring
ip-10-181-1-19:56:56 [0] NCCL INFO Topology detection : could not read /sys/devices/pci0000:00/0000:00:05.0/../max_link_width, ignoring
ip-10-181-1-19:56:56 [0] NCCL INFO Topology detection : could not read /sys/devices/system/node/node-1/cpumap, ignoring
ip-10-181-1-19:56:56 [0] NCCL INFO NET/Socket : GPU Direct RDMA Disabled for HCA 0 'ens5'
ip-10-181-1-19:56:56 [0] NCCL INFO ncclTopoPopulateNics : Filled ens5 in topo with pciPath=/sys/devices/pci0000:00/0000:00:05.0 net=1 gin=(null) keep=1 coll=(null)
ip-10-181-1-19:56:56 [0] NCCL INFO KV Convert to int : could not find value of 'Unknown' in dictionary, falling back to 60
ip-10-181-1-19:56:56 [0] NCCL INFO === System : maxBw 1.2 totalBw 24.0 ===
ip-10-181-1-19:56:56 [0] NCCL INFO CPU/0-ffffffffffffff (1/2/-1)
ip-10-181-1-19:56:56 [0] NCCL INFO + PCI[24.0] - GPU/0-1e0 (1)
ip-10-181-1-19:56:56 [0] NCCL INFO + PCI[12.0] - NIC/0-50
ip-10-181-1-19:56:56 [0] NCCL INFO               + NET[1.2] - NET/0-0 (0/0/0/1.250000)
ip-10-181-1-19:56:56 [0] NCCL INFO ==========================================
ip-10-181-1-19:56:56 [0] NCCL INFO GPU/0-1e0 :GPU/0-1e0 (0/5000.0/LOC) CPU/0-ffffffffffffff (1/24.0/PHB) NET/0-0 (3/1.2/PHB) 
ip-10-181-1-19:56:56 [0] NCCL INFO NET/0-0 :GPU/0-1e0 (3/1.2/PHB) CPU/0-ffffffffffffff (2/1.2/PHB) NET/0-0 (0/5000.0/LOC) 
ip-10-181-1-19:56:56 [0] NCCL INFO ncclTopoGetCpuAffinity: Affinity for GPU 0 is empty, ignoring. (GPU affinity =  ; CPU affinity = 0-3).
ip-10-181-1-19:56:56 [0] NCCL INFO Pattern 4, crossNic 0, nChannels 1, bw 1.200000/1.200000, type LOC/PHB, sameChannels 1
ip-10-181-1-19:56:56 [0] NCCL INFO  0 : NET/0-0 GPU/0-1e0 NET/0-0
ip-10-181-1-19:56:56 [0] NCCL INFO Pattern 3, crossNic 0, nChannels 1, bw 2.400000/1.200000, type LOC/PHB, sameChannels 1
ip-10-181-1-19:56:56 [0] NCCL INFO  0 : NET/0-0 GPU/0-1e0 NET/0-0
ip-10-181-1-19:56:56 [0] NCCL INFO Could not get speed from /sys/class/net/ens5/speed. Defaulting to 10 Gbps.
ip-10-181-1-19:56:56 [0] NCCL INFO comm 0x602d3ea8b260 rank 1 nRanks 2 nNodes 2 localRanks 1 localRank 0 MNNVL 0
ip-10-181-1-19:56:56 [0] NCCL INFO Tree 0 : 0 -> 1 -> -1/-1/-1
ip-10-181-1-19:56:56 [0] NCCL INFO Tree 1 : -1 -> 1 -> 0/-1/-1
ip-10-181-1-19:56:56 [0] NCCL INFO Ring 00 : 0 -> 1 -> 0
ip-10-181-1-19:56:56 [0] NCCL INFO Ring 01 : 0 -> 1 -> 0
ip-10-181-1-19:56:56 [0] NCCL INFO Trees [0] -1/-1/-1->1->0 [1] 0/-1/-1->1->-1
ip-10-181-1-19:56:56 [0] NCCL INFO P2P Chunksize set to 131072
ip-10-181-1-19:56:56 [0] NCCL INFO Check P2P Type isAllDirectP2p 1 directMode 0 isAllCudaP2p 1
ip-10-181-1-19:56:56 [0] NCCL INFO ncclP2pSchedule: group size used is 1
ip-10-181-1-19:56:83 [0] NCCL INFO [Proxy Service] Device 0 CPU core 0
ip-10-181-1-19:56:84 [0] NCCL INFO [Proxy Service UDS] Device 0 CPU core 1
ip-10-181-1-19:56:56 [0] NCCL INFO threadThresholds 8/8/64 | 16/8/64 | 512 | 512
ip-10-181-1-19:56:56 [0] NCCL INFO 2 coll channels, 2 collnet channels, 0 nvls channels, 2 p2p channels, 1 p2p channels per peer
ip-10-181-1-19:56:56 [0] NCCL INFO Symmetric VA size=24GB
ip-10-181-1-19:56:56 [0] NCCL INFO Symmetric memory is not supported. cuMemEnable 1, globalGinSupport 0, globalNicFused 0 cuMemGdrSupport 1
ip-10-181-1-19:56:56 [0] NCCL INFO ncclCommInitRankConfig comm 0x602d3ea8b260 rank 1 nranks 2 cudaDev 0 nvmlDev 0 busId 1e0 commId 0xcc9dd395f2c8edb3 - Init COMPLETE
ip-10-181-1-19:56:56 [0] NCCL INFO Init timings - ncclCommInitRankConfig: rank 1 nranks 2 total 0.40 (kernels 0.00, alloc 0.00, bootstrap 0.28, allgathers 0.12, topo 0.00, graphs 0.00, connections 0.00, rest 0.00)
ip-10-181-1-19:56:83 [0] NCCL INFO New proxy recv connection 0 from local rank 0, transport 2
ip-10-181-1-19:56:85 [0] NCCL INFO [Proxy Progress] Device 0 CPU core 3
ip-10-181-1-19:56:56 [0] NCCL INFO Connected to proxy localRank 0 -> connection 0x7ce830004f70
ip-10-181-1-19:56:83 [0] NCCL INFO Could not get speed from /sys/class/net/ens5/speed. Defaulting to 10 Gbps.
ip-10-181-1-19:56:83 [0] NCCL INFO NET/Socket: Using 2 threads and 8 sockets per thread
ip-10-181-1-19:56:56 [0] NCCL INFO Channel 01/1 : 0[0] -> 1[0] [receive] via NET/Socket/0/Shared
ip-10-181-1-19:56:83 [0] NCCL INFO New proxy send connection 1 from local rank 0, transport 2
ip-10-181-1-19:56:56 [0] NCCL INFO Connected to proxy localRank 0 -> connection 0x7ce830004ff8
ip-10-181-1-19:56:83 [0] NCCL INFO Could not get speed from /sys/class/net/ens5/speed. Defaulting to 10 Gbps.
ip-10-181-1-19:56:56 [0] NCCL INFO Channel 01/1 : 1[0] -> 0[0] [send] via NET/Socket/0/Shared
ip-10-181-1-19:56:56 [0] NCCL INFO Initialized NET plugin Socket
ip-10-181-1-19:56:56 [0] NCCL INFO Could not get speed from /sys/class/net/ens5/speed. Defaulting to 10 Gbps.
ip-10-181-1-19:56:56 [0] NCCL INFO Assigned NET plugin Socket to comm
ip-10-181-1-19:56:56 [0] NCCL INFO Failed to initialize any GIN plugin
ip-10-181-1-19:56:56 [0] NCCL INFO Using network Socket
ip-10-181-1-19:56:56 [0] NCCL INFO [Rank 0] ncclCommInitRankConfig comm 0x602d41dab840 rank 0 nranks 2 cudaDev 0 nvmlDev 0 busId 1e0 commId 0x2c4bb869d269d19c - Init START
ip-10-181-1-19:56:56 [0] NCCL INFO Topology detection : could not read /sys/devices/pci0000:00/0000:00:1e.0/../max_link_speed, ignoring
ip-10-181-1-19:56:56 [0] NCCL INFO Topology detection : could not read /sys/devices/pci0000:00/0000:00:1e.0/../max_link_width, ignoring
ip-10-181-1-19:56:56 [0] NCCL INFO Topology detection : could not read /sys/devices/system/node/node-1/cpumap, ignoring
ip-10-181-1-19:56:56 [0] NCCL INFO TOPO/NET : Importing network plugins to topology
ip-10-181-1-19:56:56 [0] NCCL INFO Could not get speed from /sys/class/net/ens5/speed. Defaulting to 10 Gbps.
ip-10-181-1-19:56:56 [0] NCCL INFO Topology detection : could not read /sys/devices/pci0000:00/0000:00:05.0/../max_link_speed, ignoring
ip-10-181-1-19:56:56 [0] NCCL INFO Topology detection : could not read /sys/devices/pci0000:00/0000:00:05.0/../max_link_width, ignoring
ip-10-181-1-19:56:56 [0] NCCL INFO Topology detection : could not read /sys/devices/system/node/node-1/cpumap, ignoring
ip-10-181-1-19:56:56 [0] NCCL INFO NET/Socket : GPU Direct RDMA Disabled for HCA 0 'ens5'
ip-10-181-1-19:56:56 [0] NCCL INFO ncclTopoPopulateNics : Filled ens5 in topo with pciPath=/sys/devices/pci0000:00/0000:00:05.0 net=1 gin=(null) keep=1 coll=(null)
ip-10-181-1-19:56:56 [0] NCCL INFO KV Convert to int : could not find value of 'Unknown' in dictionary, falling back to 60
ip-10-181-1-19:56:56 [0] NCCL INFO === System : maxBw 1.2 totalBw 24.0 ===
ip-10-181-1-19:56:56 [0] NCCL INFO CPU/0-ffffffffffffff (1/2/-1)
ip-10-181-1-19:56:56 [0] NCCL INFO + PCI[24.0] - GPU/0-1e0 (0)
ip-10-181-1-19:56:56 [0] NCCL INFO + PCI[12.0] - NIC/0-50
ip-10-181-1-19:56:56 [0] NCCL INFO               + NET[1.2] - NET/0-0 (0/0/0/1.250000)
ip-10-181-1-19:56:56 [0] NCCL INFO ==========================================
ip-10-181-1-19:56:56 [0] NCCL INFO GPU/0-1e0 :GPU/0-1e0 (0/5000.0/LOC) CPU/0-ffffffffffffff (1/24.0/PHB) NET/0-0 (3/1.2/PHB) 
ip-10-181-1-19:56:56 [0] NCCL INFO NET/0-0 :GPU/0-1e0 (3/1.2/PHB) CPU/0-ffffffffffffff (2/1.2/PHB) NET/0-0 (0/5000.0/LOC) 
ip-10-181-1-19:56:56 [0] NCCL INFO ncclTopoGetCpuAffinity: Affinity for GPU 0 is empty, ignoring. (GPU affinity =  ; CPU affinity = 0-3).
ip-10-181-1-19:56:56 [0] NCCL INFO Pattern 4, crossNic 0, nChannels 1, bw 1.200000/1.200000, type LOC/PHB, sameChannels 1
ip-10-181-1-19:56:56 [0] NCCL INFO  0 : NET/0-0 GPU/0-1e0 NET/0-0
ip-10-181-1-19:56:56 [0] NCCL INFO Pattern 3, crossNic 0, nChannels 1, bw 2.400000/1.200000, type LOC/PHB, sameChannels 1
ip-10-181-1-19:56:56 [0] NCCL INFO  0 : NET/0-0 GPU/0-1e0 NET/0-0
ip-10-181-1-19:56:56 [0] NCCL INFO Could not get speed from /sys/class/net/ens5/speed. Defaulting to 10 Gbps.
ip-10-181-1-19:56:56 [0] NCCL INFO comm 0x602d41dab840 rank 0 nRanks 2 nNodes 2 localRanks 1 localRank 0 MNNVL 0
ip-10-181-1-19:56:56 [0] NCCL INFO Tree 0 : -1 -> 0 -> 1/-1/-1
ip-10-181-1-19:56:56 [0] NCCL INFO Tree 1 : 1 -> 0 -> -1/-1/-1
ip-10-181-1-19:56:56 [0] NCCL INFO Channel 00/02 : 0 1
ip-10-181-1-19:56:56 [0] NCCL INFO Channel 01/02 : 0 1
ip-10-181-1-19:56:56 [0] NCCL INFO Ring 00 : 1 -> 0 -> 1
ip-10-181-1-19:56:56 [0] NCCL INFO Ring 01 : 1 -> 0 -> 1
ip-10-181-1-19:56:56 [0] NCCL INFO Trees [0] 1/-1/-1->0->-1 [1] -1/-1/-1->0->1
ip-10-181-1-19:56:56 [0] NCCL INFO P2P Chunksize set to 131072
ip-10-181-1-19:56:56 [0] NCCL INFO Check P2P Type isAllDirectP2p 1 directMode 0 isAllCudaP2p 1
ip-10-181-1-19:56:91 [0] NCCL INFO [Proxy Service] Device 0 CPU core 1
ip-10-181-1-19:56:56 [0] NCCL INFO ncclP2pSchedule: group size used is 1
ip-10-181-1-19:56:92 [0] NCCL INFO [Proxy Service UDS] Device 0 CPU core 1
ip-10-181-1-19:56:56 [0] NCCL INFO threadThresholds 8/8/64 | 16/8/64 | 512 | 512
ip-10-181-1-19:56:56 [0] NCCL INFO 2 coll channels, 2 collnet channels, 0 nvls channels, 2 p2p channels, 1 p2p channels per peer
ip-10-181-1-19:56:56 [0] NCCL INFO Symmetric VA size=24GB
ip-10-181-1-19:56:56 [0] NCCL INFO Symmetric memory is not supported. cuMemEnable 1, globalGinSupport 0, globalNicFused 0 cuMemGdrSupport 1
ip-10-181-1-19:56:56 [0] NCCL INFO CC Off, workFifoBytes 1048576
ip-10-181-1-19:56:56 [0] NCCL INFO ncclCommInitRankConfig comm 0x602d41dab840 rank 0 nranks 2 cudaDev 0 nvmlDev 0 busId 1e0 commId 0x2c4bb869d269d19c - Init COMPLETE
ip-10-181-1-19:56:56 [0] NCCL INFO Init timings - ncclCommInitRankConfig: rank 0 nranks 2 total 1.27 (kernels 0.00, alloc 0.00, bootstrap 0.98, allgathers 0.29, topo 0.00, graphs 0.00, connections 0.00, rest 0.00)
ip-10-181-1-19:56:91 [0] NCCL INFO New proxy send connection 0 from local rank 0, transport 2
ip-10-181-1-19:56:93 [0] NCCL INFO [Proxy Progress] Device 0 CPU core 1
ip-10-181-1-19:56:56 [0] NCCL INFO Connected to proxy localRank 0 -> connection 0x7ce81c004f70
ip-10-181-1-19:56:91 [0] NCCL INFO Could not get speed from /sys/class/net/ens5/speed. Defaulting to 10 Gbps.
ip-10-181-1-19:56:56 [0] NCCL INFO Channel 01/1 : 0[0] -> 1[0] [send] via NET/Socket/0/Shared
ip-10-181-1-19:56:91 [0] NCCL INFO New proxy recv connection 1 from local rank 0, transport 2
ip-10-181-1-19:56:56 [0] NCCL INFO Connected to proxy localRank 0 -> connection 0x7ce81c004ff8
ip-10-181-1-19:56:91 [0] NCCL INFO Could not get speed from /sys/class/net/ens5/speed. Defaulting to 10 Gbps.
ip-10-181-1-19:56:91 [0] NCCL INFO NET/Socket: Using 2 threads and 8 sockets per thread
ip-10-181-1-19:56:56 [0] NCCL INFO Channel 01/1 : 1[0] -> 0[0] [receive] via NET/Socket/0/Shared
ip-10-181-1-19:56:56 [0] NCCL INFO Initialized NET plugin Socket
ip-10-181-1-19:56:56 [0] NCCL INFO Could not get speed from /sys/class/net/ens5/speed. Defaulting to 10 Gbps.
ip-10-181-1-19:56:56 [0] NCCL INFO Assigned NET plugin Socket to comm
ip-10-181-1-19:56:56 [0] NCCL INFO Failed to initialize any GIN plugin
ip-10-181-1-19:56:56 [0] NCCL INFO Using network Socket
ip-10-181-1-19:56:56 [0] NCCL INFO [Rank 0] ncclCommInitRankConfig comm 0x602d417ca550 rank 0 nranks 2 cudaDev 0 nvmlDev 0 busId 1e0 commId 0x11451a05950a9689 - Init START
ip-10-181-1-19:56:56 [0] NCCL INFO Topology detection : could not read /sys/devices/pci0000:00/0000:00:1e.0/../max_link_speed, ignoring
ip-10-181-1-19:56:56 [0] NCCL INFO Topology detection : could not read /sys/devices/pci0000:00/0000:00:1e.0/../max_link_width, ignoring
ip-10-181-1-19:56:56 [0] NCCL INFO Topology detection : could not read /sys/devices/system/node/node-1/cpumap, ignoring
ip-10-181-1-19:56:56 [0] NCCL INFO TOPO/NET : Importing network plugins to topology
ip-10-181-1-19:56:56 [0] NCCL INFO Could not get speed from /sys/class/net/ens5/speed. Defaulting to 10 Gbps.
ip-10-181-1-19:56:56 [0] NCCL INFO Topology detection : could not read /sys/devices/pci0000:00/0000:00:05.0/../max_link_speed, ignoring
ip-10-181-1-19:56:56 [0] NCCL INFO Topology detection : could not read /sys/devices/pci0000:00/0000:00:05.0/../max_link_width, ignoring
ip-10-181-1-19:56:56 [0] NCCL INFO Topology detection : could not read /sys/devices/system/node/node-1/cpumap, ignoring
ip-10-181-1-19:56:56 [0] NCCL INFO NET/Socket : GPU Direct RDMA Disabled for HCA 0 'ens5'
ip-10-181-1-19:56:56 [0] NCCL INFO ncclTopoPopulateNics : Filled ens5 in topo with pciPath=/sys/devices/pci0000:00/0000:00:05.0 net=1 gin=(null) keep=1 coll=(null)
ip-10-181-1-19:56:56 [0] NCCL INFO KV Convert to int : could not find value of 'Unknown' in dictionary, falling back to 60
ip-10-181-1-19:56:56 [0] NCCL INFO === System : maxBw 1.2 totalBw 24.0 ===
ip-10-181-1-19:56:56 [0] NCCL INFO CPU/0-ffffffffffffff (1/2/-1)
ip-10-181-1-19:56:56 [0] NCCL INFO + PCI[24.0] - GPU/0-1e0 (0)
ip-10-181-1-19:56:56 [0] NCCL INFO + PCI[12.0] - NIC/0-50
ip-10-181-1-19:56:56 [0] NCCL INFO               + NET[1.2] - NET/0-0 (0/0/0/1.250000)
ip-10-181-1-19:56:56 [0] NCCL INFO ==========================================
ip-10-181-1-19:56:56 [0] NCCL INFO GPU/0-1e0 :GPU/0-1e0 (0/5000.0/LOC) CPU/0-ffffffffffffff (1/24.0/PHB) NET/0-0 (3/1.2/PHB) 
ip-10-181-1-19:56:56 [0] NCCL INFO NET/0-0 :GPU/0-1e0 (3/1.2/PHB) CPU/0-ffffffffffffff (2/1.2/PHB) NET/0-0 (0/5000.0/LOC) 
ip-10-181-1-19:56:56 [0] NCCL INFO ncclTopoGetCpuAffinity: Affinity for GPU 0 is empty, ignoring. (GPU affinity =  ; CPU affinity = 0-3).
ip-10-181-1-19:56:56 [0] NCCL INFO Pattern 4, crossNic 0, nChannels 1, bw 1.200000/1.200000, type LOC/PHB, sameChannels 1
ip-10-181-1-19:56:56 [0] NCCL INFO  0 : NET/0-0 GPU/0-1e0 NET/0-0
ip-10-181-1-19:56:56 [0] NCCL INFO Pattern 3, crossNic 0, nChannels 1, bw 2.400000/1.200000, type LOC/PHB, sameChannels 1
ip-10-181-1-19:56:56 [0] NCCL INFO  0 : NET/0-0 GPU/0-1e0 NET/0-0
ip-10-181-1-19:56:56 [0] NCCL INFO Could not get speed from /sys/class/net/ens5/speed. Defaulting to 10 Gbps.
ip-10-181-1-19:56:56 [0] NCCL INFO comm 0x602d417ca550 rank 0 nRanks 2 nNodes 2 localRanks 1 localRank 0 MNNVL 0
ip-10-181-1-19:56:56 [0] NCCL INFO Tree 0 : -1 -> 0 -> 1/-1/-1
ip-10-181-1-19:56:56 [0] NCCL INFO Tree 1 : 1 -> 0 -> -1/-1/-1
ip-10-181-1-19:56:56 [0] NCCL INFO Channel 00/02 : 0 1
ip-10-181-1-19:56:56 [0] NCCL INFO Channel 01/02 : 0 1
ip-10-181-1-19:56:56 [0] NCCL INFO Ring 00 : 1 -> 0 -> 1
ip-10-181-1-19:56:56 [0] NCCL INFO Ring 01 : 1 -> 0 -> 1
ip-10-181-1-19:56:56 [0] NCCL INFO Trees [0] 1/-1/-1->0->-1 [1] -1/-1/-1->0->1
ip-10-181-1-19:56:56 [0] NCCL INFO P2P Chunksize set to 131072
ip-10-181-1-19:56:56 [0] NCCL INFO Check P2P Type isAllDirectP2p 1 directMode 0 isAllCudaP2p 1
ip-10-181-1-19:56:99 [0] NCCL INFO [Proxy Service] Device 0 CPU core 1
ip-10-181-1-19:56:56 [0] NCCL INFO ncclP2pSchedule: group size used is 1
ip-10-181-1-19:56:100 [0] NCCL INFO [Proxy Service UDS] Device 0 CPU core 1
ip-10-181-1-19:56:56 [0] NCCL INFO threadThresholds 8/8/64 | 16/8/64 | 512 | 512
ip-10-181-1-19:56:56 [0] NCCL INFO 2 coll channels, 2 collnet channels, 0 nvls channels, 2 p2p channels, 1 p2p channels per peer
ip-10-181-1-19:56:56 [0] NCCL INFO Symmetric VA size=24GB
ip-10-181-1-19:56:56 [0] NCCL INFO Symmetric memory is not supported. cuMemEnable 1, globalGinSupport 0, globalNicFused 0 cuMemGdrSupport 1
ip-10-181-1-19:56:56 [0] NCCL INFO CC Off, workFifoBytes 1048576
ip-10-181-1-19:56:56 [0] NCCL INFO ncclCommInitRankConfig comm 0x602d417ca550 rank 0 nranks 2 cudaDev 0 nvmlDev 0 busId 1e0 commId 0x11451a05950a9689 - Init COMPLETE
ip-10-181-1-19:56:56 [0] NCCL INFO Init timings - ncclCommInitRankConfig: rank 0 nranks 2 total 0.42 (kernels 0.00, alloc 0.00, bootstrap 0.31, allgathers 0.10, topo 0.00, graphs 0.00, connections 0.00, rest 0.00)
ip-10-181-1-19:56:99 [0] NCCL INFO New proxy send connection 0 from local rank 0, transport 2
ip-10-181-1-19:56:101 [0] NCCL INFO [Proxy Progress] Device 0 CPU core 2
ip-10-181-1-19:56:56 [0] NCCL INFO Connected to proxy localRank 0 -> connection 0x7ce804004f70
ip-10-181-1-19:56:99 [0] NCCL INFO Could not get speed from /sys/class/net/ens5/speed. Defaulting to 10 Gbps.
ip-10-181-1-19:56:56 [0] NCCL INFO Channel 01/1 : 0[0] -> 1[0] [send] via NET/Socket/0/Shared
ip-10-181-1-19:56:99 [0] NCCL INFO New proxy recv connection 1 from local rank 0, transport 2
ip-10-181-1-19:56:56 [0] NCCL INFO Connected to proxy localRank 0 -> connection 0x7ce804004ff8
ip-10-181-1-19:56:99 [0] NCCL INFO Could not get speed from /sys/class/net/ens5/speed. Defaulting to 10 Gbps.
ip-10-181-1-19:56:99 [0] NCCL INFO NET/Socket: Using 2 threads and 8 sockets per thread
ip-10-181-1-19:56:56 [0] NCCL INFO Channel 01/1 : 1[0] -> 0[0] [receive] via NET/Socket/0/Shared
ip-10-181-1-19:56:56 [0] NCCL INFO Initialized NET plugin Socket
ip-10-181-1-19:56:56 [0] NCCL INFO Could not get speed from /sys/class/net/ens5/speed. Defaulting to 10 Gbps.
ip-10-181-1-19:56:56 [0] NCCL INFO Assigned NET plugin Socket to comm
ip-10-181-1-19:56:56 [0] NCCL INFO Failed to initialize any GIN plugin
ip-10-181-1-19:56:56 [0] NCCL INFO Using network Socket
ip-10-181-1-19:56:56 [0] NCCL INFO [Rank 1] ncclCommInitRankConfig comm 0x602d419bf3c0 rank 1 nranks 2 cudaDev 0 nvmlDev 0 busId 1e0 commId 0x3a8be972a1deca3a - Init START
ip-10-181-1-19:56:56 [0] NCCL INFO Topology detection : could not read /sys/devices/pci0000:00/0000:00:1e.0/../max_link_speed, ignoring
ip-10-181-1-19:56:56 [0] NCCL INFO Topology detection : could not read /sys/devices/pci0000:00/0000:00:1e.0/../max_link_width, ignoring
ip-10-181-1-19:56:56 [0] NCCL INFO Topology detection : could not read /sys/devices/system/node/node-1/cpumap, ignoring
ip-10-181-1-19:56:56 [0] NCCL INFO TOPO/NET : Importing network plugins to topology
ip-10-181-1-19:56:56 [0] NCCL INFO Could not get speed from /sys/class/net/ens5/speed. Defaulting to 10 Gbps.
ip-10-181-1-19:56:56 [0] NCCL INFO Topology detection : could not read /sys/devices/pci0000:00/0000:00:05.0/../max_link_speed, ignoring
ip-10-181-1-19:56:56 [0] NCCL INFO Topology detection : could not read /sys/devices/pci0000:00/0000:00:05.0/../max_link_width, ignoring
ip-10-181-1-19:56:56 [0] NCCL INFO Topology detection : could not read /sys/devices/system/node/node-1/cpumap, ignoring
ip-10-181-1-19:56:56 [0] NCCL INFO NET/Socket : GPU Direct RDMA Disabled for HCA 0 'ens5'
ip-10-181-1-19:56:56 [0] NCCL INFO ncclTopoPopulateNics : Filled ens5 in topo with pciPath=/sys/devices/pci0000:00/0000:00:05.0 net=1 gin=(null) keep=1 coll=(null)
ip-10-181-1-19:56:56 [0] NCCL INFO KV Convert to int : could not find value of 'Unknown' in dictionary, falling back to 60
ip-10-181-1-19:56:56 [0] NCCL INFO === System : maxBw 1.2 totalBw 24.0 ===
ip-10-181-1-19:56:56 [0] NCCL INFO CPU/0-ffffffffffffff (1/2/-1)
ip-10-181-1-19:56:56 [0] NCCL INFO + PCI[24.0] - GPU/0-1e0 (1)
ip-10-181-1-19:56:56 [0] NCCL INFO + PCI[12.0] - NIC/0-50
ip-10-181-1-19:56:56 [0] NCCL INFO               + NET[1.2] - NET/0-0 (0/0/0/1.250000)
ip-10-181-1-19:56:56 [0] NCCL INFO ==========================================
ip-10-181-1-19:56:56 [0] NCCL INFO GPU/0-1e0 :GPU/0-1e0 (0/5000.0/LOC) CPU/0-ffffffffffffff (1/24.0/PHB) NET/0-0 (3/1.2/PHB) 
ip-10-181-1-19:56:56 [0] NCCL INFO NET/0-0 :GPU/0-1e0 (3/1.2/PHB) CPU/0-ffffffffffffff (2/1.2/PHB) NET/0-0 (0/5000.0/LOC) 
ip-10-181-1-19:56:56 [0] NCCL INFO ncclTopoGetCpuAffinity: Affinity for GPU 0 is empty, ignoring. (GPU affinity =  ; CPU affinity = 0-3).
ip-10-181-1-19:56:56 [0] NCCL INFO Pattern 4, crossNic 0, nChannels 1, bw 1.200000/1.200000, type LOC/PHB, sameChannels 1
ip-10-181-1-19:56:56 [0] NCCL INFO  0 : NET/0-0 GPU/0-1e0 NET/0-0
ip-10-181-1-19:56:56 [0] NCCL INFO Pattern 3, crossNic 0, nChannels 1, bw 2.400000/1.200000, type LOC/PHB, sameChannels 1
ip-10-181-1-19:56:56 [0] NCCL INFO  0 : NET/0-0 GPU/0-1e0 NET/0-0
ip-10-181-1-19:56:56 [0] NCCL INFO Could not get speed from /sys/class/net/ens5/speed. Defaulting to 10 Gbps.
ip-10-181-1-19:56:56 [0] NCCL INFO comm 0x602d419bf3c0 rank 1 nRanks 2 nNodes 2 localRanks 1 localRank 0 MNNVL 0
ip-10-181-1-19:56:56 [0] NCCL INFO Tree 0 : 0 -> 1 -> -1/-1/-1
ip-10-181-1-19:56:56 [0] NCCL INFO Tree 1 : -1 -> 1 -> 0/-1/-1
ip-10-181-1-19:56:56 [0] NCCL INFO Ring 00 : 0 -> 1 -> 0
ip-10-181-1-19:56:56 [0] NCCL INFO Ring 01 : 0 -> 1 -> 0
ip-10-181-1-19:56:56 [0] NCCL INFO Trees [0] -1/-1/-1->1->0 [1] 0/-1/-1->1->-1
ip-10-181-1-19:56:56 [0] NCCL INFO P2P Chunksize set to 131072
ip-10-181-1-19:56:56 [0] NCCL INFO Check P2P Type isAllDirectP2p 1 directMode 0 isAllCudaP2p 1
ip-10-181-1-19:56:56 [0] NCCL INFO ncclP2pSchedule: group size used is 1
ip-10-181-1-19:56:106 [0] NCCL INFO [Proxy Service] Device 0 CPU core 3
ip-10-181-1-19:56:107 [0] NCCL INFO [Proxy Service UDS] Device 0 CPU core 2
ip-10-181-1-19:56:56 [0] NCCL INFO threadThresholds 8/8/64 | 16/8/64 | 512 | 512
ip-10-181-1-19:56:56 [0] NCCL INFO 2 coll channels, 2 collnet channels, 0 nvls channels, 2 p2p channels, 1 p2p channels per peer
ip-10-181-1-19:56:56 [0] NCCL INFO Symmetric VA size=24GB
ip-10-181-1-19:56:56 [0] NCCL INFO Symmetric memory is not supported. cuMemEnable 1, globalGinSupport 0, globalNicFused 0 cuMemGdrSupport 1
ip-10-181-1-19:56:56 [0] NCCL INFO ncclCommInitRankConfig comm 0x602d419bf3c0 rank 1 nranks 2 cudaDev 0 nvmlDev 0 busId 1e0 commId 0x3a8be972a1deca3a - Init COMPLETE
ip-10-181-1-19:56:56 [0] NCCL INFO Init timings - ncclCommInitRankConfig: rank 1 nranks 2 total 0.40 (kernels 0.00, alloc 0.00, bootstrap 0.28, allgathers 0.11, topo 0.00, graphs 0.00, connections 0.00, rest 0.00)
ip-10-181-1-19:56:106 [0] NCCL INFO New proxy recv connection 0 from local rank 0, transport 2
ip-10-181-1-19:56:108 [0] NCCL INFO [Proxy Progress] Device 0 CPU core 1
ip-10-181-1-19:56:56 [0] NCCL INFO Connected to proxy localRank 0 -> connection 0x7ce7e4004f70
ip-10-181-1-19:56:106 [0] NCCL INFO Could not get speed from /sys/class/net/ens5/speed. Defaulting to 10 Gbps.
ip-10-181-1-19:56:106 [0] NCCL INFO NET/Socket: Using 2 threads and 8 sockets per thread
ip-10-181-1-19:56:56 [0] NCCL INFO Channel 01/1 : 0[0] -> 1[0] [receive] via NET/Socket/0/Shared
ip-10-181-1-19:56:106 [0] NCCL INFO New proxy send connection 1 from local rank 0, transport 2
ip-10-181-1-19:56:56 [0] NCCL INFO Connected to proxy localRank 0 -> connection 0x7ce7e4004ff8
ip-10-181-1-19:56:106 [0] NCCL INFO Could not get speed from /sys/class/net/ens5/speed. Defaulting to 10 Gbps.
ip-10-181-1-19:56:56 [0] NCCL INFO Channel 01/1 : 1[0] -> 0[0] [send] via NET/Socket/0/Shared
ip-10-181-1-19:56:56 [0] NCCL INFO Initialized NET plugin Socket
ip-10-181-1-19:56:56 [0] NCCL INFO Could not get speed from /sys/class/net/ens5/speed. Defaulting to 10 Gbps.
ip-10-181-1-19:56:56 [0] NCCL INFO Assigned NET plugin Socket to comm
ip-10-181-1-19:56:56 [0] NCCL INFO Failed to initialize any GIN plugin
ip-10-181-1-19:56:56 [0] NCCL INFO Using network Socket
ip-10-181-1-19:56:56 [0] NCCL INFO [Rank 0] ncclCommInitRankConfig comm 0x602d41ae41b0 rank 0 nranks 2 cudaDev 0 nvmlDev 0 busId 1e0 commId 0xcbb9623d2bbe6285 - Init START
ip-10-181-1-19:56:56 [0] NCCL INFO Topology detection : could not read /sys/devices/pci0000:00/0000:00:1e.0/../max_link_speed, ignoring
ip-10-181-1-19:56:56 [0] NCCL INFO Topology detection : could not read /sys/devices/pci0000:00/0000:00:1e.0/../max_link_width, ignoring
ip-10-181-1-19:56:56 [0] NCCL INFO Topology detection : could not read /sys/devices/system/node/node-1/cpumap, ignoring
ip-10-181-1-19:56:56 [0] NCCL INFO TOPO/NET : Importing network plugins to topology
ip-10-181-1-19:56:56 [0] NCCL INFO Could not get speed from /sys/class/net/ens5/speed. Defaulting to 10 Gbps.
ip-10-181-1-19:56:56 [0] NCCL INFO Topology detection : could not read /sys/devices/pci0000:00/0000:00:05.0/../max_link_speed, ignoring
ip-10-181-1-19:56:56 [0] NCCL INFO Topology detection : could not read /sys/devices/pci0000:00/0000:00:05.0/../max_link_width, ignoring
ip-10-181-1-19:56:56 [0] NCCL INFO Topology detection : could not read /sys/devices/system/node/node-1/cpumap, ignoring
ip-10-181-1-19:56:56 [0] NCCL INFO NET/Socket : GPU Direct RDMA Disabled for HCA 0 'ens5'
ip-10-181-1-19:56:56 [0] NCCL INFO ncclTopoPopulateNics : Filled ens5 in topo with pciPath=/sys/devices/pci0000:00/0000:00:05.0 net=1 gin=(null) keep=1 coll=(null)
ip-10-181-1-19:56:56 [0] NCCL INFO KV Convert to int : could not find value of 'Unknown' in dictionary, falling back to 60
ip-10-181-1-19:56:56 [0] NCCL INFO === System : maxBw 1.2 totalBw 24.0 ===
ip-10-181-1-19:56:56 [0] NCCL INFO CPU/0-ffffffffffffff (1/2/-1)
ip-10-181-1-19:56:56 [0] NCCL INFO + PCI[24.0] - GPU/0-1e0 (0)
ip-10-181-1-19:56:56 [0] NCCL INFO + PCI[12.0] - NIC/0-50
ip-10-181-1-19:56:56 [0] NCCL INFO               + NET[1.2] - NET/0-0 (0/0/0/1.250000)
ip-10-181-1-19:56:56 [0] NCCL INFO ==========================================
ip-10-181-1-19:56:56 [0] NCCL INFO GPU/0-1e0 :GPU/0-1e0 (0/5000.0/LOC) CPU/0-ffffffffffffff (1/24.0/PHB) NET/0-0 (3/1.2/PHB) 
ip-10-181-1-19:56:56 [0] NCCL INFO NET/0-0 :GPU/0-1e0 (3/1.2/PHB) CPU/0-ffffffffffffff (2/1.2/PHB) NET/0-0 (0/5000.0/LOC) 
ip-10-181-1-19:56:56 [0] NCCL INFO ncclTopoGetCpuAffinity: Affinity for GPU 0 is empty, ignoring. (GPU affinity =  ; CPU affinity = 0-3).
ip-10-181-1-19:56:56 [0] NCCL INFO Pattern 4, crossNic 0, nChannels 1, bw 1.200000/1.200000, type LOC/PHB, sameChannels 1
ip-10-181-1-19:56:56 [0] NCCL INFO  0 : NET/0-0 GPU/0-1e0 NET/0-0
ip-10-181-1-19:56:56 [0] NCCL INFO Pattern 3, crossNic 0, nChannels 1, bw 2.400000/1.200000, type LOC/PHB, sameChannels 1
ip-10-181-1-19:56:56 [0] NCCL INFO  0 : NET/0-0 GPU/0-1e0 NET/0-0
ip-10-181-1-19:56:56 [0] NCCL INFO Could not get speed from /sys/class/net/ens5/speed. Defaulting to 10 Gbps.
ip-10-181-1-19:56:56 [0] NCCL INFO comm 0x602d41ae41b0 rank 0 nRanks 2 nNodes 2 localRanks 1 localRank 0 MNNVL 0
ip-10-181-1-19:56:56 [0] NCCL INFO Tree 0 : -1 -> 0 -> 1/-1/-1
ip-10-181-1-19:56:56 [0] NCCL INFO Tree 1 : 1 -> 0 -> -1/-1/-1
ip-10-181-1-19:56:56 [0] NCCL INFO Channel 00/02 : 0 1
ip-10-181-1-19:56:56 [0] NCCL INFO Channel 01/02 : 0 1
ip-10-181-1-19:56:56 [0] NCCL INFO Ring 00 : 1 -> 0 -> 1
ip-10-181-1-19:56:56 [0] NCCL INFO Ring 01 : 1 -> 0 -> 1
ip-10-181-1-19:56:56 [0] NCCL INFO Trees [0] 1/-1/-1->0->-1 [1] -1/-1/-1->0->1
ip-10-181-1-19:56:56 [0] NCCL INFO P2P Chunksize set to 131072
ip-10-181-1-19:56:56 [0] NCCL INFO Check P2P Type isAllDirectP2p 1 directMode 0 isAllCudaP2p 1
ip-10-181-1-19:56:56 [0] NCCL INFO ncclP2pSchedule: group size used is 1
ip-10-181-1-19:56:115 [0] NCCL INFO [Proxy Service UDS] Device 0 CPU core 0
ip-10-181-1-19:56:114 [0] NCCL INFO [Proxy Service] Device 0 CPU core 0
ip-10-181-1-19:56:56 [0] NCCL INFO threadThresholds 8/8/64 | 16/8/64 | 512 | 512
ip-10-181-1-19:56:56 [0] NCCL INFO 2 coll channels, 2 collnet channels, 0 nvls channels, 2 p2p channels, 1 p2p channels per peer
ip-10-181-1-19:56:56 [0] NCCL INFO Symmetric VA size=24GB
ip-10-181-1-19:56:56 [0] NCCL INFO Symmetric memory is not supported. cuMemEnable 1, globalGinSupport 0, globalNicFused 0 cuMemGdrSupport 1
ip-10-181-1-19:56:56 [0] NCCL INFO CC Off, workFifoBytes 1048576
ip-10-181-1-19:56:56 [0] NCCL INFO ncclCommInitRankConfig comm 0x602d41ae41b0 rank 0 nranks 2 cudaDev 0 nvmlDev 0 busId 1e0 commId 0xcbb9623d2bbe6285 - Init COMPLETE
ip-10-181-1-19:56:56 [0] NCCL INFO Init timings - ncclCommInitRankConfig: rank 0 nranks 2 total 2.07 (kernels 0.00, alloc 0.00, bootstrap 1.60, allgathers 0.46, topo 0.00, graphs 0.00, connections 0.00, rest 0.00)
ip-10-181-1-19:56:114 [0] NCCL INFO New proxy send connection 0 from local rank 0, transport 2
ip-10-181-1-19:56:116 [0] NCCL INFO [Proxy Progress] Device 0 CPU core 3
ip-10-181-1-19:56:56 [0] NCCL INFO Connected to proxy localRank 0 -> connection 0x7ce7cc004f70
ip-10-181-1-19:56:114 [0] NCCL INFO Could not get speed from /sys/class/net/ens5/speed. Defaulting to 10 Gbps.
ip-10-181-1-19:56:56 [0] NCCL INFO Channel 01/1 : 0[0] -> 1[0] [send] via NET/Socket/0/Shared
ip-10-181-1-19:56:114 [0] NCCL INFO New proxy recv connection 1 from local rank 0, transport 2
ip-10-181-1-19:56:56 [0] NCCL INFO Connected to proxy localRank 0 -> connection 0x7ce7cc004ff8
ip-10-181-1-19:56:114 [0] NCCL INFO Could not get speed from /sys/class/net/ens5/speed. Defaulting to 10 Gbps.
ip-10-181-1-19:56:114 [0] NCCL INFO NET/Socket: Using 2 threads and 8 sockets per thread
ip-10-181-1-19:56:56 [0] NCCL INFO Channel 01/1 : 1[0] -> 0[0] [receive] via NET/Socket/0/Shared
ip-10-181-1-19:56:56 [0] NCCL INFO Initialized NET plugin Socket
ip-10-181-1-19:56:56 [0] NCCL INFO Could not get speed from /sys/class/net/ens5/speed. Defaulting to 10 Gbps.
ip-10-181-1-19:56:56 [0] NCCL INFO Assigned NET plugin Socket to comm
ip-10-181-1-19:56:56 [0] NCCL INFO Failed to initialize any GIN plugin
ip-10-181-1-19:56:56 [0] NCCL INFO Using network Socket
ip-10-181-1-19:56:56 [0] NCCL INFO [Rank 0] ncclCommInitRankConfig comm 0x602d41c76320 rank 0 nranks 2 cudaDev 0 nvmlDev 0 busId 1e0 commId 0x1d10379ddd2604bd - Init START
ip-10-181-1-19:56:56 [0] NCCL INFO Topology detection : could not read /sys/devices/pci0000:00/0000:00:1e.0/../max_link_speed, ignoring
ip-10-181-1-19:56:56 [0] NCCL INFO Topology detection : could not read /sys/devices/pci0000:00/0000:00:1e.0/../max_link_width, ignoring
ip-10-181-1-19:56:56 [0] NCCL INFO Topology detection : could not read /sys/devices/system/node/node-1/cpumap, ignoring
ip-10-181-1-19:56:56 [0] NCCL INFO TOPO/NET : Importing network plugins to topology
ip-10-181-1-19:56:56 [0] NCCL INFO Could not get speed from /sys/class/net/ens5/speed. Defaulting to 10 Gbps.
ip-10-181-1-19:56:56 [0] NCCL INFO Topology detection : could not read /sys/devices/pci0000:00/0000:00:05.0/../max_link_speed, ignoring
ip-10-181-1-19:56:56 [0] NCCL INFO Topology detection : could not read /sys/devices/pci0000:00/0000:00:05.0/../max_link_width, ignoring
ip-10-181-1-19:56:56 [0] NCCL INFO Topology detection : could not read /sys/devices/system/node/node-1/cpumap, ignoring
ip-10-181-1-19:56:56 [0] NCCL INFO NET/Socket : GPU Direct RDMA Disabled for HCA 0 'ens5'
ip-10-181-1-19:56:56 [0] NCCL INFO ncclTopoPopulateNics : Filled ens5 in topo with pciPath=/sys/devices/pci0000:00/0000:00:05.0 net=1 gin=(null) keep=1 coll=(null)
ip-10-181-1-19:56:56 [0] NCCL INFO KV Convert to int : could not find value of 'Unknown' in dictionary, falling back to 60
ip-10-181-1-19:56:56 [0] NCCL INFO === System : maxBw 1.2 totalBw 24.0 ===
ip-10-181-1-19:56:56 [0] NCCL INFO CPU/0-ffffffffffffff (1/2/-1)
ip-10-181-1-19:56:56 [0] NCCL INFO + PCI[24.0] - GPU/0-1e0 (0)
ip-10-181-1-19:56:56 [0] NCCL INFO + PCI[12.0] - NIC/0-50
ip-10-181-1-19:56:56 [0] NCCL INFO               + NET[1.2] - NET/0-0 (0/0/0/1.250000)
ip-10-181-1-19:56:56 [0] NCCL INFO ==========================================
ip-10-181-1-19:56:56 [0] NCCL INFO GPU/0-1e0 :GPU/0-1e0 (0/5000.0/LOC) CPU/0-ffffffffffffff (1/24.0/PHB) NET/0-0 (3/1.2/PHB) 
ip-10-181-1-19:56:56 [0] NCCL INFO NET/0-0 :GPU/0-1e0 (3/1.2/PHB) CPU/0-ffffffffffffff (2/1.2/PHB) NET/0-0 (0/5000.0/LOC) 
ip-10-181-1-19:56:56 [0] NCCL INFO ncclTopoGetCpuAffinity: Affinity for GPU 0 is empty, ignoring. (GPU affinity =  ; CPU affinity = 0-3).
ip-10-181-1-19:56:56 [0] NCCL INFO Pattern 4, crossNic 0, nChannels 1, bw 1.200000/1.200000, type LOC/PHB, sameChannels 1
ip-10-181-1-19:56:56 [0] NCCL INFO  0 : NET/0-0 GPU/0-1e0 NET/0-0
ip-10-181-1-19:56:56 [0] NCCL INFO Pattern 3, crossNic 0, nChannels 1, bw 2.400000/1.200000, type LOC/PHB, sameChannels 1
ip-10-181-1-19:56:56 [0] NCCL INFO  0 : NET/0-0 GPU/0-1e0 NET/0-0
ip-10-181-1-19:56:56 [0] NCCL INFO Could not get speed from /sys/class/net/ens5/speed. Defaulting to 10 Gbps.
ip-10-181-1-19:56:56 [0] NCCL INFO comm 0x602d41c76320 rank 0 nRanks 2 nNodes 2 localRanks 1 localRank 0 MNNVL 0
ip-10-181-1-19:56:56 [0] NCCL INFO Tree 0 : -1 -> 0 -> 1/-1/-1
ip-10-181-1-19:56:56 [0] NCCL INFO Tree 1 : 1 -> 0 -> -1/-1/-1
ip-10-181-1-19:56:56 [0] NCCL INFO Channel 00/02 : 0 1
ip-10-181-1-19:56:56 [0] NCCL INFO Channel 01/02 : 0 1
ip-10-181-1-19:56:56 [0] NCCL INFO Ring 00 : 1 -> 0 -> 1
ip-10-181-1-19:56:56 [0] NCCL INFO Ring 01 : 1 -> 0 -> 1
ip-10-181-1-19:56:56 [0] NCCL INFO Trees [0] 1/-1/-1->0->-1 [1] -1/-1/-1->0->1
ip-10-181-1-19:56:56 [0] NCCL INFO P2P Chunksize set to 131072
ip-10-181-1-19:56:56 [0] NCCL INFO Check P2P Type isAllDirectP2p 1 directMode 0 isAllCudaP2p 1
ip-10-181-1-19:56:122 [0] NCCL INFO [Proxy Service] Device 0 CPU core 3
ip-10-181-1-19:56:123 [0] NCCL INFO [Proxy Service UDS] Device 0 CPU core 0
ip-10-181-1-19:56:56 [0] NCCL INFO ncclP2pSchedule: group size used is 1
ip-10-181-1-19:56:56 [0] NCCL INFO threadThresholds 8/8/64 | 16/8/64 | 512 | 512
ip-10-181-1-19:56:56 [0] NCCL INFO 2 coll channels, 2 collnet channels, 0 nvls channels, 2 p2p channels, 1 p2p channels per peer
ip-10-181-1-19:56:56 [0] NCCL INFO Symmetric VA size=24GB
ip-10-181-1-19:56:56 [0] NCCL INFO Symmetric memory is not supported. cuMemEnable 1, globalGinSupport 0, globalNicFused 0 cuMemGdrSupport 1
ip-10-181-1-19:56:56 [0] NCCL INFO CC Off, workFifoBytes 1048576
ip-10-181-1-19:56:56 [0] NCCL INFO ncclCommInitRankConfig comm 0x602d41c76320 rank 0 nranks 2 cudaDev 0 nvmlDev 0 busId 1e0 commId 0x1d10379ddd2604bd - Init COMPLETE
ip-10-181-1-19:56:56 [0] NCCL INFO Init timings - ncclCommInitRankConfig: rank 0 nranks 2 total 1.40 (kernels 0.00, alloc 0.00, bootstrap 1.08, allgathers 0.32, topo 0.00, graphs 0.00, connections 0.00, rest 0.00)
ip-10-181-1-19:56:122 [0] NCCL INFO New proxy send connection 0 from local rank 0, transport 2
ip-10-181-1-19:56:124 [0] NCCL INFO [Proxy Progress] Device 0 CPU core 1
ip-10-181-1-19:56:56 [0] NCCL INFO Connected to proxy localRank 0 -> connection 0x7ce7b4004f70
ip-10-181-1-19:56:122 [0] NCCL INFO Could not get speed from /sys/class/net/ens5/speed. Defaulting to 10 Gbps.
ip-10-181-1-19:56:56 [0] NCCL INFO Channel 01/1 : 0[0] -> 1[0] [send] via NET/Socket/0/Shared
ip-10-181-1-19:56:122 [0] NCCL INFO New proxy recv connection 1 from local rank 0, transport 2
ip-10-181-1-19:56:56 [0] NCCL INFO Connected to proxy localRank 0 -> connection 0x7ce7b4004ff8
ip-10-181-1-19:56:122 [0] NCCL INFO Could not get speed from /sys/class/net/ens5/speed. Defaulting to 10 Gbps.
ip-10-181-1-19:56:122 [0] NCCL INFO NET/Socket: Using 2 threads and 8 sockets per thread
ip-10-181-1-19:56:56 [0] NCCL INFO Channel 01/1 : 1[0] -> 0[0] [receive] via NET/Socket/0/Shared
ip-10-181-1-19:56:56 [0] NCCL INFO Initialized NET plugin Socket
ip-10-181-1-19:56:56 [0] NCCL INFO Could not get speed from /sys/class/net/ens5/speed. Defaulting to 10 Gbps.
ip-10-181-1-19:56:56 [0] NCCL INFO Assigned NET plugin Socket to comm
ip-10-181-1-19:56:56 [0] NCCL INFO Failed to initialize any GIN plugin
ip-10-181-1-19:56:56 [0] NCCL INFO Using network Socket
ip-10-181-1-19:56:56 [0] NCCL INFO [Rank 0] ncclCommInitRankConfig comm 0x602d41f9b170 rank 0 nranks 2 cudaDev 0 nvmlDev 0 busId 1e0 commId 0x1129f21447c1460e - Init START
ip-10-181-1-19:56:56 [0] NCCL INFO Topology detection : could not read /sys/devices/pci0000:00/0000:00:1e.0/../max_link_speed, ignoring
ip-10-181-1-19:56:56 [0] NCCL INFO Topology detection : could not read /sys/devices/pci0000:00/0000:00:1e.0/../max_link_width, ignoring
ip-10-181-1-19:56:56 [0] NCCL INFO Topology detection : could not read /sys/devices/system/node/node-1/cpumap, ignoring
ip-10-181-1-19:56:56 [0] NCCL INFO TOPO/NET : Importing network plugins to topology
ip-10-181-1-19:56:56 [0] NCCL INFO Could not get speed from /sys/class/net/ens5/speed. Defaulting to 10 Gbps.
ip-10-181-1-19:56:56 [0] NCCL INFO Topology detection : could not read /sys/devices/pci0000:00/0000:00:05.0/../max_link_speed, ignoring
ip-10-181-1-19:56:56 [0] NCCL INFO Topology detection : could not read /sys/devices/pci0000:00/0000:00:05.0/../max_link_width, ignoring
ip-10-181-1-19:56:56 [0] NCCL INFO Topology detection : could not read /sys/devices/system/node/node-1/cpumap, ignoring
ip-10-181-1-19:56:56 [0] NCCL INFO NET/Socket : GPU Direct RDMA Disabled for HCA 0 'ens5'
ip-10-181-1-19:56:56 [0] NCCL INFO ncclTopoPopulateNics : Filled ens5 in topo with pciPath=/sys/devices/pci0000:00/0000:00:05.0 net=1 gin=(null) keep=1 coll=(null)
ip-10-181-1-19:56:56 [0] NCCL INFO KV Convert to int : could not find value of 'Unknown' in dictionary, falling back to 60
ip-10-181-1-19:56:56 [0] NCCL INFO === System : maxBw 1.2 totalBw 24.0 ===
ip-10-181-1-19:56:56 [0] NCCL INFO CPU/0-ffffffffffffff (1/2/-1)
ip-10-181-1-19:56:56 [0] NCCL INFO + PCI[24.0] - GPU/0-1e0 (0)
ip-10-181-1-19:56:56 [0] NCCL INFO + PCI[12.0] - NIC/0-50
ip-10-181-1-19:56:56 [0] NCCL INFO               + NET[1.2] - NET/0-0 (0/0/0/1.250000)
ip-10-181-1-19:56:56 [0] NCCL INFO ==========================================
ip-10-181-1-19:56:56 [0] NCCL INFO GPU/0-1e0 :GPU/0-1e0 (0/5000.0/LOC) CPU/0-ffffffffffffff (1/24.0/PHB) NET/0-0 (3/1.2/PHB) 
ip-10-181-1-19:56:56 [0] NCCL INFO NET/0-0 :GPU/0-1e0 (3/1.2/PHB) CPU/0-ffffffffffffff (2/1.2/PHB) NET/0-0 (0/5000.0/LOC) 
ip-10-181-1-19:56:56 [0] NCCL INFO ncclTopoGetCpuAffinity: Affinity for GPU 0 is empty, ignoring. (GPU affinity =  ; CPU affinity = 0-3).
ip-10-181-1-19:56:56 [0] NCCL INFO Pattern 4, crossNic 0, nChannels 1, bw 1.200000/1.200000, type LOC/PHB, sameChannels 1
ip-10-181-1-19:56:56 [0] NCCL INFO  0 : NET/0-0 GPU/0-1e0 NET/0-0
ip-10-181-1-19:56:56 [0] NCCL INFO Pattern 3, crossNic 0, nChannels 1, bw 2.400000/1.200000, type LOC/PHB, sameChannels 1
ip-10-181-1-19:56:56 [0] NCCL INFO  0 : NET/0-0 GPU/0-1e0 NET/0-0
ip-10-181-1-19:56:56 [0] NCCL INFO Could not get speed from /sys/class/net/ens5/speed. Defaulting to 10 Gbps.
ip-10-181-1-19:56:56 [0] NCCL INFO comm 0x602d41f9b170 rank 0 nRanks 2 nNodes 2 localRanks 1 localRank 0 MNNVL 0
ip-10-181-1-19:56:56 [0] NCCL INFO Tree 0 : -1 -> 0 -> 1/-1/-1
ip-10-181-1-19:56:56 [0] NCCL INFO Tree 1 : 1 -> 0 -> -1/-1/-1
ip-10-181-1-19:56:56 [0] NCCL INFO Channel 00/02 : 0 1
ip-10-181-1-19:56:56 [0] NCCL INFO Channel 01/02 : 0 1
ip-10-181-1-19:56:56 [0] NCCL INFO Ring 00 : 1 -> 0 -> 1
ip-10-181-1-19:56:56 [0] NCCL INFO Ring 01 : 1 -> 0 -> 1
ip-10-181-1-19:56:56 [0] NCCL INFO Trees [0] 1/-1/-1->0->-1 [1] -1/-1/-1->0->1
ip-10-181-1-19:56:56 [0] NCCL INFO P2P Chunksize set to 131072
ip-10-181-1-19:56:56 [0] NCCL INFO Check P2P Type isAllDirectP2p 1 directMode 0 isAllCudaP2p 1
ip-10-181-1-19:56:56 [0] NCCL INFO ncclP2pSchedule: group size used is 1
ip-10-181-1-19:56:131 [0] NCCL INFO [Proxy Service UDS] Device 0 CPU core 3
ip-10-181-1-19:56:130 [0] NCCL INFO [Proxy Service] Device 0 CPU core 3
ip-10-181-1-19:56:56 [0] NCCL INFO threadThresholds 8/8/64 | 16/8/64 | 512 | 512
ip-10-181-1-19:56:56 [0] NCCL INFO 2 coll channels, 2 collnet channels, 0 nvls channels, 2 p2p channels, 1 p2p channels per peer
ip-10-181-1-19:56:56 [0] NCCL INFO Symmetric VA size=24GB
ip-10-181-1-19:56:56 [0] NCCL INFO Symmetric memory is not supported. cuMemEnable 1, globalGinSupport 0, globalNicFused 0 cuMemGdrSupport 1
ip-10-181-1-19:56:56 [0] NCCL INFO CC Off, workFifoBytes 1048576
ip-10-181-1-19:56:56 [0] NCCL INFO ncclCommInitRankConfig comm 0x602d41f9b170 rank 0 nranks 2 cudaDev 0 nvmlDev 0 busId 1e0 commId 0x1129f21447c1460e - Init COMPLETE
ip-10-181-1-19:56:56 [0] NCCL INFO Init timings - ncclCommInitRankConfig: rank 0 nranks 2 total 1.62 (kernels 0.00, alloc 0.00, bootstrap 1.26, allgathers 0.35, topo 0.00, graphs 0.00, connections 0.00, rest 0.00)
ip-10-181-1-19:56:130 [0] NCCL INFO New proxy send connection 0 from local rank 0, transport 2
ip-10-181-1-19:56:132 [0] NCCL INFO [Proxy Progress] Device 0 CPU core 1
ip-10-181-1-19:56:56 [0] NCCL INFO Connected to proxy localRank 0 -> connection 0x7ce7c4009560
ip-10-181-1-19:56:130 [0] NCCL INFO Could not get speed from /sys/class/net/ens5/speed. Defaulting to 10 Gbps.
ip-10-181-1-19:56:56 [0] NCCL INFO Channel 01/1 : 0[0] -> 1[0] [send] via NET/Socket/0/Shared
ip-10-181-1-19:56:130 [0] NCCL INFO New proxy recv connection 1 from local rank 0, transport 2
ip-10-181-1-19:56:56 [0] NCCL INFO Connected to proxy localRank 0 -> connection 0x7ce7c40095e8
ip-10-181-1-19:56:130 [0] NCCL INFO Could not get speed from /sys/class/net/ens5/speed. Defaulting to 10 Gbps.
ip-10-181-1-19:56:130 [0] NCCL INFO NET/Socket: Using 2 threads and 8 sockets per thread
ip-10-181-1-19:56:56 [0] NCCL INFO Channel 01/1 : 1[0] -> 0[0] [receive] via NET/Socket/0/Shared
ip-10-181-1-19:56:56 [0] NCCL INFO Initialized NET plugin Socket
ip-10-181-1-19:56:56 [0] NCCL INFO Could not get speed from /sys/class/net/ens5/speed. Defaulting to 10 Gbps.
ip-10-181-1-19:56:56 [0] NCCL INFO Assigned NET plugin Socket to comm
ip-10-181-1-19:56:56 [0] NCCL INFO Failed to initialize any GIN plugin
ip-10-181-1-19:56:56 [0] NCCL INFO Using network Socket
ip-10-181-1-19:56:56 [0] NCCL INFO [Rank 0] ncclCommInitRankConfig comm 0x602d421f7600 rank 0 nranks 2 cudaDev 0 nvmlDev 0 busId 1e0 commId 0x949918bfcd1b6846 - Init START
ip-10-181-1-19:56:56 [0] NCCL INFO Topology detection : could not read /sys/devices/pci0000:00/0000:00:1e.0/../max_link_speed, ignoring
ip-10-181-1-19:56:56 [0] NCCL INFO Topology detection : could not read /sys/devices/pci0000:00/0000:00:1e.0/../max_link_width, ignoring
ip-10-181-1-19:56:56 [0] NCCL INFO Topology detection : could not read /sys/devices/system/node/node-1/cpumap, ignoring
ip-10-181-1-19:56:56 [0] NCCL INFO TOPO/NET : Importing network plugins to topology
ip-10-181-1-19:56:56 [0] NCCL INFO Could not get speed from /sys/class/net/ens5/speed. Defaulting to 10 Gbps.
ip-10-181-1-19:56:56 [0] NCCL INFO Topology detection : could not read /sys/devices/pci0000:00/0000:00:05.0/../max_link_speed, ignoring
ip-10-181-1-19:56:56 [0] NCCL INFO Topology detection : could not read /sys/devices/pci0000:00/0000:00:05.0/../max_link_width, ignoring
ip-10-181-1-19:56:56 [0] NCCL INFO Topology detection : could not read /sys/devices/system/node/node-1/cpumap, ignoring
ip-10-181-1-19:56:56 [0] NCCL INFO NET/Socket : GPU Direct RDMA Disabled for HCA 0 'ens5'
ip-10-181-1-19:56:56 [0] NCCL INFO ncclTopoPopulateNics : Filled ens5 in topo with pciPath=/sys/devices/pci0000:00/0000:00:05.0 net=1 gin=(null) keep=1 coll=(null)
ip-10-181-1-19:56:56 [0] NCCL INFO KV Convert to int : could not find value of 'Unknown' in dictionary, falling back to 60
ip-10-181-1-19:56:56 [0] NCCL INFO === System : maxBw 1.2 totalBw 24.0 ===
ip-10-181-1-19:56:56 [0] NCCL INFO CPU/0-ffffffffffffff (1/2/-1)
ip-10-181-1-19:56:56 [0] NCCL INFO + PCI[24.0] - GPU/0-1e0 (0)
ip-10-181-1-19:56:56 [0] NCCL INFO + PCI[12.0] - NIC/0-50
ip-10-181-1-19:56:56 [0] NCCL INFO               + NET[1.2] - NET/0-0 (0/0/0/1.250000)
ip-10-181-1-19:56:56 [0] NCCL INFO ==========================================
ip-10-181-1-19:56:56 [0] NCCL INFO GPU/0-1e0 :GPU/0-1e0 (0/5000.0/LOC) CPU/0-ffffffffffffff (1/24.0/PHB) NET/0-0 (3/1.2/PHB) 
ip-10-181-1-19:56:56 [0] NCCL INFO NET/0-0 :GPU/0-1e0 (3/1.2/PHB) CPU/0-ffffffffffffff (2/1.2/PHB) NET/0-0 (0/5000.0/LOC) 
ip-10-181-1-19:56:56 [0] NCCL INFO ncclTopoGetCpuAffinity: Affinity for GPU 0 is empty, ignoring. (GPU affinity =  ; CPU affinity = 0-3).
ip-10-181-1-19:56:56 [0] NCCL INFO Pattern 4, crossNic 0, nChannels 1, bw 1.200000/1.200000, type LOC/PHB, sameChannels 1
ip-10-181-1-19:56:56 [0] NCCL INFO  0 : NET/0-0 GPU/0-1e0 NET/0-0
ip-10-181-1-19:56:56 [0] NCCL INFO Pattern 3, crossNic 0, nChannels 1, bw 2.400000/1.200000, type LOC/PHB, sameChannels 1
ip-10-181-1-19:56:56 [0] NCCL INFO  0 : NET/0-0 GPU/0-1e0 NET/0-0
ip-10-181-1-19:56:56 [0] NCCL INFO Could not get speed from /sys/class/net/ens5/speed. Defaulting to 10 Gbps.
ip-10-181-1-19:56:56 [0] NCCL INFO comm 0x602d421f7600 rank 0 nRanks 2 nNodes 2 localRanks 1 localRank 0 MNNVL 0
ip-10-181-1-19:56:56 [0] NCCL INFO Tree 0 : -1 -> 0 -> 1/-1/-1
ip-10-181-1-19:56:56 [0] NCCL INFO Tree 1 : 1 -> 0 -> -1/-1/-1
ip-10-181-1-19:56:56 [0] NCCL INFO Channel 00/02 : 0 1
ip-10-181-1-19:56:56 [0] NCCL INFO Channel 01/02 : 0 1
ip-10-181-1-19:56:56 [0] NCCL INFO Ring 00 : 1 -> 0 -> 1
ip-10-181-1-19:56:56 [0] NCCL INFO Ring 01 : 1 -> 0 -> 1
ip-10-181-1-19:56:56 [0] NCCL INFO Trees [0] 1/-1/-1->0->-1 [1] -1/-1/-1->0->1
ip-10-181-1-19:56:56 [0] NCCL INFO P2P Chunksize set to 131072
ip-10-181-1-19:56:56 [0] NCCL INFO Check P2P Type isAllDirectP2p 1 directMode 0 isAllCudaP2p 1
ip-10-181-1-19:56:138 [0] NCCL INFO [Proxy Service] Device 0 CPU core 1
ip-10-181-1-19:56:56 [0] NCCL INFO ncclP2pSchedule: group size used is 1
ip-10-181-1-19:56:139 [0] NCCL INFO [Proxy Service UDS] Device 0 CPU core 0
ip-10-181-1-19:56:56 [0] NCCL INFO threadThresholds 8/8/64 | 16/8/64 | 512 | 512
ip-10-181-1-19:56:56 [0] NCCL INFO 2 coll channels, 2 collnet channels, 0 nvls channels, 2 p2p channels, 1 p2p channels per peer
ip-10-181-1-19:56:56 [0] NCCL INFO Symmetric VA size=24GB
ip-10-181-1-19:56:56 [0] NCCL INFO Symmetric memory is not supported. cuMemEnable 1, globalGinSupport 0, globalNicFused 0 cuMemGdrSupport 1
ip-10-181-1-19:56:56 [0] NCCL INFO CC Off, workFifoBytes 1048576
ip-10-181-1-19:56:56 [0] NCCL INFO ncclCommInitRankConfig comm 0x602d421f7600 rank 0 nranks 2 cudaDev 0 nvmlDev 0 busId 1e0 commId 0x949918bfcd1b6846 - Init COMPLETE
ip-10-181-1-19:56:56 [0] NCCL INFO Init timings - ncclCommInitRankConfig: rank 0 nranks 2 total 2.11 (kernels 0.00, alloc 0.00, bootstrap 1.64, allgathers 0.46, topo 0.00, graphs 0.00, connections 0.00, rest 0.00)
ip-10-181-1-19:56:138 [0] NCCL INFO New proxy send connection 0 from local rank 0, transport 2
ip-10-181-1-19:56:140 [0] NCCL INFO [Proxy Progress] Device 0 CPU core 3
ip-10-181-1-19:56:56 [0] NCCL INFO Connected to proxy localRank 0 -> connection 0x7ce7e40210d0
ip-10-181-1-19:56:138 [0] NCCL INFO Could not get speed from /sys/class/net/ens5/speed. Defaulting to 10 Gbps.
ip-10-181-1-19:56:56 [0] NCCL INFO Channel 01/1 : 0[0] -> 1[0] [send] via NET/Socket/0/Shared
ip-10-181-1-19:56:138 [0] NCCL INFO New proxy recv connection 1 from local rank 0, transport 2
ip-10-181-1-19:56:56 [0] NCCL INFO Connected to proxy localRank 0 -> connection 0x7ce7e4021158
ip-10-181-1-19:56:138 [0] NCCL INFO Could not get speed from /sys/class/net/ens5/speed. Defaulting to 10 Gbps.
ip-10-181-1-19:56:138 [0] NCCL INFO NET/Socket: Using 2 threads and 8 sockets per thread
ip-10-181-1-19:56:56 [0] NCCL INFO Channel 01/1 : 1[0] -> 0[0] [receive] via NET/Socket/0/Shared
ip-10-181-1-19:56:56 [0] NCCL INFO Initialized NET plugin Socket
ip-10-181-1-19:56:56 [0] NCCL INFO Could not get speed from /sys/class/net/ens5/speed. Defaulting to 10 Gbps.
ip-10-181-1-19:56:56 [0] NCCL INFO Assigned NET plugin Socket to comm
ip-10-181-1-19:56:56 [0] NCCL INFO Failed to initialize any GIN plugin
ip-10-181-1-19:56:56 [0] NCCL INFO Using network Socket
ip-10-181-1-19:56:56 [0] NCCL INFO [Rank 1] ncclCommInitRankConfig comm 0x602d423f6b00 rank 1 nranks 2 cudaDev 0 nvmlDev 0 busId 1e0 commId 0x2619f898a90c064a - Init START
ip-10-181-1-19:56:56 [0] NCCL INFO Topology detection : could not read /sys/devices/pci0000:00/0000:00:1e.0/../max_link_speed, ignoring
ip-10-181-1-19:56:56 [0] NCCL INFO Topology detection : could not read /sys/devices/pci0000:00/0000:00:1e.0/../max_link_width, ignoring
ip-10-181-1-19:56:56 [0] NCCL INFO Topology detection : could not read /sys/devices/system/node/node-1/cpumap, ignoring
ip-10-181-1-19:56:56 [0] NCCL INFO TOPO/NET : Importing network plugins to topology
ip-10-181-1-19:56:56 [0] NCCL INFO Could not get speed from /sys/class/net/ens5/speed. Defaulting to 10 Gbps.
ip-10-181-1-19:56:56 [0] NCCL INFO Topology detection : could not read /sys/devices/pci0000:00/0000:00:05.0/../max_link_speed, ignoring
ip-10-181-1-19:56:56 [0] NCCL INFO Topology detection : could not read /sys/devices/pci0000:00/0000:00:05.0/../max_link_width, ignoring
ip-10-181-1-19:56:56 [0] NCCL INFO Topology detection : could not read /sys/devices/system/node/node-1/cpumap, ignoring
ip-10-181-1-19:56:56 [0] NCCL INFO NET/Socket : GPU Direct RDMA Disabled for HCA 0 'ens5'
ip-10-181-1-19:56:56 [0] NCCL INFO ncclTopoPopulateNics : Filled ens5 in topo with pciPath=/sys/devices/pci0000:00/0000:00:05.0 net=1 gin=(null) keep=1 coll=(null)
ip-10-181-1-19:56:56 [0] NCCL INFO KV Convert to int : could not find value of 'Unknown' in dictionary, falling back to 60
ip-10-181-1-19:56:56 [0] NCCL INFO === System : maxBw 1.2 totalBw 24.0 ===
ip-10-181-1-19:56:56 [0] NCCL INFO CPU/0-ffffffffffffff (1/2/-1)
ip-10-181-1-19:56:56 [0] NCCL INFO + PCI[24.0] - GPU/0-1e0 (1)
ip-10-181-1-19:56:56 [0] NCCL INFO + PCI[12.0] - NIC/0-50
ip-10-181-1-19:56:56 [0] NCCL INFO               + NET[1.2] - NET/0-0 (0/0/0/1.250000)
ip-10-181-1-19:56:56 [0] NCCL INFO ==========================================
ip-10-181-1-19:56:56 [0] NCCL INFO GPU/0-1e0 :GPU/0-1e0 (0/5000.0/LOC) CPU/0-ffffffffffffff (1/24.0/PHB) NET/0-0 (3/1.2/PHB) 
ip-10-181-1-19:56:56 [0] NCCL INFO NET/0-0 :GPU/0-1e0 (3/1.2/PHB) CPU/0-ffffffffffffff (2/1.2/PHB) NET/0-0 (0/5000.0/LOC) 
ip-10-181-1-19:56:56 [0] NCCL INFO ncclTopoGetCpuAffinity: Affinity for GPU 0 is empty, ignoring. (GPU affinity =  ; CPU affinity = 0-3).
ip-10-181-1-19:56:56 [0] NCCL INFO Pattern 4, crossNic 0, nChannels 1, bw 1.200000/1.200000, type LOC/PHB, sameChannels 1
ip-10-181-1-19:56:56 [0] NCCL INFO  0 : NET/0-0 GPU/0-1e0 NET/0-0
ip-10-181-1-19:56:56 [0] NCCL INFO Pattern 3, crossNic 0, nChannels 1, bw 2.400000/1.200000, type LOC/PHB, sameChannels 1
ip-10-181-1-19:56:56 [0] NCCL INFO  0 : NET/0-0 GPU/0-1e0 NET/0-0
ip-10-181-1-19:56:56 [0] NCCL INFO Could not get speed from /sys/class/net/ens5/speed. Defaulting to 10 Gbps.
ip-10-181-1-19:56:56 [0] NCCL INFO comm 0x602d423f6b00 rank 1 nRanks 2 nNodes 2 localRanks 1 localRank 0 MNNVL 0
ip-10-181-1-19:56:56 [0] NCCL INFO Tree 0 : 0 -> 1 -> -1/-1/-1
ip-10-181-1-19:56:56 [0] NCCL INFO Tree 1 : -1 -> 1 -> 0/-1/-1
ip-10-181-1-19:56:56 [0] NCCL INFO Ring 00 : 0 -> 1 -> 0
ip-10-181-1-19:56:56 [0] NCCL INFO Ring 01 : 0 -> 1 -> 0
ip-10-181-1-19:56:56 [0] NCCL INFO Trees [0] -1/-1/-1->1->0 [1] 0/-1/-1->1->-1
ip-10-181-1-19:56:56 [0] NCCL INFO P2P Chunksize set to 131072
ip-10-181-1-19:56:56 [0] NCCL INFO Check P2P Type isAllDirectP2p 1 directMode 0 isAllCudaP2p 1
ip-10-181-1-19:56:145 [0] NCCL INFO [Proxy Service] Device 0 CPU core 2
ip-10-181-1-19:56:146 [0] NCCL INFO [Proxy Service UDS] Device 0 CPU core 3
ip-10-181-1-19:56:56 [0] NCCL INFO ncclP2pSchedule: group size used is 1
ip-10-181-1-19:56:56 [0] NCCL INFO threadThresholds 8/8/64 | 16/8/64 | 512 | 512
ip-10-181-1-19:56:56 [0] NCCL INFO 2 coll channels, 2 collnet channels, 0 nvls channels, 2 p2p channels, 1 p2p channels per peer
ip-10-181-1-19:56:56 [0] NCCL INFO Symmetric VA size=24GB
ip-10-181-1-19:56:56 [0] NCCL INFO Symmetric memory is not supported. cuMemEnable 1, globalGinSupport 0, globalNicFused 0 cuMemGdrSupport 1
ip-10-181-1-19:56:56 [0] NCCL INFO ncclCommInitRankConfig comm 0x602d423f6b00 rank 1 nranks 2 cudaDev 0 nvmlDev 0 busId 1e0 commId 0x2619f898a90c064a - Init COMPLETE
ip-10-181-1-19:56:56 [0] NCCL INFO Init timings - ncclCommInitRankConfig: rank 1 nranks 2 total 0.01 (kernels 0.00, alloc 0.00, bootstrap 0.00, allgathers 0.00, topo 0.00, graphs 0.00, connections 0.00, rest 0.00)
ip-10-181-1-19:56:145 [0] NCCL INFO New proxy recv connection 0 from local rank 0, transport 2
ip-10-181-1-19:56:147 [0] NCCL INFO [Proxy Progress] Device 0 CPU core 0
ip-10-181-1-19:56:56 [0] NCCL INFO Connected to proxy localRank 0 -> connection 0x7ce8040210b0
ip-10-181-1-19:56:145 [0] NCCL INFO Could not get speed from /sys/class/net/ens5/speed. Defaulting to 10 Gbps.
ip-10-181-1-19:56:145 [0] NCCL INFO NET/Socket: Using 2 threads and 8 sockets per thread
ip-10-181-1-19:56:56 [0] NCCL INFO Channel 01/1 : 0[0] -> 1[0] [receive] via NET/Socket/0/Shared
ip-10-181-1-19:56:145 [0] NCCL INFO New proxy send connection 1 from local rank 0, transport 2
ip-10-181-1-19:56:56 [0] NCCL INFO Connected to proxy localRank 0 -> connection 0x7ce804021138
ip-10-181-1-19:56:145 [0] NCCL INFO Could not get speed from /sys/class/net/ens5/speed. Defaulting to 10 Gbps.
ip-10-181-1-19:56:56 [0] NCCL INFO Channel 01/1 : 1[0] -> 0[0] [send] via NET/Socket/0/Shared
ip-10-181-1-19:56:56 [0] NCCL INFO Initialized NET plugin Socket
ip-10-181-1-19:56:56 [0] NCCL INFO Could not get speed from /sys/class/net/ens5/speed. Defaulting to 10 Gbps.
ip-10-181-1-19:56:56 [0] NCCL INFO Assigned NET plugin Socket to comm
ip-10-181-1-19:56:56 [0] NCCL INFO Failed to initialize any GIN plugin
ip-10-181-1-19:56:56 [0] NCCL INFO Using network Socket
ip-10-181-1-19:56:56 [0] NCCL INFO [Rank 0] ncclCommInitRankConfig comm 0x602d4251b8f0 rank 0 nranks 2 cudaDev 0 nvmlDev 0 busId 1e0 commId 0x990cda7f555caa8e - Init START
ip-10-181-1-19:56:56 [0] NCCL INFO Topology detection : could not read /sys/devices/pci0000:00/0000:00:1e.0/../max_link_speed, ignoring
ip-10-181-1-19:56:56 [0] NCCL INFO Topology detection : could not read /sys/devices/pci0000:00/0000:00:1e.0/../max_link_width, ignoring
ip-10-181-1-19:56:56 [0] NCCL INFO Topology detection : could not read /sys/devices/system/node/node-1/cpumap, ignoring
ip-10-181-1-19:56:56 [0] NCCL INFO TOPO/NET : Importing network plugins to topology
ip-10-181-1-19:56:56 [0] NCCL INFO Could not get speed from /sys/class/net/ens5/speed. Defaulting to 10 Gbps.
ip-10-181-1-19:56:56 [0] NCCL INFO Topology detection : could not read /sys/devices/pci0000:00/0000:00:05.0/../max_link_speed, ignoring
ip-10-181-1-19:56:56 [0] NCCL INFO Topology detection : could not read /sys/devices/pci0000:00/0000:00:05.0/../max_link_width, ignoring
ip-10-181-1-19:56:56 [0] NCCL INFO Topology detection : could not read /sys/devices/system/node/node-1/cpumap, ignoring
ip-10-181-1-19:56:56 [0] NCCL INFO NET/Socket : GPU Direct RDMA Disabled for HCA 0 'ens5'
ip-10-181-1-19:56:56 [0] NCCL INFO ncclTopoPopulateNics : Filled ens5 in topo with pciPath=/sys/devices/pci0000:00/0000:00:05.0 net=1 gin=(null) keep=1 coll=(null)
ip-10-181-1-19:56:56 [0] NCCL INFO KV Convert to int : could not find value of 'Unknown' in dictionary, falling back to 60
ip-10-181-1-19:56:56 [0] NCCL INFO === System : maxBw 1.2 totalBw 24.0 ===
ip-10-181-1-19:56:56 [0] NCCL INFO CPU/0-ffffffffffffff (1/2/-1)
ip-10-181-1-19:56:56 [0] NCCL INFO + PCI[24.0] - GPU/0-1e0 (0)
ip-10-181-1-19:56:56 [0] NCCL INFO + PCI[12.0] - NIC/0-50
ip-10-181-1-19:56:56 [0] NCCL INFO               + NET[1.2] - NET/0-0 (0/0/0/1.250000)
ip-10-181-1-19:56:56 [0] NCCL INFO ==========================================
ip-10-181-1-19:56:56 [0] NCCL INFO GPU/0-1e0 :GPU/0-1e0 (0/5000.0/LOC) CPU/0-ffffffffffffff (1/24.0/PHB) NET/0-0 (3/1.2/PHB) 
ip-10-181-1-19:56:56 [0] NCCL INFO NET/0-0 :GPU/0-1e0 (3/1.2/PHB) CPU/0-ffffffffffffff (2/1.2/PHB) NET/0-0 (0/5000.0/LOC) 
ip-10-181-1-19:56:56 [0] NCCL INFO ncclTopoGetCpuAffinity: Affinity for GPU 0 is empty, ignoring. (GPU affinity =  ; CPU affinity = 0-3).
ip-10-181-1-19:56:56 [0] NCCL INFO Pattern 4, crossNic 0, nChannels 1, bw 1.200000/1.200000, type LOC/PHB, sameChannels 1
ip-10-181-1-19:56:56 [0] NCCL INFO  0 : NET/0-0 GPU/0-1e0 NET/0-0
ip-10-181-1-19:56:56 [0] NCCL INFO Pattern 3, crossNic 0, nChannels 1, bw 2.400000/1.200000, type LOC/PHB, sameChannels 1
ip-10-181-1-19:56:56 [0] NCCL INFO  0 : NET/0-0 GPU/0-1e0 NET/0-0
ip-10-181-1-19:56:56 [0] NCCL INFO Could not get speed from /sys/class/net/ens5/speed. Defaulting to 10 Gbps.
ip-10-181-1-19:56:56 [0] NCCL INFO comm 0x602d4251b8f0 rank 0 nRanks 2 nNodes 2 localRanks 1 localRank 0 MNNVL 0
ip-10-181-1-19:56:56 [0] NCCL INFO Tree 0 : -1 -> 0 -> 1/-1/-1
ip-10-181-1-19:56:56 [0] NCCL INFO Tree 1 : 1 -> 0 -> -1/-1/-1
ip-10-181-1-19:56:56 [0] NCCL INFO Channel 00/02 : 0 1
ip-10-181-1-19:56:56 [0] NCCL INFO Channel 01/02 : 0 1
ip-10-181-1-19:56:56 [0] NCCL INFO Ring 00 : 1 -> 0 -> 1
ip-10-181-1-19:56:56 [0] NCCL INFO Ring 01 : 1 -> 0 -> 1
ip-10-181-1-19:56:56 [0] NCCL INFO Trees [0] 1/-1/-1->0->-1 [1] -1/-1/-1->0->1
ip-10-181-1-19:56:56 [0] NCCL INFO P2P Chunksize set to 131072
ip-10-181-1-19:56:56 [0] NCCL INFO Check P2P Type isAllDirectP2p 1 directMode 0 isAllCudaP2p 1
ip-10-181-1-19:56:153 [0] NCCL INFO [Proxy Service] Device 0 CPU core 3
ip-10-181-1-19:56:56 [0] NCCL INFO ncclP2pSchedule: group size used is 1
ip-10-181-1-19:56:154 [0] NCCL INFO [Proxy Service UDS] Device 0 CPU core 3
ip-10-181-1-19:56:56 [0] NCCL INFO threadThresholds 8/8/64 | 16/8/64 | 512 | 512
ip-10-181-1-19:56:56 [0] NCCL INFO 2 coll channels, 2 collnet channels, 0 nvls channels, 2 p2p channels, 1 p2p channels per peer
ip-10-181-1-19:56:56 [0] NCCL INFO Symmetric VA size=24GB
ip-10-181-1-19:56:56 [0] NCCL INFO Symmetric memory is not supported. cuMemEnable 1, globalGinSupport 0, globalNicFused 0 cuMemGdrSupport 1
ip-10-181-1-19:56:56 [0] NCCL INFO CC Off, workFifoBytes 1048576
ip-10-181-1-19:56:56 [0] NCCL INFO ncclCommInitRankConfig comm 0x602d4251b8f0 rank 0 nranks 2 cudaDev 0 nvmlDev 0 busId 1e0 commId 0x990cda7f555caa8e - Init COMPLETE
ip-10-181-1-19:56:56 [0] NCCL INFO Init timings - ncclCommInitRankConfig: rank 0 nranks 2 total 0.42 (kernels 0.00, alloc 0.00, bootstrap 0.31, allgathers 0.10, topo 0.00, graphs 0.00, connections 0.00, rest 0.00)
ip-10-181-1-19:56:153 [0] NCCL INFO New proxy send connection 0 from local rank 0, transport 2
ip-10-181-1-19:56:155 [0] NCCL INFO [Proxy Progress] Device 0 CPU core 1
ip-10-181-1-19:56:56 [0] NCCL INFO Connected to proxy localRank 0 -> connection 0x7ce82c016470
ip-10-181-1-19:56:153 [0] NCCL INFO Could not get speed from /sys/class/net/ens5/speed. Defaulting to 10 Gbps.
ip-10-181-1-19:56:56 [0] NCCL INFO Channel 01/1 : 0[0] -> 1[0] [send] via NET/Socket/0/Shared
ip-10-181-1-19:56:153 [0] NCCL INFO New proxy recv connection 1 from local rank 0, transport 2
ip-10-181-1-19:56:56 [0] NCCL INFO Connected to proxy localRank 0 -> connection 0x7ce82c0164f8
ip-10-181-1-19:56:153 [0] NCCL INFO Could not get speed from /sys/class/net/ens5/speed. Defaulting to 10 Gbps.
ip-10-181-1-19:56:153 [0] NCCL INFO NET/Socket: Using 2 threads and 8 sockets per thread
ip-10-181-1-19:56:56 [0] NCCL INFO Channel 01/1 : 1[0] -> 0[0] [receive] via NET/Socket/0/Shared
{"event": "outer_step_completed", "rank": 3, "completed_outer_steps": 25, "timestamp": "2026-09-14T14:52:15.472068+00:00"}
ip-10-181-1-19:56:56 [0] NCCL INFO Initialized NET plugin Socket
ip-10-181-1-19:56:56 [0] NCCL INFO Could not get speed from /sys/class/net/ens5/speed. Defaulting to 10 Gbps.
ip-10-181-1-19:56:56 [0] NCCL INFO Assigned NET plugin Socket to comm
ip-10-181-1-19:56:56 [0] NCCL INFO Failed to initialize any GIN plugin
ip-10-181-1-19:56:56 [0] NCCL INFO Using network Socket
ip-10-181-1-19:56:56 [0] NCCL INFO [Rank 0] ncclCommInitRankConfig comm 0x602d426406e0 rank 0 nranks 2 cudaDev 0 nvmlDev 0 busId 1e0 commId 0xd89633eff1da2e3d - Init START
ip-10-181-1-19:56:56 [0] NCCL INFO Topology detection : could not read /sys/devices/pci0000:00/0000:00:1e.0/../max_link_speed, ignoring
ip-10-181-1-19:56:56 [0] NCCL INFO Topology detection : could not read /sys/devices/pci0000:00/0000:00:1e.0/../max_link_width, ignoring
ip-10-181-1-19:56:56 [0] NCCL INFO Topology detection : could not read /sys/devices/system/node/node-1/cpumap, ignoring
ip-10-181-1-19:56:56 [0] NCCL INFO TOPO/NET : Importing network plugins to topology
ip-10-181-1-19:56:56 [0] NCCL INFO Could not get speed from /sys/class/net/ens5/speed. Defaulting to 10 Gbps.
ip-10-181-1-19:56:56 [0] NCCL INFO Topology detection : could not read /sys/devices/pci0000:00/0000:00:05.0/../max_link_speed, ignoring
ip-10-181-1-19:56:56 [0] NCCL INFO Topology detection : could not read /sys/devices/pci0000:00/0000:00:05.0/../max_link_width, ignoring
ip-10-181-1-19:56:56 [0] NCCL INFO Topology detection : could not read /sys/devices/system/node/node-1/cpumap, ignoring
ip-10-181-1-19:56:56 [0] NCCL INFO NET/Socket : GPU Direct RDMA Disabled for HCA 0 'ens5'
ip-10-181-1-19:56:56 [0] NCCL INFO ncclTopoPopulateNics : Filled ens5 in topo with pciPath=/sys/devices/pci0000:00/0000:00:05.0 net=1 gin=(null) keep=1 coll=(null)
ip-10-181-1-19:56:56 [0] NCCL INFO KV Convert to int : could not find value of 'Unknown' in dictionary, falling back to 60
ip-10-181-1-19:56:56 [0] NCCL INFO === System : maxBw 1.2 totalBw 24.0 ===
ip-10-181-1-19:56:56 [0] NCCL INFO CPU/0-ffffffffffffff (1/2/-1)
ip-10-181-1-19:56:56 [0] NCCL INFO + PCI[24.0] - GPU/0-1e0 (0)
ip-10-181-1-19:56:56 [0] NCCL INFO + PCI[12.0] - NIC/0-50
ip-10-181-1-19:56:56 [0] NCCL INFO               + NET[1.2] - NET/0-0 (0/0/0/1.250000)
ip-10-181-1-19:56:56 [0] NCCL INFO ==========================================
ip-10-181-1-19:56:56 [0] NCCL INFO GPU/0-1e0 :GPU/0-1e0 (0/5000.0/LOC) CPU/0-ffffffffffffff (1/24.0/PHB) NET/0-0 (3/1.2/PHB) 
ip-10-181-1-19:56:56 [0] NCCL INFO NET/0-0 :GPU/0-1e0 (3/1.2/PHB) CPU/0-ffffffffffffff (2/1.2/PHB) NET/0-0 (0/5000.0/LOC) 
ip-10-181-1-19:56:56 [0] NCCL INFO ncclTopoGetCpuAffinity: Affinity for GPU 0 is empty, ignoring. (GPU affinity =  ; CPU affinity = 0-3).
ip-10-181-1-19:56:56 [0] NCCL INFO Pattern 4, crossNic 0, nChannels 1, bw 1.200000/1.200000, type LOC/PHB, sameChannels 1
ip-10-181-1-19:56:56 [0] NCCL INFO  0 : NET/0-0 GPU/0-1e0 NET/0-0
ip-10-181-1-19:56:56 [0] NCCL INFO Pattern 3, crossNic 0, nChannels 1, bw 2.400000/1.200000, type LOC/PHB, sameChannels 1
ip-10-181-1-19:56:56 [0] NCCL INFO  0 : NET/0-0 GPU/0-1e0 NET/0-0
ip-10-181-1-19:56:56 [0] NCCL INFO Could not get speed from /sys/class/net/ens5/speed. Defaulting to 10 Gbps.
ip-10-181-1-19:56:56 [0] NCCL INFO comm 0x602d426406e0 rank 0 nRanks 2 nNodes 2 localRanks 1 localRank 0 MNNVL 0
ip-10-181-1-19:56:56 [0] NCCL INFO Tree 0 : -1 -> 0 -> 1/-1/-1
ip-10-181-1-19:56:56 [0] NCCL INFO Tree 1 : 1 -> 0 -> -1/-1/-1
ip-10-181-1-19:56:56 [0] NCCL INFO Channel 00/02 : 0 1
ip-10-181-1-19:56:56 [0] NCCL INFO Channel 01/02 : 0 1
ip-10-181-1-19:56:56 [0] NCCL INFO Ring 00 : 1 -> 0 -> 1
ip-10-181-1-19:56:56 [0] NCCL INFO Ring 01 : 1 -> 0 -> 1
ip-10-181-1-19:56:56 [0] NCCL INFO Trees [0] 1/-1/-1->0->-1 [1] -1/-1/-1->0->1
ip-10-181-1-19:56:56 [0] NCCL INFO P2P Chunksize set to 131072
ip-10-181-1-19:56:56 [0] NCCL INFO Check P2P Type isAllDirectP2p 1 directMode 0 isAllCudaP2p 1
ip-10-181-1-19:56:161 [0] NCCL INFO [Proxy Service] Device 0 CPU core 0
ip-10-181-1-19:56:56 [0] NCCL INFO ncclP2pSchedule: group size used is 1
ip-10-181-1-19:56:162 [0] NCCL INFO [Proxy Service UDS] Device 0 CPU core 0
ip-10-181-1-19:56:56 [0] NCCL INFO threadThresholds 8/8/64 | 16/8/64 | 512 | 512
ip-10-181-1-19:56:56 [0] NCCL INFO 2 coll channels, 2 collnet channels, 0 nvls channels, 2 p2p channels, 1 p2p channels per peer
ip-10-181-1-19:56:56 [0] NCCL INFO Symmetric VA size=24GB
ip-10-181-1-19:56:56 [0] NCCL INFO Symmetric memory is not supported. cuMemEnable 1, globalGinSupport 0, globalNicFused 0 cuMemGdrSupport 1
ip-10-181-1-19:56:56 [0] NCCL INFO CC Off, workFifoBytes 1048576
ip-10-181-1-19:56:56 [0] NCCL INFO ncclCommInitRankConfig comm 0x602d426406e0 rank 0 nranks 2 cudaDev 0 nvmlDev 0 busId 1e0 commId 0xd89633eff1da2e3d - Init COMPLETE
ip-10-181-1-19:56:56 [0] NCCL INFO Init timings - ncclCommInitRankConfig: rank 0 nranks 2 total 1.23 (kernels 0.00, alloc 0.00, bootstrap 0.94, allgathers 0.28, topo 0.00, graphs 0.00, connections 0.00, rest 0.00)
ip-10-181-1-19:56:161 [0] NCCL INFO New proxy send connection 0 from local rank 0, transport 2
ip-10-181-1-19:56:163 [0] NCCL INFO [Proxy Progress] Device 0 CPU core 3
ip-10-181-1-19:56:56 [0] NCCL INFO Connected to proxy localRank 0 -> connection 0x7ce854009560
ip-10-181-1-19:56:161 [0] NCCL INFO Could not get speed from /sys/class/net/ens5/speed. Defaulting to 10 Gbps.
ip-10-181-1-19:56:56 [0] NCCL INFO Channel 01/1 : 0[0] -> 1[0] [send] via NET/Socket/0/Shared
ip-10-181-1-19:56:161 [0] NCCL INFO New proxy recv connection 1 from local rank 0, transport 2
ip-10-181-1-19:56:56 [0] NCCL INFO Connected to proxy localRank 0 -> connection 0x7ce8540095e8
ip-10-181-1-19:56:161 [0] NCCL INFO Could not get speed from /sys/class/net/ens5/speed. Defaulting to 10 Gbps.
ip-10-181-1-19:56:161 [0] NCCL INFO NET/Socket: Using 2 threads and 8 sockets per thread
ip-10-181-1-19:56:56 [0] NCCL INFO Channel 01/1 : 1[0] -> 0[0] [receive] via NET/Socket/0/Shared
ip-10-181-1-19:56:56 [0] NCCL INFO Initialized NET plugin Socket
ip-10-181-1-19:56:56 [0] NCCL INFO Could not get speed from /sys/class/net/ens5/speed. Defaulting to 10 Gbps.
ip-10-181-1-19:56:56 [0] NCCL INFO Assigned NET plugin Socket to comm
ip-10-181-1-19:56:56 [0] NCCL INFO Failed to initialize any GIN plugin
ip-10-181-1-19:56:56 [0] NCCL INFO Using network Socket
ip-10-181-1-19:56:56 [0] NCCL INFO [Rank 0] ncclCommInitRankConfig comm 0x602d47e25260 rank 0 nranks 2 cudaDev 0 nvmlDev 0 busId 1e0 commId 0x81f43af86062379e - Init START
ip-10-181-1-19:56:56 [0] NCCL INFO Topology detection : could not read /sys/devices/pci0000:00/0000:00:1e.0/../max_link_speed, ignoring
ip-10-181-1-19:56:56 [0] NCCL INFO Topology detection : could not read /sys/devices/pci0000:00/0000:00:1e.0/../max_link_width, ignoring
ip-10-181-1-19:56:56 [0] NCCL INFO Topology detection : could not read /sys/devices/system/node/node-1/cpumap, ignoring
ip-10-181-1-19:56:56 [0] NCCL INFO TOPO/NET : Importing network plugins to topology
ip-10-181-1-19:56:56 [0] NCCL INFO Could not get speed from /sys/class/net/ens5/speed. Defaulting to 10 Gbps.
ip-10-181-1-19:56:56 [0] NCCL INFO Topology detection : could not read /sys/devices/pci0000:00/0000:00:05.0/../max_link_speed, ignoring
ip-10-181-1-19:56:56 [0] NCCL INFO Topology detection : could not read /sys/devices/pci0000:00/0000:00:05.0/../max_link_width, ignoring
ip-10-181-1-19:56:56 [0] NCCL INFO Topology detection : could not read /sys/devices/system/node/node-1/cpumap, ignoring
ip-10-181-1-19:56:56 [0] NCCL INFO NET/Socket : GPU Direct RDMA Disabled for HCA 0 'ens5'
ip-10-181-1-19:56:56 [0] NCCL INFO ncclTopoPopulateNics : Filled ens5 in topo with pciPath=/sys/devices/pci0000:00/0000:00:05.0 net=1 gin=(null) keep=1 coll=(null)
ip-10-181-1-19:56:56 [0] NCCL INFO KV Convert to int : could not find value of 'Unknown' in dictionary, falling back to 60
ip-10-181-1-19:56:56 [0] NCCL INFO === System : maxBw 1.2 totalBw 24.0 ===
ip-10-181-1-19:56:56 [0] NCCL INFO CPU/0-ffffffffffffff (1/2/-1)
ip-10-181-1-19:56:56 [0] NCCL INFO + PCI[24.0] - GPU/0-1e0 (0)
ip-10-181-1-19:56:56 [0] NCCL INFO + PCI[12.0] - NIC/0-50
ip-10-181-1-19:56:56 [0] NCCL INFO               + NET[1.2] - NET/0-0 (0/0/0/1.250000)
ip-10-181-1-19:56:56 [0] NCCL INFO ==========================================
ip-10-181-1-19:56:56 [0] NCCL INFO GPU/0-1e0 :GPU/0-1e0 (0/5000.0/LOC) CPU/0-ffffffffffffff (1/24.0/PHB) NET/0-0 (3/1.2/PHB) 
ip-10-181-1-19:56:56 [0] NCCL INFO NET/0-0 :GPU/0-1e0 (3/1.2/PHB) CPU/0-ffffffffffffff (2/1.2/PHB) NET/0-0 (0/5000.0/LOC) 
ip-10-181-1-19:56:56 [0] NCCL INFO ncclTopoGetCpuAffinity: Affinity for GPU 0 is empty, ignoring. (GPU affinity =  ; CPU affinity = 0-3).
ip-10-181-1-19:56:56 [0] NCCL INFO Pattern 4, crossNic 0, nChannels 1, bw 1.200000/1.200000, type LOC/PHB, sameChannels 1
ip-10-181-1-19:56:56 [0] NCCL INFO  0 : NET/0-0 GPU/0-1e0 NET/0-0
ip-10-181-1-19:56:56 [0] NCCL INFO Pattern 3, crossNic 0, nChannels 1, bw 2.400000/1.200000, type LOC/PHB, sameChannels 1
ip-10-181-1-19:56:56 [0] NCCL INFO  0 : NET/0-0 GPU/0-1e0 NET/0-0
ip-10-181-1-19:56:56 [0] NCCL INFO Could not get speed from /sys/class/net/ens5/speed. Defaulting to 10 Gbps.
ip-10-181-1-19:56:56 [0] NCCL INFO comm 0x602d47e25260 rank 0 nRanks 2 nNodes 2 localRanks 1 localRank 0 MNNVL 0
ip-10-181-1-19:56:56 [0] NCCL INFO Tree 0 : -1 -> 0 -> 1/-1/-1
ip-10-181-1-19:56:56 [0] NCCL INFO Tree 1 : 1 -> 0 -> -1/-1/-1
ip-10-181-1-19:56:56 [0] NCCL INFO Channel 00/02 : 0 1
ip-10-181-1-19:56:56 [0] NCCL INFO Channel 01/02 : 0 1
ip-10-181-1-19:56:56 [0] NCCL INFO Ring 00 : 1 -> 0 -> 1
ip-10-181-1-19:56:56 [0] NCCL INFO Ring 01 : 1 -> 0 -> 1
ip-10-181-1-19:56:56 [0] NCCL INFO Trees [0] 1/-1/-1->0->-1 [1] -1/-1/-1->0->1
ip-10-181-1-19:56:56 [0] NCCL INFO P2P Chunksize set to 131072
ip-10-181-1-19:56:56 [0] NCCL INFO Check P2P Type isAllDirectP2p 1 directMode 0 isAllCudaP2p 1
ip-10-181-1-19:56:169 [0] NCCL INFO [Proxy Service] Device 0 CPU core 1
ip-10-181-1-19:56:56 [0] NCCL INFO ncclP2pSchedule: group size used is 1
ip-10-181-1-19:56:170 [0] NCCL INFO [Proxy Service UDS] Device 0 CPU core 1
ip-10-181-1-19:56:56 [0] NCCL INFO threadThresholds 8/8/64 | 16/8/64 | 512 | 512
ip-10-181-1-19:56:56 [0] NCCL INFO 2 coll channels, 2 collnet channels, 0 nvls channels, 2 p2p channels, 1 p2p channels per peer
ip-10-181-1-19:56:56 [0] NCCL INFO Symmetric VA size=24GB
ip-10-181-1-19:56:56 [0] NCCL INFO Symmetric memory is not supported. cuMemEnable 1, globalGinSupport 0, globalNicFused 0 cuMemGdrSupport 1
ip-10-181-1-19:56:56 [0] NCCL INFO CC Off, workFifoBytes 1048576
ip-10-181-1-19:56:56 [0] NCCL INFO ncclCommInitRankConfig comm 0x602d47e25260 rank 0 nranks 2 cudaDev 0 nvmlDev 0 busId 1e0 commId 0x81f43af86062379e - Init COMPLETE
ip-10-181-1-19:56:56 [0] NCCL INFO Init timings - ncclCommInitRankConfig: rank 0 nranks 2 total 1.51 (kernels 0.00, alloc 0.00, bootstrap 1.19, allgathers 0.32, topo 0.00, graphs 0.00, connections 0.00, rest 0.00)
ip-10-181-1-19:56:169 [0] NCCL INFO New proxy send connection 0 from local rank 0, transport 2
ip-10-181-1-19:56:171 [0] NCCL INFO [Proxy Progress] Device 0 CPU core 2
ip-10-181-1-19:56:56 [0] NCCL INFO Connected to proxy localRank 0 -> connection 0x7ce890020fa0
ip-10-181-1-19:56:169 [0] NCCL INFO Could not get speed from /sys/class/net/ens5/speed. Defaulting to 10 Gbps.
ip-10-181-1-19:56:56 [0] NCCL INFO Channel 01/1 : 0[0] -> 1[0] [send] via NET/Socket/0/Shared
ip-10-181-1-19:56:169 [0] NCCL INFO New proxy recv connection 1 from local rank 0, transport 2
ip-10-181-1-19:56:56 [0] NCCL INFO Connected to proxy localRank 0 -> connection 0x7ce890021028
ip-10-181-1-19:56:169 [0] NCCL INFO Could not get speed from /sys/class/net/ens5/speed. Defaulting to 10 Gbps.
ip-10-181-1-19:56:169 [0] NCCL INFO NET/Socket: Using 2 threads and 8 sockets per thread
ip-10-181-1-19:56:56 [0] NCCL INFO Channel 01/1 : 1[0] -> 0[0] [receive] via NET/Socket/0/Shared
ip-10-181-1-19:56:56 [0] NCCL INFO Initialized NET plugin Socket
ip-10-181-1-19:56:56 [0] NCCL INFO Could not get speed from /sys/class/net/ens5/speed. Defaulting to 10 Gbps.
ip-10-181-1-19:56:56 [0] NCCL INFO Assigned NET plugin Socket to comm
ip-10-181-1-19:56:56 [0] NCCL INFO Failed to initialize any GIN plugin
ip-10-181-1-19:56:56 [0] NCCL INFO Using network Socket
ip-10-181-1-19:56:56 [0] NCCL INFO [Rank 0] ncclCommInitRankConfig comm 0x602d47f4a050 rank 0 nranks 2 cudaDev 0 nvmlDev 0 busId 1e0 commId 0xfcd0941bf924818b - Init START
ip-10-181-1-19:56:56 [0] NCCL INFO Topology detection : could not read /sys/devices/pci0000:00/0000:00:1e.0/../max_link_speed, ignoring
ip-10-181-1-19:56:56 [0] NCCL INFO Topology detection : could not read /sys/devices/pci0000:00/0000:00:1e.0/../max_link_width, ignoring
ip-10-181-1-19:56:56 [0] NCCL INFO Topology detection : could not read /sys/devices/system/node/node-1/cpumap, ignoring
ip-10-181-1-19:56:56 [0] NCCL INFO TOPO/NET : Importing network plugins to topology
ip-10-181-1-19:56:56 [0] NCCL INFO Could not get speed from /sys/class/net/ens5/speed. Defaulting to 10 Gbps.
ip-10-181-1-19:56:56 [0] NCCL INFO Topology detection : could not read /sys/devices/pci0000:00/0000:00:05.0/../max_link_speed, ignoring
ip-10-181-1-19:56:56 [0] NCCL INFO Topology detection : could not read /sys/devices/pci0000:00/0000:00:05.0/../max_link_width, ignoring
ip-10-181-1-19:56:56 [0] NCCL INFO Topology detection : could not read /sys/devices/system/node/node-1/cpumap, ignoring
ip-10-181-1-19:56:56 [0] NCCL INFO NET/Socket : GPU Direct RDMA Disabled for HCA 0 'ens5'
ip-10-181-1-19:56:56 [0] NCCL INFO ncclTopoPopulateNics : Filled ens5 in topo with pciPath=/sys/devices/pci0000:00/0000:00:05.0 net=1 gin=(null) keep=1 coll=(null)
ip-10-181-1-19:56:56 [0] NCCL INFO KV Convert to int : could not find value of 'Unknown' in dictionary, falling back to 60
ip-10-181-1-19:56:56 [0] NCCL INFO === System : maxBw 1.2 totalBw 24.0 ===
ip-10-181-1-19:56:56 [0] NCCL INFO CPU/0-ffffffffffffff (1/2/-1)
ip-10-181-1-19:56:56 [0] NCCL INFO + PCI[24.0] - GPU/0-1e0 (0)
ip-10-181-1-19:56:56 [0] NCCL INFO + PCI[12.0] - NIC/0-50
ip-10-181-1-19:56:56 [0] NCCL INFO               + NET[1.2] - NET/0-0 (0/0/0/1.250000)
ip-10-181-1-19:56:56 [0] NCCL INFO ==========================================
ip-10-181-1-19:56:56 [0] NCCL INFO GPU/0-1e0 :GPU/0-1e0 (0/5000.0/LOC) CPU/0-ffffffffffffff (1/24.0/PHB) NET/0-0 (3/1.2/PHB) 
ip-10-181-1-19:56:56 [0] NCCL INFO NET/0-0 :GPU/0-1e0 (3/1.2/PHB) CPU/0-ffffffffffffff (2/1.2/PHB) NET/0-0 (0/5000.0/LOC) 
ip-10-181-1-19:56:56 [0] NCCL INFO ncclTopoGetCpuAffinity: Affinity for GPU 0 is empty, ignoring. (GPU affinity =  ; CPU affinity = 0-3).
ip-10-181-1-19:56:56 [0] NCCL INFO Pattern 4, crossNic 0, nChannels 1, bw 1.200000/1.200000, type LOC/PHB, sameChannels 1
ip-10-181-1-19:56:56 [0] NCCL INFO  0 : NET/0-0 GPU/0-1e0 NET/0-0
ip-10-181-1-19:56:56 [0] NCCL INFO Pattern 3, crossNic 0, nChannels 1, bw 2.400000/1.200000, type LOC/PHB, sameChannels 1
ip-10-181-1-19:56:56 [0] NCCL INFO  0 : NET/0-0 GPU/0-1e0 NET/0-0
ip-10-181-1-19:56:56 [0] NCCL INFO Could not get speed from /sys/class/net/ens5/speed. Defaulting to 10 Gbps.
ip-10-181-1-19:56:56 [0] NCCL INFO comm 0x602d47f4a050 rank 0 nRanks 2 nNodes 2 localRanks 1 localRank 0 MNNVL 0
ip-10-181-1-19:56:56 [0] NCCL INFO Tree 0 : -1 -> 0 -> 1/-1/-1
ip-10-181-1-19:56:56 [0] NCCL INFO Tree 1 : 1 -> 0 -> -1/-1/-1
ip-10-181-1-19:56:56 [0] NCCL INFO Channel 00/02 : 0 1
ip-10-181-1-19:56:56 [0] NCCL INFO Channel 01/02 : 0 1
ip-10-181-1-19:56:56 [0] NCCL INFO Ring 00 : 1 -> 0 -> 1
ip-10-181-1-19:56:56 [0] NCCL INFO Ring 01 : 1 -> 0 -> 1
ip-10-181-1-19:56:56 [0] NCCL INFO Trees [0] 1/-1/-1->0->-1 [1] -1/-1/-1->0->1
ip-10-181-1-19:56:56 [0] NCCL INFO P2P Chunksize set to 131072
ip-10-181-1-19:56:56 [0] NCCL INFO Check P2P Type isAllDirectP2p 1 directMode 0 isAllCudaP2p 1
ip-10-181-1-19:56:177 [0] NCCL INFO [Proxy Service] Device 0 CPU core 1
ip-10-181-1-19:56:178 [0] NCCL INFO [Proxy Service UDS] Device 0 CPU core 3
ip-10-181-1-19:56:56 [0] NCCL INFO ncclP2pSchedule: group size used is 1
ip-10-181-1-19:56:56 [0] NCCL INFO threadThresholds 8/8/64 | 16/8/64 | 512 | 512
ip-10-181-1-19:56:56 [0] NCCL INFO 2 coll channels, 2 collnet channels, 0 nvls channels, 2 p2p channels, 1 p2p channels per peer
ip-10-181-1-19:56:56 [0] NCCL INFO Symmetric VA size=24GB
ip-10-181-1-19:56:56 [0] NCCL INFO Symmetric memory is not supported. cuMemEnable 1, globalGinSupport 0, globalNicFused 0 cuMemGdrSupport 1
ip-10-181-1-19:56:56 [0] NCCL INFO CC Off, workFifoBytes 1048576
ip-10-181-1-19:56:56 [0] NCCL INFO ncclCommInitRankConfig comm 0x602d47f4a050 rank 0 nranks 2 cudaDev 0 nvmlDev 0 busId 1e0 commId 0xfcd0941bf924818b - Init COMPLETE
ip-10-181-1-19:56:56 [0] NCCL INFO Init timings - ncclCommInitRankConfig: rank 0 nranks 2 total 1.51 (kernels 0.00, alloc 0.00, bootstrap 1.16, allgathers 0.34, topo 0.00, graphs 0.00, connections 0.00, rest 0.00)
ip-10-181-1-19:56:177 [0] NCCL INFO New proxy send connection 0 from local rank 0, transport 2
ip-10-181-1-19:56:179 [0] NCCL INFO [Proxy Progress] Device 0 CPU core 2
ip-10-181-1-19:56:56 [0] NCCL INFO Connected to proxy localRank 0 -> connection 0x7ce934005260
ip-10-181-1-19:56:177 [0] NCCL INFO Could not get speed from /sys/class/net/ens5/speed. Defaulting to 10 Gbps.
ip-10-181-1-19:56:56 [0] NCCL INFO Channel 01/1 : 0[0] -> 1[0] [send] via NET/Socket/0/Shared
ip-10-181-1-19:56:177 [0] NCCL INFO New proxy recv connection 1 from local rank 0, transport 2
ip-10-181-1-19:56:56 [0] NCCL INFO Connected to proxy localRank 0 -> connection 0x7ce9340052e8
ip-10-181-1-19:56:177 [0] NCCL INFO Could not get speed from /sys/class/net/ens5/speed. Defaulting to 10 Gbps.
ip-10-181-1-19:56:177 [0] NCCL INFO NET/Socket: Using 2 threads and 8 sockets per thread
ip-10-181-1-19:56:56 [0] NCCL INFO Channel 01/1 : 1[0] -> 0[0] [receive] via NET/Socket/0/Shared
ip-10-181-1-19:56:56 [0] NCCL INFO Initialized NET plugin Socket
ip-10-181-1-19:56:56 [0] NCCL INFO Could not get speed from /sys/class/net/ens5/speed. Defaulting to 10 Gbps.
ip-10-181-1-19:56:56 [0] NCCL INFO Assigned NET plugin Socket to comm
ip-10-181-1-19:56:56 [0] NCCL INFO Failed to initialize any GIN plugin
ip-10-181-1-19:56:56 [0] NCCL INFO Using network Socket
ip-10-181-1-19:56:56 [0] NCCL INFO [Rank 0] ncclCommInitRankConfig comm 0x602d427654d0 rank 0 nranks 2 cudaDev 0 nvmlDev 0 busId 1e0 commId 0xbb57d50516859b8b - Init START
ip-10-181-1-19:56:56 [0] NCCL INFO Topology detection : could not read /sys/devices/pci0000:00/0000:00:1e.0/../max_link_speed, ignoring
ip-10-181-1-19:56:56 [0] NCCL INFO Topology detection : could not read /sys/devices/pci0000:00/0000:00:1e.0/../max_link_width, ignoring
ip-10-181-1-19:56:56 [0] NCCL INFO Topology detection : could not read /sys/devices/system/node/node-1/cpumap, ignoring
ip-10-181-1-19:56:56 [0] NCCL INFO TOPO/NET : Importing network plugins to topology
ip-10-181-1-19:56:56 [0] NCCL INFO Could not get speed from /sys/class/net/ens5/speed. Defaulting to 10 Gbps.
ip-10-181-1-19:56:56 [0] NCCL INFO Topology detection : could not read /sys/devices/pci0000:00/0000:00:05.0/../max_link_speed, ignoring
ip-10-181-1-19:56:56 [0] NCCL INFO Topology detection : could not read /sys/devices/pci0000:00/0000:00:05.0/../max_link_width, ignoring
ip-10-181-1-19:56:56 [0] NCCL INFO Topology detection : could not read /sys/devices/system/node/node-1/cpumap, ignoring
ip-10-181-1-19:56:56 [0] NCCL INFO NET/Socket : GPU Direct RDMA Disabled for HCA 0 'ens5'
ip-10-181-1-19:56:56 [0] NCCL INFO ncclTopoPopulateNics : Filled ens5 in topo with pciPath=/sys/devices/pci0000:00/0000:00:05.0 net=1 gin=(null) keep=1 coll=(null)
ip-10-181-1-19:56:56 [0] NCCL INFO KV Convert to int : could not find value of 'Unknown' in dictionary, falling back to 60
ip-10-181-1-19:56:56 [0] NCCL INFO === System : maxBw 1.2 totalBw 24.0 ===
ip-10-181-1-19:56:56 [0] NCCL INFO CPU/0-ffffffffffffff (1/2/-1)
ip-10-181-1-19:56:56 [0] NCCL INFO + PCI[24.0] - GPU/0-1e0 (0)
ip-10-181-1-19:56:56 [0] NCCL INFO + PCI[12.0] - NIC/0-50
ip-10-181-1-19:56:56 [0] NCCL INFO               + NET[1.2] - NET/0-0 (0/0/0/1.250000)
ip-10-181-1-19:56:56 [0] NCCL INFO ==========================================
ip-10-181-1-19:56:56 [0] NCCL INFO GPU/0-1e0 :GPU/0-1e0 (0/5000.0/LOC) CPU/0-ffffffffffffff (1/24.0/PHB) NET/0-0 (3/1.2/PHB) 
ip-10-181-1-19:56:56 [0] NCCL INFO NET/0-0 :GPU/0-1e0 (3/1.2/PHB) CPU/0-ffffffffffffff (2/1.2/PHB) NET/0-0 (0/5000.0/LOC) 
ip-10-181-1-19:56:56 [0] NCCL INFO ncclTopoGetCpuAffinity: Affinity for GPU 0 is empty, ignoring. (GPU affinity =  ; CPU affinity = 0-3).
ip-10-181-1-19:56:56 [0] NCCL INFO Pattern 4, crossNic 0, nChannels 1, bw 1.200000/1.200000, type LOC/PHB, sameChannels 1
ip-10-181-1-19:56:56 [0] NCCL INFO  0 : NET/0-0 GPU/0-1e0 NET/0-0
ip-10-181-1-19:56:56 [0] NCCL INFO Pattern 3, crossNic 0, nChannels 1, bw 2.400000/1.200000, type LOC/PHB, sameChannels 1
ip-10-181-1-19:56:56 [0] NCCL INFO  0 : NET/0-0 GPU/0-1e0 NET/0-0
ip-10-181-1-19:56:56 [0] NCCL INFO Could not get speed from /sys/class/net/ens5/speed. Defaulting to 10 Gbps.
ip-10-181-1-19:56:56 [0] NCCL INFO comm 0x602d427654d0 rank 0 nRanks 2 nNodes 2 localRanks 1 localRank 0 MNNVL 0
ip-10-181-1-19:56:56 [0] NCCL INFO Tree 0 : -1 -> 0 -> 1/-1/-1
ip-10-181-1-19:56:56 [0] NCCL INFO Tree 1 : 1 -> 0 -> -1/-1/-1
ip-10-181-1-19:56:56 [0] NCCL INFO Channel 00/02 : 0 1
ip-10-181-1-19:56:56 [0] NCCL INFO Channel 01/02 : 0 1
ip-10-181-1-19:56:56 [0] NCCL INFO Ring 00 : 1 -> 0 -> 1
ip-10-181-1-19:56:56 [0] NCCL INFO Ring 01 : 1 -> 0 -> 1
ip-10-181-1-19:56:56 [0] NCCL INFO Trees [0] 1/-1/-1->0->-1 [1] -1/-1/-1->0->1
ip-10-181-1-19:56:56 [0] NCCL INFO P2P Chunksize set to 131072
ip-10-181-1-19:56:56 [0] NCCL INFO Check P2P Type isAllDirectP2p 1 directMode 0 isAllCudaP2p 1
ip-10-181-1-19:56:56 [0] NCCL INFO ncclP2pSchedule: group size used is 1
ip-10-181-1-19:56:186 [0] NCCL INFO [Proxy Service UDS] Device 0 CPU core 2
ip-10-181-1-19:56:185 [0] NCCL INFO [Proxy Service] Device 0 CPU core 0
ip-10-181-1-19:56:56 [0] NCCL INFO threadThresholds 8/8/64 | 16/8/64 | 512 | 512
ip-10-181-1-19:56:56 [0] NCCL INFO 2 coll channels, 2 collnet channels, 0 nvls channels, 2 p2p channels, 1 p2p channels per peer
ip-10-181-1-19:56:56 [0] NCCL INFO Symmetric VA size=24GB
ip-10-181-1-19:56:56 [0] NCCL INFO Symmetric memory is not supported. cuMemEnable 1, globalGinSupport 0, globalNicFused 0 cuMemGdrSupport 1
ip-10-181-1-19:56:56 [0] NCCL INFO CC Off, workFifoBytes 1048576
ip-10-181-1-19:56:56 [0] NCCL INFO ncclCommInitRankConfig comm 0x602d427654d0 rank 0 nranks 2 cudaDev 0 nvmlDev 0 busId 1e0 commId 0xbb57d50516859b8b - Init COMPLETE
ip-10-181-1-19:56:56 [0] NCCL INFO Init timings - ncclCommInitRankConfig: rank 0 nranks 2 total 1.17 (kernels 0.00, alloc 0.00, bootstrap 0.89, allgathers 0.27, topo 0.00, graphs 0.00, connections 0.00, rest 0.00)
ip-10-181-1-19:56:185 [0] NCCL INFO New proxy send connection 0 from local rank 0, transport 2
ip-10-181-1-19:56:187 [0] NCCL INFO [Proxy Progress] Device 0 CPU core 2
ip-10-181-1-19:56:56 [0] NCCL INFO Connected to proxy localRank 0 -> connection 0x7ce970007dc0
ip-10-181-1-19:56:185 [0] NCCL INFO Could not get speed from /sys/class/net/ens5/speed. Defaulting to 10 Gbps.
ip-10-181-1-19:56:56 [0] NCCL INFO Channel 01/1 : 0[0] -> 1[0] [send] via NET/Socket/0/Shared
ip-10-181-1-19:56:185 [0] NCCL INFO New proxy recv connection 1 from local rank 0, transport 2
ip-10-181-1-19:56:56 [0] NCCL INFO Connected to proxy localRank 0 -> connection 0x7ce970007e48
ip-10-181-1-19:56:185 [0] NCCL INFO Could not get speed from /sys/class/net/ens5/speed. Defaulting to 10 Gbps.
ip-10-181-1-19:56:185 [0] NCCL INFO NET/Socket: Using 2 threads and 8 sockets per thread
ip-10-181-1-19:56:56 [0] NCCL INFO Channel 01/1 : 1[0] -> 0[0] [receive] via NET/Socket/0/Shared
{"event": "outer_step_completed", "rank": 3, "completed_outer_steps": 50, "timestamp": "2026-09-14T14:59:21.666603+00:00"}
{"event": "outer_step_completed", "rank": 3, "completed_outer_steps": 75, "timestamp": "2026-09-14T15:03:14.071749+00:00"}
{"event": "outer_step_completed", "rank": 3, "completed_outer_steps": 100, "timestamp": "2026-09-14T15:06:33.368834+00:00"}
{"event": "outer_step_completed", "rank": 3, "completed_outer_steps": 125, "timestamp": "2026-09-14T15:09:31.489810+00:00"}
{"event": "outer_step_completed", "rank": 3, "completed_outer_steps": 150, "timestamp": "2026-09-14T15:12:31.075975+00:00"}
{"event": "outer_step_completed", "rank": 3, "completed_outer_steps": 175, "timestamp": "2026-09-14T15:15:29.405795+00:00"}
{"event": "outer_step_completed", "rank": 3, "completed_outer_steps": 200, "timestamp": "2026-09-14T15:18:37.166636+00:00"}
{"event": "outer_step_completed", "rank": 3, "completed_outer_steps": 225, "timestamp": "2026-09-14T15:21:50.257860+00:00"}
{"event": "outer_step_completed", "rank": 3, "completed_outer_steps": 250, "timestamp": "2026-09-14T15:24:50.304879+00:00"}
{"event": "outer_step_completed", "rank": 3, "completed_outer_steps": 275, "timestamp": "2026-09-14T15:27:47.340836+00:00"}
{"event": "outer_step_completed", "rank": 3, "completed_outer_steps": 300, "timestamp": "2026-09-14T15:30:38.600274+00:00"}
{"event": "outer_step_completed", "rank": 3, "completed_outer_steps": 325, "timestamp": "2026-09-14T15:33:31.924652+00:00"}
{"event": "outer_step_completed", "rank": 3, "completed_outer_steps": 350, "timestamp": "2026-09-14T15:36:34.845391+00:00"}
{"event": "outer_step_completed", "rank": 3, "completed_outer_steps": 375, "timestamp": "2026-09-14T15:39:38.232428+00:00"}
{"event": "outer_step_completed", "rank": 3, "completed_outer_steps": 400, "timestamp": "2026-09-14T15:42:40.399835+00:00"}
{"event": "outer_step_completed", "rank": 3, "completed_outer_steps": 425, "timestamp": "2026-09-14T15:45:41.520206+00:00"}
{"event": "outer_step_completed", "rank": 3, "completed_outer_steps": 450, "timestamp": "2026-09-14T15:48:27.157641+00:00"}
{"event": "outer_step_completed", "rank": 3, "completed_outer_steps": 475, "timestamp": "2026-09-14T15:51:24.710343+00:00"}
{"event": "outer_step_completed", "rank": 3, "completed_outer_steps": 500, "timestamp": "2026-09-14T15:54:19.563553+00:00"}
ip-10-181-1-19:56:56 [0] NCCL INFO comm 0x602d47f4a050 rank 0 nranks 2 cudaDev 0 busId 1e0 - Destroy COMPLETE
ip-10-181-1-19:56:56 [0] NCCL INFO comm 0x602d47e25260 rank 0 nranks 2 cudaDev 0 busId 1e0 - Destroy COMPLETE
ip-10-181-1-19:56:56 [0] NCCL INFO comm 0x602d3e7cbb00 rank 3 nranks 16 cudaDev 0 busId 1e0 - Destroy COMPLETE
ip-10-181-1-19:56:56 [0] NCCL INFO comm 0x602d3ea8b260 rank 1 nranks 2 cudaDev 0 busId 1e0 - Destroy COMPLETE
ip-10-181-1-19:56:56 [0] NCCL INFO comm 0x602d41c76320 rank 0 nranks 2 cudaDev 0 busId 1e0 - Destroy COMPLETE
ip-10-181-1-19:56:56 [0] NCCL INFO comm 0x602d417ca550 rank 0 nranks 2 cudaDev 0 busId 1e0 - Destroy COMPLETE
ip-10-181-1-19:56:56 [0] NCCL INFO comm 0x602d41dab840 rank 0 nranks 2 cudaDev 0 busId 1e0 - Destroy COMPLETE
ip-10-181-1-19:56:56 [0] NCCL INFO comm 0x602d41ae41b0 rank 0 nranks 2 cudaDev 0 busId 1e0 - Destroy COMPLETE
ip-10-181-1-19:56:56 [0] NCCL INFO comm 0x602d419bf3c0 rank 1 nranks 2 cudaDev 0 busId 1e0 - Destroy COMPLETE
ip-10-181-1-19:56:56 [0] NCCL INFO comm 0x602d426406e0 rank 0 nranks 2 cudaDev 0 busId 1e0 - Destroy COMPLETE
ip-10-181-1-19:56:56 [0] NCCL INFO comm 0x602d41f9b170 rank 0 nranks 2 cudaDev 0 busId 1e0 - Destroy COMPLETE
ip-10-181-1-19:56:56 [0] NCCL INFO comm 0x602d427654d0 rank 0 nranks 2 cudaDev 0 busId 1e0 - Destroy COMPLETE
ip-10-181-1-19:56:56 [0] NCCL INFO comm 0x602d3a656c10 rank 0 nranks 2 cudaDev 0 busId 1e0 - Destroy COMPLETE
ip-10-181-1-19:56:56 [0] NCCL INFO comm 0x602d421f7600 rank 0 nranks 2 cudaDev 0 busId 1e0 - Destroy COMPLETE
ip-10-181-1-19:56:56 [0] NCCL INFO comm 0x602d423f6b00 rank 1 nranks 2 cudaDev 0 busId 1e0 - Destroy COMPLETE
ip-10-181-1-19:56:56 [0] NCCL INFO comm 0x602d4251b8f0 rank 0 nranks 2 cudaDev 0 busId 1e0 - Destroy COMPLETE
ip-10-181-1-19:56:56 [0] NCCL INFO ENV/Plugin: Closing env plugin ncclEnvDefault
