Warning: You are sending unauthenticated requests to the HF Hub. Please set a HF_TOKEN to enable higher rate limits and faster downloads.
[W914 14:40:17.188834464 Utils.hpp:166] Warning: Environment variable NCCL_BLOCKING_WAIT is deprecated; use TORCH_NCCL_BLOCKING_WAIT instead (function operator())
[W914 14:40:17.188855374 Utils.hpp:137] Warning: Environment variable NCCL_ASYNC_ERROR_HANDLING is deprecated; use TORCH_NCCL_ASYNC_ERROR_HANDLING instead (function operator())
[rank2]:[W914 14:40:20.015155728 ProcessGroupNCCL.cpp:4215] Warning: An unbatched P2P op (send/recv) was called on this ProcessGroup with size 16.  In lazy initialization mode, this will result in a new 2-rank NCCL communicator to be created. (function operator())
ip-10-181-1-244:56:56 [0] NCCL INFO ENV/Plugin: Could not find: libnccl-env.so
ip-10-181-1-244:56:56 [0] NCCL INFO NCCL_SOCKET_IFNAME set to ens5
ip-10-181-1-244:56:56 [0] NCCL INFO cudaDriverVersion 13020
ip-10-181-1-244:56:56 [0] NCCL INFO NCCL version 2.29.7+cuda13.2
ip-10-181-1-244:56:56 [0] NCCL INFO NCCL git version stable b81d6a5a3
ip-10-181-1-244:56:56 [0] NCCL INFO NET/Plugin: Could not find: libnccl-net.so
ip-10-181-1-244:56:56 [0] NCCL INFO transport/net_ib/init.cc:396 -> 3
ip-10-181-1-244:56:56 [0] NCCL INFO Failed to initialize NET plugin IB
ip-10-181-1-244:56:56 [0] NCCL INFO NET/Socket : Using [0]ens5:10.181.1.244<0>
ip-10-181-1-244:56:56 [0] NCCL INFO Initialized NET plugin Socket
ip-10-181-1-244:56:56 [0] NCCL INFO Could not get speed from /sys/class/net/ens5/speed. Defaulting to 10 Gbps.
ip-10-181-1-244:56:56 [0] NCCL INFO Assigned NET plugin Socket to comm
ip-10-181-1-244:56:56 [0] NCCL INFO GIN/Plugin: Could not find: libnccl-gin.so

[2026-09-14 14:40:20] ip-10-181-1-244:56:56 [0] misc/ibvwrap.cc:173 NCCL WARN lib wrapper not initialized.
ip-10-181-1-244:56:56 [0] NCCL INFO transport/net_ib/gdr.cc:56 -> 3
ip-10-181-1-244:56:56 [0] NCCL INFO Unable to use GIN: Peermem is not supported, nor DMA-BUF.
ip-10-181-1-244:56:56 [0] NCCL INFO Unable to use GIN: Peermem is not supported, nor DMA-BUF.
ip-10-181-1-244:56:56 [0] NCCL INFO Failed to initialize any GIN plugin
ip-10-181-1-244:56:56 [0] NCCL INFO Using network Socket
ip-10-181-1-244:56:56 [0] NCCL INFO [Rank 0] ncclCommInitRankConfig comm 0x62650485d700 rank 0 nranks 2 cudaDev 0 nvmlDev 0 busId 1e0 commId 0x25cea625125d64d0 - Init START
ip-10-181-1-244:56:56 [0] NCCL INFO RAS client listening socket at 127.0.0.1<28028>
ip-10-181-1-244:56:56 [0] NCCL INFO Topology detection : could not read /sys/devices/pci0000:00/0000:00:1e.0/../max_link_speed, ignoring
ip-10-181-1-244:56:56 [0] NCCL INFO Topology detection : could not read /sys/devices/pci0000:00/0000:00:1e.0/../max_link_width, ignoring
ip-10-181-1-244:56:56 [0] NCCL INFO Topology detection : could not read /sys/devices/system/node/node-1/cpumap, ignoring
ip-10-181-1-244:56:56 [0] NCCL INFO TOPO/NET : Importing network plugins to topology
ip-10-181-1-244:56:56 [0] NCCL INFO Could not get speed from /sys/class/net/ens5/speed. Defaulting to 10 Gbps.
ip-10-181-1-244:56:56 [0] NCCL INFO Topology detection : could not read /sys/devices/pci0000:00/0000:00:05.0/../max_link_speed, ignoring
ip-10-181-1-244:56:56 [0] NCCL INFO Topology detection : could not read /sys/devices/pci0000:00/0000:00:05.0/../max_link_width, ignoring
ip-10-181-1-244:56:56 [0] NCCL INFO Topology detection : could not read /sys/devices/system/node/node-1/cpumap, ignoring
ip-10-181-1-244:56:56 [0] NCCL INFO NET/Socket : GPU Direct RDMA Disabled for HCA 0 'ens5'
ip-10-181-1-244:56:56 [0] NCCL INFO ncclTopoPopulateNics : Filled ens5 in topo with pciPath=/sys/devices/pci0000:00/0000:00:05.0 net=1 gin=(null) keep=1 coll=(null)
ip-10-181-1-244:56:56 [0] NCCL INFO KV Convert to int : could not find value of 'Unknown' in dictionary, falling back to 60
ip-10-181-1-244:56:56 [0] NCCL INFO === System : maxBw 1.2 totalBw 24.0 ===
ip-10-181-1-244:56:56 [0] NCCL INFO CPU/0-ffffffffffffff (1/2/-1)
ip-10-181-1-244:56:56 [0] NCCL INFO + PCI[24.0] - GPU/0-1e0 (0)
ip-10-181-1-244:56:56 [0] NCCL INFO + PCI[12.0] - NIC/0-50
ip-10-181-1-244:56:56 [0] NCCL INFO               + NET[1.2] - NET/0-0 (0/0/0/1.250000)
ip-10-181-1-244:56:56 [0] NCCL INFO ==========================================
ip-10-181-1-244:56:56 [0] NCCL INFO GPU/0-1e0 :GPU/0-1e0 (0/5000.0/LOC) CPU/0-ffffffffffffff (1/24.0/PHB) NET/0-0 (3/1.2/PHB) 
ip-10-181-1-244:56:56 [0] NCCL INFO NET/0-0 :GPU/0-1e0 (3/1.2/PHB) CPU/0-ffffffffffffff (2/1.2/PHB) NET/0-0 (0/5000.0/LOC) 
ip-10-181-1-244:56:56 [0] NCCL INFO ncclTopoGetCpuAffinity: Affinity for GPU 0 is empty, ignoring. (GPU affinity =  ; CPU affinity = 0-3).
ip-10-181-1-244:56:56 [0] NCCL INFO Pattern 4, crossNic 0, nChannels 1, bw 1.200000/1.200000, type LOC/PHB, sameChannels 1
ip-10-181-1-244:56:56 [0] NCCL INFO  0 : NET/0-0 GPU/0-1e0 NET/0-0
ip-10-181-1-244:56:56 [0] NCCL INFO Pattern 3, crossNic 0, nChannels 1, bw 2.400000/1.200000, type LOC/PHB, sameChannels 1
ip-10-181-1-244:56:56 [0] NCCL INFO  0 : NET/0-0 GPU/0-1e0 NET/0-0
ip-10-181-1-244:56:56 [0] NCCL INFO Could not get speed from /sys/class/net/ens5/speed. Defaulting to 10 Gbps.
ip-10-181-1-244:56:56 [0] NCCL INFO comm 0x62650485d700 rank 0 nRanks 2 nNodes 2 localRanks 1 localRank 0 MNNVL 0
ip-10-181-1-244:56:56 [0] NCCL INFO Tree 0 : -1 -> 0 -> 1/-1/-1
ip-10-181-1-244:56:56 [0] NCCL INFO Tree 1 : 1 -> 0 -> -1/-1/-1
ip-10-181-1-244:56:56 [0] NCCL INFO Channel 00/02 : 0 1
ip-10-181-1-244:56:56 [0] NCCL INFO Channel 01/02 : 0 1
ip-10-181-1-244:56:56 [0] NCCL INFO Ring 00 : 1 -> 0 -> 1
ip-10-181-1-244:56:56 [0] NCCL INFO Ring 01 : 1 -> 0 -> 1
ip-10-181-1-244:56:56 [0] NCCL INFO Trees [0] 1/-1/-1->0->-1 [1] -1/-1/-1->0->1
ip-10-181-1-244:56:56 [0] NCCL INFO P2P Chunksize set to 131072
ip-10-181-1-244:56:56 [0] NCCL INFO PROFILER/Plugin: Could not find: libnccl-profiler.so
ip-10-181-1-244:56:56 [0] NCCL INFO Check P2P Type isAllDirectP2p 1 directMode 0 isAllCudaP2p 1
ip-10-181-1-244:56:56 [0] NCCL INFO ncclP2pSchedule: group size used is 1
ip-10-181-1-244:56:73 [0] NCCL INFO [Proxy Service] Device 0 CPU core 2
ip-10-181-1-244:56:74 [0] NCCL INFO [Proxy Service UDS] Device 0 CPU core 3
ip-10-181-1-244:56:56 [0] NCCL INFO TUNER/Plugin: Could not find: libnccl-tuner.so
ip-10-181-1-244:56:56 [0] NCCL INFO threadThresholds 8/8/64 | 16/8/64 | 512 | 512
ip-10-181-1-244:56:56 [0] NCCL INFO 2 coll channels, 2 collnet channels, 0 nvls channels, 2 p2p channels, 1 p2p channels per peer
ip-10-181-1-244:56:56 [0] NCCL INFO Symmetric VA size=24GB
ip-10-181-1-244:56:56 [0] NCCL INFO Symmetric memory is not supported. cuMemEnable 1, globalGinSupport 0, globalNicFused 0 cuMemGdrSupport 1
ip-10-181-1-244:56:56 [0] NCCL INFO CC Off, workFifoBytes 1048576
ip-10-181-1-244:56:56 [0] NCCL INFO ncclCommInitRankConfig comm 0x62650485d700 rank 0 nranks 2 cudaDev 0 nvmlDev 0 busId 1e0 commId 0x25cea625125d64d0 - Init COMPLETE
ip-10-181-1-244:56:56 [0] NCCL INFO Init timings - ncclCommInitRankConfig: rank 0 nranks 2 total 14.74 (kernels 0.15, alloc 0.02, bootstrap 14.22, allgathers 0.34, topo 0.00, graphs 0.00, connections 0.00, rest 0.00)
ip-10-181-1-244:56:73 [0] NCCL INFO New proxy send connection 0 from local rank 0, transport 2
ip-10-181-1-244:56:75 [0] NCCL INFO [Proxy Progress] Device 0 CPU core 0
ip-10-181-1-244:56:56 [0] NCCL INFO Connected to proxy localRank 0 -> connection 0x776ad0004fa0
ip-10-181-1-244:56:73 [0] NCCL INFO Could not get speed from /sys/class/net/ens5/speed. Defaulting to 10 Gbps.
ip-10-181-1-244:56:56 [0] NCCL INFO Channel 01/1 : 0[0] -> 1[0] [send] via NET/Socket/0/Shared
[rank2]:[W914 14:40:45.092420495 ProcessGroupNCCL.cpp:4215] Warning: An unbatched P2P op (send/recv) was called on this ProcessGroup with size 16.  In lazy initialization mode, this will result in a new 2-rank NCCL communicator to be created. (function operator())
ip-10-181-1-244:56:73 [0] NCCL INFO New proxy recv connection 1 from local rank 0, transport 2
ip-10-181-1-244:56:56 [0] NCCL INFO Connected to proxy localRank 0 -> connection 0x776ad0005028
ip-10-181-1-244:56:73 [0] NCCL INFO Could not get speed from /sys/class/net/ens5/speed. Defaulting to 10 Gbps.
ip-10-181-1-244:56:73 [0] NCCL INFO NET/Socket: Using 2 threads and 8 sockets per thread
ip-10-181-1-244:56:56 [0] NCCL INFO Channel 01/1 : 1[0] -> 0[0] [receive] via NET/Socket/0/Shared
{"event": "outer_step_completed", "rank": 2, "completed_outer_steps": 1, "timestamp": "2026-09-14T14:40:56.527907+00:00"}
ip-10-181-1-244:56:56 [0] NCCL INFO Initialized NET plugin Socket
ip-10-181-1-244:56:56 [0] NCCL INFO Could not get speed from /sys/class/net/ens5/speed. Defaulting to 10 Gbps.
ip-10-181-1-244:56:56 [0] NCCL INFO Assigned NET plugin Socket to comm
ip-10-181-1-244:56:56 [0] NCCL INFO Failed to initialize any GIN plugin
ip-10-181-1-244:56:56 [0] NCCL INFO Using network Socket
ip-10-181-1-244:56:56 [0] NCCL INFO [Rank 2] ncclCommInitRankConfig comm 0x6265089d4890 rank 2 nranks 16 cudaDev 0 nvmlDev 0 busId 1e0 commId 0xbcac494dc69e8913 - Init START
ip-10-181-1-244:56:56 [0] NCCL INFO Topology detection : could not read /sys/devices/pci0000:00/0000:00:1e.0/../max_link_speed, ignoring
ip-10-181-1-244:56:56 [0] NCCL INFO Topology detection : could not read /sys/devices/pci0000:00/0000:00:1e.0/../max_link_width, ignoring
ip-10-181-1-244:56:56 [0] NCCL INFO Topology detection : could not read /sys/devices/system/node/node-1/cpumap, ignoring
ip-10-181-1-244:56:56 [0] NCCL INFO TOPO/NET : Importing network plugins to topology
ip-10-181-1-244:56:56 [0] NCCL INFO Could not get speed from /sys/class/net/ens5/speed. Defaulting to 10 Gbps.
ip-10-181-1-244:56:56 [0] NCCL INFO Topology detection : could not read /sys/devices/pci0000:00/0000:00:05.0/../max_link_speed, ignoring
ip-10-181-1-244:56:56 [0] NCCL INFO Topology detection : could not read /sys/devices/pci0000:00/0000:00:05.0/../max_link_width, ignoring
ip-10-181-1-244:56:56 [0] NCCL INFO Topology detection : could not read /sys/devices/system/node/node-1/cpumap, ignoring
ip-10-181-1-244:56:56 [0] NCCL INFO NET/Socket : GPU Direct RDMA Disabled for HCA 0 'ens5'
ip-10-181-1-244:56:56 [0] NCCL INFO ncclTopoPopulateNics : Filled ens5 in topo with pciPath=/sys/devices/pci0000:00/0000:00:05.0 net=1 gin=(null) keep=1 coll=(null)
ip-10-181-1-244:56:56 [0] NCCL INFO KV Convert to int : could not find value of 'Unknown' in dictionary, falling back to 60
ip-10-181-1-244:56:56 [0] NCCL INFO === System : maxBw 1.2 totalBw 24.0 ===
ip-10-181-1-244:56:56 [0] NCCL INFO CPU/0-ffffffffffffff (1/2/-1)
ip-10-181-1-244:56:56 [0] NCCL INFO + PCI[24.0] - GPU/0-1e0 (2)
ip-10-181-1-244:56:56 [0] NCCL INFO + PCI[12.0] - NIC/0-50
ip-10-181-1-244:56:56 [0] NCCL INFO               + NET[1.2] - NET/0-0 (0/0/0/1.250000)
ip-10-181-1-244:56:56 [0] NCCL INFO ==========================================
ip-10-181-1-244:56:56 [0] NCCL INFO GPU/0-1e0 :GPU/0-1e0 (0/5000.0/LOC) CPU/0-ffffffffffffff (1/24.0/PHB) NET/0-0 (3/1.2/PHB) 
ip-10-181-1-244:56:56 [0] NCCL INFO NET/0-0 :GPU/0-1e0 (3/1.2/PHB) CPU/0-ffffffffffffff (2/1.2/PHB) NET/0-0 (0/5000.0/LOC) 
ip-10-181-1-244:56:56 [0] NCCL INFO ncclTopoGetCpuAffinity: Affinity for GPU 0 is empty, ignoring. (GPU affinity =  ; CPU affinity = 0-3).
ip-10-181-1-244:56:56 [0] NCCL INFO Pattern 4, crossNic 0, nChannels 1, bw 1.200000/1.200000, type LOC/PHB, sameChannels 1
ip-10-181-1-244:56:56 [0] NCCL INFO  0 : NET/0-0 GPU/0-1e0 NET/0-0
ip-10-181-1-244:56:56 [0] NCCL INFO Pattern 3, crossNic 0, nChannels 1, bw 2.400000/1.200000, type LOC/PHB, sameChannels 1
ip-10-181-1-244:56:56 [0] NCCL INFO  0 : NET/0-0 GPU/0-1e0 NET/0-0
ip-10-181-1-244:56:56 [0] NCCL INFO Could not get speed from /sys/class/net/ens5/speed. Defaulting to 10 Gbps.
ip-10-181-1-244:56:56 [0] NCCL INFO comm 0x6265089d4890 rank 2 nRanks 16 nNodes 16 localRanks 1 localRank 0 MNNVL 0
ip-10-181-1-244:56:56 [0] NCCL INFO Tree 0 : 4 -> 2 -> 1/3/-1
ip-10-181-1-244:56:56 [0] NCCL INFO Tree 1 : 1 -> 2 -> -1/-1/-1
ip-10-181-1-244:56:56 [0] NCCL INFO Ring 00 : 1 -> 2 -> 3
ip-10-181-1-244:56:56 [0] NCCL INFO Ring 01 : 1 -> 2 -> 3
ip-10-181-1-244:56:56 [0] NCCL INFO Trees [0] 1/3/-1->2->4 [1] -1/-1/-1->2->1
ip-10-181-1-244:56:56 [0] NCCL INFO P2P Chunksize set to 131072
ip-10-181-1-244:56:56 [0] NCCL INFO Check P2P Type isAllDirectP2p 1 directMode 0 isAllCudaP2p 1
ip-10-181-1-244:56:56 [0] NCCL INFO ncclP2pSchedule: group size used is 1
ip-10-181-1-244:56:81 [0] NCCL INFO [Proxy Service UDS] Device 0 CPU core 1
ip-10-181-1-244:56:80 [0] NCCL INFO [Proxy Service] Device 0 CPU core 1
ip-10-181-1-244:56:56 [0] NCCL INFO threadThresholds 8/8/64 | 128/8/64 | 512 | 512
ip-10-181-1-244:56:56 [0] NCCL INFO 2 coll channels, 2 collnet channels, 0 nvls channels, 2 p2p channels, 1 p2p channels per peer
ip-10-181-1-244:56:56 [0] NCCL INFO Symmetric VA size=24GB
ip-10-181-1-244:56:56 [0] NCCL INFO Symmetric memory is not supported. cuMemEnable 1, globalGinSupport 0, globalNicFused 0 cuMemGdrSupport 1
ip-10-181-1-244:56:56 [0] NCCL INFO ncclCommInitRankConfig comm 0x6265089d4890 rank 2 nranks 16 cudaDev 0 nvmlDev 0 busId 1e0 commId 0xbcac494dc69e8913 - Init COMPLETE
ip-10-181-1-244:56:56 [0] NCCL INFO Init timings - ncclCommInitRankConfig: rank 2 nranks 16 total 38.03 (kernels 0.00, alloc 0.00, bootstrap 34.92, allgathers 3.10, topo 0.00, graphs 0.00, connections 0.00, rest 0.00)
ip-10-181-1-244:56:80 [0] NCCL INFO New proxy recv connection 0 from local rank 0, transport 2
ip-10-181-1-244:56:82 [0] NCCL INFO [Proxy Progress] Device 0 CPU core 2
ip-10-181-1-244:56:56 [0] NCCL INFO Connected to proxy localRank 0 -> connection 0x776a9c004f70
ip-10-181-1-244:56:80 [0] NCCL INFO Could not get speed from /sys/class/net/ens5/speed. Defaulting to 10 Gbps.
ip-10-181-1-244:56:80 [0] NCCL INFO NET/Socket: Using 2 threads and 8 sockets per thread
ip-10-181-1-244:56:56 [0] NCCL INFO Channel 00/0 : 1[0] -> 2[0] [receive] via NET/Socket/0
ip-10-181-1-244:56:80 [0] NCCL INFO New proxy recv connection 1 from local rank 0, transport 2
ip-10-181-1-244:56:56 [0] NCCL INFO Connected to proxy localRank 0 -> connection 0x776a9c004ff8
ip-10-181-1-244:56:80 [0] NCCL INFO Could not get speed from /sys/class/net/ens5/speed. Defaulting to 10 Gbps.
ip-10-181-1-244:56:80 [0] NCCL INFO NET/Socket: Using 2 threads and 8 sockets per thread
ip-10-181-1-244:56:56 [0] NCCL INFO Channel 01/0 : 1[0] -> 2[0] [receive] via NET/Socket/0
ip-10-181-1-244:56:80 [0] NCCL INFO New proxy send connection 2 from local rank 0, transport 2
ip-10-181-1-244:56:56 [0] NCCL INFO Connected to proxy localRank 0 -> connection 0x776a9c005080
ip-10-181-1-244:56:80 [0] NCCL INFO Could not get speed from /sys/class/net/ens5/speed. Defaulting to 10 Gbps.
ip-10-181-1-244:56:56 [0] NCCL INFO Channel 00/0 : 2[0] -> 3[0] [send] via NET/Socket/0
ip-10-181-1-244:56:80 [0] NCCL INFO New proxy send connection 3 from local rank 0, transport 2
ip-10-181-1-244:56:56 [0] NCCL INFO Connected to proxy localRank 0 -> connection 0x776a9c005108
ip-10-181-1-244:56:80 [0] NCCL INFO Could not get speed from /sys/class/net/ens5/speed. Defaulting to 10 Gbps.
ip-10-181-1-244:56:56 [0] NCCL INFO Channel 00/0 : 2[0] -> 4[0] [send] via NET/Socket/0
ip-10-181-1-244:56:80 [0] NCCL INFO New proxy recv connection 4 from local rank 0, transport 2
ip-10-181-1-244:56:56 [0] NCCL INFO Connected to proxy localRank 0 -> connection 0x776a9c005190
ip-10-181-1-244:56:80 [0] NCCL INFO Could not get speed from /sys/class/net/ens5/speed. Defaulting to 10 Gbps.
ip-10-181-1-244:56:80 [0] NCCL INFO NET/Socket: Using 2 threads and 8 sockets per thread
ip-10-181-1-244:56:56 [0] NCCL INFO Channel 00/0 : 4[0] -> 2[0] [receive] via NET/Socket/0
ip-10-181-1-244:56:80 [0] NCCL INFO New proxy recv connection 5 from local rank 0, transport 2
ip-10-181-1-244:56:56 [0] NCCL INFO Connected to proxy localRank 0 -> connection 0x776a9c005218
ip-10-181-1-244:56:80 [0] NCCL INFO Could not get speed from /sys/class/net/ens5/speed. Defaulting to 10 Gbps.
ip-10-181-1-244:56:80 [0] NCCL INFO NET/Socket: Using 2 threads and 8 sockets per thread
ip-10-181-1-244:56:56 [0] NCCL INFO Channel 00/0 : 3[0] -> 2[0] [receive] via NET/Socket/0
ip-10-181-1-244:56:80 [0] NCCL INFO New proxy send connection 6 from local rank 0, transport 2
ip-10-181-1-244:56:56 [0] NCCL INFO Connected to proxy localRank 0 -> connection 0x776a9c0052a0
ip-10-181-1-244:56:80 [0] NCCL INFO Could not get speed from /sys/class/net/ens5/speed. Defaulting to 10 Gbps.
ip-10-181-1-244:56:56 [0] NCCL INFO Channel 00/0 : 2[0] -> 1[0] [send] via NET/Socket/0
ip-10-181-1-244:56:80 [0] NCCL INFO New proxy send connection 7 from local rank 0, transport 2
ip-10-181-1-244:56:56 [0] NCCL INFO Connected to proxy localRank 0 -> connection 0x776a9c005328
ip-10-181-1-244:56:80 [0] NCCL INFO Could not get speed from /sys/class/net/ens5/speed. Defaulting to 10 Gbps.
ip-10-181-1-244:56:56 [0] NCCL INFO Channel 01/0 : 2[0] -> 1[0] [send] via NET/Socket/0
ip-10-181-1-244:56:56 [0] NCCL INFO Connected all trees
ip-10-181-1-244:56:56 [0] NCCL INFO Initialized NET plugin Socket
ip-10-181-1-244:56:56 [0] NCCL INFO Could not get speed from /sys/class/net/ens5/speed. Defaulting to 10 Gbps.
ip-10-181-1-244:56:56 [0] NCCL INFO Assigned NET plugin Socket to comm
ip-10-181-1-244:56:56 [0] NCCL INFO Failed to initialize any GIN plugin
ip-10-181-1-244:56:56 [0] NCCL INFO Using network Socket
ip-10-181-1-244:56:56 [0] NCCL INFO [Rank 0] ncclCommInitRankConfig comm 0x626508ca2410 rank 0 nranks 2 cudaDev 0 nvmlDev 0 busId 1e0 commId 0xc521a738acfad6a2 - Init START
ip-10-181-1-244:56:56 [0] NCCL INFO Topology detection : could not read /sys/devices/pci0000:00/0000:00:1e.0/../max_link_speed, ignoring
ip-10-181-1-244:56:56 [0] NCCL INFO Topology detection : could not read /sys/devices/pci0000:00/0000:00:1e.0/../max_link_width, ignoring
ip-10-181-1-244:56:56 [0] NCCL INFO Topology detection : could not read /sys/devices/system/node/node-1/cpumap, ignoring
ip-10-181-1-244:56:56 [0] NCCL INFO TOPO/NET : Importing network plugins to topology
ip-10-181-1-244:56:56 [0] NCCL INFO Could not get speed from /sys/class/net/ens5/speed. Defaulting to 10 Gbps.
ip-10-181-1-244:56:56 [0] NCCL INFO Topology detection : could not read /sys/devices/pci0000:00/0000:00:05.0/../max_link_speed, ignoring
ip-10-181-1-244:56:56 [0] NCCL INFO Topology detection : could not read /sys/devices/pci0000:00/0000:00:05.0/../max_link_width, ignoring
ip-10-181-1-244:56:56 [0] NCCL INFO Topology detection : could not read /sys/devices/system/node/node-1/cpumap, ignoring
ip-10-181-1-244:56:56 [0] NCCL INFO NET/Socket : GPU Direct RDMA Disabled for HCA 0 'ens5'
ip-10-181-1-244:56:56 [0] NCCL INFO ncclTopoPopulateNics : Filled ens5 in topo with pciPath=/sys/devices/pci0000:00/0000:00:05.0 net=1 gin=(null) keep=1 coll=(null)
ip-10-181-1-244:56:56 [0] NCCL INFO KV Convert to int : could not find value of 'Unknown' in dictionary, falling back to 60
ip-10-181-1-244:56:56 [0] NCCL INFO === System : maxBw 1.2 totalBw 24.0 ===
ip-10-181-1-244:56:56 [0] NCCL INFO CPU/0-ffffffffffffff (1/2/-1)
ip-10-181-1-244:56:56 [0] NCCL INFO + PCI[24.0] - GPU/0-1e0 (0)
ip-10-181-1-244:56:56 [0] NCCL INFO + PCI[12.0] - NIC/0-50
ip-10-181-1-244:56:56 [0] NCCL INFO               + NET[1.2] - NET/0-0 (0/0/0/1.250000)
ip-10-181-1-244:56:56 [0] NCCL INFO ==========================================
ip-10-181-1-244:56:56 [0] NCCL INFO GPU/0-1e0 :GPU/0-1e0 (0/5000.0/LOC) CPU/0-ffffffffffffff (1/24.0/PHB) NET/0-0 (3/1.2/PHB) 
ip-10-181-1-244:56:56 [0] NCCL INFO NET/0-0 :GPU/0-1e0 (3/1.2/PHB) CPU/0-ffffffffffffff (2/1.2/PHB) NET/0-0 (0/5000.0/LOC) 
ip-10-181-1-244:56:56 [0] NCCL INFO ncclTopoGetCpuAffinity: Affinity for GPU 0 is empty, ignoring. (GPU affinity =  ; CPU affinity = 0-3).
ip-10-181-1-244:56:56 [0] NCCL INFO Pattern 4, crossNic 0, nChannels 1, bw 1.200000/1.200000, type LOC/PHB, sameChannels 1
ip-10-181-1-244:56:56 [0] NCCL INFO  0 : NET/0-0 GPU/0-1e0 NET/0-0
ip-10-181-1-244:56:56 [0] NCCL INFO Pattern 3, crossNic 0, nChannels 1, bw 2.400000/1.200000, type LOC/PHB, sameChannels 1
ip-10-181-1-244:56:56 [0] NCCL INFO  0 : NET/0-0 GPU/0-1e0 NET/0-0
ip-10-181-1-244:56:56 [0] NCCL INFO Could not get speed from /sys/class/net/ens5/speed. Defaulting to 10 Gbps.
ip-10-181-1-244:56:56 [0] NCCL INFO comm 0x626508ca2410 rank 0 nRanks 2 nNodes 2 localRanks 1 localRank 0 MNNVL 0
ip-10-181-1-244:56:56 [0] NCCL INFO Tree 0 : -1 -> 0 -> 1/-1/-1
ip-10-181-1-244:56:56 [0] NCCL INFO Tree 1 : 1 -> 0 -> -1/-1/-1
ip-10-181-1-244:56:56 [0] NCCL INFO Channel 00/02 : 0 1
ip-10-181-1-244:56:56 [0] NCCL INFO Channel 01/02 : 0 1
ip-10-181-1-244:56:56 [0] NCCL INFO Ring 00 : 1 -> 0 -> 1
ip-10-181-1-244:56:56 [0] NCCL INFO Ring 01 : 1 -> 0 -> 1
ip-10-181-1-244:56:56 [0] NCCL INFO Trees [0] 1/-1/-1->0->-1 [1] -1/-1/-1->0->1
ip-10-181-1-244:56:56 [0] NCCL INFO P2P Chunksize set to 131072
ip-10-181-1-244:56:56 [0] NCCL INFO Check P2P Type isAllDirectP2p 1 directMode 0 isAllCudaP2p 1
ip-10-181-1-244:56:84 [0] NCCL INFO [Proxy Service] Device 0 CPU core 2
ip-10-181-1-244:56:56 [0] NCCL INFO ncclP2pSchedule: group size used is 1
ip-10-181-1-244:56:85 [0] NCCL INFO [Proxy Service UDS] Device 0 CPU core 3
ip-10-181-1-244:56:56 [0] NCCL INFO threadThresholds 8/8/64 | 16/8/64 | 512 | 512
ip-10-181-1-244:56:56 [0] NCCL INFO 2 coll channels, 2 collnet channels, 0 nvls channels, 2 p2p channels, 1 p2p channels per peer
ip-10-181-1-244:56:56 [0] NCCL INFO Symmetric VA size=24GB
ip-10-181-1-244:56:56 [0] NCCL INFO Symmetric memory is not supported. cuMemEnable 1, globalGinSupport 0, globalNicFused 0 cuMemGdrSupport 1
ip-10-181-1-244:56:56 [0] NCCL INFO CC Off, workFifoBytes 1048576
ip-10-181-1-244:56:56 [0] NCCL INFO ncclCommInitRankConfig comm 0x626508ca2410 rank 0 nranks 2 cudaDev 0 nvmlDev 0 busId 1e0 commId 0xc521a738acfad6a2 - Init COMPLETE
ip-10-181-1-244:56:56 [0] NCCL INFO Init timings - ncclCommInitRankConfig: rank 0 nranks 2 total 0.42 (kernels 0.00, alloc 0.00, bootstrap 0.32, allgathers 0.10, topo 0.00, graphs 0.00, connections 0.00, rest 0.00)
ip-10-181-1-244:56:84 [0] NCCL INFO New proxy send connection 0 from local rank 0, transport 2
ip-10-181-1-244:56:86 [0] NCCL INFO [Proxy Progress] Device 0 CPU core 0
ip-10-181-1-244:56:56 [0] NCCL INFO Connected to proxy localRank 0 -> connection 0x776a74004f70
ip-10-181-1-244:56:84 [0] NCCL INFO Could not get speed from /sys/class/net/ens5/speed. Defaulting to 10 Gbps.
ip-10-181-1-244:56:56 [0] NCCL INFO Channel 01/1 : 0[0] -> 1[0] [send] via NET/Socket/0/Shared
ip-10-181-1-244:56:84 [0] NCCL INFO New proxy recv connection 1 from local rank 0, transport 2
ip-10-181-1-244:56:56 [0] NCCL INFO Connected to proxy localRank 0 -> connection 0x776a74004ff8
ip-10-181-1-244:56:84 [0] NCCL INFO Could not get speed from /sys/class/net/ens5/speed. Defaulting to 10 Gbps.
ip-10-181-1-244:56:84 [0] NCCL INFO NET/Socket: Using 2 threads and 8 sockets per thread
ip-10-181-1-244:56:56 [0] NCCL INFO Channel 01/1 : 1[0] -> 0[0] [receive] via NET/Socket/0/Shared
ip-10-181-1-244:56:56 [0] NCCL INFO Initialized NET plugin Socket
ip-10-181-1-244:56:56 [0] NCCL INFO Could not get speed from /sys/class/net/ens5/speed. Defaulting to 10 Gbps.
ip-10-181-1-244:56:56 [0] NCCL INFO Assigned NET plugin Socket to comm
ip-10-181-1-244:56:56 [0] NCCL INFO Failed to initialize any GIN plugin
ip-10-181-1-244:56:56 [0] NCCL INFO Using network Socket
ip-10-181-1-244:56:56 [0] NCCL INFO [Rank 0] ncclCommInitRankConfig comm 0x626508f76680 rank 0 nranks 2 cudaDev 0 nvmlDev 0 busId 1e0 commId 0x65b2e29aaa0f72a7 - Init START
ip-10-181-1-244:56:56 [0] NCCL INFO Topology detection : could not read /sys/devices/pci0000:00/0000:00:1e.0/../max_link_speed, ignoring
ip-10-181-1-244:56:56 [0] NCCL INFO Topology detection : could not read /sys/devices/pci0000:00/0000:00:1e.0/../max_link_width, ignoring
ip-10-181-1-244:56:56 [0] NCCL INFO Topology detection : could not read /sys/devices/system/node/node-1/cpumap, ignoring
ip-10-181-1-244:56:56 [0] NCCL INFO TOPO/NET : Importing network plugins to topology
ip-10-181-1-244:56:56 [0] NCCL INFO Could not get speed from /sys/class/net/ens5/speed. Defaulting to 10 Gbps.
ip-10-181-1-244:56:56 [0] NCCL INFO Topology detection : could not read /sys/devices/pci0000:00/0000:00:05.0/../max_link_speed, ignoring
ip-10-181-1-244:56:56 [0] NCCL INFO Topology detection : could not read /sys/devices/pci0000:00/0000:00:05.0/../max_link_width, ignoring
ip-10-181-1-244:56:56 [0] NCCL INFO Topology detection : could not read /sys/devices/system/node/node-1/cpumap, ignoring
ip-10-181-1-244:56:56 [0] NCCL INFO NET/Socket : GPU Direct RDMA Disabled for HCA 0 'ens5'
ip-10-181-1-244:56:56 [0] NCCL INFO ncclTopoPopulateNics : Filled ens5 in topo with pciPath=/sys/devices/pci0000:00/0000:00:05.0 net=1 gin=(null) keep=1 coll=(null)
ip-10-181-1-244:56:56 [0] NCCL INFO KV Convert to int : could not find value of 'Unknown' in dictionary, falling back to 60
ip-10-181-1-244:56:56 [0] NCCL INFO === System : maxBw 1.2 totalBw 24.0 ===
ip-10-181-1-244:56:56 [0] NCCL INFO CPU/0-ffffffffffffff (1/2/-1)
ip-10-181-1-244:56:56 [0] NCCL INFO + PCI[24.0] - GPU/0-1e0 (0)
ip-10-181-1-244:56:56 [0] NCCL INFO + PCI[12.0] - NIC/0-50
ip-10-181-1-244:56:56 [0] NCCL INFO               + NET[1.2] - NET/0-0 (0/0/0/1.250000)
ip-10-181-1-244:56:56 [0] NCCL INFO ==========================================
ip-10-181-1-244:56:56 [0] NCCL INFO GPU/0-1e0 :GPU/0-1e0 (0/5000.0/LOC) CPU/0-ffffffffffffff (1/24.0/PHB) NET/0-0 (3/1.2/PHB) 
ip-10-181-1-244:56:56 [0] NCCL INFO NET/0-0 :GPU/0-1e0 (3/1.2/PHB) CPU/0-ffffffffffffff (2/1.2/PHB) NET/0-0 (0/5000.0/LOC) 
ip-10-181-1-244:56:56 [0] NCCL INFO ncclTopoGetCpuAffinity: Affinity for GPU 0 is empty, ignoring. (GPU affinity =  ; CPU affinity = 0-3).
ip-10-181-1-244:56:56 [0] NCCL INFO Pattern 4, crossNic 0, nChannels 1, bw 1.200000/1.200000, type LOC/PHB, sameChannels 1
ip-10-181-1-244:56:56 [0] NCCL INFO  0 : NET/0-0 GPU/0-1e0 NET/0-0
ip-10-181-1-244:56:56 [0] NCCL INFO Pattern 3, crossNic 0, nChannels 1, bw 2.400000/1.200000, type LOC/PHB, sameChannels 1
ip-10-181-1-244:56:56 [0] NCCL INFO  0 : NET/0-0 GPU/0-1e0 NET/0-0
ip-10-181-1-244:56:56 [0] NCCL INFO Could not get speed from /sys/class/net/ens5/speed. Defaulting to 10 Gbps.
ip-10-181-1-244:56:56 [0] NCCL INFO comm 0x626508f76680 rank 0 nRanks 2 nNodes 2 localRanks 1 localRank 0 MNNVL 0
ip-10-181-1-244:56:56 [0] NCCL INFO Tree 0 : -1 -> 0 -> 1/-1/-1
ip-10-181-1-244:56:56 [0] NCCL INFO Tree 1 : 1 -> 0 -> -1/-1/-1
ip-10-181-1-244:56:56 [0] NCCL INFO Channel 00/02 : 0 1
ip-10-181-1-244:56:56 [0] NCCL INFO Channel 01/02 : 0 1
ip-10-181-1-244:56:56 [0] NCCL INFO Ring 00 : 1 -> 0 -> 1
ip-10-181-1-244:56:56 [0] NCCL INFO Ring 01 : 1 -> 0 -> 1
ip-10-181-1-244:56:56 [0] NCCL INFO Trees [0] 1/-1/-1->0->-1 [1] -1/-1/-1->0->1
ip-10-181-1-244:56:56 [0] NCCL INFO P2P Chunksize set to 131072
ip-10-181-1-244:56:56 [0] NCCL INFO Check P2P Type isAllDirectP2p 1 directMode 0 isAllCudaP2p 1
ip-10-181-1-244:56:56 [0] NCCL INFO ncclP2pSchedule: group size used is 1
ip-10-181-1-244:56:92 [0] NCCL INFO [Proxy Service] Device 0 CPU core 2
ip-10-181-1-244:56:93 [0] NCCL INFO [Proxy Service UDS] Device 0 CPU core 3
ip-10-181-1-244:56:56 [0] NCCL INFO threadThresholds 8/8/64 | 16/8/64 | 512 | 512
ip-10-181-1-244:56:56 [0] NCCL INFO 2 coll channels, 2 collnet channels, 0 nvls channels, 2 p2p channels, 1 p2p channels per peer
ip-10-181-1-244:56:56 [0] NCCL INFO Symmetric VA size=24GB
ip-10-181-1-244:56:56 [0] NCCL INFO Symmetric memory is not supported. cuMemEnable 1, globalGinSupport 0, globalNicFused 0 cuMemGdrSupport 1
ip-10-181-1-244:56:56 [0] NCCL INFO CC Off, workFifoBytes 1048576
ip-10-181-1-244:56:56 [0] NCCL INFO ncclCommInitRankConfig comm 0x626508f76680 rank 0 nranks 2 cudaDev 0 nvmlDev 0 busId 1e0 commId 0x65b2e29aaa0f72a7 - Init COMPLETE
ip-10-181-1-244:56:56 [0] NCCL INFO Init timings - ncclCommInitRankConfig: rank 0 nranks 2 total 1.23 (kernels 0.00, alloc 0.00, bootstrap 0.95, allgathers 0.28, topo 0.00, graphs 0.00, connections 0.00, rest 0.00)
ip-10-181-1-244:56:92 [0] NCCL INFO New proxy send connection 0 from local rank 0, transport 2
ip-10-181-1-244:56:94 [0] NCCL INFO [Proxy Progress] Device 0 CPU core 0
ip-10-181-1-244:56:56 [0] NCCL INFO Connected to proxy localRank 0 -> connection 0x776a58004f70
ip-10-181-1-244:56:92 [0] NCCL INFO Could not get speed from /sys/class/net/ens5/speed. Defaulting to 10 Gbps.
ip-10-181-1-244:56:56 [0] NCCL INFO Channel 01/1 : 0[0] -> 1[0] [send] via NET/Socket/0/Shared
ip-10-181-1-244:56:92 [0] NCCL INFO New proxy recv connection 1 from local rank 0, transport 2
ip-10-181-1-244:56:56 [0] NCCL INFO Connected to proxy localRank 0 -> connection 0x776a58004ff8
ip-10-181-1-244:56:92 [0] NCCL INFO Could not get speed from /sys/class/net/ens5/speed. Defaulting to 10 Gbps.
ip-10-181-1-244:56:92 [0] NCCL INFO NET/Socket: Using 2 threads and 8 sockets per thread
ip-10-181-1-244:56:56 [0] NCCL INFO Channel 01/1 : 1[0] -> 0[0] [receive] via NET/Socket/0/Shared
ip-10-181-1-244:56:56 [0] NCCL INFO Initialized NET plugin Socket
ip-10-181-1-244:56:56 [0] NCCL INFO Could not get speed from /sys/class/net/ens5/speed. Defaulting to 10 Gbps.
ip-10-181-1-244:56:56 [0] NCCL INFO Assigned NET plugin Socket to comm
ip-10-181-1-244:56:56 [0] NCCL INFO Failed to initialize any GIN plugin
ip-10-181-1-244:56:56 [0] NCCL INFO Using network Socket
ip-10-181-1-244:56:56 [0] NCCL INFO [Rank 0] ncclCommInitRankConfig comm 0x626509151ad0 rank 0 nranks 2 cudaDev 0 nvmlDev 0 busId 1e0 commId 0xbe0e7e6eaddc46b6 - Init START
ip-10-181-1-244:56:56 [0] NCCL INFO Topology detection : could not read /sys/devices/pci0000:00/0000:00:1e.0/../max_link_speed, ignoring
ip-10-181-1-244:56:56 [0] NCCL INFO Topology detection : could not read /sys/devices/pci0000:00/0000:00:1e.0/../max_link_width, ignoring
ip-10-181-1-244:56:56 [0] NCCL INFO Topology detection : could not read /sys/devices/system/node/node-1/cpumap, ignoring
ip-10-181-1-244:56:56 [0] NCCL INFO TOPO/NET : Importing network plugins to topology
ip-10-181-1-244:56:56 [0] NCCL INFO Could not get speed from /sys/class/net/ens5/speed. Defaulting to 10 Gbps.
ip-10-181-1-244:56:56 [0] NCCL INFO Topology detection : could not read /sys/devices/pci0000:00/0000:00:05.0/../max_link_speed, ignoring
ip-10-181-1-244:56:56 [0] NCCL INFO Topology detection : could not read /sys/devices/pci0000:00/0000:00:05.0/../max_link_width, ignoring
ip-10-181-1-244:56:56 [0] NCCL INFO Topology detection : could not read /sys/devices/system/node/node-1/cpumap, ignoring
ip-10-181-1-244:56:56 [0] NCCL INFO NET/Socket : GPU Direct RDMA Disabled for HCA 0 'ens5'
ip-10-181-1-244:56:56 [0] NCCL INFO ncclTopoPopulateNics : Filled ens5 in topo with pciPath=/sys/devices/pci0000:00/0000:00:05.0 net=1 gin=(null) keep=1 coll=(null)
ip-10-181-1-244:56:56 [0] NCCL INFO KV Convert to int : could not find value of 'Unknown' in dictionary, falling back to 60
ip-10-181-1-244:56:56 [0] NCCL INFO === System : maxBw 1.2 totalBw 24.0 ===
ip-10-181-1-244:56:56 [0] NCCL INFO CPU/0-ffffffffffffff (1/2/-1)
ip-10-181-1-244:56:56 [0] NCCL INFO + PCI[24.0] - GPU/0-1e0 (0)
ip-10-181-1-244:56:56 [0] NCCL INFO + PCI[12.0] - NIC/0-50
ip-10-181-1-244:56:56 [0] NCCL INFO               + NET[1.2] - NET/0-0 (0/0/0/1.250000)
ip-10-181-1-244:56:56 [0] NCCL INFO ==========================================
ip-10-181-1-244:56:56 [0] NCCL INFO GPU/0-1e0 :GPU/0-1e0 (0/5000.0/LOC) CPU/0-ffffffffffffff (1/24.0/PHB) NET/0-0 (3/1.2/PHB) 
ip-10-181-1-244:56:56 [0] NCCL INFO NET/0-0 :GPU/0-1e0 (3/1.2/PHB) CPU/0-ffffffffffffff (2/1.2/PHB) NET/0-0 (0/5000.0/LOC) 
ip-10-181-1-244:56:56 [0] NCCL INFO ncclTopoGetCpuAffinity: Affinity for GPU 0 is empty, ignoring. (GPU affinity =  ; CPU affinity = 0-3).
ip-10-181-1-244:56:56 [0] NCCL INFO Pattern 4, crossNic 0, nChannels 1, bw 1.200000/1.200000, type LOC/PHB, sameChannels 1
ip-10-181-1-244:56:56 [0] NCCL INFO  0 : NET/0-0 GPU/0-1e0 NET/0-0
ip-10-181-1-244:56:56 [0] NCCL INFO Pattern 3, crossNic 0, nChannels 1, bw 2.400000/1.200000, type LOC/PHB, sameChannels 1
ip-10-181-1-244:56:56 [0] NCCL INFO  0 : NET/0-0 GPU/0-1e0 NET/0-0
ip-10-181-1-244:56:56 [0] NCCL INFO Could not get speed from /sys/class/net/ens5/speed. Defaulting to 10 Gbps.
ip-10-181-1-244:56:56 [0] NCCL INFO comm 0x626509151ad0 rank 0 nRanks 2 nNodes 2 localRanks 1 localRank 0 MNNVL 0
ip-10-181-1-244:56:56 [0] NCCL INFO Tree 0 : -1 -> 0 -> 1/-1/-1
ip-10-181-1-244:56:56 [0] NCCL INFO Tree 1 : 1 -> 0 -> -1/-1/-1
ip-10-181-1-244:56:56 [0] NCCL INFO Channel 00/02 : 0 1
ip-10-181-1-244:56:56 [0] NCCL INFO Channel 01/02 : 0 1
ip-10-181-1-244:56:56 [0] NCCL INFO Ring 00 : 1 -> 0 -> 1
ip-10-181-1-244:56:56 [0] NCCL INFO Ring 01 : 1 -> 0 -> 1
ip-10-181-1-244:56:56 [0] NCCL INFO Trees [0] 1/-1/-1->0->-1 [1] -1/-1/-1->0->1
ip-10-181-1-244:56:56 [0] NCCL INFO P2P Chunksize set to 131072
ip-10-181-1-244:56:56 [0] NCCL INFO Check P2P Type isAllDirectP2p 1 directMode 0 isAllCudaP2p 1
ip-10-181-1-244:56:100 [0] NCCL INFO [Proxy Service] Device 0 CPU core 3
ip-10-181-1-244:56:56 [0] NCCL INFO ncclP2pSchedule: group size used is 1
ip-10-181-1-244:56:101 [0] NCCL INFO [Proxy Service UDS] Device 0 CPU core 3
ip-10-181-1-244:56:56 [0] NCCL INFO threadThresholds 8/8/64 | 16/8/64 | 512 | 512
ip-10-181-1-244:56:56 [0] NCCL INFO 2 coll channels, 2 collnet channels, 0 nvls channels, 2 p2p channels, 1 p2p channels per peer
ip-10-181-1-244:56:56 [0] NCCL INFO Symmetric VA size=24GB
ip-10-181-1-244:56:56 [0] NCCL INFO Symmetric memory is not supported. cuMemEnable 1, globalGinSupport 0, globalNicFused 0 cuMemGdrSupport 1
ip-10-181-1-244:56:56 [0] NCCL INFO CC Off, workFifoBytes 1048576
ip-10-181-1-244:56:56 [0] NCCL INFO ncclCommInitRankConfig comm 0x626509151ad0 rank 0 nranks 2 cudaDev 0 nvmlDev 0 busId 1e0 commId 0xbe0e7e6eaddc46b6 - Init COMPLETE
ip-10-181-1-244:56:56 [0] NCCL INFO Init timings - ncclCommInitRankConfig: rank 0 nranks 2 total 1.56 (kernels 0.00, alloc 0.00, bootstrap 1.21, allgathers 0.34, topo 0.00, graphs 0.00, connections 0.00, rest 0.00)
ip-10-181-1-244:56:100 [0] NCCL INFO New proxy send connection 0 from local rank 0, transport 2
ip-10-181-1-244:56:102 [0] NCCL INFO [Proxy Progress] Device 0 CPU core 1
ip-10-181-1-244:56:56 [0] NCCL INFO Connected to proxy localRank 0 -> connection 0x776a3c004f70
ip-10-181-1-244:56:100 [0] NCCL INFO Could not get speed from /sys/class/net/ens5/speed. Defaulting to 10 Gbps.
ip-10-181-1-244:56:56 [0] NCCL INFO Channel 01/1 : 0[0] -> 1[0] [send] via NET/Socket/0/Shared
ip-10-181-1-244:56:100 [0] NCCL INFO New proxy recv connection 1 from local rank 0, transport 2
ip-10-181-1-244:56:56 [0] NCCL INFO Connected to proxy localRank 0 -> connection 0x776a3c004ff8
ip-10-181-1-244:56:100 [0] NCCL INFO Could not get speed from /sys/class/net/ens5/speed. Defaulting to 10 Gbps.
ip-10-181-1-244:56:100 [0] NCCL INFO NET/Socket: Using 2 threads and 8 sockets per thread
ip-10-181-1-244:56:56 [0] NCCL INFO Channel 01/1 : 1[0] -> 0[0] [receive] via NET/Socket/0/Shared
ip-10-181-1-244:56:56 [0] NCCL INFO Initialized NET plugin Socket
ip-10-181-1-244:56:56 [0] NCCL INFO Could not get speed from /sys/class/net/ens5/speed. Defaulting to 10 Gbps.
ip-10-181-1-244:56:56 [0] NCCL INFO Assigned NET plugin Socket to comm
ip-10-181-1-244:56:56 [0] NCCL INFO Failed to initialize any GIN plugin
ip-10-181-1-244:56:56 [0] NCCL INFO Using network Socket
ip-10-181-1-244:56:56 [0] NCCL INFO [Rank 0] ncclCommInitRankConfig comm 0x6265092768c0 rank 0 nranks 2 cudaDev 0 nvmlDev 0 busId 1e0 commId 0x4801b10275eed029 - Init START
ip-10-181-1-244:56:56 [0] NCCL INFO Topology detection : could not read /sys/devices/pci0000:00/0000:00:1e.0/../max_link_speed, ignoring
ip-10-181-1-244:56:56 [0] NCCL INFO Topology detection : could not read /sys/devices/pci0000:00/0000:00:1e.0/../max_link_width, ignoring
ip-10-181-1-244:56:56 [0] NCCL INFO Topology detection : could not read /sys/devices/system/node/node-1/cpumap, ignoring
ip-10-181-1-244:56:56 [0] NCCL INFO TOPO/NET : Importing network plugins to topology
ip-10-181-1-244:56:56 [0] NCCL INFO Could not get speed from /sys/class/net/ens5/speed. Defaulting to 10 Gbps.
ip-10-181-1-244:56:56 [0] NCCL INFO Topology detection : could not read /sys/devices/pci0000:00/0000:00:05.0/../max_link_speed, ignoring
ip-10-181-1-244:56:56 [0] NCCL INFO Topology detection : could not read /sys/devices/pci0000:00/0000:00:05.0/../max_link_width, ignoring
ip-10-181-1-244:56:56 [0] NCCL INFO Topology detection : could not read /sys/devices/system/node/node-1/cpumap, ignoring
ip-10-181-1-244:56:56 [0] NCCL INFO NET/Socket : GPU Direct RDMA Disabled for HCA 0 'ens5'
ip-10-181-1-244:56:56 [0] NCCL INFO ncclTopoPopulateNics : Filled ens5 in topo with pciPath=/sys/devices/pci0000:00/0000:00:05.0 net=1 gin=(null) keep=1 coll=(null)
ip-10-181-1-244:56:56 [0] NCCL INFO KV Convert to int : could not find value of 'Unknown' in dictionary, falling back to 60
ip-10-181-1-244:56:56 [0] NCCL INFO === System : maxBw 1.2 totalBw 24.0 ===
ip-10-181-1-244:56:56 [0] NCCL INFO CPU/0-ffffffffffffff (1/2/-1)
ip-10-181-1-244:56:56 [0] NCCL INFO + PCI[24.0] - GPU/0-1e0 (0)
ip-10-181-1-244:56:56 [0] NCCL INFO + PCI[12.0] - NIC/0-50
ip-10-181-1-244:56:56 [0] NCCL INFO               + NET[1.2] - NET/0-0 (0/0/0/1.250000)
ip-10-181-1-244:56:56 [0] NCCL INFO ==========================================
ip-10-181-1-244:56:56 [0] NCCL INFO GPU/0-1e0 :GPU/0-1e0 (0/5000.0/LOC) CPU/0-ffffffffffffff (1/24.0/PHB) NET/0-0 (3/1.2/PHB) 
ip-10-181-1-244:56:56 [0] NCCL INFO NET/0-0 :GPU/0-1e0 (3/1.2/PHB) CPU/0-ffffffffffffff (2/1.2/PHB) NET/0-0 (0/5000.0/LOC) 
ip-10-181-1-244:56:56 [0] NCCL INFO ncclTopoGetCpuAffinity: Affinity for GPU 0 is empty, ignoring. (GPU affinity =  ; CPU affinity = 0-3).
ip-10-181-1-244:56:56 [0] NCCL INFO Pattern 4, crossNic 0, nChannels 1, bw 1.200000/1.200000, type LOC/PHB, sameChannels 1
ip-10-181-1-244:56:56 [0] NCCL INFO  0 : NET/0-0 GPU/0-1e0 NET/0-0
ip-10-181-1-244:56:56 [0] NCCL INFO Pattern 3, crossNic 0, nChannels 1, bw 2.400000/1.200000, type LOC/PHB, sameChannels 1
ip-10-181-1-244:56:56 [0] NCCL INFO  0 : NET/0-0 GPU/0-1e0 NET/0-0
ip-10-181-1-244:56:56 [0] NCCL INFO Could not get speed from /sys/class/net/ens5/speed. Defaulting to 10 Gbps.
ip-10-181-1-244:56:56 [0] NCCL INFO comm 0x6265092768c0 rank 0 nRanks 2 nNodes 2 localRanks 1 localRank 0 MNNVL 0
ip-10-181-1-244:56:56 [0] NCCL INFO Tree 0 : -1 -> 0 -> 1/-1/-1
ip-10-181-1-244:56:56 [0] NCCL INFO Tree 1 : 1 -> 0 -> -1/-1/-1
ip-10-181-1-244:56:56 [0] NCCL INFO Channel 00/02 : 0 1
ip-10-181-1-244:56:56 [0] NCCL INFO Channel 01/02 : 0 1
ip-10-181-1-244:56:56 [0] NCCL INFO Ring 00 : 1 -> 0 -> 1
ip-10-181-1-244:56:56 [0] NCCL INFO Ring 01 : 1 -> 0 -> 1
ip-10-181-1-244:56:56 [0] NCCL INFO Trees [0] 1/-1/-1->0->-1 [1] -1/-1/-1->0->1
ip-10-181-1-244:56:56 [0] NCCL INFO P2P Chunksize set to 131072
ip-10-181-1-244:56:56 [0] NCCL INFO Check P2P Type isAllDirectP2p 1 directMode 0 isAllCudaP2p 1
ip-10-181-1-244:56:56 [0] NCCL INFO ncclP2pSchedule: group size used is 1
ip-10-181-1-244:56:108 [0] NCCL INFO [Proxy Service] Device 0 CPU core 3
ip-10-181-1-244:56:109 [0] NCCL INFO [Proxy Service UDS] Device 0 CPU core 0
ip-10-181-1-244:56:56 [0] NCCL INFO threadThresholds 8/8/64 | 16/8/64 | 512 | 512
ip-10-181-1-244:56:56 [0] NCCL INFO 2 coll channels, 2 collnet channels, 0 nvls channels, 2 p2p channels, 1 p2p channels per peer
ip-10-181-1-244:56:56 [0] NCCL INFO Symmetric VA size=24GB
ip-10-181-1-244:56:56 [0] NCCL INFO Symmetric memory is not supported. cuMemEnable 1, globalGinSupport 0, globalNicFused 0 cuMemGdrSupport 1
ip-10-181-1-244:56:56 [0] NCCL INFO CC Off, workFifoBytes 1048576
ip-10-181-1-244:56:56 [0] NCCL INFO ncclCommInitRankConfig comm 0x6265092768c0 rank 0 nranks 2 cudaDev 0 nvmlDev 0 busId 1e0 commId 0x4801b10275eed029 - Init COMPLETE
ip-10-181-1-244:56:56 [0] NCCL INFO Init timings - ncclCommInitRankConfig: rank 0 nranks 2 total 0.44 (kernels 0.00, alloc 0.00, bootstrap 0.33, allgathers 0.10, topo 0.00, graphs 0.00, connections 0.00, rest 0.00)
ip-10-181-1-244:56:108 [0] NCCL INFO New proxy send connection 0 from local rank 0, transport 2
ip-10-181-1-244:56:110 [0] NCCL INFO [Proxy Progress] Device 0 CPU core 1
ip-10-181-1-244:56:56 [0] NCCL INFO Connected to proxy localRank 0 -> connection 0x776a24004f70
ip-10-181-1-244:56:108 [0] NCCL INFO Could not get speed from /sys/class/net/ens5/speed. Defaulting to 10 Gbps.
ip-10-181-1-244:56:56 [0] NCCL INFO Channel 01/1 : 0[0] -> 1[0] [send] via NET/Socket/0/Shared
ip-10-181-1-244:56:108 [0] NCCL INFO New proxy recv connection 1 from local rank 0, transport 2
ip-10-181-1-244:56:56 [0] NCCL INFO Connected to proxy localRank 0 -> connection 0x776a24004ff8
ip-10-181-1-244:56:108 [0] NCCL INFO Could not get speed from /sys/class/net/ens5/speed. Defaulting to 10 Gbps.
ip-10-181-1-244:56:108 [0] NCCL INFO NET/Socket: Using 2 threads and 8 sockets per thread
ip-10-181-1-244:56:56 [0] NCCL INFO Channel 01/1 : 1[0] -> 0[0] [receive] via NET/Socket/0/Shared
ip-10-181-1-244:56:56 [0] NCCL INFO Initialized NET plugin Socket
ip-10-181-1-244:56:56 [0] NCCL INFO Could not get speed from /sys/class/net/ens5/speed. Defaulting to 10 Gbps.
ip-10-181-1-244:56:56 [0] NCCL INFO Assigned NET plugin Socket to comm
ip-10-181-1-244:56:56 [0] NCCL INFO Failed to initialize any GIN plugin
ip-10-181-1-244:56:56 [0] NCCL INFO Using network Socket
ip-10-181-1-244:56:56 [0] NCCL INFO [Rank 0] ncclCommInitRankConfig comm 0x62650939b6b0 rank 0 nranks 2 cudaDev 0 nvmlDev 0 busId 1e0 commId 0x2503588a5d9f326d - Init START
ip-10-181-1-244:56:56 [0] NCCL INFO Topology detection : could not read /sys/devices/pci0000:00/0000:00:1e.0/../max_link_speed, ignoring
ip-10-181-1-244:56:56 [0] NCCL INFO Topology detection : could not read /sys/devices/pci0000:00/0000:00:1e.0/../max_link_width, ignoring
ip-10-181-1-244:56:56 [0] NCCL INFO Topology detection : could not read /sys/devices/system/node/node-1/cpumap, ignoring
ip-10-181-1-244:56:56 [0] NCCL INFO TOPO/NET : Importing network plugins to topology
ip-10-181-1-244:56:56 [0] NCCL INFO Could not get speed from /sys/class/net/ens5/speed. Defaulting to 10 Gbps.
ip-10-181-1-244:56:56 [0] NCCL INFO Topology detection : could not read /sys/devices/pci0000:00/0000:00:05.0/../max_link_speed, ignoring
ip-10-181-1-244:56:56 [0] NCCL INFO Topology detection : could not read /sys/devices/pci0000:00/0000:00:05.0/../max_link_width, ignoring
ip-10-181-1-244:56:56 [0] NCCL INFO Topology detection : could not read /sys/devices/system/node/node-1/cpumap, ignoring
ip-10-181-1-244:56:56 [0] NCCL INFO NET/Socket : GPU Direct RDMA Disabled for HCA 0 'ens5'
ip-10-181-1-244:56:56 [0] NCCL INFO ncclTopoPopulateNics : Filled ens5 in topo with pciPath=/sys/devices/pci0000:00/0000:00:05.0 net=1 gin=(null) keep=1 coll=(null)
ip-10-181-1-244:56:56 [0] NCCL INFO KV Convert to int : could not find value of 'Unknown' in dictionary, falling back to 60
ip-10-181-1-244:56:56 [0] NCCL INFO === System : maxBw 1.2 totalBw 24.0 ===
ip-10-181-1-244:56:56 [0] NCCL INFO CPU/0-ffffffffffffff (1/2/-1)
ip-10-181-1-244:56:56 [0] NCCL INFO + PCI[24.0] - GPU/0-1e0 (0)
ip-10-181-1-244:56:56 [0] NCCL INFO + PCI[12.0] - NIC/0-50
ip-10-181-1-244:56:56 [0] NCCL INFO               + NET[1.2] - NET/0-0 (0/0/0/1.250000)
ip-10-181-1-244:56:56 [0] NCCL INFO ==========================================
ip-10-181-1-244:56:56 [0] NCCL INFO GPU/0-1e0 :GPU/0-1e0 (0/5000.0/LOC) CPU/0-ffffffffffffff (1/24.0/PHB) NET/0-0 (3/1.2/PHB) 
ip-10-181-1-244:56:56 [0] NCCL INFO NET/0-0 :GPU/0-1e0 (3/1.2/PHB) CPU/0-ffffffffffffff (2/1.2/PHB) NET/0-0 (0/5000.0/LOC) 
ip-10-181-1-244:56:56 [0] NCCL INFO ncclTopoGetCpuAffinity: Affinity for GPU 0 is empty, ignoring. (GPU affinity =  ; CPU affinity = 0-3).
ip-10-181-1-244:56:56 [0] NCCL INFO Pattern 4, crossNic 0, nChannels 1, bw 1.200000/1.200000, type LOC/PHB, sameChannels 1
ip-10-181-1-244:56:56 [0] NCCL INFO  0 : NET/0-0 GPU/0-1e0 NET/0-0
ip-10-181-1-244:56:56 [0] NCCL INFO Pattern 3, crossNic 0, nChannels 1, bw 2.400000/1.200000, type LOC/PHB, sameChannels 1
ip-10-181-1-244:56:56 [0] NCCL INFO  0 : NET/0-0 GPU/0-1e0 NET/0-0
ip-10-181-1-244:56:56 [0] NCCL INFO Could not get speed from /sys/class/net/ens5/speed. Defaulting to 10 Gbps.
ip-10-181-1-244:56:56 [0] NCCL INFO comm 0x62650939b6b0 rank 0 nRanks 2 nNodes 2 localRanks 1 localRank 0 MNNVL 0
ip-10-181-1-244:56:56 [0] NCCL INFO Tree 0 : -1 -> 0 -> 1/-1/-1
ip-10-181-1-244:56:56 [0] NCCL INFO Tree 1 : 1 -> 0 -> -1/-1/-1
ip-10-181-1-244:56:56 [0] NCCL INFO Channel 00/02 : 0 1
ip-10-181-1-244:56:56 [0] NCCL INFO Channel 01/02 : 0 1
ip-10-181-1-244:56:56 [0] NCCL INFO Ring 00 : 1 -> 0 -> 1
ip-10-181-1-244:56:56 [0] NCCL INFO Ring 01 : 1 -> 0 -> 1
ip-10-181-1-244:56:56 [0] NCCL INFO Trees [0] 1/-1/-1->0->-1 [1] -1/-1/-1->0->1
ip-10-181-1-244:56:56 [0] NCCL INFO P2P Chunksize set to 131072
ip-10-181-1-244:56:56 [0] NCCL INFO Check P2P Type isAllDirectP2p 1 directMode 0 isAllCudaP2p 1
ip-10-181-1-244:56:116 [0] NCCL INFO [Proxy Service] Device 0 CPU core 0
ip-10-181-1-244:56:56 [0] NCCL INFO ncclP2pSchedule: group size used is 1
ip-10-181-1-244:56:117 [0] NCCL INFO [Proxy Service UDS] Device 0 CPU core 0
ip-10-181-1-244:56:56 [0] NCCL INFO threadThresholds 8/8/64 | 16/8/64 | 512 | 512
ip-10-181-1-244:56:56 [0] NCCL INFO 2 coll channels, 2 collnet channels, 0 nvls channels, 2 p2p channels, 1 p2p channels per peer
ip-10-181-1-244:56:56 [0] NCCL INFO Symmetric VA size=24GB
ip-10-181-1-244:56:56 [0] NCCL INFO Symmetric memory is not supported. cuMemEnable 1, globalGinSupport 0, globalNicFused 0 cuMemGdrSupport 1
ip-10-181-1-244:56:56 [0] NCCL INFO CC Off, workFifoBytes 1048576
ip-10-181-1-244:56:56 [0] NCCL INFO ncclCommInitRankConfig comm 0x62650939b6b0 rank 0 nranks 2 cudaDev 0 nvmlDev 0 busId 1e0 commId 0x2503588a5d9f326d - Init COMPLETE
ip-10-181-1-244:56:56 [0] NCCL INFO Init timings - ncclCommInitRankConfig: rank 0 nranks 2 total 1.40 (kernels 0.00, alloc 0.00, bootstrap 1.08, allgathers 0.32, topo 0.00, graphs 0.00, connections 0.00, rest 0.00)
ip-10-181-1-244:56:116 [0] NCCL INFO New proxy send connection 0 from local rank 0, transport 2
ip-10-181-1-244:56:118 [0] NCCL INFO [Proxy Progress] Device 0 CPU core 3
ip-10-181-1-244:56:56 [0] NCCL INFO Connected to proxy localRank 0 -> connection 0x776a08004f70
ip-10-181-1-244:56:116 [0] NCCL INFO Could not get speed from /sys/class/net/ens5/speed. Defaulting to 10 Gbps.
ip-10-181-1-244:56:56 [0] NCCL INFO Channel 01/1 : 0[0] -> 1[0] [send] via NET/Socket/0/Shared
ip-10-181-1-244:56:116 [0] NCCL INFO New proxy recv connection 1 from local rank 0, transport 2
ip-10-181-1-244:56:56 [0] NCCL INFO Connected to proxy localRank 0 -> connection 0x776a08004ff8
ip-10-181-1-244:56:116 [0] NCCL INFO Could not get speed from /sys/class/net/ens5/speed. Defaulting to 10 Gbps.
ip-10-181-1-244:56:116 [0] NCCL INFO NET/Socket: Using 2 threads and 8 sockets per thread
ip-10-181-1-244:56:56 [0] NCCL INFO Channel 01/1 : 1[0] -> 0[0] [receive] via NET/Socket/0/Shared
ip-10-181-1-244:56:56 [0] NCCL INFO Initialized NET plugin Socket
ip-10-181-1-244:56:56 [0] NCCL INFO Could not get speed from /sys/class/net/ens5/speed. Defaulting to 10 Gbps.
ip-10-181-1-244:56:56 [0] NCCL INFO Assigned NET plugin Socket to comm
ip-10-181-1-244:56:56 [0] NCCL INFO Failed to initialize any GIN plugin
ip-10-181-1-244:56:56 [0] NCCL INFO Using network Socket
ip-10-181-1-244:56:56 [0] NCCL INFO [Rank 0] ncclCommInitRankConfig comm 0x6265095efb20 rank 0 nranks 2 cudaDev 0 nvmlDev 0 busId 1e0 commId 0x3596846056a2c218 - Init START
ip-10-181-1-244:56:56 [0] NCCL INFO Topology detection : could not read /sys/devices/pci0000:00/0000:00:1e.0/../max_link_speed, ignoring
ip-10-181-1-244:56:56 [0] NCCL INFO Topology detection : could not read /sys/devices/pci0000:00/0000:00:1e.0/../max_link_width, ignoring
ip-10-181-1-244:56:56 [0] NCCL INFO Topology detection : could not read /sys/devices/system/node/node-1/cpumap, ignoring
ip-10-181-1-244:56:56 [0] NCCL INFO TOPO/NET : Importing network plugins to topology
ip-10-181-1-244:56:56 [0] NCCL INFO Could not get speed from /sys/class/net/ens5/speed. Defaulting to 10 Gbps.
ip-10-181-1-244:56:56 [0] NCCL INFO Topology detection : could not read /sys/devices/pci0000:00/0000:00:05.0/../max_link_speed, ignoring
ip-10-181-1-244:56:56 [0] NCCL INFO Topology detection : could not read /sys/devices/pci0000:00/0000:00:05.0/../max_link_width, ignoring
ip-10-181-1-244:56:56 [0] NCCL INFO Topology detection : could not read /sys/devices/system/node/node-1/cpumap, ignoring
ip-10-181-1-244:56:56 [0] NCCL INFO NET/Socket : GPU Direct RDMA Disabled for HCA 0 'ens5'
ip-10-181-1-244:56:56 [0] NCCL INFO ncclTopoPopulateNics : Filled ens5 in topo with pciPath=/sys/devices/pci0000:00/0000:00:05.0 net=1 gin=(null) keep=1 coll=(null)
ip-10-181-1-244:56:56 [0] NCCL INFO KV Convert to int : could not find value of 'Unknown' in dictionary, falling back to 60
ip-10-181-1-244:56:56 [0] NCCL INFO === System : maxBw 1.2 totalBw 24.0 ===
ip-10-181-1-244:56:56 [0] NCCL INFO CPU/0-ffffffffffffff (1/2/-1)
ip-10-181-1-244:56:56 [0] NCCL INFO + PCI[24.0] - GPU/0-1e0 (0)
ip-10-181-1-244:56:56 [0] NCCL INFO + PCI[12.0] - NIC/0-50
ip-10-181-1-244:56:56 [0] NCCL INFO               + NET[1.2] - NET/0-0 (0/0/0/1.250000)
ip-10-181-1-244:56:56 [0] NCCL INFO ==========================================
ip-10-181-1-244:56:56 [0] NCCL INFO GPU/0-1e0 :GPU/0-1e0 (0/5000.0/LOC) CPU/0-ffffffffffffff (1/24.0/PHB) NET/0-0 (3/1.2/PHB) 
ip-10-181-1-244:56:56 [0] NCCL INFO NET/0-0 :GPU/0-1e0 (3/1.2/PHB) CPU/0-ffffffffffffff (2/1.2/PHB) NET/0-0 (0/5000.0/LOC) 
ip-10-181-1-244:56:56 [0] NCCL INFO ncclTopoGetCpuAffinity: Affinity for GPU 0 is empty, ignoring. (GPU affinity =  ; CPU affinity = 0-3).
ip-10-181-1-244:56:56 [0] NCCL INFO Pattern 4, crossNic 0, nChannels 1, bw 1.200000/1.200000, type LOC/PHB, sameChannels 1
ip-10-181-1-244:56:56 [0] NCCL INFO  0 : NET/0-0 GPU/0-1e0 NET/0-0
ip-10-181-1-244:56:56 [0] NCCL INFO Pattern 3, crossNic 0, nChannels 1, bw 2.400000/1.200000, type LOC/PHB, sameChannels 1
ip-10-181-1-244:56:56 [0] NCCL INFO  0 : NET/0-0 GPU/0-1e0 NET/0-0
ip-10-181-1-244:56:56 [0] NCCL INFO Could not get speed from /sys/class/net/ens5/speed. Defaulting to 10 Gbps.
ip-10-181-1-244:56:56 [0] NCCL INFO comm 0x6265095efb20 rank 0 nRanks 2 nNodes 2 localRanks 1 localRank 0 MNNVL 0
ip-10-181-1-244:56:56 [0] NCCL INFO Tree 0 : -1 -> 0 -> 1/-1/-1
ip-10-181-1-244:56:56 [0] NCCL INFO Tree 1 : 1 -> 0 -> -1/-1/-1
ip-10-181-1-244:56:56 [0] NCCL INFO Channel 00/02 : 0 1
ip-10-181-1-244:56:56 [0] NCCL INFO Channel 01/02 : 0 1
ip-10-181-1-244:56:56 [0] NCCL INFO Ring 00 : 1 -> 0 -> 1
ip-10-181-1-244:56:56 [0] NCCL INFO Ring 01 : 1 -> 0 -> 1
ip-10-181-1-244:56:56 [0] NCCL INFO Trees [0] 1/-1/-1->0->-1 [1] -1/-1/-1->0->1
ip-10-181-1-244:56:56 [0] NCCL INFO P2P Chunksize set to 131072
ip-10-181-1-244:56:56 [0] NCCL INFO Check P2P Type isAllDirectP2p 1 directMode 0 isAllCudaP2p 1
ip-10-181-1-244:56:124 [0] NCCL INFO [Proxy Service] Device 0 CPU core 1
ip-10-181-1-244:56:56 [0] NCCL INFO ncclP2pSchedule: group size used is 1
ip-10-181-1-244:56:125 [0] NCCL INFO [Proxy Service UDS] Device 0 CPU core 1
ip-10-181-1-244:56:56 [0] NCCL INFO threadThresholds 8/8/64 | 16/8/64 | 512 | 512
ip-10-181-1-244:56:56 [0] NCCL INFO 2 coll channels, 2 collnet channels, 0 nvls channels, 2 p2p channels, 1 p2p channels per peer
ip-10-181-1-244:56:56 [0] NCCL INFO Symmetric VA size=24GB
ip-10-181-1-244:56:56 [0] NCCL INFO Symmetric memory is not supported. cuMemEnable 1, globalGinSupport 0, globalNicFused 0 cuMemGdrSupport 1
ip-10-181-1-244:56:56 [0] NCCL INFO CC Off, workFifoBytes 1048576
ip-10-181-1-244:56:56 [0] NCCL INFO ncclCommInitRankConfig comm 0x6265095efb20 rank 0 nranks 2 cudaDev 0 nvmlDev 0 busId 1e0 commId 0x3596846056a2c218 - Init COMPLETE
ip-10-181-1-244:56:56 [0] NCCL INFO Init timings - ncclCommInitRankConfig: rank 0 nranks 2 total 1.16 (kernels 0.00, alloc 0.00, bootstrap 0.89, allgathers 0.27, topo 0.00, graphs 0.00, connections 0.00, rest 0.00)
ip-10-181-1-244:56:124 [0] NCCL INFO New proxy send connection 0 from local rank 0, transport 2
ip-10-181-1-244:56:126 [0] NCCL INFO [Proxy Progress] Device 0 CPU core 2
ip-10-181-1-244:56:56 [0] NCCL INFO Connected to proxy localRank 0 -> connection 0x7769ec004f70
ip-10-181-1-244:56:124 [0] NCCL INFO Could not get speed from /sys/class/net/ens5/speed. Defaulting to 10 Gbps.
ip-10-181-1-244:56:56 [0] NCCL INFO Channel 01/1 : 0[0] -> 1[0] [send] via NET/Socket/0/Shared
ip-10-181-1-244:56:124 [0] NCCL INFO New proxy recv connection 1 from local rank 0, transport 2
ip-10-181-1-244:56:56 [0] NCCL INFO Connected to proxy localRank 0 -> connection 0x7769ec004ff8
ip-10-181-1-244:56:124 [0] NCCL INFO Could not get speed from /sys/class/net/ens5/speed. Defaulting to 10 Gbps.
ip-10-181-1-244:56:124 [0] NCCL INFO NET/Socket: Using 2 threads and 8 sockets per thread
ip-10-181-1-244:56:56 [0] NCCL INFO Channel 01/1 : 1[0] -> 0[0] [receive] via NET/Socket/0/Shared
ip-10-181-1-244:56:56 [0] NCCL INFO Initialized NET plugin Socket
ip-10-181-1-244:56:56 [0] NCCL INFO Could not get speed from /sys/class/net/ens5/speed. Defaulting to 10 Gbps.
ip-10-181-1-244:56:56 [0] NCCL INFO Assigned NET plugin Socket to comm
ip-10-181-1-244:56:56 [0] NCCL INFO Failed to initialize any GIN plugin
ip-10-181-1-244:56:56 [0] NCCL INFO Using network Socket
ip-10-181-1-244:56:56 [0] NCCL INFO [Rank 1] ncclCommInitRankConfig comm 0x62650975cf40 rank 1 nranks 2 cudaDev 0 nvmlDev 0 busId 1e0 commId 0x31a641e1e851d25f - Init START
ip-10-181-1-244:56:56 [0] NCCL INFO Topology detection : could not read /sys/devices/pci0000:00/0000:00:1e.0/../max_link_speed, ignoring
ip-10-181-1-244:56:56 [0] NCCL INFO Topology detection : could not read /sys/devices/pci0000:00/0000:00:1e.0/../max_link_width, ignoring
ip-10-181-1-244:56:56 [0] NCCL INFO Topology detection : could not read /sys/devices/system/node/node-1/cpumap, ignoring
ip-10-181-1-244:56:56 [0] NCCL INFO TOPO/NET : Importing network plugins to topology
ip-10-181-1-244:56:56 [0] NCCL INFO Could not get speed from /sys/class/net/ens5/speed. Defaulting to 10 Gbps.
ip-10-181-1-244:56:56 [0] NCCL INFO Topology detection : could not read /sys/devices/pci0000:00/0000:00:05.0/../max_link_speed, ignoring
ip-10-181-1-244:56:56 [0] NCCL INFO Topology detection : could not read /sys/devices/pci0000:00/0000:00:05.0/../max_link_width, ignoring
ip-10-181-1-244:56:56 [0] NCCL INFO Topology detection : could not read /sys/devices/system/node/node-1/cpumap, ignoring
ip-10-181-1-244:56:56 [0] NCCL INFO NET/Socket : GPU Direct RDMA Disabled for HCA 0 'ens5'
ip-10-181-1-244:56:56 [0] NCCL INFO ncclTopoPopulateNics : Filled ens5 in topo with pciPath=/sys/devices/pci0000:00/0000:00:05.0 net=1 gin=(null) keep=1 coll=(null)
ip-10-181-1-244:56:56 [0] NCCL INFO KV Convert to int : could not find value of 'Unknown' in dictionary, falling back to 60
ip-10-181-1-244:56:56 [0] NCCL INFO === System : maxBw 1.2 totalBw 24.0 ===
ip-10-181-1-244:56:56 [0] NCCL INFO CPU/0-ffffffffffffff (1/2/-1)
ip-10-181-1-244:56:56 [0] NCCL INFO + PCI[24.0] - GPU/0-1e0 (1)
ip-10-181-1-244:56:56 [0] NCCL INFO + PCI[12.0] - NIC/0-50
ip-10-181-1-244:56:56 [0] NCCL INFO               + NET[1.2] - NET/0-0 (0/0/0/1.250000)
ip-10-181-1-244:56:56 [0] NCCL INFO ==========================================
ip-10-181-1-244:56:56 [0] NCCL INFO GPU/0-1e0 :GPU/0-1e0 (0/5000.0/LOC) CPU/0-ffffffffffffff (1/24.0/PHB) NET/0-0 (3/1.2/PHB) 
ip-10-181-1-244:56:56 [0] NCCL INFO NET/0-0 :GPU/0-1e0 (3/1.2/PHB) CPU/0-ffffffffffffff (2/1.2/PHB) NET/0-0 (0/5000.0/LOC) 
ip-10-181-1-244:56:56 [0] NCCL INFO ncclTopoGetCpuAffinity: Affinity for GPU 0 is empty, ignoring. (GPU affinity =  ; CPU affinity = 0-3).
ip-10-181-1-244:56:56 [0] NCCL INFO Pattern 4, crossNic 0, nChannels 1, bw 1.200000/1.200000, type LOC/PHB, sameChannels 1
ip-10-181-1-244:56:56 [0] NCCL INFO  0 : NET/0-0 GPU/0-1e0 NET/0-0
ip-10-181-1-244:56:56 [0] NCCL INFO Pattern 3, crossNic 0, nChannels 1, bw 2.400000/1.200000, type LOC/PHB, sameChannels 1
ip-10-181-1-244:56:56 [0] NCCL INFO  0 : NET/0-0 GPU/0-1e0 NET/0-0
ip-10-181-1-244:56:56 [0] NCCL INFO Could not get speed from /sys/class/net/ens5/speed. Defaulting to 10 Gbps.
ip-10-181-1-244:56:56 [0] NCCL INFO comm 0x62650975cf40 rank 1 nRanks 2 nNodes 2 localRanks 1 localRank 0 MNNVL 0
ip-10-181-1-244:56:56 [0] NCCL INFO Tree 0 : 0 -> 1 -> -1/-1/-1
ip-10-181-1-244:56:56 [0] NCCL INFO Tree 1 : -1 -> 1 -> 0/-1/-1
ip-10-181-1-244:56:56 [0] NCCL INFO Ring 00 : 0 -> 1 -> 0
ip-10-181-1-244:56:56 [0] NCCL INFO Ring 01 : 0 -> 1 -> 0
ip-10-181-1-244:56:56 [0] NCCL INFO Trees [0] -1/-1/-1->1->0 [1] 0/-1/-1->1->-1
ip-10-181-1-244:56:56 [0] NCCL INFO P2P Chunksize set to 131072
ip-10-181-1-244:56:56 [0] NCCL INFO Check P2P Type isAllDirectP2p 1 directMode 0 isAllCudaP2p 1
ip-10-181-1-244:56:56 [0] NCCL INFO ncclP2pSchedule: group size used is 1
ip-10-181-1-244:56:132 [0] NCCL INFO [Proxy Service UDS] Device 0 CPU core 2
ip-10-181-1-244:56:131 [0] NCCL INFO [Proxy Service] Device 0 CPU core 3
ip-10-181-1-244:56:56 [0] NCCL INFO threadThresholds 8/8/64 | 16/8/64 | 512 | 512
ip-10-181-1-244:56:56 [0] NCCL INFO 2 coll channels, 2 collnet channels, 0 nvls channels, 2 p2p channels, 1 p2p channels per peer
ip-10-181-1-244:56:56 [0] NCCL INFO Symmetric VA size=24GB
ip-10-181-1-244:56:56 [0] NCCL INFO Symmetric memory is not supported. cuMemEnable 1, globalGinSupport 0, globalNicFused 0 cuMemGdrSupport 1
ip-10-181-1-244:56:56 [0] NCCL INFO ncclCommInitRankConfig comm 0x62650975cf40 rank 1 nranks 2 cudaDev 0 nvmlDev 0 busId 1e0 commId 0x31a641e1e851d25f - Init COMPLETE
ip-10-181-1-244:56:56 [0] NCCL INFO Init timings - ncclCommInitRankConfig: rank 1 nranks 2 total 0.41 (kernels 0.00, alloc 0.00, bootstrap 0.29, allgathers 0.12, topo 0.00, graphs 0.00, connections 0.00, rest 0.00)
ip-10-181-1-244:56:131 [0] NCCL INFO New proxy recv connection 0 from local rank 0, transport 2
ip-10-181-1-244:56:133 [0] NCCL INFO [Proxy Progress] Device 0 CPU core 3
ip-10-181-1-244:56:56 [0] NCCL INFO Connected to proxy localRank 0 -> connection 0x7769f8016470
ip-10-181-1-244:56:131 [0] NCCL INFO Could not get speed from /sys/class/net/ens5/speed. Defaulting to 10 Gbps.
ip-10-181-1-244:56:131 [0] NCCL INFO NET/Socket: Using 2 threads and 8 sockets per thread
ip-10-181-1-244:56:56 [0] NCCL INFO Channel 01/1 : 0[0] -> 1[0] [receive] via NET/Socket/0/Shared
ip-10-181-1-244:56:131 [0] NCCL INFO New proxy send connection 1 from local rank 0, transport 2
ip-10-181-1-244:56:56 [0] NCCL INFO Connected to proxy localRank 0 -> connection 0x7769f80164f8
ip-10-181-1-244:56:131 [0] NCCL INFO Could not get speed from /sys/class/net/ens5/speed. Defaulting to 10 Gbps.
ip-10-181-1-244:56:56 [0] NCCL INFO Channel 01/1 : 1[0] -> 0[0] [send] via NET/Socket/0/Shared
ip-10-181-1-244:56:56 [0] NCCL INFO Initialized NET plugin Socket
ip-10-181-1-244:56:56 [0] NCCL INFO Could not get speed from /sys/class/net/ens5/speed. Defaulting to 10 Gbps.
ip-10-181-1-244:56:56 [0] NCCL INFO Assigned NET plugin Socket to comm
ip-10-181-1-244:56:56 [0] NCCL INFO Failed to initialize any GIN plugin
ip-10-181-1-244:56:56 [0] NCCL INFO Using network Socket
ip-10-181-1-244:56:56 [0] NCCL INFO [Rank 0] ncclCommInitRankConfig comm 0x6265104f0ec0 rank 0 nranks 2 cudaDev 0 nvmlDev 0 busId 1e0 commId 0x2619f898a90c064a - Init START
ip-10-181-1-244:56:56 [0] NCCL INFO Topology detection : could not read /sys/devices/pci0000:00/0000:00:1e.0/../max_link_speed, ignoring
ip-10-181-1-244:56:56 [0] NCCL INFO Topology detection : could not read /sys/devices/pci0000:00/0000:00:1e.0/../max_link_width, ignoring
ip-10-181-1-244:56:56 [0] NCCL INFO Topology detection : could not read /sys/devices/system/node/node-1/cpumap, ignoring
ip-10-181-1-244:56:56 [0] NCCL INFO TOPO/NET : Importing network plugins to topology
ip-10-181-1-244:56:56 [0] NCCL INFO Could not get speed from /sys/class/net/ens5/speed. Defaulting to 10 Gbps.
ip-10-181-1-244:56:56 [0] NCCL INFO Topology detection : could not read /sys/devices/pci0000:00/0000:00:05.0/../max_link_speed, ignoring
ip-10-181-1-244:56:56 [0] NCCL INFO Topology detection : could not read /sys/devices/pci0000:00/0000:00:05.0/../max_link_width, ignoring
ip-10-181-1-244:56:56 [0] NCCL INFO Topology detection : could not read /sys/devices/system/node/node-1/cpumap, ignoring
ip-10-181-1-244:56:56 [0] NCCL INFO NET/Socket : GPU Direct RDMA Disabled for HCA 0 'ens5'
ip-10-181-1-244:56:56 [0] NCCL INFO ncclTopoPopulateNics : Filled ens5 in topo with pciPath=/sys/devices/pci0000:00/0000:00:05.0 net=1 gin=(null) keep=1 coll=(null)
ip-10-181-1-244:56:56 [0] NCCL INFO KV Convert to int : could not find value of 'Unknown' in dictionary, falling back to 60
ip-10-181-1-244:56:56 [0] NCCL INFO === System : maxBw 1.2 totalBw 24.0 ===
ip-10-181-1-244:56:56 [0] NCCL INFO CPU/0-ffffffffffffff (1/2/-1)
ip-10-181-1-244:56:56 [0] NCCL INFO + PCI[24.0] - GPU/0-1e0 (0)
ip-10-181-1-244:56:56 [0] NCCL INFO + PCI[12.0] - NIC/0-50
ip-10-181-1-244:56:56 [0] NCCL INFO               + NET[1.2] - NET/0-0 (0/0/0/1.250000)
ip-10-181-1-244:56:56 [0] NCCL INFO ==========================================
ip-10-181-1-244:56:56 [0] NCCL INFO GPU/0-1e0 :GPU/0-1e0 (0/5000.0/LOC) CPU/0-ffffffffffffff (1/24.0/PHB) NET/0-0 (3/1.2/PHB) 
ip-10-181-1-244:56:56 [0] NCCL INFO NET/0-0 :GPU/0-1e0 (3/1.2/PHB) CPU/0-ffffffffffffff (2/1.2/PHB) NET/0-0 (0/5000.0/LOC) 
ip-10-181-1-244:56:56 [0] NCCL INFO ncclTopoGetCpuAffinity: Affinity for GPU 0 is empty, ignoring. (GPU affinity =  ; CPU affinity = 0-3).
ip-10-181-1-244:56:56 [0] NCCL INFO Pattern 4, crossNic 0, nChannels 1, bw 1.200000/1.200000, type LOC/PHB, sameChannels 1
ip-10-181-1-244:56:56 [0] NCCL INFO  0 : NET/0-0 GPU/0-1e0 NET/0-0
ip-10-181-1-244:56:56 [0] NCCL INFO Pattern 3, crossNic 0, nChannels 1, bw 2.400000/1.200000, type LOC/PHB, sameChannels 1
ip-10-181-1-244:56:56 [0] NCCL INFO  0 : NET/0-0 GPU/0-1e0 NET/0-0
ip-10-181-1-244:56:56 [0] NCCL INFO Could not get speed from /sys/class/net/ens5/speed. Defaulting to 10 Gbps.
ip-10-181-1-244:56:56 [0] NCCL INFO comm 0x6265104f0ec0 rank 0 nRanks 2 nNodes 2 localRanks 1 localRank 0 MNNVL 0
ip-10-181-1-244:56:56 [0] NCCL INFO Tree 0 : -1 -> 0 -> 1/-1/-1
ip-10-181-1-244:56:56 [0] NCCL INFO Tree 1 : 1 -> 0 -> -1/-1/-1
ip-10-181-1-244:56:56 [0] NCCL INFO Channel 00/02 : 0 1
ip-10-181-1-244:56:56 [0] NCCL INFO Channel 01/02 : 0 1
ip-10-181-1-244:56:56 [0] NCCL INFO Ring 00 : 1 -> 0 -> 1
ip-10-181-1-244:56:56 [0] NCCL INFO Ring 01 : 1 -> 0 -> 1
ip-10-181-1-244:56:56 [0] NCCL INFO Trees [0] 1/-1/-1->0->-1 [1] -1/-1/-1->0->1
ip-10-181-1-244:56:56 [0] NCCL INFO P2P Chunksize set to 131072
ip-10-181-1-244:56:56 [0] NCCL INFO Check P2P Type isAllDirectP2p 1 directMode 0 isAllCudaP2p 1
ip-10-181-1-244:56:139 [0] NCCL INFO [Proxy Service] Device 0 CPU core 3
ip-10-181-1-244:56:56 [0] NCCL INFO ncclP2pSchedule: group size used is 1
ip-10-181-1-244:56:140 [0] NCCL INFO [Proxy Service UDS] Device 0 CPU core 3
ip-10-181-1-244:56:56 [0] NCCL INFO threadThresholds 8/8/64 | 16/8/64 | 512 | 512
ip-10-181-1-244:56:56 [0] NCCL INFO 2 coll channels, 2 collnet channels, 0 nvls channels, 2 p2p channels, 1 p2p channels per peer
ip-10-181-1-244:56:56 [0] NCCL INFO Symmetric VA size=24GB
ip-10-181-1-244:56:56 [0] NCCL INFO Symmetric memory is not supported. cuMemEnable 1, globalGinSupport 0, globalNicFused 0 cuMemGdrSupport 1
ip-10-181-1-244:56:56 [0] NCCL INFO CC Off, workFifoBytes 1048576
ip-10-181-1-244:56:56 [0] NCCL INFO ncclCommInitRankConfig comm 0x6265104f0ec0 rank 0 nranks 2 cudaDev 0 nvmlDev 0 busId 1e0 commId 0x2619f898a90c064a - Init COMPLETE
ip-10-181-1-244:56:56 [0] NCCL INFO Init timings - ncclCommInitRankConfig: rank 0 nranks 2 total 0.18 (kernels 0.00, alloc 0.00, bootstrap 0.17, allgathers 0.00, topo 0.00, graphs 0.00, connections 0.00, rest 0.00)
ip-10-181-1-244:56:139 [0] NCCL INFO New proxy send connection 0 from local rank 0, transport 2
ip-10-181-1-244:56:141 [0] NCCL INFO [Proxy Progress] Device 0 CPU core 1
ip-10-181-1-244:56:56 [0] NCCL INFO Connected to proxy localRank 0 -> connection 0x776a1c009560
ip-10-181-1-244:56:139 [0] NCCL INFO Could not get speed from /sys/class/net/ens5/speed. Defaulting to 10 Gbps.
ip-10-181-1-244:56:56 [0] NCCL INFO Channel 01/1 : 0[0] -> 1[0] [send] via NET/Socket/0/Shared
ip-10-181-1-244:56:139 [0] NCCL INFO New proxy recv connection 1 from local rank 0, transport 2
ip-10-181-1-244:56:56 [0] NCCL INFO Connected to proxy localRank 0 -> connection 0x776a1c0095e8
ip-10-181-1-244:56:139 [0] NCCL INFO Could not get speed from /sys/class/net/ens5/speed. Defaulting to 10 Gbps.
ip-10-181-1-244:56:139 [0] NCCL INFO NET/Socket: Using 2 threads and 8 sockets per thread
ip-10-181-1-244:56:56 [0] NCCL INFO Channel 01/1 : 1[0] -> 0[0] [receive] via NET/Socket/0/Shared
ip-10-181-1-244:56:56 [0] NCCL INFO Initialized NET plugin Socket
ip-10-181-1-244:56:56 [0] NCCL INFO Could not get speed from /sys/class/net/ens5/speed. Defaulting to 10 Gbps.
ip-10-181-1-244:56:56 [0] NCCL INFO Assigned NET plugin Socket to comm
ip-10-181-1-244:56:56 [0] NCCL INFO Failed to initialize any GIN plugin
ip-10-181-1-244:56:56 [0] NCCL INFO Using network Socket
ip-10-181-1-244:56:56 [0] NCCL INFO [Rank 0] ncclCommInitRankConfig comm 0x626510615cb0 rank 0 nranks 2 cudaDev 0 nvmlDev 0 busId 1e0 commId 0xb4340662b74e6a7e - Init START
ip-10-181-1-244:56:56 [0] NCCL INFO Topology detection : could not read /sys/devices/pci0000:00/0000:00:1e.0/../max_link_speed, ignoring
ip-10-181-1-244:56:56 [0] NCCL INFO Topology detection : could not read /sys/devices/pci0000:00/0000:00:1e.0/../max_link_width, ignoring
ip-10-181-1-244:56:56 [0] NCCL INFO Topology detection : could not read /sys/devices/system/node/node-1/cpumap, ignoring
ip-10-181-1-244:56:56 [0] NCCL INFO TOPO/NET : Importing network plugins to topology
ip-10-181-1-244:56:56 [0] NCCL INFO Could not get speed from /sys/class/net/ens5/speed. Defaulting to 10 Gbps.
ip-10-181-1-244:56:56 [0] NCCL INFO Topology detection : could not read /sys/devices/pci0000:00/0000:00:05.0/../max_link_speed, ignoring
ip-10-181-1-244:56:56 [0] NCCL INFO Topology detection : could not read /sys/devices/pci0000:00/0000:00:05.0/../max_link_width, ignoring
ip-10-181-1-244:56:56 [0] NCCL INFO Topology detection : could not read /sys/devices/system/node/node-1/cpumap, ignoring
ip-10-181-1-244:56:56 [0] NCCL INFO NET/Socket : GPU Direct RDMA Disabled for HCA 0 'ens5'
ip-10-181-1-244:56:56 [0] NCCL INFO ncclTopoPopulateNics : Filled ens5 in topo with pciPath=/sys/devices/pci0000:00/0000:00:05.0 net=1 gin=(null) keep=1 coll=(null)
ip-10-181-1-244:56:56 [0] NCCL INFO KV Convert to int : could not find value of 'Unknown' in dictionary, falling back to 60
ip-10-181-1-244:56:56 [0] NCCL INFO === System : maxBw 1.2 totalBw 24.0 ===
ip-10-181-1-244:56:56 [0] NCCL INFO CPU/0-ffffffffffffff (1/2/-1)
ip-10-181-1-244:56:56 [0] NCCL INFO + PCI[24.0] - GPU/0-1e0 (0)
ip-10-181-1-244:56:56 [0] NCCL INFO + PCI[12.0] - NIC/0-50
ip-10-181-1-244:56:56 [0] NCCL INFO               + NET[1.2] - NET/0-0 (0/0/0/1.250000)
ip-10-181-1-244:56:56 [0] NCCL INFO ==========================================
ip-10-181-1-244:56:56 [0] NCCL INFO GPU/0-1e0 :GPU/0-1e0 (0/5000.0/LOC) CPU/0-ffffffffffffff (1/24.0/PHB) NET/0-0 (3/1.2/PHB) 
ip-10-181-1-244:56:56 [0] NCCL INFO NET/0-0 :GPU/0-1e0 (3/1.2/PHB) CPU/0-ffffffffffffff (2/1.2/PHB) NET/0-0 (0/5000.0/LOC) 
ip-10-181-1-244:56:56 [0] NCCL INFO ncclTopoGetCpuAffinity: Affinity for GPU 0 is empty, ignoring. (GPU affinity =  ; CPU affinity = 0-3).
ip-10-181-1-244:56:56 [0] NCCL INFO Pattern 4, crossNic 0, nChannels 1, bw 1.200000/1.200000, type LOC/PHB, sameChannels 1
ip-10-181-1-244:56:56 [0] NCCL INFO  0 : NET/0-0 GPU/0-1e0 NET/0-0
ip-10-181-1-244:56:56 [0] NCCL INFO Pattern 3, crossNic 0, nChannels 1, bw 2.400000/1.200000, type LOC/PHB, sameChannels 1
ip-10-181-1-244:56:56 [0] NCCL INFO  0 : NET/0-0 GPU/0-1e0 NET/0-0
ip-10-181-1-244:56:56 [0] NCCL INFO Could not get speed from /sys/class/net/ens5/speed. Defaulting to 10 Gbps.
ip-10-181-1-244:56:56 [0] NCCL INFO comm 0x626510615cb0 rank 0 nRanks 2 nNodes 2 localRanks 1 localRank 0 MNNVL 0
ip-10-181-1-244:56:56 [0] NCCL INFO Tree 0 : -1 -> 0 -> 1/-1/-1
ip-10-181-1-244:56:56 [0] NCCL INFO Tree 1 : 1 -> 0 -> -1/-1/-1
ip-10-181-1-244:56:56 [0] NCCL INFO Channel 00/02 : 0 1
ip-10-181-1-244:56:56 [0] NCCL INFO Channel 01/02 : 0 1
ip-10-181-1-244:56:56 [0] NCCL INFO Ring 00 : 1 -> 0 -> 1
ip-10-181-1-244:56:56 [0] NCCL INFO Ring 01 : 1 -> 0 -> 1
ip-10-181-1-244:56:56 [0] NCCL INFO Trees [0] 1/-1/-1->0->-1 [1] -1/-1/-1->0->1
ip-10-181-1-244:56:56 [0] NCCL INFO P2P Chunksize set to 131072
ip-10-181-1-244:56:56 [0] NCCL INFO Check P2P Type isAllDirectP2p 1 directMode 0 isAllCudaP2p 1
ip-10-181-1-244:56:147 [0] NCCL INFO [Proxy Service] Device 0 CPU core 3
ip-10-181-1-244:56:56 [0] NCCL INFO ncclP2pSchedule: group size used is 1
ip-10-181-1-244:56:148 [0] NCCL INFO [Proxy Service UDS] Device 0 CPU core 3
ip-10-181-1-244:56:56 [0] NCCL INFO threadThresholds 8/8/64 | 16/8/64 | 512 | 512
ip-10-181-1-244:56:56 [0] NCCL INFO 2 coll channels, 2 collnet channels, 0 nvls channels, 2 p2p channels, 1 p2p channels per peer
ip-10-181-1-244:56:56 [0] NCCL INFO Symmetric VA size=24GB
ip-10-181-1-244:56:56 [0] NCCL INFO Symmetric memory is not supported. cuMemEnable 1, globalGinSupport 0, globalNicFused 0 cuMemGdrSupport 1
ip-10-181-1-244:56:56 [0] NCCL INFO CC Off, workFifoBytes 1048576
ip-10-181-1-244:56:56 [0] NCCL INFO ncclCommInitRankConfig comm 0x626510615cb0 rank 0 nranks 2 cudaDev 0 nvmlDev 0 busId 1e0 commId 0xb4340662b74e6a7e - Init COMPLETE
ip-10-181-1-244:56:56 [0] NCCL INFO Init timings - ncclCommInitRankConfig: rank 0 nranks 2 total 2.14 (kernels 0.00, alloc 0.00, bootstrap 1.67, allgathers 0.46, topo 0.00, graphs 0.00, connections 0.00, rest 0.00)
ip-10-181-1-244:56:147 [0] NCCL INFO New proxy send connection 0 from local rank 0, transport 2
ip-10-181-1-244:56:149 [0] NCCL INFO [Proxy Progress] Device 0 CPU core 1
ip-10-181-1-244:56:56 [0] NCCL INFO Connected to proxy localRank 0 -> connection 0x776a3c0210b0
ip-10-181-1-244:56:147 [0] NCCL INFO Could not get speed from /sys/class/net/ens5/speed. Defaulting to 10 Gbps.
ip-10-181-1-244:56:56 [0] NCCL INFO Channel 01/1 : 0[0] -> 1[0] [send] via NET/Socket/0/Shared
ip-10-181-1-244:56:147 [0] NCCL INFO New proxy recv connection 1 from local rank 0, transport 2
ip-10-181-1-244:56:56 [0] NCCL INFO Connected to proxy localRank 0 -> connection 0x776a3c021138
ip-10-181-1-244:56:147 [0] NCCL INFO Could not get speed from /sys/class/net/ens5/speed. Defaulting to 10 Gbps.
ip-10-181-1-244:56:147 [0] NCCL INFO NET/Socket: Using 2 threads and 8 sockets per thread
ip-10-181-1-244:56:56 [0] NCCL INFO Channel 01/1 : 1[0] -> 0[0] [receive] via NET/Socket/0/Shared
ip-10-181-1-244:56:56 [0] NCCL INFO Initialized NET plugin Socket
ip-10-181-1-244:56:56 [0] NCCL INFO Could not get speed from /sys/class/net/ens5/speed. Defaulting to 10 Gbps.
ip-10-181-1-244:56:56 [0] NCCL INFO Assigned NET plugin Socket to comm
ip-10-181-1-244:56:56 [0] NCCL INFO Failed to initialize any GIN plugin
ip-10-181-1-244:56:56 [0] NCCL INFO Using network Socket
ip-10-181-1-244:56:56 [0] NCCL INFO [Rank 0] ncclCommInitRankConfig comm 0x62651088d0d0 rank 0 nranks 2 cudaDev 0 nvmlDev 0 busId 1e0 commId 0x4af88d78d6f6bdab - Init START
ip-10-181-1-244:56:56 [0] NCCL INFO Topology detection : could not read /sys/devices/pci0000:00/0000:00:1e.0/../max_link_speed, ignoring
ip-10-181-1-244:56:56 [0] NCCL INFO Topology detection : could not read /sys/devices/pci0000:00/0000:00:1e.0/../max_link_width, ignoring
ip-10-181-1-244:56:56 [0] NCCL INFO Topology detection : could not read /sys/devices/system/node/node-1/cpumap, ignoring
ip-10-181-1-244:56:56 [0] NCCL INFO TOPO/NET : Importing network plugins to topology
ip-10-181-1-244:56:56 [0] NCCL INFO Could not get speed from /sys/class/net/ens5/speed. Defaulting to 10 Gbps.
ip-10-181-1-244:56:56 [0] NCCL INFO Topology detection : could not read /sys/devices/pci0000:00/0000:00:05.0/../max_link_speed, ignoring
ip-10-181-1-244:56:56 [0] NCCL INFO Topology detection : could not read /sys/devices/pci0000:00/0000:00:05.0/../max_link_width, ignoring
ip-10-181-1-244:56:56 [0] NCCL INFO Topology detection : could not read /sys/devices/system/node/node-1/cpumap, ignoring
ip-10-181-1-244:56:56 [0] NCCL INFO NET/Socket : GPU Direct RDMA Disabled for HCA 0 'ens5'
ip-10-181-1-244:56:56 [0] NCCL INFO ncclTopoPopulateNics : Filled ens5 in topo with pciPath=/sys/devices/pci0000:00/0000:00:05.0 net=1 gin=(null) keep=1 coll=(null)
ip-10-181-1-244:56:56 [0] NCCL INFO KV Convert to int : could not find value of 'Unknown' in dictionary, falling back to 60
ip-10-181-1-244:56:56 [0] NCCL INFO === System : maxBw 1.2 totalBw 24.0 ===
ip-10-181-1-244:56:56 [0] NCCL INFO CPU/0-ffffffffffffff (1/2/-1)
ip-10-181-1-244:56:56 [0] NCCL INFO + PCI[24.0] - GPU/0-1e0 (0)
ip-10-181-1-244:56:56 [0] NCCL INFO + PCI[12.0] - NIC/0-50
ip-10-181-1-244:56:56 [0] NCCL INFO               + NET[1.2] - NET/0-0 (0/0/0/1.250000)
ip-10-181-1-244:56:56 [0] NCCL INFO ==========================================
ip-10-181-1-244:56:56 [0] NCCL INFO GPU/0-1e0 :GPU/0-1e0 (0/5000.0/LOC) CPU/0-ffffffffffffff (1/24.0/PHB) NET/0-0 (3/1.2/PHB) 
ip-10-181-1-244:56:56 [0] NCCL INFO NET/0-0 :GPU/0-1e0 (3/1.2/PHB) CPU/0-ffffffffffffff (2/1.2/PHB) NET/0-0 (0/5000.0/LOC) 
ip-10-181-1-244:56:56 [0] NCCL INFO ncclTopoGetCpuAffinity: Affinity for GPU 0 is empty, ignoring. (GPU affinity =  ; CPU affinity = 0-3).
ip-10-181-1-244:56:56 [0] NCCL INFO Pattern 4, crossNic 0, nChannels 1, bw 1.200000/1.200000, type LOC/PHB, sameChannels 1
ip-10-181-1-244:56:56 [0] NCCL INFO  0 : NET/0-0 GPU/0-1e0 NET/0-0
ip-10-181-1-244:56:56 [0] NCCL INFO Pattern 3, crossNic 0, nChannels 1, bw 2.400000/1.200000, type LOC/PHB, sameChannels 1
ip-10-181-1-244:56:56 [0] NCCL INFO  0 : NET/0-0 GPU/0-1e0 NET/0-0
ip-10-181-1-244:56:56 [0] NCCL INFO Could not get speed from /sys/class/net/ens5/speed. Defaulting to 10 Gbps.
ip-10-181-1-244:56:56 [0] NCCL INFO comm 0x62651088d0d0 rank 0 nRanks 2 nNodes 2 localRanks 1 localRank 0 MNNVL 0
ip-10-181-1-244:56:56 [0] NCCL INFO Tree 0 : -1 -> 0 -> 1/-1/-1
ip-10-181-1-244:56:56 [0] NCCL INFO Tree 1 : 1 -> 0 -> -1/-1/-1
ip-10-181-1-244:56:56 [0] NCCL INFO Channel 00/02 : 0 1
ip-10-181-1-244:56:56 [0] NCCL INFO Channel 01/02 : 0 1
ip-10-181-1-244:56:56 [0] NCCL INFO Ring 00 : 1 -> 0 -> 1
ip-10-181-1-244:56:56 [0] NCCL INFO Ring 01 : 1 -> 0 -> 1
ip-10-181-1-244:56:56 [0] NCCL INFO Trees [0] 1/-1/-1->0->-1 [1] -1/-1/-1->0->1
ip-10-181-1-244:56:56 [0] NCCL INFO P2P Chunksize set to 131072
ip-10-181-1-244:56:56 [0] NCCL INFO Check P2P Type isAllDirectP2p 1 directMode 0 isAllCudaP2p 1
ip-10-181-1-244:56:155 [0] NCCL INFO [Proxy Service] Device 0 CPU core 0
ip-10-181-1-244:56:156 [0] NCCL INFO [Proxy Service UDS] Device 0 CPU core 1
ip-10-181-1-244:56:56 [0] NCCL INFO ncclP2pSchedule: group size used is 1
ip-10-181-1-244:56:56 [0] NCCL INFO threadThresholds 8/8/64 | 16/8/64 | 512 | 512
ip-10-181-1-244:56:56 [0] NCCL INFO 2 coll channels, 2 collnet channels, 0 nvls channels, 2 p2p channels, 1 p2p channels per peer
ip-10-181-1-244:56:56 [0] NCCL INFO Symmetric VA size=24GB
ip-10-181-1-244:56:56 [0] NCCL INFO Symmetric memory is not supported. cuMemEnable 1, globalGinSupport 0, globalNicFused 0 cuMemGdrSupport 1
ip-10-181-1-244:56:56 [0] NCCL INFO CC Off, workFifoBytes 1048576
ip-10-181-1-244:56:56 [0] NCCL INFO ncclCommInitRankConfig comm 0x62651088d0d0 rank 0 nranks 2 cudaDev 0 nvmlDev 0 busId 1e0 commId 0x4af88d78d6f6bdab - Init COMPLETE
ip-10-181-1-244:56:56 [0] NCCL INFO Init timings - ncclCommInitRankConfig: rank 0 nranks 2 total 2.06 (kernels 0.00, alloc 0.00, bootstrap 1.60, allgathers 0.46, topo 0.00, graphs 0.00, connections 0.00, rest 0.00)
ip-10-181-1-244:56:155 [0] NCCL INFO New proxy send connection 0 from local rank 0, transport 2
ip-10-181-1-244:56:157 [0] NCCL INFO [Proxy Progress] Device 0 CPU core 3
ip-10-181-1-244:56:56 [0] NCCL INFO Connected to proxy localRank 0 -> connection 0x776a64016470
ip-10-181-1-244:56:155 [0] NCCL INFO Could not get speed from /sys/class/net/ens5/speed. Defaulting to 10 Gbps.
ip-10-181-1-244:56:56 [0] NCCL INFO Channel 01/1 : 0[0] -> 1[0] [send] via NET/Socket/0/Shared
ip-10-181-1-244:56:155 [0] NCCL INFO New proxy recv connection 1 from local rank 0, transport 2
ip-10-181-1-244:56:56 [0] NCCL INFO Connected to proxy localRank 0 -> connection 0x776a640164f8
ip-10-181-1-244:56:155 [0] NCCL INFO Could not get speed from /sys/class/net/ens5/speed. Defaulting to 10 Gbps.
ip-10-181-1-244:56:155 [0] NCCL INFO NET/Socket: Using 2 threads and 8 sockets per thread
ip-10-181-1-244:56:56 [0] NCCL INFO Channel 01/1 : 1[0] -> 0[0] [receive] via NET/Socket/0/Shared
ip-10-181-1-244:56:56 [0] NCCL INFO Initialized NET plugin Socket
ip-10-181-1-244:56:56 [0] NCCL INFO Could not get speed from /sys/class/net/ens5/speed. Defaulting to 10 Gbps.
ip-10-181-1-244:56:56 [0] NCCL INFO Assigned NET plugin Socket to comm
ip-10-181-1-244:56:56 [0] NCCL INFO Failed to initialize any GIN plugin
ip-10-181-1-244:56:56 [0] NCCL INFO Using network Socket
ip-10-181-1-244:56:56 [0] NCCL INFO [Rank 0] ncclCommInitRankConfig comm 0x6265109caaf0 rank 0 nranks 2 cudaDev 0 nvmlDev 0 busId 1e0 commId 0x59ddff2e2b6c8860 - Init START
ip-10-181-1-244:56:56 [0] NCCL INFO Topology detection : could not read /sys/devices/pci0000:00/0000:00:1e.0/../max_link_speed, ignoring
ip-10-181-1-244:56:56 [0] NCCL INFO Topology detection : could not read /sys/devices/pci0000:00/0000:00:1e.0/../max_link_width, ignoring
ip-10-181-1-244:56:56 [0] NCCL INFO Topology detection : could not read /sys/devices/system/node/node-1/cpumap, ignoring
ip-10-181-1-244:56:56 [0] NCCL INFO TOPO/NET : Importing network plugins to topology
ip-10-181-1-244:56:56 [0] NCCL INFO Could not get speed from /sys/class/net/ens5/speed. Defaulting to 10 Gbps.
ip-10-181-1-244:56:56 [0] NCCL INFO Topology detection : could not read /sys/devices/pci0000:00/0000:00:05.0/../max_link_speed, ignoring
ip-10-181-1-244:56:56 [0] NCCL INFO Topology detection : could not read /sys/devices/pci0000:00/0000:00:05.0/../max_link_width, ignoring
ip-10-181-1-244:56:56 [0] NCCL INFO Topology detection : could not read /sys/devices/system/node/node-1/cpumap, ignoring
ip-10-181-1-244:56:56 [0] NCCL INFO NET/Socket : GPU Direct RDMA Disabled for HCA 0 'ens5'
ip-10-181-1-244:56:56 [0] NCCL INFO ncclTopoPopulateNics : Filled ens5 in topo with pciPath=/sys/devices/pci0000:00/0000:00:05.0 net=1 gin=(null) keep=1 coll=(null)
ip-10-181-1-244:56:56 [0] NCCL INFO KV Convert to int : could not find value of 'Unknown' in dictionary, falling back to 60
ip-10-181-1-244:56:56 [0] NCCL INFO === System : maxBw 1.2 totalBw 24.0 ===
ip-10-181-1-244:56:56 [0] NCCL INFO CPU/0-ffffffffffffff (1/2/-1)
ip-10-181-1-244:56:56 [0] NCCL INFO + PCI[24.0] - GPU/0-1e0 (0)
ip-10-181-1-244:56:56 [0] NCCL INFO + PCI[12.0] - NIC/0-50
ip-10-181-1-244:56:56 [0] NCCL INFO               + NET[1.2] - NET/0-0 (0/0/0/1.250000)
ip-10-181-1-244:56:56 [0] NCCL INFO ==========================================
ip-10-181-1-244:56:56 [0] NCCL INFO GPU/0-1e0 :GPU/0-1e0 (0/5000.0/LOC) CPU/0-ffffffffffffff (1/24.0/PHB) NET/0-0 (3/1.2/PHB) 
ip-10-181-1-244:56:56 [0] NCCL INFO NET/0-0 :GPU/0-1e0 (3/1.2/PHB) CPU/0-ffffffffffffff (2/1.2/PHB) NET/0-0 (0/5000.0/LOC) 
ip-10-181-1-244:56:56 [0] NCCL INFO ncclTopoGetCpuAffinity: Affinity for GPU 0 is empty, ignoring. (GPU affinity =  ; CPU affinity = 0-3).
ip-10-181-1-244:56:56 [0] NCCL INFO Pattern 4, crossNic 0, nChannels 1, bw 1.200000/1.200000, type LOC/PHB, sameChannels 1
ip-10-181-1-244:56:56 [0] NCCL INFO  0 : NET/0-0 GPU/0-1e0 NET/0-0
ip-10-181-1-244:56:56 [0] NCCL INFO Pattern 3, crossNic 0, nChannels 1, bw 2.400000/1.200000, type LOC/PHB, sameChannels 1
ip-10-181-1-244:56:56 [0] NCCL INFO  0 : NET/0-0 GPU/0-1e0 NET/0-0
ip-10-181-1-244:56:56 [0] NCCL INFO Could not get speed from /sys/class/net/ens5/speed. Defaulting to 10 Gbps.
ip-10-181-1-244:56:56 [0] NCCL INFO comm 0x6265109caaf0 rank 0 nRanks 2 nNodes 2 localRanks 1 localRank 0 MNNVL 0
ip-10-181-1-244:56:56 [0] NCCL INFO Tree 0 : -1 -> 0 -> 1/-1/-1
ip-10-181-1-244:56:56 [0] NCCL INFO Tree 1 : 1 -> 0 -> -1/-1/-1
ip-10-181-1-244:56:56 [0] NCCL INFO Channel 00/02 : 0 1
ip-10-181-1-244:56:56 [0] NCCL INFO Channel 01/02 : 0 1
ip-10-181-1-244:56:56 [0] NCCL INFO Ring 00 : 1 -> 0 -> 1
ip-10-181-1-244:56:56 [0] NCCL INFO Ring 01 : 1 -> 0 -> 1
ip-10-181-1-244:56:56 [0] NCCL INFO Trees [0] 1/-1/-1->0->-1 [1] -1/-1/-1->0->1
ip-10-181-1-244:56:56 [0] NCCL INFO P2P Chunksize set to 131072
ip-10-181-1-244:56:56 [0] NCCL INFO Check P2P Type isAllDirectP2p 1 directMode 0 isAllCudaP2p 1
ip-10-181-1-244:56:163 [0] NCCL INFO [Proxy Service] Device 0 CPU core 3
ip-10-181-1-244:56:56 [0] NCCL INFO ncclP2pSchedule: group size used is 1
ip-10-181-1-244:56:164 [0] NCCL INFO [Proxy Service UDS] Device 0 CPU core 2
ip-10-181-1-244:56:56 [0] NCCL INFO threadThresholds 8/8/64 | 16/8/64 | 512 | 512
ip-10-181-1-244:56:56 [0] NCCL INFO 2 coll channels, 2 collnet channels, 0 nvls channels, 2 p2p channels, 1 p2p channels per peer
ip-10-181-1-244:56:56 [0] NCCL INFO Symmetric VA size=24GB
ip-10-181-1-244:56:56 [0] NCCL INFO Symmetric memory is not supported. cuMemEnable 1, globalGinSupport 0, globalNicFused 0 cuMemGdrSupport 1
ip-10-181-1-244:56:56 [0] NCCL INFO CC Off, workFifoBytes 1048576
ip-10-181-1-244:56:56 [0] NCCL INFO ncclCommInitRankConfig comm 0x6265109caaf0 rank 0 nranks 2 cudaDev 0 nvmlDev 0 busId 1e0 commId 0x59ddff2e2b6c8860 - Init COMPLETE
ip-10-181-1-244:56:56 [0] NCCL INFO Init timings - ncclCommInitRankConfig: rank 0 nranks 2 total 1.16 (kernels 0.00, alloc 0.00, bootstrap 0.89, allgathers 0.27, topo 0.00, graphs 0.00, connections 0.00, rest 0.00)
ip-10-181-1-244:56:163 [0] NCCL INFO New proxy send connection 0 from local rank 0, transport 2
ip-10-181-1-244:56:165 [0] NCCL INFO [Proxy Progress] Device 0 CPU core 2
ip-10-181-1-244:56:56 [0] NCCL INFO Connected to proxy localRank 0 -> connection 0x776a94009560
ip-10-181-1-244:56:163 [0] NCCL INFO Could not get speed from /sys/class/net/ens5/speed. Defaulting to 10 Gbps.
ip-10-181-1-244:56:56 [0] NCCL INFO Channel 01/1 : 0[0] -> 1[0] [send] via NET/Socket/0/Shared
ip-10-181-1-244:56:163 [0] NCCL INFO New proxy recv connection 1 from local rank 0, transport 2
ip-10-181-1-244:56:56 [0] NCCL INFO Connected to proxy localRank 0 -> connection 0x776a940095e8
ip-10-181-1-244:56:163 [0] NCCL INFO Could not get speed from /sys/class/net/ens5/speed. Defaulting to 10 Gbps.
ip-10-181-1-244:56:163 [0] NCCL INFO NET/Socket: Using 2 threads and 8 sockets per thread
ip-10-181-1-244:56:56 [0] NCCL INFO Channel 01/1 : 1[0] -> 0[0] [receive] via NET/Socket/0/Shared
{"event": "outer_step_completed", "rank": 2, "completed_outer_steps": 25, "timestamp": "2026-09-14T14:52:29.454124+00:00"}
ip-10-181-1-244:56:56 [0] NCCL INFO Initialized NET plugin Socket
ip-10-181-1-244:56:56 [0] NCCL INFO Could not get speed from /sys/class/net/ens5/speed. Defaulting to 10 Gbps.
ip-10-181-1-244:56:56 [0] NCCL INFO Assigned NET plugin Socket to comm
ip-10-181-1-244:56:56 [0] NCCL INFO Failed to initialize any GIN plugin
ip-10-181-1-244:56:56 [0] NCCL INFO Using network Socket
ip-10-181-1-244:56:56 [0] NCCL INFO [Rank 0] ncclCommInitRankConfig comm 0x626510b19dd0 rank 0 nranks 2 cudaDev 0 nvmlDev 0 busId 1e0 commId 0xfa06e32728b979eb - Init START
ip-10-181-1-244:56:56 [0] NCCL INFO Topology detection : could not read /sys/devices/pci0000:00/0000:00:1e.0/../max_link_speed, ignoring
ip-10-181-1-244:56:56 [0] NCCL INFO Topology detection : could not read /sys/devices/pci0000:00/0000:00:1e.0/../max_link_width, ignoring
ip-10-181-1-244:56:56 [0] NCCL INFO Topology detection : could not read /sys/devices/system/node/node-1/cpumap, ignoring
ip-10-181-1-244:56:56 [0] NCCL INFO TOPO/NET : Importing network plugins to topology
ip-10-181-1-244:56:56 [0] NCCL INFO Could not get speed from /sys/class/net/ens5/speed. Defaulting to 10 Gbps.
ip-10-181-1-244:56:56 [0] NCCL INFO Topology detection : could not read /sys/devices/pci0000:00/0000:00:05.0/../max_link_speed, ignoring
ip-10-181-1-244:56:56 [0] NCCL INFO Topology detection : could not read /sys/devices/pci0000:00/0000:00:05.0/../max_link_width, ignoring
ip-10-181-1-244:56:56 [0] NCCL INFO Topology detection : could not read /sys/devices/system/node/node-1/cpumap, ignoring
ip-10-181-1-244:56:56 [0] NCCL INFO NET/Socket : GPU Direct RDMA Disabled for HCA 0 'ens5'
ip-10-181-1-244:56:56 [0] NCCL INFO ncclTopoPopulateNics : Filled ens5 in topo with pciPath=/sys/devices/pci0000:00/0000:00:05.0 net=1 gin=(null) keep=1 coll=(null)
ip-10-181-1-244:56:56 [0] NCCL INFO KV Convert to int : could not find value of 'Unknown' in dictionary, falling back to 60
ip-10-181-1-244:56:56 [0] NCCL INFO === System : maxBw 1.2 totalBw 24.0 ===
ip-10-181-1-244:56:56 [0] NCCL INFO CPU/0-ffffffffffffff (1/2/-1)
ip-10-181-1-244:56:56 [0] NCCL INFO + PCI[24.0] - GPU/0-1e0 (0)
ip-10-181-1-244:56:56 [0] NCCL INFO + PCI[12.0] - NIC/0-50
ip-10-181-1-244:56:56 [0] NCCL INFO               + NET[1.2] - NET/0-0 (0/0/0/1.250000)
ip-10-181-1-244:56:56 [0] NCCL INFO ==========================================
ip-10-181-1-244:56:56 [0] NCCL INFO GPU/0-1e0 :GPU/0-1e0 (0/5000.0/LOC) CPU/0-ffffffffffffff (1/24.0/PHB) NET/0-0 (3/1.2/PHB) 
ip-10-181-1-244:56:56 [0] NCCL INFO NET/0-0 :GPU/0-1e0 (3/1.2/PHB) CPU/0-ffffffffffffff (2/1.2/PHB) NET/0-0 (0/5000.0/LOC) 
ip-10-181-1-244:56:56 [0] NCCL INFO ncclTopoGetCpuAffinity: Affinity for GPU 0 is empty, ignoring. (GPU affinity =  ; CPU affinity = 0-3).
ip-10-181-1-244:56:56 [0] NCCL INFO Pattern 4, crossNic 0, nChannels 1, bw 1.200000/1.200000, type LOC/PHB, sameChannels 1
ip-10-181-1-244:56:56 [0] NCCL INFO  0 : NET/0-0 GPU/0-1e0 NET/0-0
ip-10-181-1-244:56:56 [0] NCCL INFO Pattern 3, crossNic 0, nChannels 1, bw 2.400000/1.200000, type LOC/PHB, sameChannels 1
ip-10-181-1-244:56:56 [0] NCCL INFO  0 : NET/0-0 GPU/0-1e0 NET/0-0
ip-10-181-1-244:56:56 [0] NCCL INFO Could not get speed from /sys/class/net/ens5/speed. Defaulting to 10 Gbps.
ip-10-181-1-244:56:56 [0] NCCL INFO comm 0x626510b19dd0 rank 0 nRanks 2 nNodes 2 localRanks 1 localRank 0 MNNVL 0
ip-10-181-1-244:56:56 [0] NCCL INFO Tree 0 : -1 -> 0 -> 1/-1/-1
ip-10-181-1-244:56:56 [0] NCCL INFO Tree 1 : 1 -> 0 -> -1/-1/-1
ip-10-181-1-244:56:56 [0] NCCL INFO Channel 00/02 : 0 1
ip-10-181-1-244:56:56 [0] NCCL INFO Channel 01/02 : 0 1
ip-10-181-1-244:56:56 [0] NCCL INFO Ring 00 : 1 -> 0 -> 1
ip-10-181-1-244:56:56 [0] NCCL INFO Ring 01 : 1 -> 0 -> 1
ip-10-181-1-244:56:56 [0] NCCL INFO Trees [0] 1/-1/-1->0->-1 [1] -1/-1/-1->0->1
ip-10-181-1-244:56:56 [0] NCCL INFO P2P Chunksize set to 131072
ip-10-181-1-244:56:56 [0] NCCL INFO Check P2P Type isAllDirectP2p 1 directMode 0 isAllCudaP2p 1
ip-10-181-1-244:56:171 [0] NCCL INFO [Proxy Service] Device 0 CPU core 0
ip-10-181-1-244:56:172 [0] NCCL INFO [Proxy Service UDS] Device 0 CPU core 0
ip-10-181-1-244:56:56 [0] NCCL INFO ncclP2pSchedule: group size used is 1
ip-10-181-1-244:56:56 [0] NCCL INFO threadThresholds 8/8/64 | 16/8/64 | 512 | 512
ip-10-181-1-244:56:56 [0] NCCL INFO 2 coll channels, 2 collnet channels, 0 nvls channels, 2 p2p channels, 1 p2p channels per peer
ip-10-181-1-244:56:56 [0] NCCL INFO Symmetric VA size=24GB
ip-10-181-1-244:56:56 [0] NCCL INFO Symmetric memory is not supported. cuMemEnable 1, globalGinSupport 0, globalNicFused 0 cuMemGdrSupport 1
ip-10-181-1-244:56:56 [0] NCCL INFO CC Off, workFifoBytes 1048576
ip-10-181-1-244:56:56 [0] NCCL INFO ncclCommInitRankConfig comm 0x626510b19dd0 rank 0 nranks 2 cudaDev 0 nvmlDev 0 busId 1e0 commId 0xfa06e32728b979eb - Init COMPLETE
ip-10-181-1-244:56:56 [0] NCCL INFO Init timings - ncclCommInitRankConfig: rank 0 nranks 2 total 1.58 (kernels 0.00, alloc 0.00, bootstrap 1.26, allgathers 0.32, topo 0.00, graphs 0.00, connections 0.00, rest 0.00)
ip-10-181-1-244:56:171 [0] NCCL INFO New proxy send connection 0 from local rank 0, transport 2
ip-10-181-1-244:56:173 [0] NCCL INFO [Proxy Progress] Device 0 CPU core 0
ip-10-181-1-244:56:56 [0] NCCL INFO Connected to proxy localRank 0 -> connection 0x776ad0020fa0
ip-10-181-1-244:56:171 [0] NCCL INFO Could not get speed from /sys/class/net/ens5/speed. Defaulting to 10 Gbps.
ip-10-181-1-244:56:56 [0] NCCL INFO Channel 01/1 : 0[0] -> 1[0] [send] via NET/Socket/0/Shared
ip-10-181-1-244:56:171 [0] NCCL INFO New proxy recv connection 1 from local rank 0, transport 2
ip-10-181-1-244:56:56 [0] NCCL INFO Connected to proxy localRank 0 -> connection 0x776ad0021028
ip-10-181-1-244:56:171 [0] NCCL INFO Could not get speed from /sys/class/net/ens5/speed. Defaulting to 10 Gbps.
ip-10-181-1-244:56:171 [0] NCCL INFO NET/Socket: Using 2 threads and 8 sockets per thread
ip-10-181-1-244:56:56 [0] NCCL INFO Channel 01/1 : 1[0] -> 0[0] [receive] via NET/Socket/0/Shared
ip-10-181-1-244:56:56 [0] NCCL INFO Initialized NET plugin Socket
ip-10-181-1-244:56:56 [0] NCCL INFO Could not get speed from /sys/class/net/ens5/speed. Defaulting to 10 Gbps.
ip-10-181-1-244:56:56 [0] NCCL INFO Assigned NET plugin Socket to comm
ip-10-181-1-244:56:56 [0] NCCL INFO Failed to initialize any GIN plugin
ip-10-181-1-244:56:56 [0] NCCL INFO Using network Socket
ip-10-181-1-244:56:56 [0] NCCL INFO [Rank 0] ncclCommInitRankConfig comm 0x62650c3f3a00 rank 0 nranks 2 cudaDev 0 nvmlDev 0 busId 1e0 commId 0xe3be2d0e86f06228 - Init START
ip-10-181-1-244:56:56 [0] NCCL INFO Topology detection : could not read /sys/devices/pci0000:00/0000:00:1e.0/../max_link_speed, ignoring
ip-10-181-1-244:56:56 [0] NCCL INFO Topology detection : could not read /sys/devices/pci0000:00/0000:00:1e.0/../max_link_width, ignoring
ip-10-181-1-244:56:56 [0] NCCL INFO Topology detection : could not read /sys/devices/system/node/node-1/cpumap, ignoring
ip-10-181-1-244:56:56 [0] NCCL INFO TOPO/NET : Importing network plugins to topology
ip-10-181-1-244:56:56 [0] NCCL INFO Could not get speed from /sys/class/net/ens5/speed. Defaulting to 10 Gbps.
ip-10-181-1-244:56:56 [0] NCCL INFO Topology detection : could not read /sys/devices/pci0000:00/0000:00:05.0/../max_link_speed, ignoring
ip-10-181-1-244:56:56 [0] NCCL INFO Topology detection : could not read /sys/devices/pci0000:00/0000:00:05.0/../max_link_width, ignoring
ip-10-181-1-244:56:56 [0] NCCL INFO Topology detection : could not read /sys/devices/system/node/node-1/cpumap, ignoring
ip-10-181-1-244:56:56 [0] NCCL INFO NET/Socket : GPU Direct RDMA Disabled for HCA 0 'ens5'
ip-10-181-1-244:56:56 [0] NCCL INFO ncclTopoPopulateNics : Filled ens5 in topo with pciPath=/sys/devices/pci0000:00/0000:00:05.0 net=1 gin=(null) keep=1 coll=(null)
ip-10-181-1-244:56:56 [0] NCCL INFO KV Convert to int : could not find value of 'Unknown' in dictionary, falling back to 60
ip-10-181-1-244:56:56 [0] NCCL INFO === System : maxBw 1.2 totalBw 24.0 ===
ip-10-181-1-244:56:56 [0] NCCL INFO CPU/0-ffffffffffffff (1/2/-1)
ip-10-181-1-244:56:56 [0] NCCL INFO + PCI[24.0] - GPU/0-1e0 (0)
ip-10-181-1-244:56:56 [0] NCCL INFO + PCI[12.0] - NIC/0-50
ip-10-181-1-244:56:56 [0] NCCL INFO               + NET[1.2] - NET/0-0 (0/0/0/1.250000)
ip-10-181-1-244:56:56 [0] NCCL INFO ==========================================
ip-10-181-1-244:56:56 [0] NCCL INFO GPU/0-1e0 :GPU/0-1e0 (0/5000.0/LOC) CPU/0-ffffffffffffff (1/24.0/PHB) NET/0-0 (3/1.2/PHB) 
ip-10-181-1-244:56:56 [0] NCCL INFO NET/0-0 :GPU/0-1e0 (3/1.2/PHB) CPU/0-ffffffffffffff (2/1.2/PHB) NET/0-0 (0/5000.0/LOC) 
ip-10-181-1-244:56:56 [0] NCCL INFO ncclTopoGetCpuAffinity: Affinity for GPU 0 is empty, ignoring. (GPU affinity =  ; CPU affinity = 0-3).
ip-10-181-1-244:56:56 [0] NCCL INFO Pattern 4, crossNic 0, nChannels 1, bw 1.200000/1.200000, type LOC/PHB, sameChannels 1
ip-10-181-1-244:56:56 [0] NCCL INFO  0 : NET/0-0 GPU/0-1e0 NET/0-0
ip-10-181-1-244:56:56 [0] NCCL INFO Pattern 3, crossNic 0, nChannels 1, bw 2.400000/1.200000, type LOC/PHB, sameChannels 1
ip-10-181-1-244:56:56 [0] NCCL INFO  0 : NET/0-0 GPU/0-1e0 NET/0-0
ip-10-181-1-244:56:56 [0] NCCL INFO Could not get speed from /sys/class/net/ens5/speed. Defaulting to 10 Gbps.
ip-10-181-1-244:56:56 [0] NCCL INFO comm 0x62650c3f3a00 rank 0 nRanks 2 nNodes 2 localRanks 1 localRank 0 MNNVL 0
ip-10-181-1-244:56:56 [0] NCCL INFO Tree 0 : -1 -> 0 -> 1/-1/-1
ip-10-181-1-244:56:56 [0] NCCL INFO Tree 1 : 1 -> 0 -> -1/-1/-1
ip-10-181-1-244:56:56 [0] NCCL INFO Channel 00/02 : 0 1
ip-10-181-1-244:56:56 [0] NCCL INFO Channel 01/02 : 0 1
ip-10-181-1-244:56:56 [0] NCCL INFO Ring 00 : 1 -> 0 -> 1
ip-10-181-1-244:56:56 [0] NCCL INFO Ring 01 : 1 -> 0 -> 1
ip-10-181-1-244:56:56 [0] NCCL INFO Trees [0] 1/-1/-1->0->-1 [1] -1/-1/-1->0->1
ip-10-181-1-244:56:56 [0] NCCL INFO P2P Chunksize set to 131072
ip-10-181-1-244:56:56 [0] NCCL INFO Check P2P Type isAllDirectP2p 1 directMode 0 isAllCudaP2p 1
ip-10-181-1-244:56:56 [0] NCCL INFO ncclP2pSchedule: group size used is 1
ip-10-181-1-244:56:180 [0] NCCL INFO [Proxy Service UDS] Device 0 CPU core 3
ip-10-181-1-244:56:179 [0] NCCL INFO [Proxy Service] Device 0 CPU core 2
ip-10-181-1-244:56:56 [0] NCCL INFO threadThresholds 8/8/64 | 16/8/64 | 512 | 512
ip-10-181-1-244:56:56 [0] NCCL INFO 2 coll channels, 2 collnet channels, 0 nvls channels, 2 p2p channels, 1 p2p channels per peer
ip-10-181-1-244:56:56 [0] NCCL INFO Symmetric VA size=24GB
ip-10-181-1-244:56:56 [0] NCCL INFO Symmetric memory is not supported. cuMemEnable 1, globalGinSupport 0, globalNicFused 0 cuMemGdrSupport 1
ip-10-181-1-244:56:56 [0] NCCL INFO CC Off, workFifoBytes 1048576
ip-10-181-1-244:56:56 [0] NCCL INFO ncclCommInitRankConfig comm 0x62650c3f3a00 rank 0 nranks 2 cudaDev 0 nvmlDev 0 busId 1e0 commId 0xe3be2d0e86f06228 - Init COMPLETE
ip-10-181-1-244:56:56 [0] NCCL INFO Init timings - ncclCommInitRankConfig: rank 0 nranks 2 total 1.31 (kernels 0.00, alloc 0.00, bootstrap 1.02, allgathers 0.29, topo 0.00, graphs 0.00, connections 0.00, rest 0.00)
ip-10-181-1-244:56:179 [0] NCCL INFO New proxy send connection 0 from local rank 0, transport 2
ip-10-181-1-244:56:181 [0] NCCL INFO [Proxy Progress] Device 0 CPU core 0
ip-10-181-1-244:56:56 [0] NCCL INFO Connected to proxy localRank 0 -> connection 0x776b70005260
ip-10-181-1-244:56:179 [0] NCCL INFO Could not get speed from /sys/class/net/ens5/speed. Defaulting to 10 Gbps.
ip-10-181-1-244:56:56 [0] NCCL INFO Channel 01/1 : 0[0] -> 1[0] [send] via NET/Socket/0/Shared
ip-10-181-1-244:56:179 [0] NCCL INFO New proxy recv connection 1 from local rank 0, transport 2
ip-10-181-1-244:56:56 [0] NCCL INFO Connected to proxy localRank 0 -> connection 0x776b700052e8
ip-10-181-1-244:56:179 [0] NCCL INFO Could not get speed from /sys/class/net/ens5/speed. Defaulting to 10 Gbps.
ip-10-181-1-244:56:179 [0] NCCL INFO NET/Socket: Using 2 threads and 8 sockets per thread
ip-10-181-1-244:56:56 [0] NCCL INFO Channel 01/1 : 1[0] -> 0[0] [receive] via NET/Socket/0/Shared
ip-10-181-1-244:56:56 [0] NCCL INFO Initialized NET plugin Socket
ip-10-181-1-244:56:56 [0] NCCL INFO Could not get speed from /sys/class/net/ens5/speed. Defaulting to 10 Gbps.
ip-10-181-1-244:56:56 [0] NCCL INFO Assigned NET plugin Socket to comm
ip-10-181-1-244:56:56 [0] NCCL INFO Failed to initialize any GIN plugin
ip-10-181-1-244:56:56 [0] NCCL INFO Using network Socket
ip-10-181-1-244:56:56 [0] NCCL INFO [Rank 1] ncclCommInitRankConfig comm 0x626510ded600 rank 1 nranks 2 cudaDev 0 nvmlDev 0 busId 1e0 commId 0x656efaf6b759ee3f - Init START
ip-10-181-1-244:56:56 [0] NCCL INFO Topology detection : could not read /sys/devices/pci0000:00/0000:00:1e.0/../max_link_speed, ignoring
ip-10-181-1-244:56:56 [0] NCCL INFO Topology detection : could not read /sys/devices/pci0000:00/0000:00:1e.0/../max_link_width, ignoring
ip-10-181-1-244:56:56 [0] NCCL INFO Topology detection : could not read /sys/devices/system/node/node-1/cpumap, ignoring
ip-10-181-1-244:56:56 [0] NCCL INFO TOPO/NET : Importing network plugins to topology
ip-10-181-1-244:56:56 [0] NCCL INFO Could not get speed from /sys/class/net/ens5/speed. Defaulting to 10 Gbps.
ip-10-181-1-244:56:56 [0] NCCL INFO Topology detection : could not read /sys/devices/pci0000:00/0000:00:05.0/../max_link_speed, ignoring
ip-10-181-1-244:56:56 [0] NCCL INFO Topology detection : could not read /sys/devices/pci0000:00/0000:00:05.0/../max_link_width, ignoring
ip-10-181-1-244:56:56 [0] NCCL INFO Topology detection : could not read /sys/devices/system/node/node-1/cpumap, ignoring
ip-10-181-1-244:56:56 [0] NCCL INFO NET/Socket : GPU Direct RDMA Disabled for HCA 0 'ens5'
ip-10-181-1-244:56:56 [0] NCCL INFO ncclTopoPopulateNics : Filled ens5 in topo with pciPath=/sys/devices/pci0000:00/0000:00:05.0 net=1 gin=(null) keep=1 coll=(null)
ip-10-181-1-244:56:56 [0] NCCL INFO KV Convert to int : could not find value of 'Unknown' in dictionary, falling back to 60
ip-10-181-1-244:56:56 [0] NCCL INFO === System : maxBw 1.2 totalBw 24.0 ===
ip-10-181-1-244:56:56 [0] NCCL INFO CPU/0-ffffffffffffff (1/2/-1)
ip-10-181-1-244:56:56 [0] NCCL INFO + PCI[24.0] - GPU/0-1e0 (1)
ip-10-181-1-244:56:56 [0] NCCL INFO + PCI[12.0] - NIC/0-50
ip-10-181-1-244:56:56 [0] NCCL INFO               + NET[1.2] - NET/0-0 (0/0/0/1.250000)
ip-10-181-1-244:56:56 [0] NCCL INFO ==========================================
ip-10-181-1-244:56:56 [0] NCCL INFO GPU/0-1e0 :GPU/0-1e0 (0/5000.0/LOC) CPU/0-ffffffffffffff (1/24.0/PHB) NET/0-0 (3/1.2/PHB) 
ip-10-181-1-244:56:56 [0] NCCL INFO NET/0-0 :GPU/0-1e0 (3/1.2/PHB) CPU/0-ffffffffffffff (2/1.2/PHB) NET/0-0 (0/5000.0/LOC) 
ip-10-181-1-244:56:56 [0] NCCL INFO ncclTopoGetCpuAffinity: Affinity for GPU 0 is empty, ignoring. (GPU affinity =  ; CPU affinity = 0-3).
ip-10-181-1-244:56:56 [0] NCCL INFO Pattern 4, crossNic 0, nChannels 1, bw 1.200000/1.200000, type LOC/PHB, sameChannels 1
ip-10-181-1-244:56:56 [0] NCCL INFO  0 : NET/0-0 GPU/0-1e0 NET/0-0
ip-10-181-1-244:56:56 [0] NCCL INFO Pattern 3, crossNic 0, nChannels 1, bw 2.400000/1.200000, type LOC/PHB, sameChannels 1
ip-10-181-1-244:56:56 [0] NCCL INFO  0 : NET/0-0 GPU/0-1e0 NET/0-0
ip-10-181-1-244:56:56 [0] NCCL INFO Could not get speed from /sys/class/net/ens5/speed. Defaulting to 10 Gbps.
ip-10-181-1-244:56:56 [0] NCCL INFO comm 0x626510ded600 rank 1 nRanks 2 nNodes 2 localRanks 1 localRank 0 MNNVL 0
ip-10-181-1-244:56:56 [0] NCCL INFO Tree 0 : 0 -> 1 -> -1/-1/-1
ip-10-181-1-244:56:56 [0] NCCL INFO Tree 1 : -1 -> 1 -> 0/-1/-1
ip-10-181-1-244:56:56 [0] NCCL INFO Ring 00 : 0 -> 1 -> 0
ip-10-181-1-244:56:56 [0] NCCL INFO Ring 01 : 0 -> 1 -> 0
ip-10-181-1-244:56:56 [0] NCCL INFO Trees [0] -1/-1/-1->1->0 [1] 0/-1/-1->1->-1
ip-10-181-1-244:56:56 [0] NCCL INFO P2P Chunksize set to 131072
ip-10-181-1-244:56:56 [0] NCCL INFO Check P2P Type isAllDirectP2p 1 directMode 0 isAllCudaP2p 1
ip-10-181-1-244:56:56 [0] NCCL INFO ncclP2pSchedule: group size used is 1
ip-10-181-1-244:56:187 [0] NCCL INFO [Proxy Service UDS] Device 0 CPU core 3
ip-10-181-1-244:56:186 [0] NCCL INFO [Proxy Service] Device 0 CPU core 3
ip-10-181-1-244:56:56 [0] NCCL INFO threadThresholds 8/8/64 | 16/8/64 | 512 | 512
ip-10-181-1-244:56:56 [0] NCCL INFO 2 coll channels, 2 collnet channels, 0 nvls channels, 2 p2p channels, 1 p2p channels per peer
ip-10-181-1-244:56:56 [0] NCCL INFO Symmetric VA size=24GB
ip-10-181-1-244:56:56 [0] NCCL INFO Symmetric memory is not supported. cuMemEnable 1, globalGinSupport 0, globalNicFused 0 cuMemGdrSupport 1
ip-10-181-1-244:56:56 [0] NCCL INFO ncclCommInitRankConfig comm 0x626510ded600 rank 1 nranks 2 cudaDev 0 nvmlDev 0 busId 1e0 commId 0x656efaf6b759ee3f - Init COMPLETE
ip-10-181-1-244:56:56 [0] NCCL INFO Init timings - ncclCommInitRankConfig: rank 1 nranks 2 total 0.40 (kernels 0.00, alloc 0.00, bootstrap 0.28, allgathers 0.11, topo 0.00, graphs 0.00, connections 0.00, rest 0.00)
ip-10-181-1-244:56:186 [0] NCCL INFO New proxy recv connection 0 from local rank 0, transport 2
ip-10-181-1-244:56:188 [0] NCCL INFO [Proxy Progress] Device 0 CPU core 1
ip-10-181-1-244:56:56 [0] NCCL INFO Connected to proxy localRank 0 -> connection 0x776b90005310
ip-10-181-1-244:56:186 [0] NCCL INFO Could not get speed from /sys/class/net/ens5/speed. Defaulting to 10 Gbps.
ip-10-181-1-244:56:186 [0] NCCL INFO NET/Socket: Using 2 threads and 8 sockets per thread
ip-10-181-1-244:56:56 [0] NCCL INFO Channel 01/1 : 0[0] -> 1[0] [receive] via NET/Socket/0/Shared
ip-10-181-1-244:56:186 [0] NCCL INFO New proxy send connection 1 from local rank 0, transport 2
ip-10-181-1-244:56:56 [0] NCCL INFO Connected to proxy localRank 0 -> connection 0x776b90005398
ip-10-181-1-244:56:186 [0] NCCL INFO Could not get speed from /sys/class/net/ens5/speed. Defaulting to 10 Gbps.
ip-10-181-1-244:56:56 [0] NCCL INFO Channel 01/1 : 1[0] -> 0[0] [send] via NET/Socket/0/Shared
{"event": "outer_step_completed", "rank": 2, "completed_outer_steps": 50, "timestamp": "2026-09-14T14:59:23.261322+00:00"}
{"event": "outer_step_completed", "rank": 2, "completed_outer_steps": 75, "timestamp": "2026-09-14T15:03:16.939832+00:00"}
{"event": "outer_step_completed", "rank": 2, "completed_outer_steps": 100, "timestamp": "2026-09-14T15:06:34.120469+00:00"}
{"event": "outer_step_completed", "rank": 2, "completed_outer_steps": 125, "timestamp": "2026-09-14T15:09:34.056593+00:00"}
{"event": "outer_step_completed", "rank": 2, "completed_outer_steps": 150, "timestamp": "2026-09-14T15:12:32.418303+00:00"}
{"event": "outer_step_completed", "rank": 2, "completed_outer_steps": 175, "timestamp": "2026-09-14T15:15:29.419927+00:00"}
{"event": "outer_step_completed", "rank": 2, "completed_outer_steps": 200, "timestamp": "2026-09-14T15:18:37.177699+00:00"}
{"event": "outer_step_completed", "rank": 2, "completed_outer_steps": 225, "timestamp": "2026-09-14T15:21:49.719093+00:00"}
{"event": "outer_step_completed", "rank": 2, "completed_outer_steps": 250, "timestamp": "2026-09-14T15:24:49.541299+00:00"}
{"event": "outer_step_completed", "rank": 2, "completed_outer_steps": 275, "timestamp": "2026-09-14T15:27:46.754927+00:00"}
{"event": "outer_step_completed", "rank": 2, "completed_outer_steps": 300, "timestamp": "2026-09-14T15:30:37.605036+00:00"}
{"event": "outer_step_completed", "rank": 2, "completed_outer_steps": 325, "timestamp": "2026-09-14T15:33:30.667304+00:00"}
{"event": "outer_step_completed", "rank": 2, "completed_outer_steps": 350, "timestamp": "2026-09-14T15:36:33.877887+00:00"}
{"event": "outer_step_completed", "rank": 2, "completed_outer_steps": 375, "timestamp": "2026-09-14T15:39:38.954057+00:00"}
{"event": "outer_step_completed", "rank": 2, "completed_outer_steps": 400, "timestamp": "2026-09-14T15:42:40.088752+00:00"}
{"event": "outer_step_completed", "rank": 2, "completed_outer_steps": 425, "timestamp": "2026-09-14T15:45:41.394577+00:00"}
{"event": "outer_step_completed", "rank": 2, "completed_outer_steps": 450, "timestamp": "2026-09-14T15:48:27.184257+00:00"}
{"event": "outer_step_completed", "rank": 2, "completed_outer_steps": 475, "timestamp": "2026-09-14T15:51:25.361463+00:00"}
{"event": "outer_step_completed", "rank": 2, "completed_outer_steps": 500, "timestamp": "2026-09-14T15:54:20.776906+00:00"}
ip-10-181-1-244:56:56 [0] NCCL INFO comm 0x626510ded600 rank 1 nranks 2 cudaDev 0 busId 1e0 - Destroy COMPLETE
ip-10-181-1-244:56:56 [0] NCCL INFO comm 0x62650c3f3a00 rank 0 nranks 2 cudaDev 0 busId 1e0 - Destroy COMPLETE
ip-10-181-1-244:56:56 [0] NCCL INFO comm 0x62650485d700 rank 0 nranks 2 cudaDev 0 busId 1e0 - Destroy COMPLETE
ip-10-181-1-244:56:56 [0] NCCL INFO comm 0x626510b19dd0 rank 0 nranks 2 cudaDev 0 busId 1e0 - Destroy COMPLETE
ip-10-181-1-244:56:56 [0] NCCL INFO comm 0x62650975cf40 rank 1 nranks 2 cudaDev 0 busId 1e0 - Destroy COMPLETE
ip-10-181-1-244:56:56 [0] NCCL INFO comm 0x6265089d4890 rank 2 nranks 16 cudaDev 0 busId 1e0 - Destroy COMPLETE
ip-10-181-1-244:56:56 [0] NCCL INFO comm 0x626508ca2410 rank 0 nranks 2 cudaDev 0 busId 1e0 - Destroy COMPLETE
ip-10-181-1-244:56:56 [0] NCCL INFO comm 0x6265109caaf0 rank 0 nranks 2 cudaDev 0 busId 1e0 - Destroy COMPLETE
ip-10-181-1-244:56:56 [0] NCCL INFO comm 0x626509151ad0 rank 0 nranks 2 cudaDev 0 busId 1e0 - Destroy COMPLETE
ip-10-181-1-244:56:56 [0] NCCL INFO comm 0x626510615cb0 rank 0 nranks 2 cudaDev 0 busId 1e0 - Destroy COMPLETE
ip-10-181-1-244:56:56 [0] NCCL INFO comm 0x62650939b6b0 rank 0 nranks 2 cudaDev 0 busId 1e0 - Destroy COMPLETE
ip-10-181-1-244:56:56 [0] NCCL INFO comm 0x6265092768c0 rank 0 nranks 2 cudaDev 0 busId 1e0 - Destroy COMPLETE
ip-10-181-1-244:56:56 [0] NCCL INFO comm 0x626508f76680 rank 0 nranks 2 cudaDev 0 busId 1e0 - Destroy COMPLETE
ip-10-181-1-244:56:56 [0] NCCL INFO comm 0x6265095efb20 rank 0 nranks 2 cudaDev 0 busId 1e0 - Destroy COMPLETE
ip-10-181-1-244:56:56 [0] NCCL INFO comm 0x6265104f0ec0 rank 0 nranks 2 cudaDev 0 busId 1e0 - Destroy COMPLETE
ip-10-181-1-244:56:56 [0] NCCL INFO comm 0x62651088d0d0 rank 0 nranks 2 cudaDev 0 busId 1e0 - Destroy COMPLETE
ip-10-181-1-244:56:56 [0] NCCL INFO ENV/Plugin: Closing env plugin ncclEnvDefault
