Warning: You are sending unauthenticated requests to the HF Hub. Please set a HF_TOKEN to enable higher rate limits and faster downloads.
Generating train split:   0%|          | 0/50000 [00:00<?, ? examples/s]Generating train split:   0%|          | 100/50000 [00:00<01:05, 765.29 examples/s]Generating train split:  57%|█████▋    | 28400/50000 [00:00<00:00, 138666.39 examples/s]Generating train split: 100%|██████████| 50000/50000 [00:00<00:00, 151502.71 examples/s]
Generating test split:   0%|          | 0/10000 [00:00<?, ? examples/s]Generating test split: 100%|██████████| 10000/10000 [00:00<00:00, 237828.96 examples/s]
[W914 14:40:27.059697127 Utils.hpp:166] Warning: Environment variable NCCL_BLOCKING_WAIT is deprecated; use TORCH_NCCL_BLOCKING_WAIT instead (function operator())
[W914 14:40:27.059738560 Utils.hpp:137] Warning: Environment variable NCCL_ASYNC_ERROR_HANDLING is deprecated; use TORCH_NCCL_ASYNC_ERROR_HANDLING instead (function operator())
[rank9]:[W914 14:40:32.795803992 ProcessGroupNCCL.cpp:4215] Warning: An unbatched P2P op (send/recv) was called on this ProcessGroup with size 16.  In lazy initialization mode, this will result in a new 2-rank NCCL communicator to be created. (function operator())
ip-10-184-1-11:56:56 [0] NCCL INFO ENV/Plugin: Could not find: libnccl-env.so
ip-10-184-1-11:56:56 [0] NCCL INFO cudaDriverVersion 13020
ip-10-184-1-11:56:56 [0] NCCL INFO NCCL_SOCKET_IFNAME set to ens5
ip-10-184-1-11:56:56 [0] NCCL INFO NCCL version 2.29.7+cuda13.2
ip-10-184-1-11:56:56 [0] NCCL INFO NCCL git version stable b81d6a5a3
ip-10-184-1-11:56:56 [0] NCCL INFO NET/Plugin: Could not find: libnccl-net.so
ip-10-184-1-11:56:56 [0] NCCL INFO transport/net_ib/init.cc:396 -> 3
ip-10-184-1-11:56:56 [0] NCCL INFO Failed to initialize NET plugin IB
ip-10-184-1-11:56:56 [0] NCCL INFO NET/Socket : Using [0]ens5:10.184.1.11<0>
ip-10-184-1-11:56:56 [0] NCCL INFO Initialized NET plugin Socket
ip-10-184-1-11:56:56 [0] NCCL INFO Could not get speed from /sys/class/net/ens5/speed. Defaulting to 10 Gbps.
ip-10-184-1-11:56:56 [0] NCCL INFO Assigned NET plugin Socket to comm
ip-10-184-1-11:56:56 [0] NCCL INFO GIN/Plugin: Could not find: libnccl-gin.so

[2026-09-14 14:40:33] ip-10-184-1-11:56:56 [0] misc/ibvwrap.cc:173 NCCL WARN lib wrapper not initialized.
ip-10-184-1-11:56:56 [0] NCCL INFO transport/net_ib/gdr.cc:56 -> 3
ip-10-184-1-11:56:56 [0] NCCL INFO Unable to use GIN: Peermem is not supported, nor DMA-BUF.
ip-10-184-1-11:56:56 [0] NCCL INFO Unable to use GIN: Peermem is not supported, nor DMA-BUF.
ip-10-184-1-11:56:56 [0] NCCL INFO Failed to initialize any GIN plugin
ip-10-184-1-11:56:56 [0] NCCL INFO Using network Socket
ip-10-184-1-11:56:56 [0] NCCL INFO [Rank 1] ncclCommInitRankConfig comm 0x5600bfe91b50 rank 1 nranks 2 cudaDev 0 nvmlDev 0 busId 1e0 commId 0xc457edd83da60786 - Init START
ip-10-184-1-11:56:56 [0] NCCL INFO RAS client listening socket at 127.0.0.1<28028>
ip-10-184-1-11:56:56 [0] NCCL INFO Topology detection : could not read /sys/devices/pci0000:00/0000:00:1e.0/../max_link_speed, ignoring
ip-10-184-1-11:56:56 [0] NCCL INFO Topology detection : could not read /sys/devices/pci0000:00/0000:00:1e.0/../max_link_width, ignoring
ip-10-184-1-11:56:56 [0] NCCL INFO Topology detection : could not read /sys/devices/system/node/node-1/cpumap, ignoring
ip-10-184-1-11:56:56 [0] NCCL INFO TOPO/NET : Importing network plugins to topology
ip-10-184-1-11:56:56 [0] NCCL INFO Could not get speed from /sys/class/net/ens5/speed. Defaulting to 10 Gbps.
ip-10-184-1-11:56:56 [0] NCCL INFO Topology detection : could not read /sys/devices/pci0000:00/0000:00:05.0/../max_link_speed, ignoring
ip-10-184-1-11:56:56 [0] NCCL INFO Topology detection : could not read /sys/devices/pci0000:00/0000:00:05.0/../max_link_width, ignoring
ip-10-184-1-11:56:56 [0] NCCL INFO Topology detection : could not read /sys/devices/system/node/node-1/cpumap, ignoring
ip-10-184-1-11:56:56 [0] NCCL INFO NET/Socket : GPU Direct RDMA Disabled for HCA 0 'ens5'
ip-10-184-1-11:56:56 [0] NCCL INFO ncclTopoPopulateNics : Filled ens5 in topo with pciPath=/sys/devices/pci0000:00/0000:00:05.0 net=1 gin=(null) keep=1 coll=(null)
ip-10-184-1-11:56:56 [0] NCCL INFO KV Convert to int : could not find value of 'Unknown' in dictionary, falling back to 60
ip-10-184-1-11:56:56 [0] NCCL INFO === System : maxBw 1.2 totalBw 24.0 ===
ip-10-184-1-11:56:56 [0] NCCL INFO CPU/0-ffffffffffffff (1/2/-1)
ip-10-184-1-11:56:56 [0] NCCL INFO + PCI[24.0] - GPU/0-1e0 (1)
ip-10-184-1-11:56:56 [0] NCCL INFO + PCI[12.0] - NIC/0-50
ip-10-184-1-11:56:56 [0] NCCL INFO               + NET[1.2] - NET/0-0 (0/0/0/1.250000)
ip-10-184-1-11:56:56 [0] NCCL INFO ==========================================
ip-10-184-1-11:56:56 [0] NCCL INFO GPU/0-1e0 :GPU/0-1e0 (0/5000.0/LOC) CPU/0-ffffffffffffff (1/24.0/PHB) NET/0-0 (3/1.2/PHB) 
ip-10-184-1-11:56:56 [0] NCCL INFO NET/0-0 :GPU/0-1e0 (3/1.2/PHB) CPU/0-ffffffffffffff (2/1.2/PHB) NET/0-0 (0/5000.0/LOC) 
ip-10-184-1-11:56:56 [0] NCCL INFO ncclTopoGetCpuAffinity: Affinity for GPU 0 is empty, ignoring. (GPU affinity =  ; CPU affinity = 0-3).
ip-10-184-1-11:56:56 [0] NCCL INFO Pattern 4, crossNic 0, nChannels 1, bw 1.200000/1.200000, type LOC/PHB, sameChannels 1
ip-10-184-1-11:56:56 [0] NCCL INFO  0 : NET/0-0 GPU/0-1e0 NET/0-0
ip-10-184-1-11:56:56 [0] NCCL INFO Pattern 3, crossNic 0, nChannels 1, bw 2.400000/1.200000, type LOC/PHB, sameChannels 1
ip-10-184-1-11:56:56 [0] NCCL INFO  0 : NET/0-0 GPU/0-1e0 NET/0-0
ip-10-184-1-11:56:56 [0] NCCL INFO Could not get speed from /sys/class/net/ens5/speed. Defaulting to 10 Gbps.
ip-10-184-1-11:56:56 [0] NCCL INFO comm 0x5600bfe91b50 rank 1 nRanks 2 nNodes 2 localRanks 1 localRank 0 MNNVL 0
ip-10-184-1-11:56:56 [0] NCCL INFO Tree 0 : 0 -> 1 -> -1/-1/-1
ip-10-184-1-11:56:56 [0] NCCL INFO Tree 1 : -1 -> 1 -> 0/-1/-1
ip-10-184-1-11:56:56 [0] NCCL INFO Ring 00 : 0 -> 1 -> 0
ip-10-184-1-11:56:56 [0] NCCL INFO Ring 01 : 0 -> 1 -> 0
ip-10-184-1-11:56:56 [0] NCCL INFO Trees [0] -1/-1/-1->1->0 [1] 0/-1/-1->1->-1
ip-10-184-1-11:56:56 [0] NCCL INFO P2P Chunksize set to 131072
ip-10-184-1-11:56:56 [0] NCCL INFO PROFILER/Plugin: Could not find: libnccl-profiler.so
ip-10-184-1-11:56:56 [0] NCCL INFO Check P2P Type isAllDirectP2p 1 directMode 0 isAllCudaP2p 1
ip-10-184-1-11:56:100 [0] NCCL INFO [Proxy Service] Device 0 CPU core 0
ip-10-184-1-11:56:56 [0] NCCL INFO ncclP2pSchedule: group size used is 1
ip-10-184-1-11:56:101 [0] NCCL INFO [Proxy Service UDS] Device 0 CPU core 1
ip-10-184-1-11:56:56 [0] NCCL INFO TUNER/Plugin: Could not find: libnccl-tuner.so
ip-10-184-1-11:56:56 [0] NCCL INFO threadThresholds 8/8/64 | 16/8/64 | 512 | 512
ip-10-184-1-11:56:56 [0] NCCL INFO 2 coll channels, 2 collnet channels, 0 nvls channels, 2 p2p channels, 1 p2p channels per peer
ip-10-184-1-11:56:56 [0] NCCL INFO Symmetric VA size=24GB
ip-10-184-1-11:56:56 [0] NCCL INFO Symmetric memory is not supported. cuMemEnable 1, globalGinSupport 0, globalNicFused 0 cuMemGdrSupport 1
ip-10-184-1-11:56:56 [0] NCCL INFO ncclCommInitRankConfig comm 0x5600bfe91b50 rank 1 nranks 2 cudaDev 0 nvmlDev 0 busId 1e0 commId 0xc457edd83da60786 - Init COMPLETE
ip-10-184-1-11:56:56 [0] NCCL INFO Init timings - ncclCommInitRankConfig: rank 1 nranks 2 total 1.61 (kernels 0.16, alloc 0.02, bootstrap 1.02, allgathers 0.39, topo 0.00, graphs 0.00, connections 0.00, rest 0.00)
ip-10-184-1-11:56:100 [0] NCCL INFO New proxy recv connection 0 from local rank 0, transport 2
ip-10-184-1-11:56:102 [0] NCCL INFO [Proxy Progress] Device 0 CPU core 2
ip-10-184-1-11:56:56 [0] NCCL INFO Connected to proxy localRank 0 -> connection 0x795a78004fa0
ip-10-184-1-11:56:100 [0] NCCL INFO Could not get speed from /sys/class/net/ens5/speed. Defaulting to 10 Gbps.
ip-10-184-1-11:56:100 [0] NCCL INFO NET/Socket: Using 2 threads and 8 sockets per thread
ip-10-184-1-11:56:56 [0] NCCL INFO Channel 01/1 : 0[0] -> 1[0] [receive] via NET/Socket/0/Shared
[rank9]:[W914 14:41:17.818286923 ProcessGroupNCCL.cpp:4215] Warning: An unbatched P2P op (send/recv) was called on this ProcessGroup with size 16.  In lazy initialization mode, this will result in a new 2-rank NCCL communicator to be created. (function operator())
ip-10-184-1-11:56:100 [0] NCCL INFO New proxy send connection 1 from local rank 0, transport 2
ip-10-184-1-11:56:56 [0] NCCL INFO Connected to proxy localRank 0 -> connection 0x795a78005028
ip-10-184-1-11:56:100 [0] NCCL INFO Could not get speed from /sys/class/net/ens5/speed. Defaulting to 10 Gbps.
ip-10-184-1-11:56:56 [0] NCCL INFO Channel 01/1 : 1[0] -> 0[0] [send] via NET/Socket/0/Shared
{"event": "outer_step_completed", "rank": 9, "completed_outer_steps": 1, "timestamp": "2026-09-14T14:41:29.205784+00:00"}
ip-10-184-1-11:56:56 [0] NCCL INFO Initialized NET plugin Socket
ip-10-184-1-11:56:56 [0] NCCL INFO Could not get speed from /sys/class/net/ens5/speed. Defaulting to 10 Gbps.
ip-10-184-1-11:56:56 [0] NCCL INFO Assigned NET plugin Socket to comm
ip-10-184-1-11:56:56 [0] NCCL INFO Failed to initialize any GIN plugin
ip-10-184-1-11:56:56 [0] NCCL INFO Using network Socket
ip-10-184-1-11:56:56 [0] NCCL INFO [Rank 9] ncclCommInitRankConfig comm 0x5600c4009e20 rank 9 nranks 16 cudaDev 0 nvmlDev 0 busId 1e0 commId 0xbcac494dc69e8913 - Init START
ip-10-184-1-11:56:56 [0] NCCL INFO Topology detection : could not read /sys/devices/pci0000:00/0000:00:1e.0/../max_link_speed, ignoring
ip-10-184-1-11:56:56 [0] NCCL INFO Topology detection : could not read /sys/devices/pci0000:00/0000:00:1e.0/../max_link_width, ignoring
ip-10-184-1-11:56:56 [0] NCCL INFO Topology detection : could not read /sys/devices/system/node/node-1/cpumap, ignoring
ip-10-184-1-11:56:56 [0] NCCL INFO TOPO/NET : Importing network plugins to topology
ip-10-184-1-11:56:56 [0] NCCL INFO Could not get speed from /sys/class/net/ens5/speed. Defaulting to 10 Gbps.
ip-10-184-1-11:56:56 [0] NCCL INFO Topology detection : could not read /sys/devices/pci0000:00/0000:00:05.0/../max_link_speed, ignoring
ip-10-184-1-11:56:56 [0] NCCL INFO Topology detection : could not read /sys/devices/pci0000:00/0000:00:05.0/../max_link_width, ignoring
ip-10-184-1-11:56:56 [0] NCCL INFO Topology detection : could not read /sys/devices/system/node/node-1/cpumap, ignoring
ip-10-184-1-11:56:56 [0] NCCL INFO NET/Socket : GPU Direct RDMA Disabled for HCA 0 'ens5'
ip-10-184-1-11:56:56 [0] NCCL INFO ncclTopoPopulateNics : Filled ens5 in topo with pciPath=/sys/devices/pci0000:00/0000:00:05.0 net=1 gin=(null) keep=1 coll=(null)
ip-10-184-1-11:56:56 [0] NCCL INFO KV Convert to int : could not find value of 'Unknown' in dictionary, falling back to 60
ip-10-184-1-11:56:56 [0] NCCL INFO === System : maxBw 1.2 totalBw 24.0 ===
ip-10-184-1-11:56:56 [0] NCCL INFO CPU/0-ffffffffffffff (1/2/-1)
ip-10-184-1-11:56:56 [0] NCCL INFO + PCI[24.0] - GPU/0-1e0 (9)
ip-10-184-1-11:56:56 [0] NCCL INFO + PCI[12.0] - NIC/0-50
ip-10-184-1-11:56:56 [0] NCCL INFO               + NET[1.2] - NET/0-0 (0/0/0/1.250000)
ip-10-184-1-11:56:56 [0] NCCL INFO ==========================================
ip-10-184-1-11:56:56 [0] NCCL INFO GPU/0-1e0 :GPU/0-1e0 (0/5000.0/LOC) CPU/0-ffffffffffffff (1/24.0/PHB) NET/0-0 (3/1.2/PHB) 
ip-10-184-1-11:56:56 [0] NCCL INFO NET/0-0 :GPU/0-1e0 (3/1.2/PHB) CPU/0-ffffffffffffff (2/1.2/PHB) NET/0-0 (0/5000.0/LOC) 
ip-10-184-1-11:56:56 [0] NCCL INFO ncclTopoGetCpuAffinity: Affinity for GPU 0 is empty, ignoring. (GPU affinity =  ; CPU affinity = 0-3).
ip-10-184-1-11:56:56 [0] NCCL INFO Pattern 4, crossNic 0, nChannels 1, bw 1.200000/1.200000, type LOC/PHB, sameChannels 1
ip-10-184-1-11:56:56 [0] NCCL INFO  0 : NET/0-0 GPU/0-1e0 NET/0-0
ip-10-184-1-11:56:56 [0] NCCL INFO Pattern 3, crossNic 0, nChannels 1, bw 2.400000/1.200000, type LOC/PHB, sameChannels 1
ip-10-184-1-11:56:56 [0] NCCL INFO  0 : NET/0-0 GPU/0-1e0 NET/0-0
ip-10-184-1-11:56:56 [0] NCCL INFO Could not get speed from /sys/class/net/ens5/speed. Defaulting to 10 Gbps.
ip-10-184-1-11:56:56 [0] NCCL INFO comm 0x5600c4009e20 rank 9 nRanks 16 nNodes 16 localRanks 1 localRank 0 MNNVL 0
ip-10-184-1-11:56:56 [0] NCCL INFO Tree 0 : 10 -> 9 -> -1/-1/-1
ip-10-184-1-11:56:56 [0] NCCL INFO Tree 1 : 11 -> 9 -> 10/8/-1
ip-10-184-1-11:56:56 [0] NCCL INFO Ring 00 : 8 -> 9 -> 10
ip-10-184-1-11:56:56 [0] NCCL INFO Ring 01 : 8 -> 9 -> 10
ip-10-184-1-11:56:56 [0] NCCL INFO Trees [0] -1/-1/-1->9->10 [1] 10/8/-1->9->11
ip-10-184-1-11:56:56 [0] NCCL INFO P2P Chunksize set to 131072
ip-10-184-1-11:56:56 [0] NCCL INFO Check P2P Type isAllDirectP2p 1 directMode 0 isAllCudaP2p 1
ip-10-184-1-11:56:56 [0] NCCL INFO ncclP2pSchedule: group size used is 1
ip-10-184-1-11:56:107 [0] NCCL INFO [Proxy Service] Device 0 CPU core 2
ip-10-184-1-11:56:108 [0] NCCL INFO [Proxy Service UDS] Device 0 CPU core 2
ip-10-184-1-11:56:56 [0] NCCL INFO threadThresholds 8/8/64 | 128/8/64 | 512 | 512
ip-10-184-1-11:56:56 [0] NCCL INFO 2 coll channels, 2 collnet channels, 0 nvls channels, 2 p2p channels, 1 p2p channels per peer
ip-10-184-1-11:56:56 [0] NCCL INFO Symmetric VA size=24GB
ip-10-184-1-11:56:56 [0] NCCL INFO Symmetric memory is not supported. cuMemEnable 1, globalGinSupport 0, globalNicFused 0 cuMemGdrSupport 1
ip-10-184-1-11:56:56 [0] NCCL INFO ncclCommInitRankConfig comm 0x5600c4009e20 rank 9 nranks 16 cudaDev 0 nvmlDev 0 busId 1e0 commId 0xbcac494dc69e8913 - Init COMPLETE
ip-10-184-1-11:56:56 [0] NCCL INFO Init timings - ncclCommInitRankConfig: rank 9 nranks 16 total 4.74 (kernels 0.00, alloc 0.00, bootstrap 1.70, allgathers 3.04, topo 0.00, graphs 0.00, connections 0.00, rest 0.00)
ip-10-184-1-11:56:107 [0] NCCL INFO New proxy recv connection 0 from local rank 0, transport 2
ip-10-184-1-11:56:109 [0] NCCL INFO [Proxy Progress] Device 0 CPU core 0
ip-10-184-1-11:56:56 [0] NCCL INFO Connected to proxy localRank 0 -> connection 0x795a44004f70
ip-10-184-1-11:56:107 [0] NCCL INFO Could not get speed from /sys/class/net/ens5/speed. Defaulting to 10 Gbps.
ip-10-184-1-11:56:107 [0] NCCL INFO NET/Socket: Using 2 threads and 8 sockets per thread
ip-10-184-1-11:56:56 [0] NCCL INFO Channel 01/0 : 8[0] -> 9[0] [receive] via NET/Socket/0
ip-10-184-1-11:56:107 [0] NCCL INFO New proxy send connection 1 from local rank 0, transport 2
ip-10-184-1-11:56:56 [0] NCCL INFO Connected to proxy localRank 0 -> connection 0x795a44004ff8
ip-10-184-1-11:56:107 [0] NCCL INFO Could not get speed from /sys/class/net/ens5/speed. Defaulting to 10 Gbps.
ip-10-184-1-11:56:56 [0] NCCL INFO Channel 00/0 : 9[0] -> 10[0] [send] via NET/Socket/0
ip-10-184-1-11:56:107 [0] NCCL INFO New proxy send connection 2 from local rank 0, transport 2
ip-10-184-1-11:56:56 [0] NCCL INFO Connected to proxy localRank 0 -> connection 0x795a44005080
ip-10-184-1-11:56:107 [0] NCCL INFO Could not get speed from /sys/class/net/ens5/speed. Defaulting to 10 Gbps.
ip-10-184-1-11:56:56 [0] NCCL INFO Channel 01/0 : 9[0] -> 10[0] [send] via NET/Socket/0
ip-10-184-1-11:56:107 [0] NCCL INFO New proxy send connection 3 from local rank 0, transport 2
ip-10-184-1-11:56:56 [0] NCCL INFO Connected to proxy localRank 0 -> connection 0x795a44005108
ip-10-184-1-11:56:107 [0] NCCL INFO Could not get speed from /sys/class/net/ens5/speed. Defaulting to 10 Gbps.
ip-10-184-1-11:56:56 [0] NCCL INFO Channel 01/0 : 9[0] -> 11[0] [send] via NET/Socket/0
ip-10-184-1-11:56:107 [0] NCCL INFO New proxy recv connection 4 from local rank 0, transport 2
ip-10-184-1-11:56:56 [0] NCCL INFO Connected to proxy localRank 0 -> connection 0x795a44005190
ip-10-184-1-11:56:107 [0] NCCL INFO Could not get speed from /sys/class/net/ens5/speed. Defaulting to 10 Gbps.
ip-10-184-1-11:56:107 [0] NCCL INFO NET/Socket: Using 2 threads and 8 sockets per thread
ip-10-184-1-11:56:56 [0] NCCL INFO Channel 01/0 : 11[0] -> 9[0] [receive] via NET/Socket/0
ip-10-184-1-11:56:107 [0] NCCL INFO New proxy recv connection 5 from local rank 0, transport 2
ip-10-184-1-11:56:56 [0] NCCL INFO Connected to proxy localRank 0 -> connection 0x795a44005218
ip-10-184-1-11:56:107 [0] NCCL INFO Could not get speed from /sys/class/net/ens5/speed. Defaulting to 10 Gbps.
ip-10-184-1-11:56:107 [0] NCCL INFO NET/Socket: Using 2 threads and 8 sockets per thread
ip-10-184-1-11:56:56 [0] NCCL INFO Channel 00/0 : 10[0] -> 9[0] [receive] via NET/Socket/0
ip-10-184-1-11:56:107 [0] NCCL INFO New proxy recv connection 6 from local rank 0, transport 2
ip-10-184-1-11:56:56 [0] NCCL INFO Connected to proxy localRank 0 -> connection 0x795a440052a0
ip-10-184-1-11:56:107 [0] NCCL INFO Could not get speed from /sys/class/net/ens5/speed. Defaulting to 10 Gbps.
ip-10-184-1-11:56:107 [0] NCCL INFO NET/Socket: Using 2 threads and 8 sockets per thread
ip-10-184-1-11:56:56 [0] NCCL INFO Channel 01/0 : 10[0] -> 9[0] [receive] via NET/Socket/0
ip-10-184-1-11:56:107 [0] NCCL INFO New proxy send connection 7 from local rank 0, transport 2
ip-10-184-1-11:56:56 [0] NCCL INFO Connected to proxy localRank 0 -> connection 0x795a44005328
ip-10-184-1-11:56:107 [0] NCCL INFO Could not get speed from /sys/class/net/ens5/speed. Defaulting to 10 Gbps.
ip-10-184-1-11:56:56 [0] NCCL INFO Channel 01/0 : 9[0] -> 8[0] [send] via NET/Socket/0
ip-10-184-1-11:56:56 [0] NCCL INFO Connected all trees
ip-10-184-1-11:56:56 [0] NCCL INFO Initialized NET plugin Socket
ip-10-184-1-11:56:56 [0] NCCL INFO Could not get speed from /sys/class/net/ens5/speed. Defaulting to 10 Gbps.
ip-10-184-1-11:56:56 [0] NCCL INFO Assigned NET plugin Socket to comm
ip-10-184-1-11:56:56 [0] NCCL INFO Failed to initialize any GIN plugin
ip-10-184-1-11:56:56 [0] NCCL INFO Using network Socket
ip-10-184-1-11:56:56 [0] NCCL INFO [Rank 0] ncclCommInitRankConfig comm 0x5600c431d810 rank 0 nranks 2 cudaDev 0 nvmlDev 0 busId 1e0 commId 0xaef39d45b4466ef5 - Init START
ip-10-184-1-11:56:56 [0] NCCL INFO Topology detection : could not read /sys/devices/pci0000:00/0000:00:1e.0/../max_link_speed, ignoring
ip-10-184-1-11:56:56 [0] NCCL INFO Topology detection : could not read /sys/devices/pci0000:00/0000:00:1e.0/../max_link_width, ignoring
ip-10-184-1-11:56:56 [0] NCCL INFO Topology detection : could not read /sys/devices/system/node/node-1/cpumap, ignoring
ip-10-184-1-11:56:56 [0] NCCL INFO TOPO/NET : Importing network plugins to topology
ip-10-184-1-11:56:56 [0] NCCL INFO Could not get speed from /sys/class/net/ens5/speed. Defaulting to 10 Gbps.
ip-10-184-1-11:56:56 [0] NCCL INFO Topology detection : could not read /sys/devices/pci0000:00/0000:00:05.0/../max_link_speed, ignoring
ip-10-184-1-11:56:56 [0] NCCL INFO Topology detection : could not read /sys/devices/pci0000:00/0000:00:05.0/../max_link_width, ignoring
ip-10-184-1-11:56:56 [0] NCCL INFO Topology detection : could not read /sys/devices/system/node/node-1/cpumap, ignoring
ip-10-184-1-11:56:56 [0] NCCL INFO NET/Socket : GPU Direct RDMA Disabled for HCA 0 'ens5'
ip-10-184-1-11:56:56 [0] NCCL INFO ncclTopoPopulateNics : Filled ens5 in topo with pciPath=/sys/devices/pci0000:00/0000:00:05.0 net=1 gin=(null) keep=1 coll=(null)
ip-10-184-1-11:56:56 [0] NCCL INFO KV Convert to int : could not find value of 'Unknown' in dictionary, falling back to 60
ip-10-184-1-11:56:56 [0] NCCL INFO === System : maxBw 1.2 totalBw 24.0 ===
ip-10-184-1-11:56:56 [0] NCCL INFO CPU/0-ffffffffffffff (1/2/-1)
ip-10-184-1-11:56:56 [0] NCCL INFO + PCI[24.0] - GPU/0-1e0 (0)
ip-10-184-1-11:56:56 [0] NCCL INFO + PCI[12.0] - NIC/0-50
ip-10-184-1-11:56:56 [0] NCCL INFO               + NET[1.2] - NET/0-0 (0/0/0/1.250000)
ip-10-184-1-11:56:56 [0] NCCL INFO ==========================================
ip-10-184-1-11:56:56 [0] NCCL INFO GPU/0-1e0 :GPU/0-1e0 (0/5000.0/LOC) CPU/0-ffffffffffffff (1/24.0/PHB) NET/0-0 (3/1.2/PHB) 
ip-10-184-1-11:56:56 [0] NCCL INFO NET/0-0 :GPU/0-1e0 (3/1.2/PHB) CPU/0-ffffffffffffff (2/1.2/PHB) NET/0-0 (0/5000.0/LOC) 
ip-10-184-1-11:56:56 [0] NCCL INFO ncclTopoGetCpuAffinity: Affinity for GPU 0 is empty, ignoring. (GPU affinity =  ; CPU affinity = 0-3).
ip-10-184-1-11:56:56 [0] NCCL INFO Pattern 4, crossNic 0, nChannels 1, bw 1.200000/1.200000, type LOC/PHB, sameChannels 1
ip-10-184-1-11:56:56 [0] NCCL INFO  0 : NET/0-0 GPU/0-1e0 NET/0-0
ip-10-184-1-11:56:56 [0] NCCL INFO Pattern 3, crossNic 0, nChannels 1, bw 2.400000/1.200000, type LOC/PHB, sameChannels 1
ip-10-184-1-11:56:56 [0] NCCL INFO  0 : NET/0-0 GPU/0-1e0 NET/0-0
ip-10-184-1-11:56:56 [0] NCCL INFO Could not get speed from /sys/class/net/ens5/speed. Defaulting to 10 Gbps.
ip-10-184-1-11:56:56 [0] NCCL INFO comm 0x5600c431d810 rank 0 nRanks 2 nNodes 2 localRanks 1 localRank 0 MNNVL 0
ip-10-184-1-11:56:56 [0] NCCL INFO Tree 0 : -1 -> 0 -> 1/-1/-1
ip-10-184-1-11:56:56 [0] NCCL INFO Tree 1 : 1 -> 0 -> -1/-1/-1
ip-10-184-1-11:56:56 [0] NCCL INFO Channel 00/02 : 0 1
ip-10-184-1-11:56:56 [0] NCCL INFO Channel 01/02 : 0 1
ip-10-184-1-11:56:56 [0] NCCL INFO Ring 00 : 1 -> 0 -> 1
ip-10-184-1-11:56:56 [0] NCCL INFO Ring 01 : 1 -> 0 -> 1
ip-10-184-1-11:56:56 [0] NCCL INFO Trees [0] 1/-1/-1->0->-1 [1] -1/-1/-1->0->1
ip-10-184-1-11:56:56 [0] NCCL INFO P2P Chunksize set to 131072
ip-10-184-1-11:56:56 [0] NCCL INFO Check P2P Type isAllDirectP2p 1 directMode 0 isAllCudaP2p 1
ip-10-184-1-11:56:56 [0] NCCL INFO ncclP2pSchedule: group size used is 1
ip-10-184-1-11:56:111 [0] NCCL INFO [Proxy Service] Device 0 CPU core 2
ip-10-184-1-11:56:112 [0] NCCL INFO [Proxy Service UDS] Device 0 CPU core 1
ip-10-184-1-11:56:56 [0] NCCL INFO threadThresholds 8/8/64 | 16/8/64 | 512 | 512
ip-10-184-1-11:56:56 [0] NCCL INFO 2 coll channels, 2 collnet channels, 0 nvls channels, 2 p2p channels, 1 p2p channels per peer
ip-10-184-1-11:56:56 [0] NCCL INFO Symmetric VA size=24GB
ip-10-184-1-11:56:56 [0] NCCL INFO Symmetric memory is not supported. cuMemEnable 1, globalGinSupport 0, globalNicFused 0 cuMemGdrSupport 1
ip-10-184-1-11:56:56 [0] NCCL INFO CC Off, workFifoBytes 1048576
ip-10-184-1-11:56:56 [0] NCCL INFO ncclCommInitRankConfig comm 0x5600c431d810 rank 0 nranks 2 cudaDev 0 nvmlDev 0 busId 1e0 commId 0xaef39d45b4466ef5 - Init COMPLETE
ip-10-184-1-11:56:56 [0] NCCL INFO Init timings - ncclCommInitRankConfig: rank 0 nranks 2 total 1.11 (kernels 0.00, alloc 0.00, bootstrap 0.86, allgathers 0.24, topo 0.00, graphs 0.00, connections 0.00, rest 0.00)
ip-10-184-1-11:56:111 [0] NCCL INFO New proxy send connection 0 from local rank 0, transport 2
ip-10-184-1-11:56:113 [0] NCCL INFO [Proxy Progress] Device 0 CPU core 0
ip-10-184-1-11:56:56 [0] NCCL INFO Connected to proxy localRank 0 -> connection 0x795a1c004f70
ip-10-184-1-11:56:111 [0] NCCL INFO Could not get speed from /sys/class/net/ens5/speed. Defaulting to 10 Gbps.
ip-10-184-1-11:56:56 [0] NCCL INFO Channel 01/1 : 0[0] -> 1[0] [send] via NET/Socket/0/Shared
ip-10-184-1-11:56:111 [0] NCCL INFO New proxy recv connection 1 from local rank 0, transport 2
ip-10-184-1-11:56:56 [0] NCCL INFO Connected to proxy localRank 0 -> connection 0x795a1c004ff8
ip-10-184-1-11:56:111 [0] NCCL INFO Could not get speed from /sys/class/net/ens5/speed. Defaulting to 10 Gbps.
ip-10-184-1-11:56:111 [0] NCCL INFO NET/Socket: Using 2 threads and 8 sockets per thread
ip-10-184-1-11:56:56 [0] NCCL INFO Channel 01/1 : 1[0] -> 0[0] [receive] via NET/Socket/0/Shared
ip-10-184-1-11:56:56 [0] NCCL INFO Initialized NET plugin Socket
ip-10-184-1-11:56:56 [0] NCCL INFO Could not get speed from /sys/class/net/ens5/speed. Defaulting to 10 Gbps.
ip-10-184-1-11:56:56 [0] NCCL INFO Assigned NET plugin Socket to comm
ip-10-184-1-11:56:56 [0] NCCL INFO Failed to initialize any GIN plugin
ip-10-184-1-11:56:56 [0] NCCL INFO Using network Socket
ip-10-184-1-11:56:56 [0] NCCL INFO [Rank 1] ncclCommInitRankConfig comm 0x5600c45f2b50 rank 1 nranks 2 cudaDev 0 nvmlDev 0 busId 1e0 commId 0xd03db0e1ba7cc860 - Init START
ip-10-184-1-11:56:56 [0] NCCL INFO Topology detection : could not read /sys/devices/pci0000:00/0000:00:1e.0/../max_link_speed, ignoring
ip-10-184-1-11:56:56 [0] NCCL INFO Topology detection : could not read /sys/devices/pci0000:00/0000:00:1e.0/../max_link_width, ignoring
ip-10-184-1-11:56:56 [0] NCCL INFO Topology detection : could not read /sys/devices/system/node/node-1/cpumap, ignoring
ip-10-184-1-11:56:56 [0] NCCL INFO TOPO/NET : Importing network plugins to topology
ip-10-184-1-11:56:56 [0] NCCL INFO Could not get speed from /sys/class/net/ens5/speed. Defaulting to 10 Gbps.
ip-10-184-1-11:56:56 [0] NCCL INFO Topology detection : could not read /sys/devices/pci0000:00/0000:00:05.0/../max_link_speed, ignoring
ip-10-184-1-11:56:56 [0] NCCL INFO Topology detection : could not read /sys/devices/pci0000:00/0000:00:05.0/../max_link_width, ignoring
ip-10-184-1-11:56:56 [0] NCCL INFO Topology detection : could not read /sys/devices/system/node/node-1/cpumap, ignoring
ip-10-184-1-11:56:56 [0] NCCL INFO NET/Socket : GPU Direct RDMA Disabled for HCA 0 'ens5'
ip-10-184-1-11:56:56 [0] NCCL INFO ncclTopoPopulateNics : Filled ens5 in topo with pciPath=/sys/devices/pci0000:00/0000:00:05.0 net=1 gin=(null) keep=1 coll=(null)
ip-10-184-1-11:56:56 [0] NCCL INFO KV Convert to int : could not find value of 'Unknown' in dictionary, falling back to 60
ip-10-184-1-11:56:56 [0] NCCL INFO === System : maxBw 1.2 totalBw 24.0 ===
ip-10-184-1-11:56:56 [0] NCCL INFO CPU/0-ffffffffffffff (1/2/-1)
ip-10-184-1-11:56:56 [0] NCCL INFO + PCI[24.0] - GPU/0-1e0 (1)
ip-10-184-1-11:56:56 [0] NCCL INFO + PCI[12.0] - NIC/0-50
ip-10-184-1-11:56:56 [0] NCCL INFO               + NET[1.2] - NET/0-0 (0/0/0/1.250000)
ip-10-184-1-11:56:56 [0] NCCL INFO ==========================================
ip-10-184-1-11:56:56 [0] NCCL INFO GPU/0-1e0 :GPU/0-1e0 (0/5000.0/LOC) CPU/0-ffffffffffffff (1/24.0/PHB) NET/0-0 (3/1.2/PHB) 
ip-10-184-1-11:56:56 [0] NCCL INFO NET/0-0 :GPU/0-1e0 (3/1.2/PHB) CPU/0-ffffffffffffff (2/1.2/PHB) NET/0-0 (0/5000.0/LOC) 
ip-10-184-1-11:56:56 [0] NCCL INFO ncclTopoGetCpuAffinity: Affinity for GPU 0 is empty, ignoring. (GPU affinity =  ; CPU affinity = 0-3).
ip-10-184-1-11:56:56 [0] NCCL INFO Pattern 4, crossNic 0, nChannels 1, bw 1.200000/1.200000, type LOC/PHB, sameChannels 1
ip-10-184-1-11:56:56 [0] NCCL INFO  0 : NET/0-0 GPU/0-1e0 NET/0-0
ip-10-184-1-11:56:56 [0] NCCL INFO Pattern 3, crossNic 0, nChannels 1, bw 2.400000/1.200000, type LOC/PHB, sameChannels 1
ip-10-184-1-11:56:56 [0] NCCL INFO  0 : NET/0-0 GPU/0-1e0 NET/0-0
ip-10-184-1-11:56:56 [0] NCCL INFO Could not get speed from /sys/class/net/ens5/speed. Defaulting to 10 Gbps.
ip-10-184-1-11:56:56 [0] NCCL INFO comm 0x5600c45f2b50 rank 1 nRanks 2 nNodes 2 localRanks 1 localRank 0 MNNVL 0
ip-10-184-1-11:56:56 [0] NCCL INFO Tree 0 : 0 -> 1 -> -1/-1/-1
ip-10-184-1-11:56:56 [0] NCCL INFO Tree 1 : -1 -> 1 -> 0/-1/-1
ip-10-184-1-11:56:56 [0] NCCL INFO Ring 00 : 0 -> 1 -> 0
ip-10-184-1-11:56:56 [0] NCCL INFO Ring 01 : 0 -> 1 -> 0
ip-10-184-1-11:56:56 [0] NCCL INFO Trees [0] -1/-1/-1->1->0 [1] 0/-1/-1->1->-1
ip-10-184-1-11:56:56 [0] NCCL INFO P2P Chunksize set to 131072
ip-10-184-1-11:56:56 [0] NCCL INFO Check P2P Type isAllDirectP2p 1 directMode 0 isAllCudaP2p 1
ip-10-184-1-11:56:56 [0] NCCL INFO ncclP2pSchedule: group size used is 1
ip-10-184-1-11:56:119 [0] NCCL INFO [Proxy Service UDS] Device 0 CPU core 0
ip-10-184-1-11:56:118 [0] NCCL INFO [Proxy Service] Device 0 CPU core 3
ip-10-184-1-11:56:56 [0] NCCL INFO threadThresholds 8/8/64 | 16/8/64 | 512 | 512
ip-10-184-1-11:56:56 [0] NCCL INFO 2 coll channels, 2 collnet channels, 0 nvls channels, 2 p2p channels, 1 p2p channels per peer
ip-10-184-1-11:56:56 [0] NCCL INFO Symmetric VA size=24GB
ip-10-184-1-11:56:56 [0] NCCL INFO Symmetric memory is not supported. cuMemEnable 1, globalGinSupport 0, globalNicFused 0 cuMemGdrSupport 1
ip-10-184-1-11:56:56 [0] NCCL INFO ncclCommInitRankConfig comm 0x5600c45f2b50 rank 1 nranks 2 cudaDev 0 nvmlDev 0 busId 1e0 commId 0xd03db0e1ba7cc860 - Init COMPLETE
ip-10-184-1-11:56:56 [0] NCCL INFO Init timings - ncclCommInitRankConfig: rank 1 nranks 2 total 0.90 (kernels 0.00, alloc 0.00, bootstrap 0.64, allgathers 0.26, topo 0.00, graphs 0.00, connections 0.00, rest 0.00)
ip-10-184-1-11:56:118 [0] NCCL INFO New proxy recv connection 0 from local rank 0, transport 2
ip-10-184-1-11:56:120 [0] NCCL INFO [Proxy Progress] Device 0 CPU core 2
ip-10-184-1-11:56:56 [0] NCCL INFO Connected to proxy localRank 0 -> connection 0x795a00004f70
ip-10-184-1-11:56:118 [0] NCCL INFO Could not get speed from /sys/class/net/ens5/speed. Defaulting to 10 Gbps.
ip-10-184-1-11:56:118 [0] NCCL INFO NET/Socket: Using 2 threads and 8 sockets per thread
ip-10-184-1-11:56:56 [0] NCCL INFO Channel 01/1 : 0[0] -> 1[0] [receive] via NET/Socket/0/Shared
ip-10-184-1-11:56:118 [0] NCCL INFO New proxy send connection 1 from local rank 0, transport 2
ip-10-184-1-11:56:56 [0] NCCL INFO Connected to proxy localRank 0 -> connection 0x795a00004ff8
ip-10-184-1-11:56:118 [0] NCCL INFO Could not get speed from /sys/class/net/ens5/speed. Defaulting to 10 Gbps.
ip-10-184-1-11:56:56 [0] NCCL INFO Channel 01/1 : 1[0] -> 0[0] [send] via NET/Socket/0/Shared
ip-10-184-1-11:56:56 [0] NCCL INFO Initialized NET plugin Socket
ip-10-184-1-11:56:56 [0] NCCL INFO Could not get speed from /sys/class/net/ens5/speed. Defaulting to 10 Gbps.
ip-10-184-1-11:56:56 [0] NCCL INFO Assigned NET plugin Socket to comm
ip-10-184-1-11:56:56 [0] NCCL INFO Failed to initialize any GIN plugin
ip-10-184-1-11:56:56 [0] NCCL INFO Using network Socket
ip-10-184-1-11:56:56 [0] NCCL INFO [Rank 1] ncclCommInitRankConfig comm 0x5600c476ddb0 rank 1 nranks 2 cudaDev 0 nvmlDev 0 busId 1e0 commId 0xa8d07d53d39f26fe - Init START
ip-10-184-1-11:56:56 [0] NCCL INFO Topology detection : could not read /sys/devices/pci0000:00/0000:00:1e.0/../max_link_speed, ignoring
ip-10-184-1-11:56:56 [0] NCCL INFO Topology detection : could not read /sys/devices/pci0000:00/0000:00:1e.0/../max_link_width, ignoring
ip-10-184-1-11:56:56 [0] NCCL INFO Topology detection : could not read /sys/devices/system/node/node-1/cpumap, ignoring
ip-10-184-1-11:56:56 [0] NCCL INFO TOPO/NET : Importing network plugins to topology
ip-10-184-1-11:56:56 [0] NCCL INFO Could not get speed from /sys/class/net/ens5/speed. Defaulting to 10 Gbps.
ip-10-184-1-11:56:56 [0] NCCL INFO Topology detection : could not read /sys/devices/pci0000:00/0000:00:05.0/../max_link_speed, ignoring
ip-10-184-1-11:56:56 [0] NCCL INFO Topology detection : could not read /sys/devices/pci0000:00/0000:00:05.0/../max_link_width, ignoring
ip-10-184-1-11:56:56 [0] NCCL INFO Topology detection : could not read /sys/devices/system/node/node-1/cpumap, ignoring
ip-10-184-1-11:56:56 [0] NCCL INFO NET/Socket : GPU Direct RDMA Disabled for HCA 0 'ens5'
ip-10-184-1-11:56:56 [0] NCCL INFO ncclTopoPopulateNics : Filled ens5 in topo with pciPath=/sys/devices/pci0000:00/0000:00:05.0 net=1 gin=(null) keep=1 coll=(null)
ip-10-184-1-11:56:56 [0] NCCL INFO KV Convert to int : could not find value of 'Unknown' in dictionary, falling back to 60
ip-10-184-1-11:56:56 [0] NCCL INFO === System : maxBw 1.2 totalBw 24.0 ===
ip-10-184-1-11:56:56 [0] NCCL INFO CPU/0-ffffffffffffff (1/2/-1)
ip-10-184-1-11:56:56 [0] NCCL INFO + PCI[24.0] - GPU/0-1e0 (1)
ip-10-184-1-11:56:56 [0] NCCL INFO + PCI[12.0] - NIC/0-50
ip-10-184-1-11:56:56 [0] NCCL INFO               + NET[1.2] - NET/0-0 (0/0/0/1.250000)
ip-10-184-1-11:56:56 [0] NCCL INFO ==========================================
ip-10-184-1-11:56:56 [0] NCCL INFO GPU/0-1e0 :GPU/0-1e0 (0/5000.0/LOC) CPU/0-ffffffffffffff (1/24.0/PHB) NET/0-0 (3/1.2/PHB) 
ip-10-184-1-11:56:56 [0] NCCL INFO NET/0-0 :GPU/0-1e0 (3/1.2/PHB) CPU/0-ffffffffffffff (2/1.2/PHB) NET/0-0 (0/5000.0/LOC) 
ip-10-184-1-11:56:56 [0] NCCL INFO ncclTopoGetCpuAffinity: Affinity for GPU 0 is empty, ignoring. (GPU affinity =  ; CPU affinity = 0-3).
ip-10-184-1-11:56:56 [0] NCCL INFO Pattern 4, crossNic 0, nChannels 1, bw 1.200000/1.200000, type LOC/PHB, sameChannels 1
ip-10-184-1-11:56:56 [0] NCCL INFO  0 : NET/0-0 GPU/0-1e0 NET/0-0
ip-10-184-1-11:56:56 [0] NCCL INFO Pattern 3, crossNic 0, nChannels 1, bw 2.400000/1.200000, type LOC/PHB, sameChannels 1
ip-10-184-1-11:56:56 [0] NCCL INFO  0 : NET/0-0 GPU/0-1e0 NET/0-0
ip-10-184-1-11:56:56 [0] NCCL INFO Could not get speed from /sys/class/net/ens5/speed. Defaulting to 10 Gbps.
ip-10-184-1-11:56:56 [0] NCCL INFO comm 0x5600c476ddb0 rank 1 nRanks 2 nNodes 2 localRanks 1 localRank 0 MNNVL 0
ip-10-184-1-11:56:56 [0] NCCL INFO Tree 0 : 0 -> 1 -> -1/-1/-1
ip-10-184-1-11:56:56 [0] NCCL INFO Tree 1 : -1 -> 1 -> 0/-1/-1
ip-10-184-1-11:56:56 [0] NCCL INFO Ring 00 : 0 -> 1 -> 0
ip-10-184-1-11:56:56 [0] NCCL INFO Ring 01 : 0 -> 1 -> 0
ip-10-184-1-11:56:56 [0] NCCL INFO Trees [0] -1/-1/-1->1->0 [1] 0/-1/-1->1->-1
ip-10-184-1-11:56:56 [0] NCCL INFO P2P Chunksize set to 131072
ip-10-184-1-11:56:56 [0] NCCL INFO Check P2P Type isAllDirectP2p 1 directMode 0 isAllCudaP2p 1
ip-10-184-1-11:56:125 [0] NCCL INFO [Proxy Service] Device 0 CPU core 2
ip-10-184-1-11:56:126 [0] NCCL INFO [Proxy Service UDS] Device 0 CPU core 3
ip-10-184-1-11:56:56 [0] NCCL INFO ncclP2pSchedule: group size used is 1
ip-10-184-1-11:56:56 [0] NCCL INFO threadThresholds 8/8/64 | 16/8/64 | 512 | 512
ip-10-184-1-11:56:56 [0] NCCL INFO 2 coll channels, 2 collnet channels, 0 nvls channels, 2 p2p channels, 1 p2p channels per peer
ip-10-184-1-11:56:56 [0] NCCL INFO Symmetric VA size=24GB
ip-10-184-1-11:56:56 [0] NCCL INFO Symmetric memory is not supported. cuMemEnable 1, globalGinSupport 0, globalNicFused 0 cuMemGdrSupport 1
ip-10-184-1-11:56:56 [0] NCCL INFO ncclCommInitRankConfig comm 0x5600c476ddb0 rank 1 nranks 2 cudaDev 0 nvmlDev 0 busId 1e0 commId 0xa8d07d53d39f26fe - Init COMPLETE
ip-10-184-1-11:56:56 [0] NCCL INFO Init timings - ncclCommInitRankConfig: rank 1 nranks 2 total 0.01 (kernels 0.00, alloc 0.00, bootstrap 0.00, allgathers 0.00, topo 0.00, graphs 0.00, connections 0.00, rest 0.00)
ip-10-184-1-11:56:125 [0] NCCL INFO New proxy recv connection 0 from local rank 0, transport 2
ip-10-184-1-11:56:127 [0] NCCL INFO [Proxy Progress] Device 0 CPU core 1
ip-10-184-1-11:56:56 [0] NCCL INFO Connected to proxy localRank 0 -> connection 0x5600c423ff50
ip-10-184-1-11:56:125 [0] NCCL INFO Could not get speed from /sys/class/net/ens5/speed. Defaulting to 10 Gbps.
ip-10-184-1-11:56:125 [0] NCCL INFO NET/Socket: Using 2 threads and 8 sockets per thread
ip-10-184-1-11:56:56 [0] NCCL INFO Channel 01/1 : 0[0] -> 1[0] [receive] via NET/Socket/0/Shared
ip-10-184-1-11:56:125 [0] NCCL INFO New proxy send connection 1 from local rank 0, transport 2
ip-10-184-1-11:56:56 [0] NCCL INFO Connected to proxy localRank 0 -> connection 0x5600c423ffd8
ip-10-184-1-11:56:125 [0] NCCL INFO Could not get speed from /sys/class/net/ens5/speed. Defaulting to 10 Gbps.
ip-10-184-1-11:56:56 [0] NCCL INFO Channel 01/1 : 1[0] -> 0[0] [send] via NET/Socket/0/Shared
ip-10-184-1-11:56:56 [0] NCCL INFO Initialized NET plugin Socket
ip-10-184-1-11:56:56 [0] NCCL INFO Could not get speed from /sys/class/net/ens5/speed. Defaulting to 10 Gbps.
ip-10-184-1-11:56:56 [0] NCCL INFO Assigned NET plugin Socket to comm
ip-10-184-1-11:56:56 [0] NCCL INFO Failed to initialize any GIN plugin
ip-10-184-1-11:56:56 [0] NCCL INFO Using network Socket
ip-10-184-1-11:56:56 [0] NCCL INFO [Rank 0] ncclCommInitRankConfig comm 0x5600c4a5fd00 rank 0 nranks 2 cudaDev 0 nvmlDev 0 busId 1e0 commId 0x62c094d38fcc78ed - Init START
ip-10-184-1-11:56:56 [0] NCCL INFO Topology detection : could not read /sys/devices/pci0000:00/0000:00:1e.0/../max_link_speed, ignoring
ip-10-184-1-11:56:56 [0] NCCL INFO Topology detection : could not read /sys/devices/pci0000:00/0000:00:1e.0/../max_link_width, ignoring
ip-10-184-1-11:56:56 [0] NCCL INFO Topology detection : could not read /sys/devices/system/node/node-1/cpumap, ignoring
ip-10-184-1-11:56:56 [0] NCCL INFO TOPO/NET : Importing network plugins to topology
ip-10-184-1-11:56:56 [0] NCCL INFO Could not get speed from /sys/class/net/ens5/speed. Defaulting to 10 Gbps.
ip-10-184-1-11:56:56 [0] NCCL INFO Topology detection : could not read /sys/devices/pci0000:00/0000:00:05.0/../max_link_speed, ignoring
ip-10-184-1-11:56:56 [0] NCCL INFO Topology detection : could not read /sys/devices/pci0000:00/0000:00:05.0/../max_link_width, ignoring
ip-10-184-1-11:56:56 [0] NCCL INFO Topology detection : could not read /sys/devices/system/node/node-1/cpumap, ignoring
ip-10-184-1-11:56:56 [0] NCCL INFO NET/Socket : GPU Direct RDMA Disabled for HCA 0 'ens5'
ip-10-184-1-11:56:56 [0] NCCL INFO ncclTopoPopulateNics : Filled ens5 in topo with pciPath=/sys/devices/pci0000:00/0000:00:05.0 net=1 gin=(null) keep=1 coll=(null)
ip-10-184-1-11:56:56 [0] NCCL INFO KV Convert to int : could not find value of 'Unknown' in dictionary, falling back to 60
ip-10-184-1-11:56:56 [0] NCCL INFO === System : maxBw 1.2 totalBw 24.0 ===
ip-10-184-1-11:56:56 [0] NCCL INFO CPU/0-ffffffffffffff (1/2/-1)
ip-10-184-1-11:56:56 [0] NCCL INFO + PCI[24.0] - GPU/0-1e0 (0)
ip-10-184-1-11:56:56 [0] NCCL INFO + PCI[12.0] - NIC/0-50
ip-10-184-1-11:56:56 [0] NCCL INFO               + NET[1.2] - NET/0-0 (0/0/0/1.250000)
ip-10-184-1-11:56:56 [0] NCCL INFO ==========================================
ip-10-184-1-11:56:56 [0] NCCL INFO GPU/0-1e0 :GPU/0-1e0 (0/5000.0/LOC) CPU/0-ffffffffffffff (1/24.0/PHB) NET/0-0 (3/1.2/PHB) 
ip-10-184-1-11:56:56 [0] NCCL INFO NET/0-0 :GPU/0-1e0 (3/1.2/PHB) CPU/0-ffffffffffffff (2/1.2/PHB) NET/0-0 (0/5000.0/LOC) 
ip-10-184-1-11:56:56 [0] NCCL INFO ncclTopoGetCpuAffinity: Affinity for GPU 0 is empty, ignoring. (GPU affinity =  ; CPU affinity = 0-3).
ip-10-184-1-11:56:56 [0] NCCL INFO Pattern 4, crossNic 0, nChannels 1, bw 1.200000/1.200000, type LOC/PHB, sameChannels 1
ip-10-184-1-11:56:56 [0] NCCL INFO  0 : NET/0-0 GPU/0-1e0 NET/0-0
ip-10-184-1-11:56:56 [0] NCCL INFO Pattern 3, crossNic 0, nChannels 1, bw 2.400000/1.200000, type LOC/PHB, sameChannels 1
ip-10-184-1-11:56:56 [0] NCCL INFO  0 : NET/0-0 GPU/0-1e0 NET/0-0
ip-10-184-1-11:56:56 [0] NCCL INFO Could not get speed from /sys/class/net/ens5/speed. Defaulting to 10 Gbps.
ip-10-184-1-11:56:56 [0] NCCL INFO comm 0x5600c4a5fd00 rank 0 nRanks 2 nNodes 2 localRanks 1 localRank 0 MNNVL 0
ip-10-184-1-11:56:56 [0] NCCL INFO Tree 0 : -1 -> 0 -> 1/-1/-1
ip-10-184-1-11:56:56 [0] NCCL INFO Tree 1 : 1 -> 0 -> -1/-1/-1
ip-10-184-1-11:56:56 [0] NCCL INFO Channel 00/02 : 0 1
ip-10-184-1-11:56:56 [0] NCCL INFO Channel 01/02 : 0 1
ip-10-184-1-11:56:56 [0] NCCL INFO Ring 00 : 1 -> 0 -> 1
ip-10-184-1-11:56:56 [0] NCCL INFO Ring 01 : 1 -> 0 -> 1
ip-10-184-1-11:56:56 [0] NCCL INFO Trees [0] 1/-1/-1->0->-1 [1] -1/-1/-1->0->1
ip-10-184-1-11:56:56 [0] NCCL INFO P2P Chunksize set to 131072
ip-10-184-1-11:56:56 [0] NCCL INFO Check P2P Type isAllDirectP2p 1 directMode 0 isAllCudaP2p 1
ip-10-184-1-11:56:133 [0] NCCL INFO [Proxy Service] Device 0 CPU core 3
ip-10-184-1-11:56:56 [0] NCCL INFO ncclP2pSchedule: group size used is 1
ip-10-184-1-11:56:134 [0] NCCL INFO [Proxy Service UDS] Device 0 CPU core 3
ip-10-184-1-11:56:56 [0] NCCL INFO threadThresholds 8/8/64 | 16/8/64 | 512 | 512
ip-10-184-1-11:56:56 [0] NCCL INFO 2 coll channels, 2 collnet channels, 0 nvls channels, 2 p2p channels, 1 p2p channels per peer
ip-10-184-1-11:56:56 [0] NCCL INFO Symmetric VA size=24GB
ip-10-184-1-11:56:56 [0] NCCL INFO Symmetric memory is not supported. cuMemEnable 1, globalGinSupport 0, globalNicFused 0 cuMemGdrSupport 1
ip-10-184-1-11:56:56 [0] NCCL INFO CC Off, workFifoBytes 1048576
ip-10-184-1-11:56:56 [0] NCCL INFO ncclCommInitRankConfig comm 0x5600c4a5fd00 rank 0 nranks 2 cudaDev 0 nvmlDev 0 busId 1e0 commId 0x62c094d38fcc78ed - Init COMPLETE
ip-10-184-1-11:56:56 [0] NCCL INFO Init timings - ncclCommInitRankConfig: rank 0 nranks 2 total 1.10 (kernels 0.00, alloc 0.00, bootstrap 0.86, allgathers 0.24, topo 0.00, graphs 0.00, connections 0.00, rest 0.00)
ip-10-184-1-11:56:133 [0] NCCL INFO New proxy send connection 0 from local rank 0, transport 2
ip-10-184-1-11:56:135 [0] NCCL INFO [Proxy Progress] Device 0 CPU core 1
ip-10-184-1-11:56:56 [0] NCCL INFO Connected to proxy localRank 0 -> connection 0x795a0c0164b0
ip-10-184-1-11:56:133 [0] NCCL INFO Could not get speed from /sys/class/net/ens5/speed. Defaulting to 10 Gbps.
ip-10-184-1-11:56:56 [0] NCCL INFO Channel 01/1 : 0[0] -> 1[0] [send] via NET/Socket/0/Shared
ip-10-184-1-11:56:133 [0] NCCL INFO New proxy recv connection 1 from local rank 0, transport 2
ip-10-184-1-11:56:56 [0] NCCL INFO Connected to proxy localRank 0 -> connection 0x795a0c016538
ip-10-184-1-11:56:133 [0] NCCL INFO Could not get speed from /sys/class/net/ens5/speed. Defaulting to 10 Gbps.
ip-10-184-1-11:56:133 [0] NCCL INFO NET/Socket: Using 2 threads and 8 sockets per thread
ip-10-184-1-11:56:56 [0] NCCL INFO Channel 01/1 : 1[0] -> 0[0] [receive] via NET/Socket/0/Shared
ip-10-184-1-11:56:56 [0] NCCL INFO Initialized NET plugin Socket
ip-10-184-1-11:56:56 [0] NCCL INFO Could not get speed from /sys/class/net/ens5/speed. Defaulting to 10 Gbps.
ip-10-184-1-11:56:56 [0] NCCL INFO Assigned NET plugin Socket to comm
ip-10-184-1-11:56:56 [0] NCCL INFO Failed to initialize any GIN plugin
ip-10-184-1-11:56:56 [0] NCCL INFO Using network Socket
ip-10-184-1-11:56:56 [0] NCCL INFO [Rank 0] ncclCommInitRankConfig comm 0x5600c4b84af0 rank 0 nranks 2 cudaDev 0 nvmlDev 0 busId 1e0 commId 0xb128def6ac64726e - Init START
ip-10-184-1-11:56:56 [0] NCCL INFO Topology detection : could not read /sys/devices/pci0000:00/0000:00:1e.0/../max_link_speed, ignoring
ip-10-184-1-11:56:56 [0] NCCL INFO Topology detection : could not read /sys/devices/pci0000:00/0000:00:1e.0/../max_link_width, ignoring
ip-10-184-1-11:56:56 [0] NCCL INFO Topology detection : could not read /sys/devices/system/node/node-1/cpumap, ignoring
ip-10-184-1-11:56:56 [0] NCCL INFO TOPO/NET : Importing network plugins to topology
ip-10-184-1-11:56:56 [0] NCCL INFO Could not get speed from /sys/class/net/ens5/speed. Defaulting to 10 Gbps.
ip-10-184-1-11:56:56 [0] NCCL INFO Topology detection : could not read /sys/devices/pci0000:00/0000:00:05.0/../max_link_speed, ignoring
ip-10-184-1-11:56:56 [0] NCCL INFO Topology detection : could not read /sys/devices/pci0000:00/0000:00:05.0/../max_link_width, ignoring
ip-10-184-1-11:56:56 [0] NCCL INFO Topology detection : could not read /sys/devices/system/node/node-1/cpumap, ignoring
ip-10-184-1-11:56:56 [0] NCCL INFO NET/Socket : GPU Direct RDMA Disabled for HCA 0 'ens5'
ip-10-184-1-11:56:56 [0] NCCL INFO ncclTopoPopulateNics : Filled ens5 in topo with pciPath=/sys/devices/pci0000:00/0000:00:05.0 net=1 gin=(null) keep=1 coll=(null)
ip-10-184-1-11:56:56 [0] NCCL INFO KV Convert to int : could not find value of 'Unknown' in dictionary, falling back to 60
ip-10-184-1-11:56:56 [0] NCCL INFO === System : maxBw 1.2 totalBw 24.0 ===
ip-10-184-1-11:56:56 [0] NCCL INFO CPU/0-ffffffffffffff (1/2/-1)
ip-10-184-1-11:56:56 [0] NCCL INFO + PCI[24.0] - GPU/0-1e0 (0)
ip-10-184-1-11:56:56 [0] NCCL INFO + PCI[12.0] - NIC/0-50
ip-10-184-1-11:56:56 [0] NCCL INFO               + NET[1.2] - NET/0-0 (0/0/0/1.250000)
ip-10-184-1-11:56:56 [0] NCCL INFO ==========================================
ip-10-184-1-11:56:56 [0] NCCL INFO GPU/0-1e0 :GPU/0-1e0 (0/5000.0/LOC) CPU/0-ffffffffffffff (1/24.0/PHB) NET/0-0 (3/1.2/PHB) 
ip-10-184-1-11:56:56 [0] NCCL INFO NET/0-0 :GPU/0-1e0 (3/1.2/PHB) CPU/0-ffffffffffffff (2/1.2/PHB) NET/0-0 (0/5000.0/LOC) 
ip-10-184-1-11:56:56 [0] NCCL INFO ncclTopoGetCpuAffinity: Affinity for GPU 0 is empty, ignoring. (GPU affinity =  ; CPU affinity = 0-3).
ip-10-184-1-11:56:56 [0] NCCL INFO Pattern 4, crossNic 0, nChannels 1, bw 1.200000/1.200000, type LOC/PHB, sameChannels 1
ip-10-184-1-11:56:56 [0] NCCL INFO  0 : NET/0-0 GPU/0-1e0 NET/0-0
ip-10-184-1-11:56:56 [0] NCCL INFO Pattern 3, crossNic 0, nChannels 1, bw 2.400000/1.200000, type LOC/PHB, sameChannels 1
ip-10-184-1-11:56:56 [0] NCCL INFO  0 : NET/0-0 GPU/0-1e0 NET/0-0
ip-10-184-1-11:56:56 [0] NCCL INFO Could not get speed from /sys/class/net/ens5/speed. Defaulting to 10 Gbps.
ip-10-184-1-11:56:56 [0] NCCL INFO comm 0x5600c4b84af0 rank 0 nRanks 2 nNodes 2 localRanks 1 localRank 0 MNNVL 0
ip-10-184-1-11:56:56 [0] NCCL INFO Tree 0 : -1 -> 0 -> 1/-1/-1
ip-10-184-1-11:56:56 [0] NCCL INFO Tree 1 : 1 -> 0 -> -1/-1/-1
ip-10-184-1-11:56:56 [0] NCCL INFO Channel 00/02 : 0 1
ip-10-184-1-11:56:56 [0] NCCL INFO Channel 01/02 : 0 1
ip-10-184-1-11:56:56 [0] NCCL INFO Ring 00 : 1 -> 0 -> 1
ip-10-184-1-11:56:56 [0] NCCL INFO Ring 01 : 1 -> 0 -> 1
ip-10-184-1-11:56:56 [0] NCCL INFO Trees [0] 1/-1/-1->0->-1 [1] -1/-1/-1->0->1
ip-10-184-1-11:56:56 [0] NCCL INFO P2P Chunksize set to 131072
ip-10-184-1-11:56:56 [0] NCCL INFO Check P2P Type isAllDirectP2p 1 directMode 0 isAllCudaP2p 1
ip-10-184-1-11:56:141 [0] NCCL INFO [Proxy Service] Device 0 CPU core 2
ip-10-184-1-11:56:56 [0] NCCL INFO ncclP2pSchedule: group size used is 1
ip-10-184-1-11:56:142 [0] NCCL INFO [Proxy Service UDS] Device 0 CPU core 3
ip-10-184-1-11:56:56 [0] NCCL INFO threadThresholds 8/8/64 | 16/8/64 | 512 | 512
ip-10-184-1-11:56:56 [0] NCCL INFO 2 coll channels, 2 collnet channels, 0 nvls channels, 2 p2p channels, 1 p2p channels per peer
ip-10-184-1-11:56:56 [0] NCCL INFO Symmetric VA size=24GB
ip-10-184-1-11:56:56 [0] NCCL INFO Symmetric memory is not supported. cuMemEnable 1, globalGinSupport 0, globalNicFused 0 cuMemGdrSupport 1
ip-10-184-1-11:56:56 [0] NCCL INFO CC Off, workFifoBytes 1048576
ip-10-184-1-11:56:56 [0] NCCL INFO ncclCommInitRankConfig comm 0x5600c4b84af0 rank 0 nranks 2 cudaDev 0 nvmlDev 0 busId 1e0 commId 0xb128def6ac64726e - Init COMPLETE
ip-10-184-1-11:56:56 [0] NCCL INFO Init timings - ncclCommInitRankConfig: rank 0 nranks 2 total 2.54 (kernels 0.00, alloc 0.00, bootstrap 1.95, allgathers 0.59, topo 0.00, graphs 0.00, connections 0.00, rest 0.00)
ip-10-184-1-11:56:141 [0] NCCL INFO New proxy send connection 0 from local rank 0, transport 2
ip-10-184-1-11:56:143 [0] NCCL INFO [Proxy Progress] Device 0 CPU core 0
ip-10-184-1-11:56:56 [0] NCCL INFO Connected to proxy localRank 0 -> connection 0x795a3c009560
ip-10-184-1-11:56:141 [0] NCCL INFO Could not get speed from /sys/class/net/ens5/speed. Defaulting to 10 Gbps.
ip-10-184-1-11:56:56 [0] NCCL INFO Channel 01/1 : 0[0] -> 1[0] [send] via NET/Socket/0/Shared
ip-10-184-1-11:56:141 [0] NCCL INFO New proxy recv connection 1 from local rank 0, transport 2
ip-10-184-1-11:56:56 [0] NCCL INFO Connected to proxy localRank 0 -> connection 0x795a3c0095e8
ip-10-184-1-11:56:141 [0] NCCL INFO Could not get speed from /sys/class/net/ens5/speed. Defaulting to 10 Gbps.
ip-10-184-1-11:56:141 [0] NCCL INFO NET/Socket: Using 2 threads and 8 sockets per thread
ip-10-184-1-11:56:56 [0] NCCL INFO Channel 01/1 : 1[0] -> 0[0] [receive] via NET/Socket/0/Shared
ip-10-184-1-11:56:56 [0] NCCL INFO Initialized NET plugin Socket
ip-10-184-1-11:56:56 [0] NCCL INFO Could not get speed from /sys/class/net/ens5/speed. Defaulting to 10 Gbps.
ip-10-184-1-11:56:56 [0] NCCL INFO Assigned NET plugin Socket to comm
ip-10-184-1-11:56:56 [0] NCCL INFO Failed to initialize any GIN plugin
ip-10-184-1-11:56:56 [0] NCCL INFO Using network Socket
ip-10-184-1-11:56:56 [0] NCCL INFO [Rank 1] ncclCommInitRankConfig comm 0x5600ce23bc80 rank 1 nranks 2 cudaDev 0 nvmlDev 0 busId 1e0 commId 0xe2ebc26ba22a11a5 - Init START
ip-10-184-1-11:56:56 [0] NCCL INFO Topology detection : could not read /sys/devices/pci0000:00/0000:00:1e.0/../max_link_speed, ignoring
ip-10-184-1-11:56:56 [0] NCCL INFO Topology detection : could not read /sys/devices/pci0000:00/0000:00:1e.0/../max_link_width, ignoring
ip-10-184-1-11:56:56 [0] NCCL INFO Topology detection : could not read /sys/devices/system/node/node-1/cpumap, ignoring
ip-10-184-1-11:56:56 [0] NCCL INFO TOPO/NET : Importing network plugins to topology
ip-10-184-1-11:56:56 [0] NCCL INFO Could not get speed from /sys/class/net/ens5/speed. Defaulting to 10 Gbps.
ip-10-184-1-11:56:56 [0] NCCL INFO Topology detection : could not read /sys/devices/pci0000:00/0000:00:05.0/../max_link_speed, ignoring
ip-10-184-1-11:56:56 [0] NCCL INFO Topology detection : could not read /sys/devices/pci0000:00/0000:00:05.0/../max_link_width, ignoring
ip-10-184-1-11:56:56 [0] NCCL INFO Topology detection : could not read /sys/devices/system/node/node-1/cpumap, ignoring
ip-10-184-1-11:56:56 [0] NCCL INFO NET/Socket : GPU Direct RDMA Disabled for HCA 0 'ens5'
ip-10-184-1-11:56:56 [0] NCCL INFO ncclTopoPopulateNics : Filled ens5 in topo with pciPath=/sys/devices/pci0000:00/0000:00:05.0 net=1 gin=(null) keep=1 coll=(null)
ip-10-184-1-11:56:56 [0] NCCL INFO KV Convert to int : could not find value of 'Unknown' in dictionary, falling back to 60
ip-10-184-1-11:56:56 [0] NCCL INFO === System : maxBw 1.2 totalBw 24.0 ===
ip-10-184-1-11:56:56 [0] NCCL INFO CPU/0-ffffffffffffff (1/2/-1)
ip-10-184-1-11:56:56 [0] NCCL INFO + PCI[24.0] - GPU/0-1e0 (1)
ip-10-184-1-11:56:56 [0] NCCL INFO + PCI[12.0] - NIC/0-50
ip-10-184-1-11:56:56 [0] NCCL INFO               + NET[1.2] - NET/0-0 (0/0/0/1.250000)
ip-10-184-1-11:56:56 [0] NCCL INFO ==========================================
ip-10-184-1-11:56:56 [0] NCCL INFO GPU/0-1e0 :GPU/0-1e0 (0/5000.0/LOC) CPU/0-ffffffffffffff (1/24.0/PHB) NET/0-0 (3/1.2/PHB) 
ip-10-184-1-11:56:56 [0] NCCL INFO NET/0-0 :GPU/0-1e0 (3/1.2/PHB) CPU/0-ffffffffffffff (2/1.2/PHB) NET/0-0 (0/5000.0/LOC) 
ip-10-184-1-11:56:56 [0] NCCL INFO ncclTopoGetCpuAffinity: Affinity for GPU 0 is empty, ignoring. (GPU affinity =  ; CPU affinity = 0-3).
ip-10-184-1-11:56:56 [0] NCCL INFO Pattern 4, crossNic 0, nChannels 1, bw 1.200000/1.200000, type LOC/PHB, sameChannels 1
ip-10-184-1-11:56:56 [0] NCCL INFO  0 : NET/0-0 GPU/0-1e0 NET/0-0
ip-10-184-1-11:56:56 [0] NCCL INFO Pattern 3, crossNic 0, nChannels 1, bw 2.400000/1.200000, type LOC/PHB, sameChannels 1
ip-10-184-1-11:56:56 [0] NCCL INFO  0 : NET/0-0 GPU/0-1e0 NET/0-0
ip-10-184-1-11:56:56 [0] NCCL INFO Could not get speed from /sys/class/net/ens5/speed. Defaulting to 10 Gbps.
ip-10-184-1-11:56:56 [0] NCCL INFO comm 0x5600ce23bc80 rank 1 nRanks 2 nNodes 2 localRanks 1 localRank 0 MNNVL 0
ip-10-184-1-11:56:56 [0] NCCL INFO Tree 0 : 0 -> 1 -> -1/-1/-1
ip-10-184-1-11:56:56 [0] NCCL INFO Tree 1 : -1 -> 1 -> 0/-1/-1
ip-10-184-1-11:56:56 [0] NCCL INFO Ring 00 : 0 -> 1 -> 0
ip-10-184-1-11:56:56 [0] NCCL INFO Ring 01 : 0 -> 1 -> 0
ip-10-184-1-11:56:56 [0] NCCL INFO Trees [0] -1/-1/-1->1->0 [1] 0/-1/-1->1->-1
ip-10-184-1-11:56:56 [0] NCCL INFO P2P Chunksize set to 131072
ip-10-184-1-11:56:56 [0] NCCL INFO Check P2P Type isAllDirectP2p 1 directMode 0 isAllCudaP2p 1
ip-10-184-1-11:56:148 [0] NCCL INFO [Proxy Service] Device 0 CPU core 3
ip-10-184-1-11:56:56 [0] NCCL INFO ncclP2pSchedule: group size used is 1
ip-10-184-1-11:56:149 [0] NCCL INFO [Proxy Service UDS] Device 0 CPU core 3
ip-10-184-1-11:56:56 [0] NCCL INFO threadThresholds 8/8/64 | 16/8/64 | 512 | 512
ip-10-184-1-11:56:56 [0] NCCL INFO 2 coll channels, 2 collnet channels, 0 nvls channels, 2 p2p channels, 1 p2p channels per peer
ip-10-184-1-11:56:56 [0] NCCL INFO Symmetric VA size=24GB
ip-10-184-1-11:56:56 [0] NCCL INFO Symmetric memory is not supported. cuMemEnable 1, globalGinSupport 0, globalNicFused 0 cuMemGdrSupport 1
ip-10-184-1-11:56:56 [0] NCCL INFO ncclCommInitRankConfig comm 0x5600ce23bc80 rank 1 nranks 2 cudaDev 0 nvmlDev 0 busId 1e0 commId 0xe2ebc26ba22a11a5 - Init COMPLETE
ip-10-184-1-11:56:56 [0] NCCL INFO Init timings - ncclCommInitRankConfig: rank 1 nranks 2 total 0.90 (kernels 0.00, alloc 0.00, bootstrap 0.64, allgathers 0.25, topo 0.00, graphs 0.00, connections 0.00, rest 0.00)
ip-10-184-1-11:56:148 [0] NCCL INFO New proxy recv connection 0 from local rank 0, transport 2
ip-10-184-1-11:56:150 [0] NCCL INFO [Proxy Progress] Device 0 CPU core 1
ip-10-184-1-11:56:56 [0] NCCL INFO Connected to proxy localRank 0 -> connection 0x795a70009560
ip-10-184-1-11:56:148 [0] NCCL INFO Could not get speed from /sys/class/net/ens5/speed. Defaulting to 10 Gbps.
ip-10-184-1-11:56:148 [0] NCCL INFO NET/Socket: Using 2 threads and 8 sockets per thread
ip-10-184-1-11:56:56 [0] NCCL INFO Channel 01/1 : 0[0] -> 1[0] [receive] via NET/Socket/0/Shared
ip-10-184-1-11:56:148 [0] NCCL INFO New proxy send connection 1 from local rank 0, transport 2
ip-10-184-1-11:56:56 [0] NCCL INFO Connected to proxy localRank 0 -> connection 0x795a700095e8
ip-10-184-1-11:56:148 [0] NCCL INFO Could not get speed from /sys/class/net/ens5/speed. Defaulting to 10 Gbps.
ip-10-184-1-11:56:56 [0] NCCL INFO Channel 01/1 : 1[0] -> 0[0] [send] via NET/Socket/0/Shared
ip-10-184-1-11:56:56 [0] NCCL INFO Initialized NET plugin Socket
ip-10-184-1-11:56:56 [0] NCCL INFO Could not get speed from /sys/class/net/ens5/speed. Defaulting to 10 Gbps.
ip-10-184-1-11:56:56 [0] NCCL INFO Assigned NET plugin Socket to comm
ip-10-184-1-11:56:56 [0] NCCL INFO Failed to initialize any GIN plugin
ip-10-184-1-11:56:56 [0] NCCL INFO Using network Socket
ip-10-184-1-11:56:56 [0] NCCL INFO [Rank 0] ncclCommInitRankConfig comm 0x5600d03d7e00 rank 0 nranks 2 cudaDev 0 nvmlDev 0 busId 1e0 commId 0x90c16f697b731d65 - Init START
ip-10-184-1-11:56:56 [0] NCCL INFO Topology detection : could not read /sys/devices/pci0000:00/0000:00:1e.0/../max_link_speed, ignoring
ip-10-184-1-11:56:56 [0] NCCL INFO Topology detection : could not read /sys/devices/pci0000:00/0000:00:1e.0/../max_link_width, ignoring
ip-10-184-1-11:56:56 [0] NCCL INFO Topology detection : could not read /sys/devices/system/node/node-1/cpumap, ignoring
ip-10-184-1-11:56:56 [0] NCCL INFO TOPO/NET : Importing network plugins to topology
ip-10-184-1-11:56:56 [0] NCCL INFO Could not get speed from /sys/class/net/ens5/speed. Defaulting to 10 Gbps.
ip-10-184-1-11:56:56 [0] NCCL INFO Topology detection : could not read /sys/devices/pci0000:00/0000:00:05.0/../max_link_speed, ignoring
ip-10-184-1-11:56:56 [0] NCCL INFO Topology detection : could not read /sys/devices/pci0000:00/0000:00:05.0/../max_link_width, ignoring
ip-10-184-1-11:56:56 [0] NCCL INFO Topology detection : could not read /sys/devices/system/node/node-1/cpumap, ignoring
ip-10-184-1-11:56:56 [0] NCCL INFO NET/Socket : GPU Direct RDMA Disabled for HCA 0 'ens5'
ip-10-184-1-11:56:56 [0] NCCL INFO ncclTopoPopulateNics : Filled ens5 in topo with pciPath=/sys/devices/pci0000:00/0000:00:05.0 net=1 gin=(null) keep=1 coll=(null)
ip-10-184-1-11:56:56 [0] NCCL INFO KV Convert to int : could not find value of 'Unknown' in dictionary, falling back to 60
ip-10-184-1-11:56:56 [0] NCCL INFO === System : maxBw 1.2 totalBw 24.0 ===
ip-10-184-1-11:56:56 [0] NCCL INFO CPU/0-ffffffffffffff (1/2/-1)
ip-10-184-1-11:56:56 [0] NCCL INFO + PCI[24.0] - GPU/0-1e0 (0)
ip-10-184-1-11:56:56 [0] NCCL INFO + PCI[12.0] - NIC/0-50
ip-10-184-1-11:56:56 [0] NCCL INFO               + NET[1.2] - NET/0-0 (0/0/0/1.250000)
ip-10-184-1-11:56:56 [0] NCCL INFO ==========================================
ip-10-184-1-11:56:56 [0] NCCL INFO GPU/0-1e0 :GPU/0-1e0 (0/5000.0/LOC) CPU/0-ffffffffffffff (1/24.0/PHB) NET/0-0 (3/1.2/PHB) 
ip-10-184-1-11:56:56 [0] NCCL INFO NET/0-0 :GPU/0-1e0 (3/1.2/PHB) CPU/0-ffffffffffffff (2/1.2/PHB) NET/0-0 (0/5000.0/LOC) 
ip-10-184-1-11:56:56 [0] NCCL INFO ncclTopoGetCpuAffinity: Affinity for GPU 0 is empty, ignoring. (GPU affinity =  ; CPU affinity = 0-3).
ip-10-184-1-11:56:56 [0] NCCL INFO Pattern 4, crossNic 0, nChannels 1, bw 1.200000/1.200000, type LOC/PHB, sameChannels 1
ip-10-184-1-11:56:56 [0] NCCL INFO  0 : NET/0-0 GPU/0-1e0 NET/0-0
ip-10-184-1-11:56:56 [0] NCCL INFO Pattern 3, crossNic 0, nChannels 1, bw 2.400000/1.200000, type LOC/PHB, sameChannels 1
ip-10-184-1-11:56:56 [0] NCCL INFO  0 : NET/0-0 GPU/0-1e0 NET/0-0
ip-10-184-1-11:56:56 [0] NCCL INFO Could not get speed from /sys/class/net/ens5/speed. Defaulting to 10 Gbps.
ip-10-184-1-11:56:56 [0] NCCL INFO comm 0x5600d03d7e00 rank 0 nRanks 2 nNodes 2 localRanks 1 localRank 0 MNNVL 0
ip-10-184-1-11:56:56 [0] NCCL INFO Tree 0 : -1 -> 0 -> 1/-1/-1
ip-10-184-1-11:56:56 [0] NCCL INFO Tree 1 : 1 -> 0 -> -1/-1/-1
ip-10-184-1-11:56:56 [0] NCCL INFO Channel 00/02 : 0 1
ip-10-184-1-11:56:56 [0] NCCL INFO Channel 01/02 : 0 1
ip-10-184-1-11:56:56 [0] NCCL INFO Ring 00 : 1 -> 0 -> 1
ip-10-184-1-11:56:56 [0] NCCL INFO Ring 01 : 1 -> 0 -> 1
ip-10-184-1-11:56:56 [0] NCCL INFO Trees [0] 1/-1/-1->0->-1 [1] -1/-1/-1->0->1
ip-10-184-1-11:56:56 [0] NCCL INFO P2P Chunksize set to 131072
ip-10-184-1-11:56:56 [0] NCCL INFO Check P2P Type isAllDirectP2p 1 directMode 0 isAllCudaP2p 1
ip-10-184-1-11:56:56 [0] NCCL INFO ncclP2pSchedule: group size used is 1
ip-10-184-1-11:56:156 [0] NCCL INFO [Proxy Service] Device 0 CPU core 1
ip-10-184-1-11:56:157 [0] NCCL INFO [Proxy Service UDS] Device 0 CPU core 1
ip-10-184-1-11:56:56 [0] NCCL INFO threadThresholds 8/8/64 | 16/8/64 | 512 | 512
ip-10-184-1-11:56:56 [0] NCCL INFO 2 coll channels, 2 collnet channels, 0 nvls channels, 2 p2p channels, 1 p2p channels per peer
ip-10-184-1-11:56:56 [0] NCCL INFO Symmetric VA size=24GB
ip-10-184-1-11:56:56 [0] NCCL INFO Symmetric memory is not supported. cuMemEnable 1, globalGinSupport 0, globalNicFused 0 cuMemGdrSupport 1
ip-10-184-1-11:56:56 [0] NCCL INFO CC Off, workFifoBytes 1048576
ip-10-184-1-11:56:56 [0] NCCL INFO ncclCommInitRankConfig comm 0x5600d03d7e00 rank 0 nranks 2 cudaDev 0 nvmlDev 0 busId 1e0 commId 0x90c16f697b731d65 - Init COMPLETE
ip-10-184-1-11:56:56 [0] NCCL INFO Init timings - ncclCommInitRankConfig: rank 0 nranks 2 total 1.44 (kernels 0.00, alloc 0.01, bootstrap 1.14, allgathers 0.29, topo 0.00, graphs 0.00, connections 0.00, rest 0.00)
ip-10-184-1-11:56:156 [0] NCCL INFO New proxy send connection 0 from local rank 0, transport 2
ip-10-184-1-11:56:158 [0] NCCL INFO [Proxy Progress] Device 0 CPU core 2
ip-10-184-1-11:56:56 [0] NCCL INFO Connected to proxy localRank 0 -> connection 0x795b10024f60
ip-10-184-1-11:56:156 [0] NCCL INFO Could not get speed from /sys/class/net/ens5/speed. Defaulting to 10 Gbps.
ip-10-184-1-11:56:56 [0] NCCL INFO Channel 01/1 : 0[0] -> 1[0] [send] via NET/Socket/0/Shared
ip-10-184-1-11:56:156 [0] NCCL INFO New proxy recv connection 1 from local rank 0, transport 2
ip-10-184-1-11:56:56 [0] NCCL INFO Connected to proxy localRank 0 -> connection 0x795b10024fe8
ip-10-184-1-11:56:156 [0] NCCL INFO Could not get speed from /sys/class/net/ens5/speed. Defaulting to 10 Gbps.
ip-10-184-1-11:56:156 [0] NCCL INFO NET/Socket: Using 2 threads and 8 sockets per thread
ip-10-184-1-11:56:56 [0] NCCL INFO Channel 01/1 : 1[0] -> 0[0] [receive] via NET/Socket/0/Shared
ip-10-184-1-11:56:56 [0] NCCL INFO Initialized NET plugin Socket
ip-10-184-1-11:56:56 [0] NCCL INFO Could not get speed from /sys/class/net/ens5/speed. Defaulting to 10 Gbps.
ip-10-184-1-11:56:56 [0] NCCL INFO Assigned NET plugin Socket to comm
ip-10-184-1-11:56:56 [0] NCCL INFO Failed to initialize any GIN plugin
ip-10-184-1-11:56:56 [0] NCCL INFO Using network Socket
ip-10-184-1-11:56:56 [0] NCCL INFO [Rank 1] ncclCommInitRankConfig comm 0x5600d0c4cda0 rank 1 nranks 2 cudaDev 0 nvmlDev 0 busId 1e0 commId 0x949918bfcd1b6846 - Init START
ip-10-184-1-11:56:56 [0] NCCL INFO Topology detection : could not read /sys/devices/pci0000:00/0000:00:1e.0/../max_link_speed, ignoring
ip-10-184-1-11:56:56 [0] NCCL INFO Topology detection : could not read /sys/devices/pci0000:00/0000:00:1e.0/../max_link_width, ignoring
ip-10-184-1-11:56:56 [0] NCCL INFO Topology detection : could not read /sys/devices/system/node/node-1/cpumap, ignoring
ip-10-184-1-11:56:56 [0] NCCL INFO TOPO/NET : Importing network plugins to topology
ip-10-184-1-11:56:56 [0] NCCL INFO Could not get speed from /sys/class/net/ens5/speed. Defaulting to 10 Gbps.
ip-10-184-1-11:56:56 [0] NCCL INFO Topology detection : could not read /sys/devices/pci0000:00/0000:00:05.0/../max_link_speed, ignoring
ip-10-184-1-11:56:56 [0] NCCL INFO Topology detection : could not read /sys/devices/pci0000:00/0000:00:05.0/../max_link_width, ignoring
ip-10-184-1-11:56:56 [0] NCCL INFO Topology detection : could not read /sys/devices/system/node/node-1/cpumap, ignoring
ip-10-184-1-11:56:56 [0] NCCL INFO NET/Socket : GPU Direct RDMA Disabled for HCA 0 'ens5'
ip-10-184-1-11:56:56 [0] NCCL INFO ncclTopoPopulateNics : Filled ens5 in topo with pciPath=/sys/devices/pci0000:00/0000:00:05.0 net=1 gin=(null) keep=1 coll=(null)
ip-10-184-1-11:56:56 [0] NCCL INFO KV Convert to int : could not find value of 'Unknown' in dictionary, falling back to 60
ip-10-184-1-11:56:56 [0] NCCL INFO === System : maxBw 1.2 totalBw 24.0 ===
ip-10-184-1-11:56:56 [0] NCCL INFO CPU/0-ffffffffffffff (1/2/-1)
ip-10-184-1-11:56:56 [0] NCCL INFO + PCI[24.0] - GPU/0-1e0 (1)
ip-10-184-1-11:56:56 [0] NCCL INFO + PCI[12.0] - NIC/0-50
ip-10-184-1-11:56:56 [0] NCCL INFO               + NET[1.2] - NET/0-0 (0/0/0/1.250000)
ip-10-184-1-11:56:56 [0] NCCL INFO ==========================================
ip-10-184-1-11:56:56 [0] NCCL INFO GPU/0-1e0 :GPU/0-1e0 (0/5000.0/LOC) CPU/0-ffffffffffffff (1/24.0/PHB) NET/0-0 (3/1.2/PHB) 
ip-10-184-1-11:56:56 [0] NCCL INFO NET/0-0 :GPU/0-1e0 (3/1.2/PHB) CPU/0-ffffffffffffff (2/1.2/PHB) NET/0-0 (0/5000.0/LOC) 
ip-10-184-1-11:56:56 [0] NCCL INFO ncclTopoGetCpuAffinity: Affinity for GPU 0 is empty, ignoring. (GPU affinity =  ; CPU affinity = 0-3).
ip-10-184-1-11:56:56 [0] NCCL INFO Pattern 4, crossNic 0, nChannels 1, bw 1.200000/1.200000, type LOC/PHB, sameChannels 1
ip-10-184-1-11:56:56 [0] NCCL INFO  0 : NET/0-0 GPU/0-1e0 NET/0-0
ip-10-184-1-11:56:56 [0] NCCL INFO Pattern 3, crossNic 0, nChannels 1, bw 2.400000/1.200000, type LOC/PHB, sameChannels 1
ip-10-184-1-11:56:56 [0] NCCL INFO  0 : NET/0-0 GPU/0-1e0 NET/0-0
ip-10-184-1-11:56:56 [0] NCCL INFO Could not get speed from /sys/class/net/ens5/speed. Defaulting to 10 Gbps.
ip-10-184-1-11:56:56 [0] NCCL INFO comm 0x5600d0c4cda0 rank 1 nRanks 2 nNodes 2 localRanks 1 localRank 0 MNNVL 0
ip-10-184-1-11:56:56 [0] NCCL INFO Tree 0 : 0 -> 1 -> -1/-1/-1
ip-10-184-1-11:56:56 [0] NCCL INFO Tree 1 : -1 -> 1 -> 0/-1/-1
ip-10-184-1-11:56:56 [0] NCCL INFO Ring 00 : 0 -> 1 -> 0
ip-10-184-1-11:56:56 [0] NCCL INFO Ring 01 : 0 -> 1 -> 0
ip-10-184-1-11:56:56 [0] NCCL INFO Trees [0] -1/-1/-1->1->0 [1] 0/-1/-1->1->-1
ip-10-184-1-11:56:56 [0] NCCL INFO P2P Chunksize set to 131072
ip-10-184-1-11:56:56 [0] NCCL INFO Check P2P Type isAllDirectP2p 1 directMode 0 isAllCudaP2p 1
ip-10-184-1-11:56:163 [0] NCCL INFO [Proxy Service] Device 0 CPU core 0
ip-10-184-1-11:56:164 [0] NCCL INFO [Proxy Service UDS] Device 0 CPU core 1
ip-10-184-1-11:56:56 [0] NCCL INFO ncclP2pSchedule: group size used is 1
ip-10-184-1-11:56:56 [0] NCCL INFO threadThresholds 8/8/64 | 16/8/64 | 512 | 512
ip-10-184-1-11:56:56 [0] NCCL INFO 2 coll channels, 2 collnet channels, 0 nvls channels, 2 p2p channels, 1 p2p channels per peer
ip-10-184-1-11:56:56 [0] NCCL INFO Symmetric VA size=24GB
ip-10-184-1-11:56:56 [0] NCCL INFO Symmetric memory is not supported. cuMemEnable 1, globalGinSupport 0, globalNicFused 0 cuMemGdrSupport 1
ip-10-184-1-11:56:56 [0] NCCL INFO ncclCommInitRankConfig comm 0x5600d0c4cda0 rank 1 nranks 2 cudaDev 0 nvmlDev 0 busId 1e0 commId 0x949918bfcd1b6846 - Init COMPLETE
ip-10-184-1-11:56:56 [0] NCCL INFO Init timings - ncclCommInitRankConfig: rank 1 nranks 2 total 1.63 (kernels 0.00, alloc 0.00, bootstrap 1.16, allgathers 0.47, topo 0.00, graphs 0.00, connections 0.00, rest 0.00)
ip-10-184-1-11:56:163 [0] NCCL INFO New proxy recv connection 0 from local rank 0, transport 2
ip-10-184-1-11:56:165 [0] NCCL INFO [Proxy Progress] Device 0 CPU core 2
ip-10-184-1-11:56:56 [0] NCCL INFO Connected to proxy localRank 0 -> connection 0x795b20008f60
ip-10-184-1-11:56:163 [0] NCCL INFO Could not get speed from /sys/class/net/ens5/speed. Defaulting to 10 Gbps.
ip-10-184-1-11:56:163 [0] NCCL INFO NET/Socket: Using 2 threads and 8 sockets per thread
ip-10-184-1-11:56:56 [0] NCCL INFO Channel 01/1 : 0[0] -> 1[0] [receive] via NET/Socket/0/Shared
ip-10-184-1-11:56:163 [0] NCCL INFO New proxy send connection 1 from local rank 0, transport 2
ip-10-184-1-11:56:56 [0] NCCL INFO Connected to proxy localRank 0 -> connection 0x795b20008fe8
ip-10-184-1-11:56:163 [0] NCCL INFO Could not get speed from /sys/class/net/ens5/speed. Defaulting to 10 Gbps.
ip-10-184-1-11:56:56 [0] NCCL INFO Channel 01/1 : 1[0] -> 0[0] [send] via NET/Socket/0/Shared
ip-10-184-1-11:56:56 [0] NCCL INFO Initialized NET plugin Socket
ip-10-184-1-11:56:56 [0] NCCL INFO Could not get speed from /sys/class/net/ens5/speed. Defaulting to 10 Gbps.
ip-10-184-1-11:56:56 [0] NCCL INFO Assigned NET plugin Socket to comm
ip-10-184-1-11:56:56 [0] NCCL INFO Failed to initialize any GIN plugin
ip-10-184-1-11:56:56 [0] NCCL INFO Using network Socket
ip-10-184-1-11:56:56 [0] NCCL INFO [Rank 0] ncclCommInitRankConfig comm 0x5600ce40f3b0 rank 0 nranks 2 cudaDev 0 nvmlDev 0 busId 1e0 commId 0xcad60d26a352cd05 - Init START
ip-10-184-1-11:56:56 [0] NCCL INFO Topology detection : could not read /sys/devices/pci0000:00/0000:00:1e.0/../max_link_speed, ignoring
ip-10-184-1-11:56:56 [0] NCCL INFO Topology detection : could not read /sys/devices/pci0000:00/0000:00:1e.0/../max_link_width, ignoring
ip-10-184-1-11:56:56 [0] NCCL INFO Topology detection : could not read /sys/devices/system/node/node-1/cpumap, ignoring
ip-10-184-1-11:56:56 [0] NCCL INFO TOPO/NET : Importing network plugins to topology
ip-10-184-1-11:56:56 [0] NCCL INFO Could not get speed from /sys/class/net/ens5/speed. Defaulting to 10 Gbps.
ip-10-184-1-11:56:56 [0] NCCL INFO Topology detection : could not read /sys/devices/pci0000:00/0000:00:05.0/../max_link_speed, ignoring
ip-10-184-1-11:56:56 [0] NCCL INFO Topology detection : could not read /sys/devices/pci0000:00/0000:00:05.0/../max_link_width, ignoring
ip-10-184-1-11:56:56 [0] NCCL INFO Topology detection : could not read /sys/devices/system/node/node-1/cpumap, ignoring
ip-10-184-1-11:56:56 [0] NCCL INFO NET/Socket : GPU Direct RDMA Disabled for HCA 0 'ens5'
ip-10-184-1-11:56:56 [0] NCCL INFO ncclTopoPopulateNics : Filled ens5 in topo with pciPath=/sys/devices/pci0000:00/0000:00:05.0 net=1 gin=(null) keep=1 coll=(null)
ip-10-184-1-11:56:56 [0] NCCL INFO KV Convert to int : could not find value of 'Unknown' in dictionary, falling back to 60
ip-10-184-1-11:56:56 [0] NCCL INFO === System : maxBw 1.2 totalBw 24.0 ===
ip-10-184-1-11:56:56 [0] NCCL INFO CPU/0-ffffffffffffff (1/2/-1)
ip-10-184-1-11:56:56 [0] NCCL INFO + PCI[24.0] - GPU/0-1e0 (0)
ip-10-184-1-11:56:56 [0] NCCL INFO + PCI[12.0] - NIC/0-50
ip-10-184-1-11:56:56 [0] NCCL INFO               + NET[1.2] - NET/0-0 (0/0/0/1.250000)
ip-10-184-1-11:56:56 [0] NCCL INFO ==========================================
ip-10-184-1-11:56:56 [0] NCCL INFO GPU/0-1e0 :GPU/0-1e0 (0/5000.0/LOC) CPU/0-ffffffffffffff (1/24.0/PHB) NET/0-0 (3/1.2/PHB) 
ip-10-184-1-11:56:56 [0] NCCL INFO NET/0-0 :GPU/0-1e0 (3/1.2/PHB) CPU/0-ffffffffffffff (2/1.2/PHB) NET/0-0 (0/5000.0/LOC) 
ip-10-184-1-11:56:56 [0] NCCL INFO ncclTopoGetCpuAffinity: Affinity for GPU 0 is empty, ignoring. (GPU affinity =  ; CPU affinity = 0-3).
ip-10-184-1-11:56:56 [0] NCCL INFO Pattern 4, crossNic 0, nChannels 1, bw 1.200000/1.200000, type LOC/PHB, sameChannels 1
ip-10-184-1-11:56:56 [0] NCCL INFO  0 : NET/0-0 GPU/0-1e0 NET/0-0
ip-10-184-1-11:56:56 [0] NCCL INFO Pattern 3, crossNic 0, nChannels 1, bw 2.400000/1.200000, type LOC/PHB, sameChannels 1
ip-10-184-1-11:56:56 [0] NCCL INFO  0 : NET/0-0 GPU/0-1e0 NET/0-0
ip-10-184-1-11:56:56 [0] NCCL INFO Could not get speed from /sys/class/net/ens5/speed. Defaulting to 10 Gbps.
ip-10-184-1-11:56:56 [0] NCCL INFO comm 0x5600ce40f3b0 rank 0 nRanks 2 nNodes 2 localRanks 1 localRank 0 MNNVL 0
ip-10-184-1-11:56:56 [0] NCCL INFO Tree 0 : -1 -> 0 -> 1/-1/-1
ip-10-184-1-11:56:56 [0] NCCL INFO Tree 1 : 1 -> 0 -> -1/-1/-1
ip-10-184-1-11:56:56 [0] NCCL INFO Channel 00/02 : 0 1
ip-10-184-1-11:56:56 [0] NCCL INFO Channel 01/02 : 0 1
ip-10-184-1-11:56:56 [0] NCCL INFO Ring 00 : 1 -> 0 -> 1
ip-10-184-1-11:56:56 [0] NCCL INFO Ring 01 : 1 -> 0 -> 1
ip-10-184-1-11:56:56 [0] NCCL INFO Trees [0] 1/-1/-1->0->-1 [1] -1/-1/-1->0->1
ip-10-184-1-11:56:56 [0] NCCL INFO P2P Chunksize set to 131072
ip-10-184-1-11:56:56 [0] NCCL INFO Check P2P Type isAllDirectP2p 1 directMode 0 isAllCudaP2p 1
ip-10-184-1-11:56:171 [0] NCCL INFO [Proxy Service] Device 0 CPU core 1
ip-10-184-1-11:56:56 [0] NCCL INFO ncclP2pSchedule: group size used is 1
ip-10-184-1-11:56:172 [0] NCCL INFO [Proxy Service UDS] Device 0 CPU core 2
ip-10-184-1-11:56:56 [0] NCCL INFO threadThresholds 8/8/64 | 16/8/64 | 512 | 512
ip-10-184-1-11:56:56 [0] NCCL INFO 2 coll channels, 2 collnet channels, 0 nvls channels, 2 p2p channels, 1 p2p channels per peer
ip-10-184-1-11:56:56 [0] NCCL INFO Symmetric VA size=24GB
ip-10-184-1-11:56:56 [0] NCCL INFO Symmetric memory is not supported. cuMemEnable 1, globalGinSupport 0, globalNicFused 0 cuMemGdrSupport 1
ip-10-184-1-11:56:56 [0] NCCL INFO CC Off, workFifoBytes 1048576
ip-10-184-1-11:56:56 [0] NCCL INFO ncclCommInitRankConfig comm 0x5600ce40f3b0 rank 0 nranks 2 cudaDev 0 nvmlDev 0 busId 1e0 commId 0xcad60d26a352cd05 - Init COMPLETE
ip-10-184-1-11:56:56 [0] NCCL INFO Init timings - ncclCommInitRankConfig: rank 0 nranks 2 total 2.48 (kernels 0.00, alloc 0.00, bootstrap 1.88, allgathers 0.59, topo 0.00, graphs 0.00, connections 0.00, rest 0.00)
ip-10-184-1-11:56:171 [0] NCCL INFO New proxy send connection 0 from local rank 0, transport 2
ip-10-184-1-11:56:173 [0] NCCL INFO [Proxy Progress] Device 0 CPU core 2
ip-10-184-1-11:56:56 [0] NCCL INFO Connected to proxy localRank 0 -> connection 0x795b30086dd0
ip-10-184-1-11:56:171 [0] NCCL INFO Could not get speed from /sys/class/net/ens5/speed. Defaulting to 10 Gbps.
ip-10-184-1-11:56:56 [0] NCCL INFO Channel 01/1 : 0[0] -> 1[0] [send] via NET/Socket/0/Shared
ip-10-184-1-11:56:171 [0] NCCL INFO New proxy recv connection 1 from local rank 0, transport 2
ip-10-184-1-11:56:56 [0] NCCL INFO Connected to proxy localRank 0 -> connection 0x795b30086e58
ip-10-184-1-11:56:171 [0] NCCL INFO Could not get speed from /sys/class/net/ens5/speed. Defaulting to 10 Gbps.
ip-10-184-1-11:56:171 [0] NCCL INFO NET/Socket: Using 2 threads and 8 sockets per thread
ip-10-184-1-11:56:56 [0] NCCL INFO Channel 01/1 : 1[0] -> 0[0] [receive] via NET/Socket/0/Shared
ip-10-184-1-11:56:56 [0] NCCL INFO Initialized NET plugin Socket
ip-10-184-1-11:56:56 [0] NCCL INFO Could not get speed from /sys/class/net/ens5/speed. Defaulting to 10 Gbps.
ip-10-184-1-11:56:56 [0] NCCL INFO Assigned NET plugin Socket to comm
ip-10-184-1-11:56:56 [0] NCCL INFO Failed to initialize any GIN plugin
ip-10-184-1-11:56:56 [0] NCCL INFO Using network Socket
ip-10-184-1-11:56:56 [0] NCCL INFO [Rank 1] ncclCommInitRankConfig comm 0x5600d04fcbf0 rank 1 nranks 2 cudaDev 0 nvmlDev 0 busId 1e0 commId 0xb4340662b74e6a7e - Init START
ip-10-184-1-11:56:56 [0] NCCL INFO Topology detection : could not read /sys/devices/pci0000:00/0000:00:1e.0/../max_link_speed, ignoring
ip-10-184-1-11:56:56 [0] NCCL INFO Topology detection : could not read /sys/devices/pci0000:00/0000:00:1e.0/../max_link_width, ignoring
ip-10-184-1-11:56:56 [0] NCCL INFO Topology detection : could not read /sys/devices/system/node/node-1/cpumap, ignoring
ip-10-184-1-11:56:56 [0] NCCL INFO TOPO/NET : Importing network plugins to topology
ip-10-184-1-11:56:56 [0] NCCL INFO Could not get speed from /sys/class/net/ens5/speed. Defaulting to 10 Gbps.
ip-10-184-1-11:56:56 [0] NCCL INFO Topology detection : could not read /sys/devices/pci0000:00/0000:00:05.0/../max_link_speed, ignoring
ip-10-184-1-11:56:56 [0] NCCL INFO Topology detection : could not read /sys/devices/pci0000:00/0000:00:05.0/../max_link_width, ignoring
ip-10-184-1-11:56:56 [0] NCCL INFO Topology detection : could not read /sys/devices/system/node/node-1/cpumap, ignoring
ip-10-184-1-11:56:56 [0] NCCL INFO NET/Socket : GPU Direct RDMA Disabled for HCA 0 'ens5'
ip-10-184-1-11:56:56 [0] NCCL INFO ncclTopoPopulateNics : Filled ens5 in topo with pciPath=/sys/devices/pci0000:00/0000:00:05.0 net=1 gin=(null) keep=1 coll=(null)
ip-10-184-1-11:56:56 [0] NCCL INFO KV Convert to int : could not find value of 'Unknown' in dictionary, falling back to 60
ip-10-184-1-11:56:56 [0] NCCL INFO === System : maxBw 1.2 totalBw 24.0 ===
ip-10-184-1-11:56:56 [0] NCCL INFO CPU/0-ffffffffffffff (1/2/-1)
ip-10-184-1-11:56:56 [0] NCCL INFO + PCI[24.0] - GPU/0-1e0 (1)
ip-10-184-1-11:56:56 [0] NCCL INFO + PCI[12.0] - NIC/0-50
ip-10-184-1-11:56:56 [0] NCCL INFO               + NET[1.2] - NET/0-0 (0/0/0/1.250000)
ip-10-184-1-11:56:56 [0] NCCL INFO ==========================================
ip-10-184-1-11:56:56 [0] NCCL INFO GPU/0-1e0 :GPU/0-1e0 (0/5000.0/LOC) CPU/0-ffffffffffffff (1/24.0/PHB) NET/0-0 (3/1.2/PHB) 
ip-10-184-1-11:56:56 [0] NCCL INFO NET/0-0 :GPU/0-1e0 (3/1.2/PHB) CPU/0-ffffffffffffff (2/1.2/PHB) NET/0-0 (0/5000.0/LOC) 
ip-10-184-1-11:56:56 [0] NCCL INFO ncclTopoGetCpuAffinity: Affinity for GPU 0 is empty, ignoring. (GPU affinity =  ; CPU affinity = 0-3).
ip-10-184-1-11:56:56 [0] NCCL INFO Pattern 4, crossNic 0, nChannels 1, bw 1.200000/1.200000, type LOC/PHB, sameChannels 1
ip-10-184-1-11:56:56 [0] NCCL INFO  0 : NET/0-0 GPU/0-1e0 NET/0-0
ip-10-184-1-11:56:56 [0] NCCL INFO Pattern 3, crossNic 0, nChannels 1, bw 2.400000/1.200000, type LOC/PHB, sameChannels 1
ip-10-184-1-11:56:56 [0] NCCL INFO  0 : NET/0-0 GPU/0-1e0 NET/0-0
ip-10-184-1-11:56:56 [0] NCCL INFO Could not get speed from /sys/class/net/ens5/speed. Defaulting to 10 Gbps.
ip-10-184-1-11:56:56 [0] NCCL INFO comm 0x5600d04fcbf0 rank 1 nRanks 2 nNodes 2 localRanks 1 localRank 0 MNNVL 0
ip-10-184-1-11:56:56 [0] NCCL INFO Tree 0 : 0 -> 1 -> -1/-1/-1
ip-10-184-1-11:56:56 [0] NCCL INFO Tree 1 : -1 -> 1 -> 0/-1/-1
ip-10-184-1-11:56:56 [0] NCCL INFO Ring 00 : 0 -> 1 -> 0
ip-10-184-1-11:56:56 [0] NCCL INFO Ring 01 : 0 -> 1 -> 0
ip-10-184-1-11:56:56 [0] NCCL INFO Trees [0] -1/-1/-1->1->0 [1] 0/-1/-1->1->-1
ip-10-184-1-11:56:56 [0] NCCL INFO P2P Chunksize set to 131072
ip-10-184-1-11:56:56 [0] NCCL INFO Check P2P Type isAllDirectP2p 1 directMode 0 isAllCudaP2p 1
ip-10-184-1-11:56:56 [0] NCCL INFO ncclP2pSchedule: group size used is 1
ip-10-184-1-11:56:179 [0] NCCL INFO [Proxy Service UDS] Device 0 CPU core 3
ip-10-184-1-11:56:178 [0] NCCL INFO [Proxy Service] Device 0 CPU core 3
ip-10-184-1-11:56:56 [0] NCCL INFO threadThresholds 8/8/64 | 16/8/64 | 512 | 512
ip-10-184-1-11:56:56 [0] NCCL INFO 2 coll channels, 2 collnet channels, 0 nvls channels, 2 p2p channels, 1 p2p channels per peer
ip-10-184-1-11:56:56 [0] NCCL INFO Symmetric VA size=24GB
ip-10-184-1-11:56:56 [0] NCCL INFO Symmetric memory is not supported. cuMemEnable 1, globalGinSupport 0, globalNicFused 0 cuMemGdrSupport 1
ip-10-184-1-11:56:56 [0] NCCL INFO ncclCommInitRankConfig comm 0x5600d04fcbf0 rank 1 nranks 2 cudaDev 0 nvmlDev 0 busId 1e0 commId 0xb4340662b74e6a7e - Init COMPLETE
ip-10-184-1-11:56:56 [0] NCCL INFO Init timings - ncclCommInitRankConfig: rank 1 nranks 2 total 1.62 (kernels 0.00, alloc 0.00, bootstrap 1.16, allgathers 0.46, topo 0.00, graphs 0.00, connections 0.00, rest 0.00)
ip-10-184-1-11:56:178 [0] NCCL INFO New proxy recv connection 0 from local rank 0, transport 2
ip-10-184-1-11:56:180 [0] NCCL INFO [Proxy Progress] Device 0 CPU core 1
ip-10-184-1-11:56:56 [0] NCCL INFO Connected to proxy localRank 0 -> connection 0x795b340057f0
ip-10-184-1-11:56:178 [0] NCCL INFO Could not get speed from /sys/class/net/ens5/speed. Defaulting to 10 Gbps.
ip-10-184-1-11:56:178 [0] NCCL INFO NET/Socket: Using 2 threads and 8 sockets per thread
ip-10-184-1-11:56:56 [0] NCCL INFO Channel 01/1 : 0[0] -> 1[0] [receive] via NET/Socket/0/Shared
ip-10-184-1-11:56:178 [0] NCCL INFO New proxy send connection 1 from local rank 0, transport 2
ip-10-184-1-11:56:56 [0] NCCL INFO Connected to proxy localRank 0 -> connection 0x795b34005878
ip-10-184-1-11:56:178 [0] NCCL INFO Could not get speed from /sys/class/net/ens5/speed. Defaulting to 10 Gbps.
ip-10-184-1-11:56:56 [0] NCCL INFO Channel 01/1 : 1[0] -> 0[0] [send] via NET/Socket/0/Shared
ip-10-184-1-11:56:56 [0] NCCL INFO Initialized NET plugin Socket
ip-10-184-1-11:56:56 [0] NCCL INFO Could not get speed from /sys/class/net/ens5/speed. Defaulting to 10 Gbps.
ip-10-184-1-11:56:56 [0] NCCL INFO Assigned NET plugin Socket to comm
ip-10-184-1-11:56:56 [0] NCCL INFO Failed to initialize any GIN plugin
ip-10-184-1-11:56:56 [0] NCCL INFO Using network Socket
ip-10-184-1-11:56:56 [0] NCCL INFO [Rank 1] ncclCommInitRankConfig comm 0x5600d072cca0 rank 1 nranks 2 cudaDev 0 nvmlDev 0 busId 1e0 commId 0xb896583b04bdfc27 - Init START
ip-10-184-1-11:56:56 [0] NCCL INFO Topology detection : could not read /sys/devices/pci0000:00/0000:00:1e.0/../max_link_speed, ignoring
ip-10-184-1-11:56:56 [0] NCCL INFO Topology detection : could not read /sys/devices/pci0000:00/0000:00:1e.0/../max_link_width, ignoring
ip-10-184-1-11:56:56 [0] NCCL INFO Topology detection : could not read /sys/devices/system/node/node-1/cpumap, ignoring
ip-10-184-1-11:56:56 [0] NCCL INFO TOPO/NET : Importing network plugins to topology
ip-10-184-1-11:56:56 [0] NCCL INFO Could not get speed from /sys/class/net/ens5/speed. Defaulting to 10 Gbps.
ip-10-184-1-11:56:56 [0] NCCL INFO Topology detection : could not read /sys/devices/pci0000:00/0000:00:05.0/../max_link_speed, ignoring
ip-10-184-1-11:56:56 [0] NCCL INFO Topology detection : could not read /sys/devices/pci0000:00/0000:00:05.0/../max_link_width, ignoring
ip-10-184-1-11:56:56 [0] NCCL INFO Topology detection : could not read /sys/devices/system/node/node-1/cpumap, ignoring
ip-10-184-1-11:56:56 [0] NCCL INFO NET/Socket : GPU Direct RDMA Disabled for HCA 0 'ens5'
ip-10-184-1-11:56:56 [0] NCCL INFO ncclTopoPopulateNics : Filled ens5 in topo with pciPath=/sys/devices/pci0000:00/0000:00:05.0 net=1 gin=(null) keep=1 coll=(null)
ip-10-184-1-11:56:56 [0] NCCL INFO KV Convert to int : could not find value of 'Unknown' in dictionary, falling back to 60
ip-10-184-1-11:56:56 [0] NCCL INFO === System : maxBw 1.2 totalBw 24.0 ===
ip-10-184-1-11:56:56 [0] NCCL INFO CPU/0-ffffffffffffff (1/2/-1)
ip-10-184-1-11:56:56 [0] NCCL INFO + PCI[24.0] - GPU/0-1e0 (1)
ip-10-184-1-11:56:56 [0] NCCL INFO + PCI[12.0] - NIC/0-50
ip-10-184-1-11:56:56 [0] NCCL INFO               + NET[1.2] - NET/0-0 (0/0/0/1.250000)
ip-10-184-1-11:56:56 [0] NCCL INFO ==========================================
ip-10-184-1-11:56:56 [0] NCCL INFO GPU/0-1e0 :GPU/0-1e0 (0/5000.0/LOC) CPU/0-ffffffffffffff (1/24.0/PHB) NET/0-0 (3/1.2/PHB) 
ip-10-184-1-11:56:56 [0] NCCL INFO NET/0-0 :GPU/0-1e0 (3/1.2/PHB) CPU/0-ffffffffffffff (2/1.2/PHB) NET/0-0 (0/5000.0/LOC) 
ip-10-184-1-11:56:56 [0] NCCL INFO ncclTopoGetCpuAffinity: Affinity for GPU 0 is empty, ignoring. (GPU affinity =  ; CPU affinity = 0-3).
ip-10-184-1-11:56:56 [0] NCCL INFO Pattern 4, crossNic 0, nChannels 1, bw 1.200000/1.200000, type LOC/PHB, sameChannels 1
ip-10-184-1-11:56:56 [0] NCCL INFO  0 : NET/0-0 GPU/0-1e0 NET/0-0
ip-10-184-1-11:56:56 [0] NCCL INFO Pattern 3, crossNic 0, nChannels 1, bw 2.400000/1.200000, type LOC/PHB, sameChannels 1
ip-10-184-1-11:56:56 [0] NCCL INFO  0 : NET/0-0 GPU/0-1e0 NET/0-0
ip-10-184-1-11:56:56 [0] NCCL INFO Could not get speed from /sys/class/net/ens5/speed. Defaulting to 10 Gbps.
ip-10-184-1-11:56:56 [0] NCCL INFO comm 0x5600d072cca0 rank 1 nRanks 2 nNodes 2 localRanks 1 localRank 0 MNNVL 0
ip-10-184-1-11:56:56 [0] NCCL INFO Tree 0 : 0 -> 1 -> -1/-1/-1
ip-10-184-1-11:56:56 [0] NCCL INFO Tree 1 : -1 -> 1 -> 0/-1/-1
ip-10-184-1-11:56:56 [0] NCCL INFO Ring 00 : 0 -> 1 -> 0
ip-10-184-1-11:56:56 [0] NCCL INFO Ring 01 : 0 -> 1 -> 0
ip-10-184-1-11:56:56 [0] NCCL INFO Trees [0] -1/-1/-1->1->0 [1] 0/-1/-1->1->-1
ip-10-184-1-11:56:56 [0] NCCL INFO P2P Chunksize set to 131072
ip-10-184-1-11:56:56 [0] NCCL INFO Check P2P Type isAllDirectP2p 1 directMode 0 isAllCudaP2p 1
ip-10-184-1-11:56:185 [0] NCCL INFO [Proxy Service] Device 0 CPU core 3
ip-10-184-1-11:56:56 [0] NCCL INFO ncclP2pSchedule: group size used is 1
ip-10-184-1-11:56:186 [0] NCCL INFO [Proxy Service UDS] Device 0 CPU core 3
ip-10-184-1-11:56:56 [0] NCCL INFO threadThresholds 8/8/64 | 16/8/64 | 512 | 512
ip-10-184-1-11:56:56 [0] NCCL INFO 2 coll channels, 2 collnet channels, 0 nvls channels, 2 p2p channels, 1 p2p channels per peer
ip-10-184-1-11:56:56 [0] NCCL INFO Symmetric VA size=24GB
ip-10-184-1-11:56:56 [0] NCCL INFO Symmetric memory is not supported. cuMemEnable 1, globalGinSupport 0, globalNicFused 0 cuMemGdrSupport 1
ip-10-184-1-11:56:56 [0] NCCL INFO ncclCommInitRankConfig comm 0x5600d072cca0 rank 1 nranks 2 cudaDev 0 nvmlDev 0 busId 1e0 commId 0xb896583b04bdfc27 - Init COMPLETE
ip-10-184-1-11:56:56 [0] NCCL INFO Init timings - ncclCommInitRankConfig: rank 1 nranks 2 total 1.47 (kernels 0.00, alloc 0.00, bootstrap 1.04, allgathers 0.42, topo 0.00, graphs 0.00, connections 0.00, rest 0.00)
ip-10-184-1-11:56:185 [0] NCCL INFO New proxy recv connection 0 from local rank 0, transport 2
ip-10-184-1-11:56:187 [0] NCCL INFO [Proxy Progress] Device 0 CPU core 1
ip-10-184-1-11:56:56 [0] NCCL INFO Connected to proxy localRank 0 -> connection 0x795b44005220
ip-10-184-1-11:56:185 [0] NCCL INFO Could not get speed from /sys/class/net/ens5/speed. Defaulting to 10 Gbps.
ip-10-184-1-11:56:185 [0] NCCL INFO NET/Socket: Using 2 threads and 8 sockets per thread
ip-10-184-1-11:56:56 [0] NCCL INFO Channel 01/1 : 0[0] -> 1[0] [receive] via NET/Socket/0/Shared
ip-10-184-1-11:56:185 [0] NCCL INFO New proxy send connection 1 from local rank 0, transport 2
ip-10-184-1-11:56:56 [0] NCCL INFO Connected to proxy localRank 0 -> connection 0x795b440052a8
ip-10-184-1-11:56:185 [0] NCCL INFO Could not get speed from /sys/class/net/ens5/speed. Defaulting to 10 Gbps.
ip-10-184-1-11:56:56 [0] NCCL INFO Channel 01/1 : 1[0] -> 0[0] [send] via NET/Socket/0/Shared
ip-10-184-1-11:56:56 [0] NCCL INFO Initialized NET plugin Socket
ip-10-184-1-11:56:56 [0] NCCL INFO Could not get speed from /sys/class/net/ens5/speed. Defaulting to 10 Gbps.
ip-10-184-1-11:56:56 [0] NCCL INFO Assigned NET plugin Socket to comm
ip-10-184-1-11:56:56 [0] NCCL INFO Failed to initialize any GIN plugin
ip-10-184-1-11:56:56 [0] NCCL INFO Using network Socket
ip-10-184-1-11:56:56 [0] NCCL INFO [Rank 0] ncclCommInitRankConfig comm 0x5600d08f87e0 rank 0 nranks 2 cudaDev 0 nvmlDev 0 busId 1e0 commId 0x3b0b9248f42243e7 - Init START
ip-10-184-1-11:56:56 [0] NCCL INFO Topology detection : could not read /sys/devices/pci0000:00/0000:00:1e.0/../max_link_speed, ignoring
ip-10-184-1-11:56:56 [0] NCCL INFO Topology detection : could not read /sys/devices/pci0000:00/0000:00:1e.0/../max_link_width, ignoring
ip-10-184-1-11:56:56 [0] NCCL INFO Topology detection : could not read /sys/devices/system/node/node-1/cpumap, ignoring
ip-10-184-1-11:56:56 [0] NCCL INFO TOPO/NET : Importing network plugins to topology
ip-10-184-1-11:56:56 [0] NCCL INFO Could not get speed from /sys/class/net/ens5/speed. Defaulting to 10 Gbps.
ip-10-184-1-11:56:56 [0] NCCL INFO Topology detection : could not read /sys/devices/pci0000:00/0000:00:05.0/../max_link_speed, ignoring
ip-10-184-1-11:56:56 [0] NCCL INFO Topology detection : could not read /sys/devices/pci0000:00/0000:00:05.0/../max_link_width, ignoring
ip-10-184-1-11:56:56 [0] NCCL INFO Topology detection : could not read /sys/devices/system/node/node-1/cpumap, ignoring
ip-10-184-1-11:56:56 [0] NCCL INFO NET/Socket : GPU Direct RDMA Disabled for HCA 0 'ens5'
ip-10-184-1-11:56:56 [0] NCCL INFO ncclTopoPopulateNics : Filled ens5 in topo with pciPath=/sys/devices/pci0000:00/0000:00:05.0 net=1 gin=(null) keep=1 coll=(null)
ip-10-184-1-11:56:56 [0] NCCL INFO KV Convert to int : could not find value of 'Unknown' in dictionary, falling back to 60
ip-10-184-1-11:56:56 [0] NCCL INFO === System : maxBw 1.2 totalBw 24.0 ===
ip-10-184-1-11:56:56 [0] NCCL INFO CPU/0-ffffffffffffff (1/2/-1)
ip-10-184-1-11:56:56 [0] NCCL INFO + PCI[24.0] - GPU/0-1e0 (0)
ip-10-184-1-11:56:56 [0] NCCL INFO + PCI[12.0] - NIC/0-50
ip-10-184-1-11:56:56 [0] NCCL INFO               + NET[1.2] - NET/0-0 (0/0/0/1.250000)
ip-10-184-1-11:56:56 [0] NCCL INFO ==========================================
ip-10-184-1-11:56:56 [0] NCCL INFO GPU/0-1e0 :GPU/0-1e0 (0/5000.0/LOC) CPU/0-ffffffffffffff (1/24.0/PHB) NET/0-0 (3/1.2/PHB) 
ip-10-184-1-11:56:56 [0] NCCL INFO NET/0-0 :GPU/0-1e0 (3/1.2/PHB) CPU/0-ffffffffffffff (2/1.2/PHB) NET/0-0 (0/5000.0/LOC) 
ip-10-184-1-11:56:56 [0] NCCL INFO ncclTopoGetCpuAffinity: Affinity for GPU 0 is empty, ignoring. (GPU affinity =  ; CPU affinity = 0-3).
ip-10-184-1-11:56:56 [0] NCCL INFO Pattern 4, crossNic 0, nChannels 1, bw 1.200000/1.200000, type LOC/PHB, sameChannels 1
ip-10-184-1-11:56:56 [0] NCCL INFO  0 : NET/0-0 GPU/0-1e0 NET/0-0
ip-10-184-1-11:56:56 [0] NCCL INFO Pattern 3, crossNic 0, nChannels 1, bw 2.400000/1.200000, type LOC/PHB, sameChannels 1
ip-10-184-1-11:56:56 [0] NCCL INFO  0 : NET/0-0 GPU/0-1e0 NET/0-0
ip-10-184-1-11:56:56 [0] NCCL INFO Could not get speed from /sys/class/net/ens5/speed. Defaulting to 10 Gbps.
ip-10-184-1-11:56:56 [0] NCCL INFO comm 0x5600d08f87e0 rank 0 nRanks 2 nNodes 2 localRanks 1 localRank 0 MNNVL 0
ip-10-184-1-11:56:56 [0] NCCL INFO Tree 0 : -1 -> 0 -> 1/-1/-1
ip-10-184-1-11:56:56 [0] NCCL INFO Tree 1 : 1 -> 0 -> -1/-1/-1
ip-10-184-1-11:56:56 [0] NCCL INFO Channel 00/02 : 0 1
ip-10-184-1-11:56:56 [0] NCCL INFO Channel 01/02 : 0 1
ip-10-184-1-11:56:56 [0] NCCL INFO Ring 00 : 1 -> 0 -> 1
ip-10-184-1-11:56:56 [0] NCCL INFO Ring 01 : 1 -> 0 -> 1
ip-10-184-1-11:56:56 [0] NCCL INFO Trees [0] 1/-1/-1->0->-1 [1] -1/-1/-1->0->1
ip-10-184-1-11:56:56 [0] NCCL INFO P2P Chunksize set to 131072
ip-10-184-1-11:56:56 [0] NCCL INFO Check P2P Type isAllDirectP2p 1 directMode 0 isAllCudaP2p 1
ip-10-184-1-11:56:193 [0] NCCL INFO [Proxy Service] Device 0 CPU core 2
ip-10-184-1-11:56:194 [0] NCCL INFO [Proxy Service UDS] Device 0 CPU core 3
ip-10-184-1-11:56:56 [0] NCCL INFO ncclP2pSchedule: group size used is 1
ip-10-184-1-11:56:56 [0] NCCL INFO threadThresholds 8/8/64 | 16/8/64 | 512 | 512
ip-10-184-1-11:56:56 [0] NCCL INFO 2 coll channels, 2 collnet channels, 0 nvls channels, 2 p2p channels, 1 p2p channels per peer
ip-10-184-1-11:56:56 [0] NCCL INFO Symmetric VA size=24GB
ip-10-184-1-11:56:56 [0] NCCL INFO Symmetric memory is not supported. cuMemEnable 1, globalGinSupport 0, globalNicFused 0 cuMemGdrSupport 1
ip-10-184-1-11:56:56 [0] NCCL INFO CC Off, workFifoBytes 1048576
ip-10-184-1-11:56:56 [0] NCCL INFO ncclCommInitRankConfig comm 0x5600d08f87e0 rank 0 nranks 2 cudaDev 0 nvmlDev 0 busId 1e0 commId 0x3b0b9248f42243e7 - Init COMPLETE
ip-10-184-1-11:56:56 [0] NCCL INFO Init timings - ncclCommInitRankConfig: rank 0 nranks 2 total 1.38 (kernels 0.00, alloc 0.00, bootstrap 1.08, allgathers 0.30, topo 0.00, graphs 0.00, connections 0.00, rest 0.00)
ip-10-184-1-11:56:193 [0] NCCL INFO New proxy send connection 0 from local rank 0, transport 2
ip-10-184-1-11:56:195 [0] NCCL INFO [Proxy Progress] Device 0 CPU core 0
ip-10-184-1-11:56:56 [0] NCCL INFO Connected to proxy localRank 0 -> connection 0x5600d0716b90
ip-10-184-1-11:56:193 [0] NCCL INFO Could not get speed from /sys/class/net/ens5/speed. Defaulting to 10 Gbps.
ip-10-184-1-11:56:56 [0] NCCL INFO Channel 01/1 : 0[0] -> 1[0] [send] via NET/Socket/0/Shared
ip-10-184-1-11:56:193 [0] NCCL INFO New proxy recv connection 1 from local rank 0, transport 2
ip-10-184-1-11:56:56 [0] NCCL INFO Connected to proxy localRank 0 -> connection 0x5600d0716c18
ip-10-184-1-11:56:193 [0] NCCL INFO Could not get speed from /sys/class/net/ens5/speed. Defaulting to 10 Gbps.
ip-10-184-1-11:56:193 [0] NCCL INFO NET/Socket: Using 2 threads and 8 sockets per thread
ip-10-184-1-11:56:56 [0] NCCL INFO Channel 01/1 : 1[0] -> 0[0] [receive] via NET/Socket/0/Shared
ip-10-184-1-11:56:56 [0] NCCL INFO Initialized NET plugin Socket
ip-10-184-1-11:56:56 [0] NCCL INFO Could not get speed from /sys/class/net/ens5/speed. Defaulting to 10 Gbps.
ip-10-184-1-11:56:56 [0] NCCL INFO Assigned NET plugin Socket to comm
ip-10-184-1-11:56:56 [0] NCCL INFO Failed to initialize any GIN plugin
ip-10-184-1-11:56:56 [0] NCCL INFO Using network Socket
ip-10-184-1-11:56:56 [0] NCCL INFO [Rank 1] ncclCommInitRankConfig comm 0x5600d0a1d5d0 rank 1 nranks 2 cudaDev 0 nvmlDev 0 busId 1e0 commId 0xeae95e11ddb3c24b - Init START
ip-10-184-1-11:56:56 [0] NCCL INFO Topology detection : could not read /sys/devices/pci0000:00/0000:00:1e.0/../max_link_speed, ignoring
ip-10-184-1-11:56:56 [0] NCCL INFO Topology detection : could not read /sys/devices/pci0000:00/0000:00:1e.0/../max_link_width, ignoring
ip-10-184-1-11:56:56 [0] NCCL INFO Topology detection : could not read /sys/devices/system/node/node-1/cpumap, ignoring
ip-10-184-1-11:56:56 [0] NCCL INFO TOPO/NET : Importing network plugins to topology
ip-10-184-1-11:56:56 [0] NCCL INFO Could not get speed from /sys/class/net/ens5/speed. Defaulting to 10 Gbps.
ip-10-184-1-11:56:56 [0] NCCL INFO Topology detection : could not read /sys/devices/pci0000:00/0000:00:05.0/../max_link_speed, ignoring
ip-10-184-1-11:56:56 [0] NCCL INFO Topology detection : could not read /sys/devices/pci0000:00/0000:00:05.0/../max_link_width, ignoring
ip-10-184-1-11:56:56 [0] NCCL INFO Topology detection : could not read /sys/devices/system/node/node-1/cpumap, ignoring
ip-10-184-1-11:56:56 [0] NCCL INFO NET/Socket : GPU Direct RDMA Disabled for HCA 0 'ens5'
ip-10-184-1-11:56:56 [0] NCCL INFO ncclTopoPopulateNics : Filled ens5 in topo with pciPath=/sys/devices/pci0000:00/0000:00:05.0 net=1 gin=(null) keep=1 coll=(null)
ip-10-184-1-11:56:56 [0] NCCL INFO KV Convert to int : could not find value of 'Unknown' in dictionary, falling back to 60
ip-10-184-1-11:56:56 [0] NCCL INFO === System : maxBw 1.2 totalBw 24.0 ===
ip-10-184-1-11:56:56 [0] NCCL INFO CPU/0-ffffffffffffff (1/2/-1)
ip-10-184-1-11:56:56 [0] NCCL INFO + PCI[24.0] - GPU/0-1e0 (1)
ip-10-184-1-11:56:56 [0] NCCL INFO + PCI[12.0] - NIC/0-50
ip-10-184-1-11:56:56 [0] NCCL INFO               + NET[1.2] - NET/0-0 (0/0/0/1.250000)
ip-10-184-1-11:56:56 [0] NCCL INFO ==========================================
ip-10-184-1-11:56:56 [0] NCCL INFO GPU/0-1e0 :GPU/0-1e0 (0/5000.0/LOC) CPU/0-ffffffffffffff (1/24.0/PHB) NET/0-0 (3/1.2/PHB) 
ip-10-184-1-11:56:56 [0] NCCL INFO NET/0-0 :GPU/0-1e0 (3/1.2/PHB) CPU/0-ffffffffffffff (2/1.2/PHB) NET/0-0 (0/5000.0/LOC) 
ip-10-184-1-11:56:56 [0] NCCL INFO ncclTopoGetCpuAffinity: Affinity for GPU 0 is empty, ignoring. (GPU affinity =  ; CPU affinity = 0-3).
ip-10-184-1-11:56:56 [0] NCCL INFO Pattern 4, crossNic 0, nChannels 1, bw 1.200000/1.200000, type LOC/PHB, sameChannels 1
ip-10-184-1-11:56:56 [0] NCCL INFO  0 : NET/0-0 GPU/0-1e0 NET/0-0
ip-10-184-1-11:56:56 [0] NCCL INFO Pattern 3, crossNic 0, nChannels 1, bw 2.400000/1.200000, type LOC/PHB, sameChannels 1
ip-10-184-1-11:56:56 [0] NCCL INFO  0 : NET/0-0 GPU/0-1e0 NET/0-0
ip-10-184-1-11:56:56 [0] NCCL INFO Could not get speed from /sys/class/net/ens5/speed. Defaulting to 10 Gbps.
ip-10-184-1-11:56:56 [0] NCCL INFO comm 0x5600d0a1d5d0 rank 1 nRanks 2 nNodes 2 localRanks 1 localRank 0 MNNVL 0
ip-10-184-1-11:56:56 [0] NCCL INFO Tree 0 : 0 -> 1 -> -1/-1/-1
ip-10-184-1-11:56:56 [0] NCCL INFO Tree 1 : -1 -> 1 -> 0/-1/-1
ip-10-184-1-11:56:56 [0] NCCL INFO Ring 00 : 0 -> 1 -> 0
ip-10-184-1-11:56:56 [0] NCCL INFO Ring 01 : 0 -> 1 -> 0
ip-10-184-1-11:56:56 [0] NCCL INFO Trees [0] -1/-1/-1->1->0 [1] 0/-1/-1->1->-1
ip-10-184-1-11:56:56 [0] NCCL INFO P2P Chunksize set to 131072
ip-10-184-1-11:56:56 [0] NCCL INFO Check P2P Type isAllDirectP2p 1 directMode 0 isAllCudaP2p 1
ip-10-184-1-11:56:200 [0] NCCL INFO [Proxy Service] Device 0 CPU core 3
ip-10-184-1-11:56:56 [0] NCCL INFO ncclP2pSchedule: group size used is 1
ip-10-184-1-11:56:201 [0] NCCL INFO [Proxy Service UDS] Device 0 CPU core 1
ip-10-184-1-11:56:56 [0] NCCL INFO threadThresholds 8/8/64 | 16/8/64 | 512 | 512
ip-10-184-1-11:56:56 [0] NCCL INFO 2 coll channels, 2 collnet channels, 0 nvls channels, 2 p2p channels, 1 p2p channels per peer
ip-10-184-1-11:56:56 [0] NCCL INFO Symmetric VA size=24GB
ip-10-184-1-11:56:56 [0] NCCL INFO Symmetric memory is not supported. cuMemEnable 1, globalGinSupport 0, globalNicFused 0 cuMemGdrSupport 1
ip-10-184-1-11:56:56 [0] NCCL INFO ncclCommInitRankConfig comm 0x5600d0a1d5d0 rank 1 nranks 2 cudaDev 0 nvmlDev 0 busId 1e0 commId 0xeae95e11ddb3c24b - Init COMPLETE
ip-10-184-1-11:56:56 [0] NCCL INFO Init timings - ncclCommInitRankConfig: rank 1 nranks 2 total 1.34 (kernels 0.00, alloc 0.00, bootstrap 0.94, allgathers 0.40, topo 0.00, graphs 0.00, connections 0.00, rest 0.00)
ip-10-184-1-11:56:200 [0] NCCL INFO New proxy recv connection 0 from local rank 0, transport 2
ip-10-184-1-11:56:202 [0] NCCL INFO [Proxy Progress] Device 0 CPU core 1
ip-10-184-1-11:56:56 [0] NCCL INFO Connected to proxy localRank 0 -> connection 0x7959f8009560
ip-10-184-1-11:56:200 [0] NCCL INFO Could not get speed from /sys/class/net/ens5/speed. Defaulting to 10 Gbps.
ip-10-184-1-11:56:200 [0] NCCL INFO NET/Socket: Using 2 threads and 8 sockets per thread
ip-10-184-1-11:56:56 [0] NCCL INFO Channel 01/1 : 0[0] -> 1[0] [receive] via NET/Socket/0/Shared
ip-10-184-1-11:56:200 [0] NCCL INFO New proxy send connection 1 from local rank 0, transport 2
ip-10-184-1-11:56:56 [0] NCCL INFO Connected to proxy localRank 0 -> connection 0x7959f80095e8
ip-10-184-1-11:56:200 [0] NCCL INFO Could not get speed from /sys/class/net/ens5/speed. Defaulting to 10 Gbps.
ip-10-184-1-11:56:56 [0] NCCL INFO Channel 01/1 : 1[0] -> 0[0] [send] via NET/Socket/0/Shared
{"event": "outer_step_completed", "rank": 9, "completed_outer_steps": 25, "timestamp": "2026-09-14T14:52:39.654498+00:00"}
ip-10-184-1-11:56:56 [0] NCCL INFO Initialized NET plugin Socket
ip-10-184-1-11:56:56 [0] NCCL INFO Could not get speed from /sys/class/net/ens5/speed. Defaulting to 10 Gbps.
ip-10-184-1-11:56:56 [0] NCCL INFO Assigned NET plugin Socket to comm
ip-10-184-1-11:56:56 [0] NCCL INFO Failed to initialize any GIN plugin
ip-10-184-1-11:56:56 [0] NCCL INFO Using network Socket
ip-10-184-1-11:56:56 [0] NCCL INFO [Rank 1] ncclCommInitRankConfig comm 0x5600c8fa9c60 rank 1 nranks 2 cudaDev 0 nvmlDev 0 busId 1e0 commId 0xb7b99cf5c8244d7f - Init START
ip-10-184-1-11:56:56 [0] NCCL INFO Topology detection : could not read /sys/devices/pci0000:00/0000:00:1e.0/../max_link_speed, ignoring
ip-10-184-1-11:56:56 [0] NCCL INFO Topology detection : could not read /sys/devices/pci0000:00/0000:00:1e.0/../max_link_width, ignoring
ip-10-184-1-11:56:56 [0] NCCL INFO Topology detection : could not read /sys/devices/system/node/node-1/cpumap, ignoring
ip-10-184-1-11:56:56 [0] NCCL INFO TOPO/NET : Importing network plugins to topology
ip-10-184-1-11:56:56 [0] NCCL INFO Could not get speed from /sys/class/net/ens5/speed. Defaulting to 10 Gbps.
ip-10-184-1-11:56:56 [0] NCCL INFO Topology detection : could not read /sys/devices/pci0000:00/0000:00:05.0/../max_link_speed, ignoring
ip-10-184-1-11:56:56 [0] NCCL INFO Topology detection : could not read /sys/devices/pci0000:00/0000:00:05.0/../max_link_width, ignoring
ip-10-184-1-11:56:56 [0] NCCL INFO Topology detection : could not read /sys/devices/system/node/node-1/cpumap, ignoring
ip-10-184-1-11:56:56 [0] NCCL INFO NET/Socket : GPU Direct RDMA Disabled for HCA 0 'ens5'
ip-10-184-1-11:56:56 [0] NCCL INFO ncclTopoPopulateNics : Filled ens5 in topo with pciPath=/sys/devices/pci0000:00/0000:00:05.0 net=1 gin=(null) keep=1 coll=(null)
ip-10-184-1-11:56:56 [0] NCCL INFO KV Convert to int : could not find value of 'Unknown' in dictionary, falling back to 60
ip-10-184-1-11:56:56 [0] NCCL INFO === System : maxBw 1.2 totalBw 24.0 ===
ip-10-184-1-11:56:56 [0] NCCL INFO CPU/0-ffffffffffffff (1/2/-1)
ip-10-184-1-11:56:56 [0] NCCL INFO + PCI[24.0] - GPU/0-1e0 (1)
ip-10-184-1-11:56:56 [0] NCCL INFO + PCI[12.0] - NIC/0-50
ip-10-184-1-11:56:56 [0] NCCL INFO               + NET[1.2] - NET/0-0 (0/0/0/1.250000)
ip-10-184-1-11:56:56 [0] NCCL INFO ==========================================
ip-10-184-1-11:56:56 [0] NCCL INFO GPU/0-1e0 :GPU/0-1e0 (0/5000.0/LOC) CPU/0-ffffffffffffff (1/24.0/PHB) NET/0-0 (3/1.2/PHB) 
ip-10-184-1-11:56:56 [0] NCCL INFO NET/0-0 :GPU/0-1e0 (3/1.2/PHB) CPU/0-ffffffffffffff (2/1.2/PHB) NET/0-0 (0/5000.0/LOC) 
ip-10-184-1-11:56:56 [0] NCCL INFO ncclTopoGetCpuAffinity: Affinity for GPU 0 is empty, ignoring. (GPU affinity =  ; CPU affinity = 0-3).
ip-10-184-1-11:56:56 [0] NCCL INFO Pattern 4, crossNic 0, nChannels 1, bw 1.200000/1.200000, type LOC/PHB, sameChannels 1
ip-10-184-1-11:56:56 [0] NCCL INFO  0 : NET/0-0 GPU/0-1e0 NET/0-0
ip-10-184-1-11:56:56 [0] NCCL INFO Pattern 3, crossNic 0, nChannels 1, bw 2.400000/1.200000, type LOC/PHB, sameChannels 1
ip-10-184-1-11:56:56 [0] NCCL INFO  0 : NET/0-0 GPU/0-1e0 NET/0-0
ip-10-184-1-11:56:56 [0] NCCL INFO Could not get speed from /sys/class/net/ens5/speed. Defaulting to 10 Gbps.
ip-10-184-1-11:56:56 [0] NCCL INFO comm 0x5600c8fa9c60 rank 1 nRanks 2 nNodes 2 localRanks 1 localRank 0 MNNVL 0
ip-10-184-1-11:56:56 [0] NCCL INFO Tree 0 : 0 -> 1 -> -1/-1/-1
ip-10-184-1-11:56:56 [0] NCCL INFO Tree 1 : -1 -> 1 -> 0/-1/-1
ip-10-184-1-11:56:56 [0] NCCL INFO Ring 00 : 0 -> 1 -> 0
ip-10-184-1-11:56:56 [0] NCCL INFO Ring 01 : 0 -> 1 -> 0
ip-10-184-1-11:56:56 [0] NCCL INFO Trees [0] -1/-1/-1->1->0 [1] 0/-1/-1->1->-1
ip-10-184-1-11:56:56 [0] NCCL INFO P2P Chunksize set to 131072
ip-10-184-1-11:56:56 [0] NCCL INFO Check P2P Type isAllDirectP2p 1 directMode 0 isAllCudaP2p 1
ip-10-184-1-11:56:207 [0] NCCL INFO [Proxy Service] Device 0 CPU core 0
ip-10-184-1-11:56:56 [0] NCCL INFO ncclP2pSchedule: group size used is 1
ip-10-184-1-11:56:208 [0] NCCL INFO [Proxy Service UDS] Device 0 CPU core 1
ip-10-184-1-11:56:56 [0] NCCL INFO threadThresholds 8/8/64 | 16/8/64 | 512 | 512
ip-10-184-1-11:56:56 [0] NCCL INFO 2 coll channels, 2 collnet channels, 0 nvls channels, 2 p2p channels, 1 p2p channels per peer
ip-10-184-1-11:56:56 [0] NCCL INFO Symmetric VA size=24GB
ip-10-184-1-11:56:56 [0] NCCL INFO Symmetric memory is not supported. cuMemEnable 1, globalGinSupport 0, globalNicFused 0 cuMemGdrSupport 1
ip-10-184-1-11:56:56 [0] NCCL INFO ncclCommInitRankConfig comm 0x5600c8fa9c60 rank 1 nranks 2 cudaDev 0 nvmlDev 0 busId 1e0 commId 0xb7b99cf5c8244d7f - Init COMPLETE
ip-10-184-1-11:56:56 [0] NCCL INFO Init timings - ncclCommInitRankConfig: rank 1 nranks 2 total 1.33 (kernels 0.00, alloc 0.00, bootstrap 0.96, allgathers 0.37, topo 0.00, graphs 0.00, connections 0.00, rest 0.00)
ip-10-184-1-11:56:207 [0] NCCL INFO New proxy recv connection 0 from local rank 0, transport 2
ip-10-184-1-11:56:209 [0] NCCL INFO [Proxy Progress] Device 0 CPU core 1
ip-10-184-1-11:56:56 [0] NCCL INFO Connected to proxy localRank 0 -> connection 0x795a1c032610
ip-10-184-1-11:56:207 [0] NCCL INFO Could not get speed from /sys/class/net/ens5/speed. Defaulting to 10 Gbps.
ip-10-184-1-11:56:207 [0] NCCL INFO NET/Socket: Using 2 threads and 8 sockets per thread
ip-10-184-1-11:56:56 [0] NCCL INFO Channel 01/1 : 0[0] -> 1[0] [receive] via NET/Socket/0/Shared
ip-10-184-1-11:56:207 [0] NCCL INFO New proxy send connection 1 from local rank 0, transport 2
ip-10-184-1-11:56:56 [0] NCCL INFO Connected to proxy localRank 0 -> connection 0x795a1c032698
ip-10-184-1-11:56:207 [0] NCCL INFO Could not get speed from /sys/class/net/ens5/speed. Defaulting to 10 Gbps.
ip-10-184-1-11:56:56 [0] NCCL INFO Channel 01/1 : 1[0] -> 0[0] [send] via NET/Socket/0/Shared
{"event": "outer_step_completed", "rank": 9, "completed_outer_steps": 50, "timestamp": "2026-09-14T14:59:24.793680+00:00"}
{"event": "outer_step_completed", "rank": 9, "completed_outer_steps": 75, "timestamp": "2026-09-14T15:03:16.358973+00:00"}
{"event": "outer_step_completed", "rank": 9, "completed_outer_steps": 100, "timestamp": "2026-09-14T15:06:34.403668+00:00"}
{"event": "outer_step_completed", "rank": 9, "completed_outer_steps": 125, "timestamp": "2026-09-14T15:09:33.648790+00:00"}
{"event": "outer_step_completed", "rank": 9, "completed_outer_steps": 150, "timestamp": "2026-09-14T15:12:32.015035+00:00"}
{"event": "outer_step_completed", "rank": 9, "completed_outer_steps": 175, "timestamp": "2026-09-14T15:15:31.105094+00:00"}
{"event": "outer_step_completed", "rank": 9, "completed_outer_steps": 200, "timestamp": "2026-09-14T15:18:38.952431+00:00"}
{"event": "outer_step_completed", "rank": 9, "completed_outer_steps": 225, "timestamp": "2026-09-14T15:21:51.595965+00:00"}
{"event": "outer_step_completed", "rank": 9, "completed_outer_steps": 250, "timestamp": "2026-09-14T15:24:51.025884+00:00"}
{"event": "outer_step_completed", "rank": 9, "completed_outer_steps": 275, "timestamp": "2026-09-14T15:27:47.076194+00:00"}
{"event": "outer_step_completed", "rank": 9, "completed_outer_steps": 300, "timestamp": "2026-09-14T15:30:36.587913+00:00"}
{"event": "outer_step_completed", "rank": 9, "completed_outer_steps": 325, "timestamp": "2026-09-14T15:33:32.145037+00:00"}
{"event": "outer_step_completed", "rank": 9, "completed_outer_steps": 350, "timestamp": "2026-09-14T15:36:35.706840+00:00"}
{"event": "outer_step_completed", "rank": 9, "completed_outer_steps": 375, "timestamp": "2026-09-14T15:39:37.871256+00:00"}
{"event": "outer_step_completed", "rank": 9, "completed_outer_steps": 400, "timestamp": "2026-09-14T15:42:39.612101+00:00"}
{"event": "outer_step_completed", "rank": 9, "completed_outer_steps": 425, "timestamp": "2026-09-14T15:45:43.489464+00:00"}
{"event": "outer_step_completed", "rank": 9, "completed_outer_steps": 450, "timestamp": "2026-09-14T15:48:29.418329+00:00"}
{"event": "outer_step_completed", "rank": 9, "completed_outer_steps": 475, "timestamp": "2026-09-14T15:51:26.242581+00:00"}
{"event": "outer_step_completed", "rank": 9, "completed_outer_steps": 500, "timestamp": "2026-09-14T15:54:20.420147+00:00"}
ip-10-184-1-11:56:56 [0] NCCL INFO comm 0x5600c8fa9c60 rank 1 nranks 2 cudaDev 0 busId 1e0 - Destroy COMPLETE
ip-10-184-1-11:56:56 [0] NCCL INFO comm 0x5600d0a1d5d0 rank 1 nranks 2 cudaDev 0 busId 1e0 - Destroy COMPLETE
ip-10-184-1-11:56:56 [0] NCCL INFO comm 0x5600d08f87e0 rank 0 nranks 2 cudaDev 0 busId 1e0 - Destroy COMPLETE
ip-10-184-1-11:56:56 [0] NCCL INFO comm 0x5600bfe91b50 rank 1 nranks 2 cudaDev 0 busId 1e0 - Destroy COMPLETE
ip-10-184-1-11:56:56 [0] NCCL INFO comm 0x5600c4009e20 rank 9 nranks 16 cudaDev 0 busId 1e0 - Destroy COMPLETE
ip-10-184-1-11:56:56 [0] NCCL INFO comm 0x5600c431d810 rank 0 nranks 2 cudaDev 0 busId 1e0 - Destroy COMPLETE
ip-10-184-1-11:56:56 [0] NCCL INFO comm 0x5600c476ddb0 rank 1 nranks 2 cudaDev 0 busId 1e0 - Destroy COMPLETE
ip-10-184-1-11:56:56 [0] NCCL INFO comm 0x5600c4a5fd00 rank 0 nranks 2 cudaDev 0 busId 1e0 - Destroy COMPLETE
ip-10-184-1-11:56:56 [0] NCCL INFO comm 0x5600c45f2b50 rank 1 nranks 2 cudaDev 0 busId 1e0 - Destroy COMPLETE
ip-10-184-1-11:56:56 [0] NCCL INFO comm 0x5600d072cca0 rank 1 nranks 2 cudaDev 0 busId 1e0 - Destroy COMPLETE
ip-10-184-1-11:56:56 [0] NCCL INFO comm 0x5600ce23bc80 rank 1 nranks 2 cudaDev 0 busId 1e0 - Destroy COMPLETE
ip-10-184-1-11:56:56 [0] NCCL INFO comm 0x5600d03d7e00 rank 0 nranks 2 cudaDev 0 busId 1e0 - Destroy COMPLETE
ip-10-184-1-11:56:56 [0] NCCL INFO comm 0x5600c4b84af0 rank 0 nranks 2 cudaDev 0 busId 1e0 - Destroy COMPLETE
ip-10-184-1-11:56:56 [0] NCCL INFO comm 0x5600d0c4cda0 rank 1 nranks 2 cudaDev 0 busId 1e0 - Destroy COMPLETE
ip-10-184-1-11:56:56 [0] NCCL INFO comm 0x5600ce40f3b0 rank 0 nranks 2 cudaDev 0 busId 1e0 - Destroy COMPLETE
ip-10-184-1-11:56:56 [0] NCCL INFO comm 0x5600d04fcbf0 rank 1 nranks 2 cudaDev 0 busId 1e0 - Destroy COMPLETE
ip-10-184-1-11:56:56 [0] NCCL INFO ENV/Plugin: Closing env plugin ncclEnvDefault
[W914 15:54:27.939879724 TCPStore.cpp:138] [c10d] recvValueWithTimeout failed on SocketImpl(fd=24, addr=[ip-10-184-1-11.ap-south-1.compute.internal]:49784, remote=[ip-10-180-1-50.ap-south-1.compute.internal]:29500): Failed to recv, got 0 bytes. Connection was likely closed. Did the remote server shutdown or crash?
Exception raised from recvBytes at /pytorch/torch/csrc/distributed/c10d/Utils.hpp:682 (most recent call first):
frame #0: c10::Error::Error(c10::SourceLocation, std::__cxx11::basic_string<char, std::char_traits<char>, std::allocator<char> >) + 0x9d (0x7f8e9216afad in /workspace/dromeus/.venv/lib/python3.12/site-packages/torch/lib/libc10.so)
frame #1: <unknown function> + 0x68f53cd (0x7f8dfbdf13cd in /workspace/dromeus/.venv/lib/python3.12/site-packages/torch/lib/libtorch_cpu.so)
frame #2: <unknown function> + 0x68f63db (0x7f8dfbdf23db in /workspace/dromeus/.venv/lib/python3.12/site-packages/torch/lib/libtorch_cpu.so)
frame #3: c10d::TCPStore::doWait(c10::ArrayRef<std::__cxx11::basic_string<char, std::char_traits<char>, std::allocator<char> > >, std::chrono::duration<long, std::ratio<1l, 1000l> >) + 0xc5 (0x7f8dfbdeb745 in /workspace/dromeus/.venv/lib/python3.12/site-packages/torch/lib/libtorch_cpu.so)
frame #4: c10d::TCPStore::wait(std::vector<std::__cxx11::basic_string<char, std::char_traits<char>, std::allocator<char> >, std::allocator<std::__cxx11::basic_string<char, std::char_traits<char>, std::allocator<char> > > > const&, std::chrono::duration<long, std::ratio<1l, 1000l> > const&) + 0x7dc (0x7f8dfbdebfcc in /workspace/dromeus/.venv/lib/python3.12/site-packages/torch/lib/libtorch_cpu.so)
frame #5: c10d::PrefixStore::wait(std::vector<std::__cxx11::basic_string<char, std::char_traits<char>, std::allocator<char> >, std::allocator<std::__cxx11::basic_string<char, std::char_traits<char>, std::allocator<char> > > > const&) + 0x27 (0x7f8dfbd77b97 in /workspace/dromeus/.venv/lib/python3.12/site-packages/torch/lib/libtorch_cpu.so)
frame #6: <unknown function> + 0xec34b7 (0x7f8e0b7744b7 in /workspace/dromeus/.venv/lib/python3.12/site-packages/torch/lib/libtorch_python.so)
frame #7: <unknown function> + 0x408124 (0x7f8e0acb9124 in /workspace/dromeus/.venv/lib/python3.12/site-packages/torch/lib/libtorch_python.so)
<omitting python frames>
frame #24: <unknown function> + 0x2724a (0x7f8e932dc24a in /lib/x86_64-linux-gnu/libc.so.6)
frame #25: __libc_start_main + 0x85 (0x7f8e932dc305 in /lib/x86_64-linux-gnu/libc.so.6)
frame #26: _start + 0x21 (0x5ee8df0d4071 in /workspace/dromeus/.venv/bin/python)

E0914 15:54:27.802000 1 .venv/lib/python3.12/site-packages/torch/distributed/elastic/agent/server/api.py:1008] Error waiting on exit barrier. Elapsed: 0.4147779941558838 seconds
E0914 15:54:27.802000 1 .venv/lib/python3.12/site-packages/torch/distributed/elastic/agent/server/api.py:1008] Traceback (most recent call last):
E0914 15:54:27.802000 1 .venv/lib/python3.12/site-packages/torch/distributed/elastic/agent/server/api.py:1008]   File "/workspace/dromeus/.venv/lib/python3.12/site-packages/torch/distributed/elastic/agent/server/api.py", line 994, in _exit_barrier
E0914 15:54:27.802000 1 .venv/lib/python3.12/site-packages/torch/distributed/elastic/agent/server/api.py:1008]     store_util.barrier(
E0914 15:54:27.802000 1 .venv/lib/python3.12/site-packages/torch/distributed/elastic/agent/server/api.py:1008]   File "/workspace/dromeus/.venv/lib/python3.12/site-packages/torch/distributed/elastic/utils/store.py", line 201, in barrier
E0914 15:54:27.802000 1 .venv/lib/python3.12/site-packages/torch/distributed/elastic/agent/server/api.py:1008]     store.wait([last_member_key])
E0914 15:54:27.802000 1 .venv/lib/python3.12/site-packages/torch/distributed/elastic/agent/server/api.py:1008] torch.distributed.DistNetworkError: Failed to recv, got 0 bytes. Connection was likely closed. Did the remote server shutdown or crash?
