Warning: You are sending unauthenticated requests to the HF Hub. Please set a HF_TOKEN to enable higher rate limits and faster downloads.
Generating train split:   0%|          | 0/50000 [00:00<?, ? examples/s]Generating train split:  29%|██▉       | 14600/50000 [00:00<00:00, 113515.70 examples/s]Generating train split:  87%|████████▋ | 43600/50000 [00:00<00:00, 195151.97 examples/s]Generating train split: 100%|██████████| 50000/50000 [00:00<00:00, 185023.78 examples/s]
Generating test split:   0%|          | 0/10000 [00:00<?, ? examples/s]Generating test split: 100%|██████████| 10000/10000 [00:00<00:00, 241036.72 examples/s]
[W914 14:40:24.834510931 Utils.hpp:166] Warning: Environment variable NCCL_BLOCKING_WAIT is deprecated; use TORCH_NCCL_BLOCKING_WAIT instead (function operator())
[W914 14:40:24.834550262 Utils.hpp:137] Warning: Environment variable NCCL_ASYNC_ERROR_HANDLING is deprecated; use TORCH_NCCL_ASYNC_ERROR_HANDLING instead (function operator())
[rank13]:[W914 14:40:29.376662980 ProcessGroupNCCL.cpp:4215] Warning: An unbatched P2P op (send/recv) was called on this ProcessGroup with size 16.  In lazy initialization mode, this will result in a new 2-rank NCCL communicator to be created. (function operator())
ip-10-186-1-195:56:56 [0] NCCL INFO ENV/Plugin: Could not find: libnccl-env.so
ip-10-186-1-195:56:56 [0] NCCL INFO NCCL_SOCKET_IFNAME set to ens5
ip-10-186-1-195:56:56 [0] NCCL INFO cudaDriverVersion 13020
ip-10-186-1-195:56:56 [0] NCCL INFO NCCL version 2.29.7+cuda13.2
ip-10-186-1-195:56:56 [0] NCCL INFO NCCL git version stable b81d6a5a3
ip-10-186-1-195:56:56 [0] NCCL INFO NET/Plugin: Could not find: libnccl-net.so
ip-10-186-1-195:56:56 [0] NCCL INFO transport/net_ib/init.cc:396 -> 3
ip-10-186-1-195:56:56 [0] NCCL INFO Failed to initialize NET plugin IB
ip-10-186-1-195:56:56 [0] NCCL INFO NET/Socket : Using [0]ens5:10.186.1.195<0>
ip-10-186-1-195:56:56 [0] NCCL INFO Initialized NET plugin Socket
ip-10-186-1-195:56:56 [0] NCCL INFO Could not get speed from /sys/class/net/ens5/speed. Defaulting to 10 Gbps.
ip-10-186-1-195:56:56 [0] NCCL INFO Assigned NET plugin Socket to comm
ip-10-186-1-195:56:56 [0] NCCL INFO GIN/Plugin: Could not find: libnccl-gin.so

[2026-09-14 14:40:29] ip-10-186-1-195:56:56 [0] misc/ibvwrap.cc:173 NCCL WARN lib wrapper not initialized.
ip-10-186-1-195:56:56 [0] NCCL INFO transport/net_ib/gdr.cc:56 -> 3
ip-10-186-1-195:56:56 [0] NCCL INFO Unable to use GIN: Peermem is not supported, nor DMA-BUF.
ip-10-186-1-195:56:56 [0] NCCL INFO Unable to use GIN: Peermem is not supported, nor DMA-BUF.
ip-10-186-1-195:56:56 [0] NCCL INFO Failed to initialize any GIN plugin
ip-10-186-1-195:56:56 [0] NCCL INFO Using network Socket
ip-10-186-1-195:56:56 [0] NCCL INFO [Rank 0] ncclCommInitRankConfig comm 0x5f53ef622fd0 rank 0 nranks 2 cudaDev 0 nvmlDev 0 busId 1e0 commId 0x84aa19305aa992ba - Init START
ip-10-186-1-195:56:56 [0] NCCL INFO RAS client listening socket at 127.0.0.1<28028>
ip-10-186-1-195:56:56 [0] NCCL INFO Topology detection : could not read /sys/devices/pci0000:00/0000:00:1e.0/../max_link_speed, ignoring
ip-10-186-1-195:56:56 [0] NCCL INFO Topology detection : could not read /sys/devices/pci0000:00/0000:00:1e.0/../max_link_width, ignoring
ip-10-186-1-195:56:56 [0] NCCL INFO Topology detection : could not read /sys/devices/system/node/node-1/cpumap, ignoring
ip-10-186-1-195:56:56 [0] NCCL INFO TOPO/NET : Importing network plugins to topology
ip-10-186-1-195:56:56 [0] NCCL INFO Could not get speed from /sys/class/net/ens5/speed. Defaulting to 10 Gbps.
ip-10-186-1-195:56:56 [0] NCCL INFO Topology detection : could not read /sys/devices/pci0000:00/0000:00:05.0/../max_link_speed, ignoring
ip-10-186-1-195:56:56 [0] NCCL INFO Topology detection : could not read /sys/devices/pci0000:00/0000:00:05.0/../max_link_width, ignoring
ip-10-186-1-195:56:56 [0] NCCL INFO Topology detection : could not read /sys/devices/system/node/node-1/cpumap, ignoring
ip-10-186-1-195:56:56 [0] NCCL INFO NET/Socket : GPU Direct RDMA Disabled for HCA 0 'ens5'
ip-10-186-1-195:56:56 [0] NCCL INFO ncclTopoPopulateNics : Filled ens5 in topo with pciPath=/sys/devices/pci0000:00/0000:00:05.0 net=1 gin=(null) keep=1 coll=(null)
ip-10-186-1-195:56:56 [0] NCCL INFO KV Convert to int : could not find value of 'Unknown' in dictionary, falling back to 60
ip-10-186-1-195:56:56 [0] NCCL INFO === System : maxBw 1.2 totalBw 24.0 ===
ip-10-186-1-195:56:56 [0] NCCL INFO CPU/0-ffffffffffffff (1/2/-1)
ip-10-186-1-195:56:56 [0] NCCL INFO + PCI[24.0] - GPU/0-1e0 (0)
ip-10-186-1-195:56:56 [0] NCCL INFO + PCI[12.0] - NIC/0-50
ip-10-186-1-195:56:56 [0] NCCL INFO               + NET[1.2] - NET/0-0 (0/0/0/1.250000)
ip-10-186-1-195:56:56 [0] NCCL INFO ==========================================
ip-10-186-1-195:56:56 [0] NCCL INFO GPU/0-1e0 :GPU/0-1e0 (0/5000.0/LOC) CPU/0-ffffffffffffff (1/24.0/PHB) NET/0-0 (3/1.2/PHB) 
ip-10-186-1-195:56:56 [0] NCCL INFO NET/0-0 :GPU/0-1e0 (3/1.2/PHB) CPU/0-ffffffffffffff (2/1.2/PHB) NET/0-0 (0/5000.0/LOC) 
ip-10-186-1-195:56:56 [0] NCCL INFO ncclTopoGetCpuAffinity: Affinity for GPU 0 is empty, ignoring. (GPU affinity =  ; CPU affinity = 0-3).
ip-10-186-1-195:56:56 [0] NCCL INFO Pattern 4, crossNic 0, nChannels 1, bw 1.200000/1.200000, type LOC/PHB, sameChannels 1
ip-10-186-1-195:56:56 [0] NCCL INFO  0 : NET/0-0 GPU/0-1e0 NET/0-0
ip-10-186-1-195:56:56 [0] NCCL INFO Pattern 3, crossNic 0, nChannels 1, bw 2.400000/1.200000, type LOC/PHB, sameChannels 1
ip-10-186-1-195:56:56 [0] NCCL INFO  0 : NET/0-0 GPU/0-1e0 NET/0-0
ip-10-186-1-195:56:56 [0] NCCL INFO Could not get speed from /sys/class/net/ens5/speed. Defaulting to 10 Gbps.
ip-10-186-1-195:56:56 [0] NCCL INFO comm 0x5f53ef622fd0 rank 0 nRanks 2 nNodes 2 localRanks 1 localRank 0 MNNVL 0
ip-10-186-1-195:56:56 [0] NCCL INFO Tree 0 : -1 -> 0 -> 1/-1/-1
ip-10-186-1-195:56:56 [0] NCCL INFO Tree 1 : 1 -> 0 -> -1/-1/-1
ip-10-186-1-195:56:56 [0] NCCL INFO Channel 00/02 : 0 1
ip-10-186-1-195:56:56 [0] NCCL INFO Channel 01/02 : 0 1
ip-10-186-1-195:56:56 [0] NCCL INFO Ring 00 : 1 -> 0 -> 1
ip-10-186-1-195:56:56 [0] NCCL INFO Ring 01 : 1 -> 0 -> 1
ip-10-186-1-195:56:56 [0] NCCL INFO Trees [0] 1/-1/-1->0->-1 [1] -1/-1/-1->0->1
ip-10-186-1-195:56:56 [0] NCCL INFO P2P Chunksize set to 131072
ip-10-186-1-195:56:56 [0] NCCL INFO PROFILER/Plugin: Could not find: libnccl-profiler.so
ip-10-186-1-195:56:56 [0] NCCL INFO Check P2P Type isAllDirectP2p 1 directMode 0 isAllCudaP2p 1
ip-10-186-1-195:56:56 [0] NCCL INFO ncclP2pSchedule: group size used is 1
ip-10-186-1-195:56:102 [0] NCCL INFO [Proxy Service UDS] Device 0 CPU core 1
ip-10-186-1-195:56:101 [0] NCCL INFO [Proxy Service] Device 0 CPU core 1
ip-10-186-1-195:56:56 [0] NCCL INFO TUNER/Plugin: Could not find: libnccl-tuner.so
ip-10-186-1-195:56:56 [0] NCCL INFO threadThresholds 8/8/64 | 16/8/64 | 512 | 512
ip-10-186-1-195:56:56 [0] NCCL INFO 2 coll channels, 2 collnet channels, 0 nvls channels, 2 p2p channels, 1 p2p channels per peer
ip-10-186-1-195:56:56 [0] NCCL INFO Symmetric VA size=24GB
ip-10-186-1-195:56:56 [0] NCCL INFO Symmetric memory is not supported. cuMemEnable 1, globalGinSupport 0, globalNicFused 0 cuMemGdrSupport 1
ip-10-186-1-195:56:56 [0] NCCL INFO CC Off, workFifoBytes 1048576
ip-10-186-1-195:56:56 [0] NCCL INFO ncclCommInitRankConfig comm 0x5f53ef622fd0 rank 0 nranks 2 cudaDev 0 nvmlDev 0 busId 1e0 commId 0x84aa19305aa992ba - Init COMPLETE
ip-10-186-1-195:56:56 [0] NCCL INFO Init timings - ncclCommInitRankConfig: rank 0 nranks 2 total 6.36 (kernels 0.17, alloc 0.02, bootstrap 5.72, allgathers 0.44, topo 0.00, graphs 0.00, connections 0.00, rest 0.00)
ip-10-186-1-195:56:101 [0] NCCL INFO New proxy send connection 0 from local rank 0, transport 2
ip-10-186-1-195:56:103 [0] NCCL INFO [Proxy Progress] Device 0 CPU core 2
ip-10-186-1-195:56:56 [0] NCCL INFO Connected to proxy localRank 0 -> connection 0x7cbe1c004fa0
ip-10-186-1-195:56:101 [0] NCCL INFO Could not get speed from /sys/class/net/ens5/speed. Defaulting to 10 Gbps.
ip-10-186-1-195:56:56 [0] NCCL INFO Channel 01/1 : 0[0] -> 1[0] [send] via NET/Socket/0/Shared
[rank13]:[W914 14:40:48.768411759 ProcessGroupNCCL.cpp:4215] Warning: An unbatched P2P op (send/recv) was called on this ProcessGroup with size 16.  In lazy initialization mode, this will result in a new 2-rank NCCL communicator to be created. (function operator())
ip-10-186-1-195:56:101 [0] NCCL INFO New proxy recv connection 1 from local rank 0, transport 2
ip-10-186-1-195:56:56 [0] NCCL INFO Connected to proxy localRank 0 -> connection 0x7cbe1c005028
ip-10-186-1-195:56:101 [0] NCCL INFO Could not get speed from /sys/class/net/ens5/speed. Defaulting to 10 Gbps.
ip-10-186-1-195:56:101 [0] NCCL INFO NET/Socket: Using 2 threads and 8 sockets per thread
ip-10-186-1-195:56:56 [0] NCCL INFO Channel 01/1 : 1[0] -> 0[0] [receive] via NET/Socket/0/Shared
{"event": "outer_step_completed", "rank": 13, "completed_outer_steps": 1, "timestamp": "2026-09-14T14:41:02.532458+00:00"}
ip-10-186-1-195:56:56 [0] NCCL INFO Initialized NET plugin Socket
ip-10-186-1-195:56:56 [0] NCCL INFO Could not get speed from /sys/class/net/ens5/speed. Defaulting to 10 Gbps.
ip-10-186-1-195:56:56 [0] NCCL INFO Assigned NET plugin Socket to comm
ip-10-186-1-195:56:56 [0] NCCL INFO Failed to initialize any GIN plugin
ip-10-186-1-195:56:56 [0] NCCL INFO Using network Socket
ip-10-186-1-195:56:56 [0] NCCL INFO [Rank 13] ncclCommInitRankConfig comm 0x5f53f379a900 rank 13 nranks 16 cudaDev 0 nvmlDev 0 busId 1e0 commId 0xbcac494dc69e8913 - Init START
ip-10-186-1-195:56:56 [0] NCCL INFO Topology detection : could not read /sys/devices/pci0000:00/0000:00:1e.0/../max_link_speed, ignoring
ip-10-186-1-195:56:56 [0] NCCL INFO Topology detection : could not read /sys/devices/pci0000:00/0000:00:1e.0/../max_link_width, ignoring
ip-10-186-1-195:56:56 [0] NCCL INFO Topology detection : could not read /sys/devices/system/node/node-1/cpumap, ignoring
ip-10-186-1-195:56:56 [0] NCCL INFO TOPO/NET : Importing network plugins to topology
ip-10-186-1-195:56:56 [0] NCCL INFO Could not get speed from /sys/class/net/ens5/speed. Defaulting to 10 Gbps.
ip-10-186-1-195:56:56 [0] NCCL INFO Topology detection : could not read /sys/devices/pci0000:00/0000:00:05.0/../max_link_speed, ignoring
ip-10-186-1-195:56:56 [0] NCCL INFO Topology detection : could not read /sys/devices/pci0000:00/0000:00:05.0/../max_link_width, ignoring
ip-10-186-1-195:56:56 [0] NCCL INFO Topology detection : could not read /sys/devices/system/node/node-1/cpumap, ignoring
ip-10-186-1-195:56:56 [0] NCCL INFO NET/Socket : GPU Direct RDMA Disabled for HCA 0 'ens5'
ip-10-186-1-195:56:56 [0] NCCL INFO ncclTopoPopulateNics : Filled ens5 in topo with pciPath=/sys/devices/pci0000:00/0000:00:05.0 net=1 gin=(null) keep=1 coll=(null)
ip-10-186-1-195:56:56 [0] NCCL INFO KV Convert to int : could not find value of 'Unknown' in dictionary, falling back to 60
ip-10-186-1-195:56:56 [0] NCCL INFO === System : maxBw 1.2 totalBw 24.0 ===
ip-10-186-1-195:56:56 [0] NCCL INFO CPU/0-ffffffffffffff (1/2/-1)
ip-10-186-1-195:56:56 [0] NCCL INFO + PCI[24.0] - GPU/0-1e0 (13)
ip-10-186-1-195:56:56 [0] NCCL INFO + PCI[12.0] - NIC/0-50
ip-10-186-1-195:56:56 [0] NCCL INFO               + NET[1.2] - NET/0-0 (0/0/0/1.250000)
ip-10-186-1-195:56:56 [0] NCCL INFO ==========================================
ip-10-186-1-195:56:56 [0] NCCL INFO GPU/0-1e0 :GPU/0-1e0 (0/5000.0/LOC) CPU/0-ffffffffffffff (1/24.0/PHB) NET/0-0 (3/1.2/PHB) 
ip-10-186-1-195:56:56 [0] NCCL INFO NET/0-0 :GPU/0-1e0 (3/1.2/PHB) CPU/0-ffffffffffffff (2/1.2/PHB) NET/0-0 (0/5000.0/LOC) 
ip-10-186-1-195:56:56 [0] NCCL INFO ncclTopoGetCpuAffinity: Affinity for GPU 0 is empty, ignoring. (GPU affinity =  ; CPU affinity = 0-3).
ip-10-186-1-195:56:56 [0] NCCL INFO Pattern 4, crossNic 0, nChannels 1, bw 1.200000/1.200000, type LOC/PHB, sameChannels 1
ip-10-186-1-195:56:56 [0] NCCL INFO  0 : NET/0-0 GPU/0-1e0 NET/0-0
ip-10-186-1-195:56:56 [0] NCCL INFO Pattern 3, crossNic 0, nChannels 1, bw 2.400000/1.200000, type LOC/PHB, sameChannels 1
ip-10-186-1-195:56:56 [0] NCCL INFO  0 : NET/0-0 GPU/0-1e0 NET/0-0
ip-10-186-1-195:56:56 [0] NCCL INFO Could not get speed from /sys/class/net/ens5/speed. Defaulting to 10 Gbps.
ip-10-186-1-195:56:56 [0] NCCL INFO comm 0x5f53f379a900 rank 13 nRanks 16 nNodes 16 localRanks 1 localRank 0 MNNVL 0
ip-10-186-1-195:56:56 [0] NCCL INFO Tree 0 : 14 -> 13 -> -1/-1/-1
ip-10-186-1-195:56:56 [0] NCCL INFO Tree 1 : 11 -> 13 -> 14/12/-1
ip-10-186-1-195:56:56 [0] NCCL INFO Ring 00 : 12 -> 13 -> 14
ip-10-186-1-195:56:56 [0] NCCL INFO Ring 01 : 12 -> 13 -> 14
ip-10-186-1-195:56:56 [0] NCCL INFO Trees [0] -1/-1/-1->13->14 [1] 14/12/-1->13->11
ip-10-186-1-195:56:56 [0] NCCL INFO P2P Chunksize set to 131072
ip-10-186-1-195:56:56 [0] NCCL INFO Check P2P Type isAllDirectP2p 1 directMode 0 isAllCudaP2p 1
ip-10-186-1-195:56:56 [0] NCCL INFO ncclP2pSchedule: group size used is 1
ip-10-186-1-195:56:109 [0] NCCL INFO [Proxy Service UDS] Device 0 CPU core 3
ip-10-186-1-195:56:108 [0] NCCL INFO [Proxy Service] Device 0 CPU core 0
ip-10-186-1-195:56:56 [0] NCCL INFO threadThresholds 8/8/64 | 128/8/64 | 512 | 512
ip-10-186-1-195:56:56 [0] NCCL INFO 2 coll channels, 2 collnet channels, 0 nvls channels, 2 p2p channels, 1 p2p channels per peer
ip-10-186-1-195:56:56 [0] NCCL INFO Symmetric VA size=24GB
ip-10-186-1-195:56:56 [0] NCCL INFO Symmetric memory is not supported. cuMemEnable 1, globalGinSupport 0, globalNicFused 0 cuMemGdrSupport 1
ip-10-186-1-195:56:56 [0] NCCL INFO ncclCommInitRankConfig comm 0x5f53f379a900 rank 13 nranks 16 cudaDev 0 nvmlDev 0 busId 1e0 commId 0xbcac494dc69e8913 - Init COMPLETE
ip-10-186-1-195:56:56 [0] NCCL INFO Init timings - ncclCommInitRankConfig: rank 13 nranks 16 total 31.94 (kernels 0.00, alloc 0.00, bootstrap 28.84, allgathers 3.10, topo 0.00, graphs 0.00, connections 0.00, rest 0.00)
ip-10-186-1-195:56:108 [0] NCCL INFO New proxy recv connection 0 from local rank 0, transport 2
ip-10-186-1-195:56:110 [0] NCCL INFO [Proxy Progress] Device 0 CPU core 1
ip-10-186-1-195:56:56 [0] NCCL INFO Connected to proxy localRank 0 -> connection 0x7cbde8004f70
ip-10-186-1-195:56:108 [0] NCCL INFO Could not get speed from /sys/class/net/ens5/speed. Defaulting to 10 Gbps.
ip-10-186-1-195:56:108 [0] NCCL INFO NET/Socket: Using 2 threads and 8 sockets per thread
ip-10-186-1-195:56:56 [0] NCCL INFO Channel 01/0 : 12[0] -> 13[0] [receive] via NET/Socket/0
ip-10-186-1-195:56:108 [0] NCCL INFO New proxy send connection 1 from local rank 0, transport 2
ip-10-186-1-195:56:56 [0] NCCL INFO Connected to proxy localRank 0 -> connection 0x7cbde8004ff8
ip-10-186-1-195:56:108 [0] NCCL INFO Could not get speed from /sys/class/net/ens5/speed. Defaulting to 10 Gbps.
ip-10-186-1-195:56:56 [0] NCCL INFO Channel 00/0 : 13[0] -> 14[0] [send] via NET/Socket/0
ip-10-186-1-195:56:108 [0] NCCL INFO New proxy send connection 2 from local rank 0, transport 2
ip-10-186-1-195:56:56 [0] NCCL INFO Connected to proxy localRank 0 -> connection 0x7cbde8005080
ip-10-186-1-195:56:108 [0] NCCL INFO Could not get speed from /sys/class/net/ens5/speed. Defaulting to 10 Gbps.
ip-10-186-1-195:56:56 [0] NCCL INFO Channel 01/0 : 13[0] -> 14[0] [send] via NET/Socket/0
ip-10-186-1-195:56:108 [0] NCCL INFO New proxy recv connection 3 from local rank 0, transport 2
ip-10-186-1-195:56:56 [0] NCCL INFO Connected to proxy localRank 0 -> connection 0x7cbde8005108
ip-10-186-1-195:56:108 [0] NCCL INFO Could not get speed from /sys/class/net/ens5/speed. Defaulting to 10 Gbps.
ip-10-186-1-195:56:108 [0] NCCL INFO NET/Socket: Using 2 threads and 8 sockets per thread
ip-10-186-1-195:56:56 [0] NCCL INFO Channel 01/0 : 11[0] -> 13[0] [receive] via NET/Socket/0
ip-10-186-1-195:56:108 [0] NCCL INFO New proxy send connection 4 from local rank 0, transport 2
ip-10-186-1-195:56:56 [0] NCCL INFO Connected to proxy localRank 0 -> connection 0x7cbde8005190
ip-10-186-1-195:56:108 [0] NCCL INFO Could not get speed from /sys/class/net/ens5/speed. Defaulting to 10 Gbps.
ip-10-186-1-195:56:56 [0] NCCL INFO Channel 01/0 : 13[0] -> 11[0] [send] via NET/Socket/0
ip-10-186-1-195:56:108 [0] NCCL INFO New proxy recv connection 5 from local rank 0, transport 2
ip-10-186-1-195:56:56 [0] NCCL INFO Connected to proxy localRank 0 -> connection 0x7cbde8005218
ip-10-186-1-195:56:108 [0] NCCL INFO Could not get speed from /sys/class/net/ens5/speed. Defaulting to 10 Gbps.
ip-10-186-1-195:56:108 [0] NCCL INFO NET/Socket: Using 2 threads and 8 sockets per thread
ip-10-186-1-195:56:56 [0] NCCL INFO Channel 00/0 : 14[0] -> 13[0] [receive] via NET/Socket/0
ip-10-186-1-195:56:108 [0] NCCL INFO New proxy recv connection 6 from local rank 0, transport 2
ip-10-186-1-195:56:56 [0] NCCL INFO Connected to proxy localRank 0 -> connection 0x7cbde80052a0
ip-10-186-1-195:56:108 [0] NCCL INFO Could not get speed from /sys/class/net/ens5/speed. Defaulting to 10 Gbps.
ip-10-186-1-195:56:108 [0] NCCL INFO NET/Socket: Using 2 threads and 8 sockets per thread
ip-10-186-1-195:56:56 [0] NCCL INFO Channel 01/0 : 14[0] -> 13[0] [receive] via NET/Socket/0
ip-10-186-1-195:56:108 [0] NCCL INFO New proxy send connection 7 from local rank 0, transport 2
ip-10-186-1-195:56:56 [0] NCCL INFO Connected to proxy localRank 0 -> connection 0x7cbde8005328
ip-10-186-1-195:56:108 [0] NCCL INFO Could not get speed from /sys/class/net/ens5/speed. Defaulting to 10 Gbps.
ip-10-186-1-195:56:56 [0] NCCL INFO Channel 01/0 : 13[0] -> 12[0] [send] via NET/Socket/0
ip-10-186-1-195:56:56 [0] NCCL INFO Connected all trees
ip-10-186-1-195:56:56 [0] NCCL INFO Initialized NET plugin Socket
ip-10-186-1-195:56:56 [0] NCCL INFO Could not get speed from /sys/class/net/ens5/speed. Defaulting to 10 Gbps.
ip-10-186-1-195:56:56 [0] NCCL INFO Assigned NET plugin Socket to comm
ip-10-186-1-195:56:56 [0] NCCL INFO Failed to initialize any GIN plugin
ip-10-186-1-195:56:56 [0] NCCL INFO Using network Socket
ip-10-186-1-195:56:56 [0] NCCL INFO [Rank 1] ncclCommInitRankConfig comm 0x5f53f3c28f00 rank 1 nranks 2 cudaDev 0 nvmlDev 0 busId 1e0 commId 0xbc5eed543e5bebc0 - Init START
ip-10-186-1-195:56:56 [0] NCCL INFO Topology detection : could not read /sys/devices/pci0000:00/0000:00:1e.0/../max_link_speed, ignoring
ip-10-186-1-195:56:56 [0] NCCL INFO Topology detection : could not read /sys/devices/pci0000:00/0000:00:1e.0/../max_link_width, ignoring
ip-10-186-1-195:56:56 [0] NCCL INFO Topology detection : could not read /sys/devices/system/node/node-1/cpumap, ignoring
ip-10-186-1-195:56:56 [0] NCCL INFO TOPO/NET : Importing network plugins to topology
ip-10-186-1-195:56:56 [0] NCCL INFO Could not get speed from /sys/class/net/ens5/speed. Defaulting to 10 Gbps.
ip-10-186-1-195:56:56 [0] NCCL INFO Topology detection : could not read /sys/devices/pci0000:00/0000:00:05.0/../max_link_speed, ignoring
ip-10-186-1-195:56:56 [0] NCCL INFO Topology detection : could not read /sys/devices/pci0000:00/0000:00:05.0/../max_link_width, ignoring
ip-10-186-1-195:56:56 [0] NCCL INFO Topology detection : could not read /sys/devices/system/node/node-1/cpumap, ignoring
ip-10-186-1-195:56:56 [0] NCCL INFO NET/Socket : GPU Direct RDMA Disabled for HCA 0 'ens5'
ip-10-186-1-195:56:56 [0] NCCL INFO ncclTopoPopulateNics : Filled ens5 in topo with pciPath=/sys/devices/pci0000:00/0000:00:05.0 net=1 gin=(null) keep=1 coll=(null)
ip-10-186-1-195:56:56 [0] NCCL INFO KV Convert to int : could not find value of 'Unknown' in dictionary, falling back to 60
ip-10-186-1-195:56:56 [0] NCCL INFO === System : maxBw 1.2 totalBw 24.0 ===
ip-10-186-1-195:56:56 [0] NCCL INFO CPU/0-ffffffffffffff (1/2/-1)
ip-10-186-1-195:56:56 [0] NCCL INFO + PCI[24.0] - GPU/0-1e0 (1)
ip-10-186-1-195:56:56 [0] NCCL INFO + PCI[12.0] - NIC/0-50
ip-10-186-1-195:56:56 [0] NCCL INFO               + NET[1.2] - NET/0-0 (0/0/0/1.250000)
ip-10-186-1-195:56:56 [0] NCCL INFO ==========================================
ip-10-186-1-195:56:56 [0] NCCL INFO GPU/0-1e0 :GPU/0-1e0 (0/5000.0/LOC) CPU/0-ffffffffffffff (1/24.0/PHB) NET/0-0 (3/1.2/PHB) 
ip-10-186-1-195:56:56 [0] NCCL INFO NET/0-0 :GPU/0-1e0 (3/1.2/PHB) CPU/0-ffffffffffffff (2/1.2/PHB) NET/0-0 (0/5000.0/LOC) 
ip-10-186-1-195:56:56 [0] NCCL INFO ncclTopoGetCpuAffinity: Affinity for GPU 0 is empty, ignoring. (GPU affinity =  ; CPU affinity = 0-3).
ip-10-186-1-195:56:56 [0] NCCL INFO Pattern 4, crossNic 0, nChannels 1, bw 1.200000/1.200000, type LOC/PHB, sameChannels 1
ip-10-186-1-195:56:56 [0] NCCL INFO  0 : NET/0-0 GPU/0-1e0 NET/0-0
ip-10-186-1-195:56:56 [0] NCCL INFO Pattern 3, crossNic 0, nChannels 1, bw 2.400000/1.200000, type LOC/PHB, sameChannels 1
ip-10-186-1-195:56:56 [0] NCCL INFO  0 : NET/0-0 GPU/0-1e0 NET/0-0
ip-10-186-1-195:56:56 [0] NCCL INFO Could not get speed from /sys/class/net/ens5/speed. Defaulting to 10 Gbps.
ip-10-186-1-195:56:56 [0] NCCL INFO comm 0x5f53f3c28f00 rank 1 nRanks 2 nNodes 2 localRanks 1 localRank 0 MNNVL 0
ip-10-186-1-195:56:56 [0] NCCL INFO Tree 0 : 0 -> 1 -> -1/-1/-1
ip-10-186-1-195:56:56 [0] NCCL INFO Tree 1 : -1 -> 1 -> 0/-1/-1
ip-10-186-1-195:56:56 [0] NCCL INFO Ring 00 : 0 -> 1 -> 0
ip-10-186-1-195:56:56 [0] NCCL INFO Ring 01 : 0 -> 1 -> 0
ip-10-186-1-195:56:56 [0] NCCL INFO Trees [0] -1/-1/-1->1->0 [1] 0/-1/-1->1->-1
ip-10-186-1-195:56:56 [0] NCCL INFO P2P Chunksize set to 131072
ip-10-186-1-195:56:56 [0] NCCL INFO Check P2P Type isAllDirectP2p 1 directMode 0 isAllCudaP2p 1
ip-10-186-1-195:56:56 [0] NCCL INFO ncclP2pSchedule: group size used is 1
ip-10-186-1-195:56:112 [0] NCCL INFO [Proxy Service UDS] Device 0 CPU core 3
ip-10-186-1-195:56:111 [0] NCCL INFO [Proxy Service] Device 0 CPU core 2
ip-10-186-1-195:56:56 [0] NCCL INFO threadThresholds 8/8/64 | 16/8/64 | 512 | 512
ip-10-186-1-195:56:56 [0] NCCL INFO 2 coll channels, 2 collnet channels, 0 nvls channels, 2 p2p channels, 1 p2p channels per peer
ip-10-186-1-195:56:56 [0] NCCL INFO Symmetric VA size=24GB
ip-10-186-1-195:56:56 [0] NCCL INFO Symmetric memory is not supported. cuMemEnable 1, globalGinSupport 0, globalNicFused 0 cuMemGdrSupport 1
ip-10-186-1-195:56:56 [0] NCCL INFO ncclCommInitRankConfig comm 0x5f53f3c28f00 rank 1 nranks 2 cudaDev 0 nvmlDev 0 busId 1e0 commId 0xbc5eed543e5bebc0 - Init COMPLETE
ip-10-186-1-195:56:56 [0] NCCL INFO Init timings - ncclCommInitRankConfig: rank 1 nranks 2 total 1.03 (kernels 0.00, alloc 0.00, bootstrap 0.73, allgathers 0.30, topo 0.00, graphs 0.00, connections 0.00, rest 0.00)
ip-10-186-1-195:56:111 [0] NCCL INFO New proxy recv connection 0 from local rank 0, transport 2
ip-10-186-1-195:56:113 [0] NCCL INFO [Proxy Progress] Device 0 CPU core 0
ip-10-186-1-195:56:56 [0] NCCL INFO Connected to proxy localRank 0 -> connection 0x7cbdbc004f70
ip-10-186-1-195:56:111 [0] NCCL INFO Could not get speed from /sys/class/net/ens5/speed. Defaulting to 10 Gbps.
ip-10-186-1-195:56:111 [0] NCCL INFO NET/Socket: Using 2 threads and 8 sockets per thread
ip-10-186-1-195:56:56 [0] NCCL INFO Channel 01/1 : 0[0] -> 1[0] [receive] via NET/Socket/0/Shared
ip-10-186-1-195:56:111 [0] NCCL INFO New proxy send connection 1 from local rank 0, transport 2
ip-10-186-1-195:56:56 [0] NCCL INFO Connected to proxy localRank 0 -> connection 0x7cbdbc004ff8
ip-10-186-1-195:56:111 [0] NCCL INFO Could not get speed from /sys/class/net/ens5/speed. Defaulting to 10 Gbps.
ip-10-186-1-195:56:56 [0] NCCL INFO Channel 01/1 : 1[0] -> 0[0] [send] via NET/Socket/0/Shared
ip-10-186-1-195:56:56 [0] NCCL INFO Initialized NET plugin Socket
ip-10-186-1-195:56:56 [0] NCCL INFO Could not get speed from /sys/class/net/ens5/speed. Defaulting to 10 Gbps.
ip-10-186-1-195:56:56 [0] NCCL INFO Assigned NET plugin Socket to comm
ip-10-186-1-195:56:56 [0] NCCL INFO Failed to initialize any GIN plugin
ip-10-186-1-195:56:56 [0] NCCL INFO Using network Socket
ip-10-186-1-195:56:56 [0] NCCL INFO [Rank 1] ncclCommInitRankConfig comm 0x5f53f3ad3520 rank 1 nranks 2 cudaDev 0 nvmlDev 0 busId 1e0 commId 0xe1237c5d05cf11a8 - Init START
ip-10-186-1-195:56:56 [0] NCCL INFO Topology detection : could not read /sys/devices/pci0000:00/0000:00:1e.0/../max_link_speed, ignoring
ip-10-186-1-195:56:56 [0] NCCL INFO Topology detection : could not read /sys/devices/pci0000:00/0000:00:1e.0/../max_link_width, ignoring
ip-10-186-1-195:56:56 [0] NCCL INFO Topology detection : could not read /sys/devices/system/node/node-1/cpumap, ignoring
ip-10-186-1-195:56:56 [0] NCCL INFO TOPO/NET : Importing network plugins to topology
ip-10-186-1-195:56:56 [0] NCCL INFO Could not get speed from /sys/class/net/ens5/speed. Defaulting to 10 Gbps.
ip-10-186-1-195:56:56 [0] NCCL INFO Topology detection : could not read /sys/devices/pci0000:00/0000:00:05.0/../max_link_speed, ignoring
ip-10-186-1-195:56:56 [0] NCCL INFO Topology detection : could not read /sys/devices/pci0000:00/0000:00:05.0/../max_link_width, ignoring
ip-10-186-1-195:56:56 [0] NCCL INFO Topology detection : could not read /sys/devices/system/node/node-1/cpumap, ignoring
ip-10-186-1-195:56:56 [0] NCCL INFO NET/Socket : GPU Direct RDMA Disabled for HCA 0 'ens5'
ip-10-186-1-195:56:56 [0] NCCL INFO ncclTopoPopulateNics : Filled ens5 in topo with pciPath=/sys/devices/pci0000:00/0000:00:05.0 net=1 gin=(null) keep=1 coll=(null)
ip-10-186-1-195:56:56 [0] NCCL INFO KV Convert to int : could not find value of 'Unknown' in dictionary, falling back to 60
ip-10-186-1-195:56:56 [0] NCCL INFO === System : maxBw 1.2 totalBw 24.0 ===
ip-10-186-1-195:56:56 [0] NCCL INFO CPU/0-ffffffffffffff (1/2/-1)
ip-10-186-1-195:56:56 [0] NCCL INFO + PCI[24.0] - GPU/0-1e0 (1)
ip-10-186-1-195:56:56 [0] NCCL INFO + PCI[12.0] - NIC/0-50
ip-10-186-1-195:56:56 [0] NCCL INFO               + NET[1.2] - NET/0-0 (0/0/0/1.250000)
ip-10-186-1-195:56:56 [0] NCCL INFO ==========================================
ip-10-186-1-195:56:56 [0] NCCL INFO GPU/0-1e0 :GPU/0-1e0 (0/5000.0/LOC) CPU/0-ffffffffffffff (1/24.0/PHB) NET/0-0 (3/1.2/PHB) 
ip-10-186-1-195:56:56 [0] NCCL INFO NET/0-0 :GPU/0-1e0 (3/1.2/PHB) CPU/0-ffffffffffffff (2/1.2/PHB) NET/0-0 (0/5000.0/LOC) 
ip-10-186-1-195:56:56 [0] NCCL INFO ncclTopoGetCpuAffinity: Affinity for GPU 0 is empty, ignoring. (GPU affinity =  ; CPU affinity = 0-3).
ip-10-186-1-195:56:56 [0] NCCL INFO Pattern 4, crossNic 0, nChannels 1, bw 1.200000/1.200000, type LOC/PHB, sameChannels 1
ip-10-186-1-195:56:56 [0] NCCL INFO  0 : NET/0-0 GPU/0-1e0 NET/0-0
ip-10-186-1-195:56:56 [0] NCCL INFO Pattern 3, crossNic 0, nChannels 1, bw 2.400000/1.200000, type LOC/PHB, sameChannels 1
ip-10-186-1-195:56:56 [0] NCCL INFO  0 : NET/0-0 GPU/0-1e0 NET/0-0
ip-10-186-1-195:56:56 [0] NCCL INFO Could not get speed from /sys/class/net/ens5/speed. Defaulting to 10 Gbps.
ip-10-186-1-195:56:56 [0] NCCL INFO comm 0x5f53f3ad3520 rank 1 nRanks 2 nNodes 2 localRanks 1 localRank 0 MNNVL 0
ip-10-186-1-195:56:56 [0] NCCL INFO Tree 0 : 0 -> 1 -> -1/-1/-1
ip-10-186-1-195:56:56 [0] NCCL INFO Tree 1 : -1 -> 1 -> 0/-1/-1
ip-10-186-1-195:56:56 [0] NCCL INFO Ring 00 : 0 -> 1 -> 0
ip-10-186-1-195:56:56 [0] NCCL INFO Ring 01 : 0 -> 1 -> 0
ip-10-186-1-195:56:56 [0] NCCL INFO Trees [0] -1/-1/-1->1->0 [1] 0/-1/-1->1->-1
ip-10-186-1-195:56:56 [0] NCCL INFO P2P Chunksize set to 131072
ip-10-186-1-195:56:56 [0] NCCL INFO Check P2P Type isAllDirectP2p 1 directMode 0 isAllCudaP2p 1
ip-10-186-1-195:56:56 [0] NCCL INFO ncclP2pSchedule: group size used is 1
ip-10-186-1-195:56:118 [0] NCCL INFO [Proxy Service] Device 0 CPU core 1
ip-10-186-1-195:56:119 [0] NCCL INFO [Proxy Service UDS] Device 0 CPU core 0
ip-10-186-1-195:56:56 [0] NCCL INFO threadThresholds 8/8/64 | 16/8/64 | 512 | 512
ip-10-186-1-195:56:56 [0] NCCL INFO 2 coll channels, 2 collnet channels, 0 nvls channels, 2 p2p channels, 1 p2p channels per peer
ip-10-186-1-195:56:56 [0] NCCL INFO Symmetric VA size=24GB
ip-10-186-1-195:56:56 [0] NCCL INFO Symmetric memory is not supported. cuMemEnable 1, globalGinSupport 0, globalNicFused 0 cuMemGdrSupport 1
ip-10-186-1-195:56:56 [0] NCCL INFO ncclCommInitRankConfig comm 0x5f53f3ad3520 rank 1 nranks 2 cudaDev 0 nvmlDev 0 busId 1e0 commId 0xe1237c5d05cf11a8 - Init COMPLETE
ip-10-186-1-195:56:56 [0] NCCL INFO Init timings - ncclCommInitRankConfig: rank 1 nranks 2 total 0.21 (kernels 0.00, alloc 0.00, bootstrap 0.15, allgathers 0.06, topo 0.00, graphs 0.00, connections 0.00, rest 0.00)
ip-10-186-1-195:56:118 [0] NCCL INFO New proxy recv connection 0 from local rank 0, transport 2
ip-10-186-1-195:56:120 [0] NCCL INFO [Proxy Progress] Device 0 CPU core 3
ip-10-186-1-195:56:56 [0] NCCL INFO Connected to proxy localRank 0 -> connection 0x7cbda8004f70
ip-10-186-1-195:56:118 [0] NCCL INFO Could not get speed from /sys/class/net/ens5/speed. Defaulting to 10 Gbps.
ip-10-186-1-195:56:118 [0] NCCL INFO NET/Socket: Using 2 threads and 8 sockets per thread
ip-10-186-1-195:56:56 [0] NCCL INFO Channel 01/1 : 0[0] -> 1[0] [receive] via NET/Socket/0/Shared
ip-10-186-1-195:56:118 [0] NCCL INFO New proxy send connection 1 from local rank 0, transport 2
ip-10-186-1-195:56:56 [0] NCCL INFO Connected to proxy localRank 0 -> connection 0x7cbda8004ff8
ip-10-186-1-195:56:118 [0] NCCL INFO Could not get speed from /sys/class/net/ens5/speed. Defaulting to 10 Gbps.
ip-10-186-1-195:56:56 [0] NCCL INFO Channel 01/1 : 1[0] -> 0[0] [send] via NET/Socket/0/Shared
ip-10-186-1-195:56:56 [0] NCCL INFO Initialized NET plugin Socket
ip-10-186-1-195:56:56 [0] NCCL INFO Could not get speed from /sys/class/net/ens5/speed. Defaulting to 10 Gbps.
ip-10-186-1-195:56:56 [0] NCCL INFO Assigned NET plugin Socket to comm
ip-10-186-1-195:56:56 [0] NCCL INFO Failed to initialize any GIN plugin
ip-10-186-1-195:56:56 [0] NCCL INFO Using network Socket
ip-10-186-1-195:56:56 [0] NCCL INFO [Rank 1] ncclCommInitRankConfig comm 0x5f53f675d0c0 rank 1 nranks 2 cudaDev 0 nvmlDev 0 busId 1e0 commId 0x380318c509d0e39 - Init START
ip-10-186-1-195:56:56 [0] NCCL INFO Topology detection : could not read /sys/devices/pci0000:00/0000:00:1e.0/../max_link_speed, ignoring
ip-10-186-1-195:56:56 [0] NCCL INFO Topology detection : could not read /sys/devices/pci0000:00/0000:00:1e.0/../max_link_width, ignoring
ip-10-186-1-195:56:56 [0] NCCL INFO Topology detection : could not read /sys/devices/system/node/node-1/cpumap, ignoring
ip-10-186-1-195:56:56 [0] NCCL INFO TOPO/NET : Importing network plugins to topology
ip-10-186-1-195:56:56 [0] NCCL INFO Could not get speed from /sys/class/net/ens5/speed. Defaulting to 10 Gbps.
ip-10-186-1-195:56:56 [0] NCCL INFO Topology detection : could not read /sys/devices/pci0000:00/0000:00:05.0/../max_link_speed, ignoring
ip-10-186-1-195:56:56 [0] NCCL INFO Topology detection : could not read /sys/devices/pci0000:00/0000:00:05.0/../max_link_width, ignoring
ip-10-186-1-195:56:56 [0] NCCL INFO Topology detection : could not read /sys/devices/system/node/node-1/cpumap, ignoring
ip-10-186-1-195:56:56 [0] NCCL INFO NET/Socket : GPU Direct RDMA Disabled for HCA 0 'ens5'
ip-10-186-1-195:56:56 [0] NCCL INFO ncclTopoPopulateNics : Filled ens5 in topo with pciPath=/sys/devices/pci0000:00/0000:00:05.0 net=1 gin=(null) keep=1 coll=(null)
ip-10-186-1-195:56:56 [0] NCCL INFO KV Convert to int : could not find value of 'Unknown' in dictionary, falling back to 60
ip-10-186-1-195:56:56 [0] NCCL INFO === System : maxBw 1.2 totalBw 24.0 ===
ip-10-186-1-195:56:56 [0] NCCL INFO CPU/0-ffffffffffffff (1/2/-1)
ip-10-186-1-195:56:56 [0] NCCL INFO + PCI[24.0] - GPU/0-1e0 (1)
ip-10-186-1-195:56:56 [0] NCCL INFO + PCI[12.0] - NIC/0-50
ip-10-186-1-195:56:56 [0] NCCL INFO               + NET[1.2] - NET/0-0 (0/0/0/1.250000)
ip-10-186-1-195:56:56 [0] NCCL INFO ==========================================
ip-10-186-1-195:56:56 [0] NCCL INFO GPU/0-1e0 :GPU/0-1e0 (0/5000.0/LOC) CPU/0-ffffffffffffff (1/24.0/PHB) NET/0-0 (3/1.2/PHB) 
ip-10-186-1-195:56:56 [0] NCCL INFO NET/0-0 :GPU/0-1e0 (3/1.2/PHB) CPU/0-ffffffffffffff (2/1.2/PHB) NET/0-0 (0/5000.0/LOC) 
ip-10-186-1-195:56:56 [0] NCCL INFO ncclTopoGetCpuAffinity: Affinity for GPU 0 is empty, ignoring. (GPU affinity =  ; CPU affinity = 0-3).
ip-10-186-1-195:56:56 [0] NCCL INFO Pattern 4, crossNic 0, nChannels 1, bw 1.200000/1.200000, type LOC/PHB, sameChannels 1
ip-10-186-1-195:56:56 [0] NCCL INFO  0 : NET/0-0 GPU/0-1e0 NET/0-0
ip-10-186-1-195:56:56 [0] NCCL INFO Pattern 3, crossNic 0, nChannels 1, bw 2.400000/1.200000, type LOC/PHB, sameChannels 1
ip-10-186-1-195:56:56 [0] NCCL INFO  0 : NET/0-0 GPU/0-1e0 NET/0-0
ip-10-186-1-195:56:56 [0] NCCL INFO Could not get speed from /sys/class/net/ens5/speed. Defaulting to 10 Gbps.
ip-10-186-1-195:56:56 [0] NCCL INFO comm 0x5f53f675d0c0 rank 1 nRanks 2 nNodes 2 localRanks 1 localRank 0 MNNVL 0
ip-10-186-1-195:56:56 [0] NCCL INFO Tree 0 : 0 -> 1 -> -1/-1/-1
ip-10-186-1-195:56:56 [0] NCCL INFO Tree 1 : -1 -> 1 -> 0/-1/-1
ip-10-186-1-195:56:56 [0] NCCL INFO Ring 00 : 0 -> 1 -> 0
ip-10-186-1-195:56:56 [0] NCCL INFO Ring 01 : 0 -> 1 -> 0
ip-10-186-1-195:56:56 [0] NCCL INFO Trees [0] -1/-1/-1->1->0 [1] 0/-1/-1->1->-1
ip-10-186-1-195:56:56 [0] NCCL INFO P2P Chunksize set to 131072
ip-10-186-1-195:56:56 [0] NCCL INFO Check P2P Type isAllDirectP2p 1 directMode 0 isAllCudaP2p 1
ip-10-186-1-195:56:56 [0] NCCL INFO ncclP2pSchedule: group size used is 1
ip-10-186-1-195:56:125 [0] NCCL INFO [Proxy Service] Device 0 CPU core 3
ip-10-186-1-195:56:126 [0] NCCL INFO [Proxy Service UDS] Device 0 CPU core 2
ip-10-186-1-195:56:56 [0] NCCL INFO threadThresholds 8/8/64 | 16/8/64 | 512 | 512
ip-10-186-1-195:56:56 [0] NCCL INFO 2 coll channels, 2 collnet channels, 0 nvls channels, 2 p2p channels, 1 p2p channels per peer
ip-10-186-1-195:56:56 [0] NCCL INFO Symmetric VA size=24GB
ip-10-186-1-195:56:56 [0] NCCL INFO Symmetric memory is not supported. cuMemEnable 1, globalGinSupport 0, globalNicFused 0 cuMemGdrSupport 1
ip-10-186-1-195:56:56 [0] NCCL INFO ncclCommInitRankConfig comm 0x5f53f675d0c0 rank 1 nranks 2 cudaDev 0 nvmlDev 0 busId 1e0 commId 0x380318c509d0e39 - Init COMPLETE
ip-10-186-1-195:56:56 [0] NCCL INFO Init timings - ncclCommInitRankConfig: rank 1 nranks 2 total 0.86 (kernels 0.00, alloc 0.00, bootstrap 0.61, allgathers 0.24, topo 0.00, graphs 0.00, connections 0.00, rest 0.00)
ip-10-186-1-195:56:125 [0] NCCL INFO New proxy recv connection 0 from local rank 0, transport 2
ip-10-186-1-195:56:127 [0] NCCL INFO [Proxy Progress] Device 0 CPU core 1
ip-10-186-1-195:56:56 [0] NCCL INFO Connected to proxy localRank 0 -> connection 0x5f53f67582b0
ip-10-186-1-195:56:125 [0] NCCL INFO Could not get speed from /sys/class/net/ens5/speed. Defaulting to 10 Gbps.
ip-10-186-1-195:56:125 [0] NCCL INFO NET/Socket: Using 2 threads and 8 sockets per thread
ip-10-186-1-195:56:56 [0] NCCL INFO Channel 01/1 : 0[0] -> 1[0] [receive] via NET/Socket/0/Shared
ip-10-186-1-195:56:125 [0] NCCL INFO New proxy send connection 1 from local rank 0, transport 2
ip-10-186-1-195:56:56 [0] NCCL INFO Connected to proxy localRank 0 -> connection 0x5f53f6758338
ip-10-186-1-195:56:125 [0] NCCL INFO Could not get speed from /sys/class/net/ens5/speed. Defaulting to 10 Gbps.
ip-10-186-1-195:56:56 [0] NCCL INFO Channel 01/1 : 1[0] -> 0[0] [send] via NET/Socket/0/Shared
ip-10-186-1-195:56:56 [0] NCCL INFO Initialized NET plugin Socket
ip-10-186-1-195:56:56 [0] NCCL INFO Could not get speed from /sys/class/net/ens5/speed. Defaulting to 10 Gbps.
ip-10-186-1-195:56:56 [0] NCCL INFO Assigned NET plugin Socket to comm
ip-10-186-1-195:56:56 [0] NCCL INFO Failed to initialize any GIN plugin
ip-10-186-1-195:56:56 [0] NCCL INFO Using network Socket
ip-10-186-1-195:56:56 [0] NCCL INFO [Rank 1] ncclCommInitRankConfig comm 0x5f53f69fd4d0 rank 1 nranks 2 cudaDev 0 nvmlDev 0 busId 1e0 commId 0x43050b007733c1fa - Init START
ip-10-186-1-195:56:56 [0] NCCL INFO Topology detection : could not read /sys/devices/pci0000:00/0000:00:1e.0/../max_link_speed, ignoring
ip-10-186-1-195:56:56 [0] NCCL INFO Topology detection : could not read /sys/devices/pci0000:00/0000:00:1e.0/../max_link_width, ignoring
ip-10-186-1-195:56:56 [0] NCCL INFO Topology detection : could not read /sys/devices/system/node/node-1/cpumap, ignoring
ip-10-186-1-195:56:56 [0] NCCL INFO TOPO/NET : Importing network plugins to topology
ip-10-186-1-195:56:56 [0] NCCL INFO Could not get speed from /sys/class/net/ens5/speed. Defaulting to 10 Gbps.
ip-10-186-1-195:56:56 [0] NCCL INFO Topology detection : could not read /sys/devices/pci0000:00/0000:00:05.0/../max_link_speed, ignoring
ip-10-186-1-195:56:56 [0] NCCL INFO Topology detection : could not read /sys/devices/pci0000:00/0000:00:05.0/../max_link_width, ignoring
ip-10-186-1-195:56:56 [0] NCCL INFO Topology detection : could not read /sys/devices/system/node/node-1/cpumap, ignoring
ip-10-186-1-195:56:56 [0] NCCL INFO NET/Socket : GPU Direct RDMA Disabled for HCA 0 'ens5'
ip-10-186-1-195:56:56 [0] NCCL INFO ncclTopoPopulateNics : Filled ens5 in topo with pciPath=/sys/devices/pci0000:00/0000:00:05.0 net=1 gin=(null) keep=1 coll=(null)
ip-10-186-1-195:56:56 [0] NCCL INFO KV Convert to int : could not find value of 'Unknown' in dictionary, falling back to 60
ip-10-186-1-195:56:56 [0] NCCL INFO === System : maxBw 1.2 totalBw 24.0 ===
ip-10-186-1-195:56:56 [0] NCCL INFO CPU/0-ffffffffffffff (1/2/-1)
ip-10-186-1-195:56:56 [0] NCCL INFO + PCI[24.0] - GPU/0-1e0 (1)
ip-10-186-1-195:56:56 [0] NCCL INFO + PCI[12.0] - NIC/0-50
ip-10-186-1-195:56:56 [0] NCCL INFO               + NET[1.2] - NET/0-0 (0/0/0/1.250000)
ip-10-186-1-195:56:56 [0] NCCL INFO ==========================================
ip-10-186-1-195:56:56 [0] NCCL INFO GPU/0-1e0 :GPU/0-1e0 (0/5000.0/LOC) CPU/0-ffffffffffffff (1/24.0/PHB) NET/0-0 (3/1.2/PHB) 
ip-10-186-1-195:56:56 [0] NCCL INFO NET/0-0 :GPU/0-1e0 (3/1.2/PHB) CPU/0-ffffffffffffff (2/1.2/PHB) NET/0-0 (0/5000.0/LOC) 
ip-10-186-1-195:56:56 [0] NCCL INFO ncclTopoGetCpuAffinity: Affinity for GPU 0 is empty, ignoring. (GPU affinity =  ; CPU affinity = 0-3).
ip-10-186-1-195:56:56 [0] NCCL INFO Pattern 4, crossNic 0, nChannels 1, bw 1.200000/1.200000, type LOC/PHB, sameChannels 1
ip-10-186-1-195:56:56 [0] NCCL INFO  0 : NET/0-0 GPU/0-1e0 NET/0-0
ip-10-186-1-195:56:56 [0] NCCL INFO Pattern 3, crossNic 0, nChannels 1, bw 2.400000/1.200000, type LOC/PHB, sameChannels 1
ip-10-186-1-195:56:56 [0] NCCL INFO  0 : NET/0-0 GPU/0-1e0 NET/0-0
ip-10-186-1-195:56:56 [0] NCCL INFO Could not get speed from /sys/class/net/ens5/speed. Defaulting to 10 Gbps.
ip-10-186-1-195:56:56 [0] NCCL INFO comm 0x5f53f69fd4d0 rank 1 nRanks 2 nNodes 2 localRanks 1 localRank 0 MNNVL 0
ip-10-186-1-195:56:56 [0] NCCL INFO Tree 0 : 0 -> 1 -> -1/-1/-1
ip-10-186-1-195:56:56 [0] NCCL INFO Tree 1 : -1 -> 1 -> 0/-1/-1
ip-10-186-1-195:56:56 [0] NCCL INFO Ring 00 : 0 -> 1 -> 0
ip-10-186-1-195:56:56 [0] NCCL INFO Ring 01 : 0 -> 1 -> 0
ip-10-186-1-195:56:56 [0] NCCL INFO Trees [0] -1/-1/-1->1->0 [1] 0/-1/-1->1->-1
ip-10-186-1-195:56:56 [0] NCCL INFO P2P Chunksize set to 131072
ip-10-186-1-195:56:56 [0] NCCL INFO Check P2P Type isAllDirectP2p 1 directMode 0 isAllCudaP2p 1
ip-10-186-1-195:56:56 [0] NCCL INFO ncclP2pSchedule: group size used is 1
ip-10-186-1-195:56:133 [0] NCCL INFO [Proxy Service UDS] Device 0 CPU core 2
ip-10-186-1-195:56:132 [0] NCCL INFO [Proxy Service] Device 0 CPU core 2
ip-10-186-1-195:56:56 [0] NCCL INFO threadThresholds 8/8/64 | 16/8/64 | 512 | 512
ip-10-186-1-195:56:56 [0] NCCL INFO 2 coll channels, 2 collnet channels, 0 nvls channels, 2 p2p channels, 1 p2p channels per peer
ip-10-186-1-195:56:56 [0] NCCL INFO Symmetric VA size=24GB
ip-10-186-1-195:56:56 [0] NCCL INFO Symmetric memory is not supported. cuMemEnable 1, globalGinSupport 0, globalNicFused 0 cuMemGdrSupport 1
ip-10-186-1-195:56:56 [0] NCCL INFO ncclCommInitRankConfig comm 0x5f53f69fd4d0 rank 1 nranks 2 cudaDev 0 nvmlDev 0 busId 1e0 commId 0x43050b007733c1fa - Init COMPLETE
ip-10-186-1-195:56:56 [0] NCCL INFO Init timings - ncclCommInitRankConfig: rank 1 nranks 2 total 0.79 (kernels 0.00, alloc 0.00, bootstrap 0.56, allgathers 0.23, topo 0.00, graphs 0.00, connections 0.00, rest 0.00)
ip-10-186-1-195:56:132 [0] NCCL INFO New proxy recv connection 0 from local rank 0, transport 2
ip-10-186-1-195:56:134 [0] NCCL INFO [Proxy Progress] Device 0 CPU core 0
ip-10-186-1-195:56:56 [0] NCCL INFO Connected to proxy localRank 0 -> connection 0x7cbda80210e0
ip-10-186-1-195:56:132 [0] NCCL INFO Could not get speed from /sys/class/net/ens5/speed. Defaulting to 10 Gbps.
ip-10-186-1-195:56:132 [0] NCCL INFO NET/Socket: Using 2 threads and 8 sockets per thread
ip-10-186-1-195:56:56 [0] NCCL INFO Channel 01/1 : 0[0] -> 1[0] [receive] via NET/Socket/0/Shared
ip-10-186-1-195:56:132 [0] NCCL INFO New proxy send connection 1 from local rank 0, transport 2
ip-10-186-1-195:56:56 [0] NCCL INFO Connected to proxy localRank 0 -> connection 0x7cbda8021168
ip-10-186-1-195:56:132 [0] NCCL INFO Could not get speed from /sys/class/net/ens5/speed. Defaulting to 10 Gbps.
ip-10-186-1-195:56:56 [0] NCCL INFO Channel 01/1 : 1[0] -> 0[0] [send] via NET/Socket/0/Shared
ip-10-186-1-195:56:56 [0] NCCL INFO Initialized NET plugin Socket
ip-10-186-1-195:56:56 [0] NCCL INFO Could not get speed from /sys/class/net/ens5/speed. Defaulting to 10 Gbps.
ip-10-186-1-195:56:56 [0] NCCL INFO Assigned NET plugin Socket to comm
ip-10-186-1-195:56:56 [0] NCCL INFO Failed to initialize any GIN plugin
ip-10-186-1-195:56:56 [0] NCCL INFO Using network Socket
ip-10-186-1-195:56:56 [0] NCCL INFO [Rank 1] ncclCommInitRankConfig comm 0x5f53f6cf7ff0 rank 1 nranks 2 cudaDev 0 nvmlDev 0 busId 1e0 commId 0xde58e1bee275a218 - Init START
ip-10-186-1-195:56:56 [0] NCCL INFO Topology detection : could not read /sys/devices/pci0000:00/0000:00:1e.0/../max_link_speed, ignoring
ip-10-186-1-195:56:56 [0] NCCL INFO Topology detection : could not read /sys/devices/pci0000:00/0000:00:1e.0/../max_link_width, ignoring
ip-10-186-1-195:56:56 [0] NCCL INFO Topology detection : could not read /sys/devices/system/node/node-1/cpumap, ignoring
ip-10-186-1-195:56:56 [0] NCCL INFO TOPO/NET : Importing network plugins to topology
ip-10-186-1-195:56:56 [0] NCCL INFO Could not get speed from /sys/class/net/ens5/speed. Defaulting to 10 Gbps.
ip-10-186-1-195:56:56 [0] NCCL INFO Topology detection : could not read /sys/devices/pci0000:00/0000:00:05.0/../max_link_speed, ignoring
ip-10-186-1-195:56:56 [0] NCCL INFO Topology detection : could not read /sys/devices/pci0000:00/0000:00:05.0/../max_link_width, ignoring
ip-10-186-1-195:56:56 [0] NCCL INFO Topology detection : could not read /sys/devices/system/node/node-1/cpumap, ignoring
ip-10-186-1-195:56:56 [0] NCCL INFO NET/Socket : GPU Direct RDMA Disabled for HCA 0 'ens5'
ip-10-186-1-195:56:56 [0] NCCL INFO ncclTopoPopulateNics : Filled ens5 in topo with pciPath=/sys/devices/pci0000:00/0000:00:05.0 net=1 gin=(null) keep=1 coll=(null)
ip-10-186-1-195:56:56 [0] NCCL INFO KV Convert to int : could not find value of 'Unknown' in dictionary, falling back to 60
ip-10-186-1-195:56:56 [0] NCCL INFO === System : maxBw 1.2 totalBw 24.0 ===
ip-10-186-1-195:56:56 [0] NCCL INFO CPU/0-ffffffffffffff (1/2/-1)
ip-10-186-1-195:56:56 [0] NCCL INFO + PCI[24.0] - GPU/0-1e0 (1)
ip-10-186-1-195:56:56 [0] NCCL INFO + PCI[12.0] - NIC/0-50
ip-10-186-1-195:56:56 [0] NCCL INFO               + NET[1.2] - NET/0-0 (0/0/0/1.250000)
ip-10-186-1-195:56:56 [0] NCCL INFO ==========================================
ip-10-186-1-195:56:56 [0] NCCL INFO GPU/0-1e0 :GPU/0-1e0 (0/5000.0/LOC) CPU/0-ffffffffffffff (1/24.0/PHB) NET/0-0 (3/1.2/PHB) 
ip-10-186-1-195:56:56 [0] NCCL INFO NET/0-0 :GPU/0-1e0 (3/1.2/PHB) CPU/0-ffffffffffffff (2/1.2/PHB) NET/0-0 (0/5000.0/LOC) 
ip-10-186-1-195:56:56 [0] NCCL INFO ncclTopoGetCpuAffinity: Affinity for GPU 0 is empty, ignoring. (GPU affinity =  ; CPU affinity = 0-3).
ip-10-186-1-195:56:56 [0] NCCL INFO Pattern 4, crossNic 0, nChannels 1, bw 1.200000/1.200000, type LOC/PHB, sameChannels 1
ip-10-186-1-195:56:56 [0] NCCL INFO  0 : NET/0-0 GPU/0-1e0 NET/0-0
ip-10-186-1-195:56:56 [0] NCCL INFO Pattern 3, crossNic 0, nChannels 1, bw 2.400000/1.200000, type LOC/PHB, sameChannels 1
ip-10-186-1-195:56:56 [0] NCCL INFO  0 : NET/0-0 GPU/0-1e0 NET/0-0
ip-10-186-1-195:56:56 [0] NCCL INFO Could not get speed from /sys/class/net/ens5/speed. Defaulting to 10 Gbps.
ip-10-186-1-195:56:56 [0] NCCL INFO comm 0x5f53f6cf7ff0 rank 1 nRanks 2 nNodes 2 localRanks 1 localRank 0 MNNVL 0
ip-10-186-1-195:56:56 [0] NCCL INFO Tree 0 : 0 -> 1 -> -1/-1/-1
ip-10-186-1-195:56:56 [0] NCCL INFO Tree 1 : -1 -> 1 -> 0/-1/-1
ip-10-186-1-195:56:56 [0] NCCL INFO Ring 00 : 0 -> 1 -> 0
ip-10-186-1-195:56:56 [0] NCCL INFO Ring 01 : 0 -> 1 -> 0
ip-10-186-1-195:56:56 [0] NCCL INFO Trees [0] -1/-1/-1->1->0 [1] 0/-1/-1->1->-1
ip-10-186-1-195:56:56 [0] NCCL INFO P2P Chunksize set to 131072
ip-10-186-1-195:56:56 [0] NCCL INFO Check P2P Type isAllDirectP2p 1 directMode 0 isAllCudaP2p 1
ip-10-186-1-195:56:139 [0] NCCL INFO [Proxy Service] Device 0 CPU core 1
ip-10-186-1-195:56:56 [0] NCCL INFO ncclP2pSchedule: group size used is 1
ip-10-186-1-195:56:140 [0] NCCL INFO [Proxy Service UDS] Device 0 CPU core 0
ip-10-186-1-195:56:56 [0] NCCL INFO threadThresholds 8/8/64 | 16/8/64 | 512 | 512
ip-10-186-1-195:56:56 [0] NCCL INFO 2 coll channels, 2 collnet channels, 0 nvls channels, 2 p2p channels, 1 p2p channels per peer
ip-10-186-1-195:56:56 [0] NCCL INFO Symmetric VA size=24GB
ip-10-186-1-195:56:56 [0] NCCL INFO Symmetric memory is not supported. cuMemEnable 1, globalGinSupport 0, globalNicFused 0 cuMemGdrSupport 1
ip-10-186-1-195:56:56 [0] NCCL INFO ncclCommInitRankConfig comm 0x5f53f6cf7ff0 rank 1 nranks 2 cudaDev 0 nvmlDev 0 busId 1e0 commId 0xde58e1bee275a218 - Init COMPLETE
ip-10-186-1-195:56:56 [0] NCCL INFO Init timings - ncclCommInitRankConfig: rank 1 nranks 2 total 0.17 (kernels 0.00, alloc 0.00, bootstrap 0.11, allgathers 0.05, topo 0.00, graphs 0.00, connections 0.00, rest 0.00)
ip-10-186-1-195:56:139 [0] NCCL INFO New proxy recv connection 0 from local rank 0, transport 2
ip-10-186-1-195:56:141 [0] NCCL INFO [Proxy Progress] Device 0 CPU core 2
ip-10-186-1-195:56:56 [0] NCCL INFO Connected to proxy localRank 0 -> connection 0x7cbdbc0210e0
ip-10-186-1-195:56:139 [0] NCCL INFO Could not get speed from /sys/class/net/ens5/speed. Defaulting to 10 Gbps.
ip-10-186-1-195:56:139 [0] NCCL INFO NET/Socket: Using 2 threads and 8 sockets per thread
ip-10-186-1-195:56:56 [0] NCCL INFO Channel 01/1 : 0[0] -> 1[0] [receive] via NET/Socket/0/Shared
ip-10-186-1-195:56:139 [0] NCCL INFO New proxy send connection 1 from local rank 0, transport 2
ip-10-186-1-195:56:56 [0] NCCL INFO Connected to proxy localRank 0 -> connection 0x7cbdbc021168
ip-10-186-1-195:56:139 [0] NCCL INFO Could not get speed from /sys/class/net/ens5/speed. Defaulting to 10 Gbps.
ip-10-186-1-195:56:56 [0] NCCL INFO Channel 01/1 : 1[0] -> 0[0] [send] via NET/Socket/0/Shared
ip-10-186-1-195:56:56 [0] NCCL INFO Initialized NET plugin Socket
ip-10-186-1-195:56:56 [0] NCCL INFO Could not get speed from /sys/class/net/ens5/speed. Defaulting to 10 Gbps.
ip-10-186-1-195:56:56 [0] NCCL INFO Assigned NET plugin Socket to comm
ip-10-186-1-195:56:56 [0] NCCL INFO Failed to initialize any GIN plugin
ip-10-186-1-195:56:56 [0] NCCL INFO Using network Socket
ip-10-186-1-195:56:56 [0] NCCL INFO [Rank 1] ncclCommInitRankConfig comm 0x5f53f6e5d6d0 rank 1 nranks 2 cudaDev 0 nvmlDev 0 busId 1e0 commId 0x90c16f697b731d65 - Init START
ip-10-186-1-195:56:56 [0] NCCL INFO Topology detection : could not read /sys/devices/pci0000:00/0000:00:1e.0/../max_link_speed, ignoring
ip-10-186-1-195:56:56 [0] NCCL INFO Topology detection : could not read /sys/devices/pci0000:00/0000:00:1e.0/../max_link_width, ignoring
ip-10-186-1-195:56:56 [0] NCCL INFO Topology detection : could not read /sys/devices/system/node/node-1/cpumap, ignoring
ip-10-186-1-195:56:56 [0] NCCL INFO TOPO/NET : Importing network plugins to topology
ip-10-186-1-195:56:56 [0] NCCL INFO Could not get speed from /sys/class/net/ens5/speed. Defaulting to 10 Gbps.
ip-10-186-1-195:56:56 [0] NCCL INFO Topology detection : could not read /sys/devices/pci0000:00/0000:00:05.0/../max_link_speed, ignoring
ip-10-186-1-195:56:56 [0] NCCL INFO Topology detection : could not read /sys/devices/pci0000:00/0000:00:05.0/../max_link_width, ignoring
ip-10-186-1-195:56:56 [0] NCCL INFO Topology detection : could not read /sys/devices/system/node/node-1/cpumap, ignoring
ip-10-186-1-195:56:56 [0] NCCL INFO NET/Socket : GPU Direct RDMA Disabled for HCA 0 'ens5'
ip-10-186-1-195:56:56 [0] NCCL INFO ncclTopoPopulateNics : Filled ens5 in topo with pciPath=/sys/devices/pci0000:00/0000:00:05.0 net=1 gin=(null) keep=1 coll=(null)
ip-10-186-1-195:56:56 [0] NCCL INFO KV Convert to int : could not find value of 'Unknown' in dictionary, falling back to 60
ip-10-186-1-195:56:56 [0] NCCL INFO === System : maxBw 1.2 totalBw 24.0 ===
ip-10-186-1-195:56:56 [0] NCCL INFO CPU/0-ffffffffffffff (1/2/-1)
ip-10-186-1-195:56:56 [0] NCCL INFO + PCI[24.0] - GPU/0-1e0 (1)
ip-10-186-1-195:56:56 [0] NCCL INFO + PCI[12.0] - NIC/0-50
ip-10-186-1-195:56:56 [0] NCCL INFO               + NET[1.2] - NET/0-0 (0/0/0/1.250000)
ip-10-186-1-195:56:56 [0] NCCL INFO ==========================================
ip-10-186-1-195:56:56 [0] NCCL INFO GPU/0-1e0 :GPU/0-1e0 (0/5000.0/LOC) CPU/0-ffffffffffffff (1/24.0/PHB) NET/0-0 (3/1.2/PHB) 
ip-10-186-1-195:56:56 [0] NCCL INFO NET/0-0 :GPU/0-1e0 (3/1.2/PHB) CPU/0-ffffffffffffff (2/1.2/PHB) NET/0-0 (0/5000.0/LOC) 
ip-10-186-1-195:56:56 [0] NCCL INFO ncclTopoGetCpuAffinity: Affinity for GPU 0 is empty, ignoring. (GPU affinity =  ; CPU affinity = 0-3).
ip-10-186-1-195:56:56 [0] NCCL INFO Pattern 4, crossNic 0, nChannels 1, bw 1.200000/1.200000, type LOC/PHB, sameChannels 1
ip-10-186-1-195:56:56 [0] NCCL INFO  0 : NET/0-0 GPU/0-1e0 NET/0-0
ip-10-186-1-195:56:56 [0] NCCL INFO Pattern 3, crossNic 0, nChannels 1, bw 2.400000/1.200000, type LOC/PHB, sameChannels 1
ip-10-186-1-195:56:56 [0] NCCL INFO  0 : NET/0-0 GPU/0-1e0 NET/0-0
ip-10-186-1-195:56:56 [0] NCCL INFO Could not get speed from /sys/class/net/ens5/speed. Defaulting to 10 Gbps.
ip-10-186-1-195:56:56 [0] NCCL INFO comm 0x5f53f6e5d6d0 rank 1 nRanks 2 nNodes 2 localRanks 1 localRank 0 MNNVL 0
ip-10-186-1-195:56:56 [0] NCCL INFO Tree 0 : 0 -> 1 -> -1/-1/-1
ip-10-186-1-195:56:56 [0] NCCL INFO Tree 1 : -1 -> 1 -> 0/-1/-1
ip-10-186-1-195:56:56 [0] NCCL INFO Ring 00 : 0 -> 1 -> 0
ip-10-186-1-195:56:56 [0] NCCL INFO Ring 01 : 0 -> 1 -> 0
ip-10-186-1-195:56:56 [0] NCCL INFO Trees [0] -1/-1/-1->1->0 [1] 0/-1/-1->1->-1
ip-10-186-1-195:56:56 [0] NCCL INFO P2P Chunksize set to 131072
ip-10-186-1-195:56:56 [0] NCCL INFO Check P2P Type isAllDirectP2p 1 directMode 0 isAllCudaP2p 1
ip-10-186-1-195:56:56 [0] NCCL INFO ncclP2pSchedule: group size used is 1
ip-10-186-1-195:56:146 [0] NCCL INFO [Proxy Service] Device 0 CPU core 1
ip-10-186-1-195:56:147 [0] NCCL INFO [Proxy Service UDS] Device 0 CPU core 1
ip-10-186-1-195:56:56 [0] NCCL INFO threadThresholds 8/8/64 | 16/8/64 | 512 | 512
ip-10-186-1-195:56:56 [0] NCCL INFO 2 coll channels, 2 collnet channels, 0 nvls channels, 2 p2p channels, 1 p2p channels per peer
ip-10-186-1-195:56:56 [0] NCCL INFO Symmetric VA size=24GB
ip-10-186-1-195:56:56 [0] NCCL INFO Symmetric memory is not supported. cuMemEnable 1, globalGinSupport 0, globalNicFused 0 cuMemGdrSupport 1
ip-10-186-1-195:56:56 [0] NCCL INFO ncclCommInitRankConfig comm 0x5f53f6e5d6d0 rank 1 nranks 2 cudaDev 0 nvmlDev 0 busId 1e0 commId 0x90c16f697b731d65 - Init COMPLETE
ip-10-186-1-195:56:56 [0] NCCL INFO Init timings - ncclCommInitRankConfig: rank 1 nranks 2 total 1.01 (kernels 0.00, alloc 0.00, bootstrap 0.72, allgathers 0.29, topo 0.00, graphs 0.00, connections 0.00, rest 0.00)
ip-10-186-1-195:56:146 [0] NCCL INFO New proxy recv connection 0 from local rank 0, transport 2
ip-10-186-1-195:56:148 [0] NCCL INFO [Proxy Progress] Device 0 CPU core 2
ip-10-186-1-195:56:56 [0] NCCL INFO Connected to proxy localRank 0 -> connection 0x7cbde8057660
ip-10-186-1-195:56:146 [0] NCCL INFO Could not get speed from /sys/class/net/ens5/speed. Defaulting to 10 Gbps.
ip-10-186-1-195:56:146 [0] NCCL INFO NET/Socket: Using 2 threads and 8 sockets per thread
ip-10-186-1-195:56:56 [0] NCCL INFO Channel 01/1 : 0[0] -> 1[0] [receive] via NET/Socket/0/Shared
ip-10-186-1-195:56:146 [0] NCCL INFO New proxy send connection 1 from local rank 0, transport 2
ip-10-186-1-195:56:56 [0] NCCL INFO Connected to proxy localRank 0 -> connection 0x7cbde80576e8
ip-10-186-1-195:56:146 [0] NCCL INFO Could not get speed from /sys/class/net/ens5/speed. Defaulting to 10 Gbps.
ip-10-186-1-195:56:56 [0] NCCL INFO Channel 01/1 : 1[0] -> 0[0] [send] via NET/Socket/0/Shared
ip-10-186-1-195:56:56 [0] NCCL INFO Initialized NET plugin Socket
ip-10-186-1-195:56:56 [0] NCCL INFO Could not get speed from /sys/class/net/ens5/speed. Defaulting to 10 Gbps.
ip-10-186-1-195:56:56 [0] NCCL INFO Assigned NET plugin Socket to comm
ip-10-186-1-195:56:56 [0] NCCL INFO Failed to initialize any GIN plugin
ip-10-186-1-195:56:56 [0] NCCL INFO Using network Socket
ip-10-186-1-195:56:56 [0] NCCL INFO [Rank 1] ncclCommInitRankConfig comm 0x5f53f6f824c0 rank 1 nranks 2 cudaDev 0 nvmlDev 0 busId 1e0 commId 0x2519424ab0b65c39 - Init START
ip-10-186-1-195:56:56 [0] NCCL INFO Topology detection : could not read /sys/devices/pci0000:00/0000:00:1e.0/../max_link_speed, ignoring
ip-10-186-1-195:56:56 [0] NCCL INFO Topology detection : could not read /sys/devices/pci0000:00/0000:00:1e.0/../max_link_width, ignoring
ip-10-186-1-195:56:56 [0] NCCL INFO Topology detection : could not read /sys/devices/system/node/node-1/cpumap, ignoring
ip-10-186-1-195:56:56 [0] NCCL INFO TOPO/NET : Importing network plugins to topology
ip-10-186-1-195:56:56 [0] NCCL INFO Could not get speed from /sys/class/net/ens5/speed. Defaulting to 10 Gbps.
ip-10-186-1-195:56:56 [0] NCCL INFO Topology detection : could not read /sys/devices/pci0000:00/0000:00:05.0/../max_link_speed, ignoring
ip-10-186-1-195:56:56 [0] NCCL INFO Topology detection : could not read /sys/devices/pci0000:00/0000:00:05.0/../max_link_width, ignoring
ip-10-186-1-195:56:56 [0] NCCL INFO Topology detection : could not read /sys/devices/system/node/node-1/cpumap, ignoring
ip-10-186-1-195:56:56 [0] NCCL INFO NET/Socket : GPU Direct RDMA Disabled for HCA 0 'ens5'
ip-10-186-1-195:56:56 [0] NCCL INFO ncclTopoPopulateNics : Filled ens5 in topo with pciPath=/sys/devices/pci0000:00/0000:00:05.0 net=1 gin=(null) keep=1 coll=(null)
ip-10-186-1-195:56:56 [0] NCCL INFO KV Convert to int : could not find value of 'Unknown' in dictionary, falling back to 60
ip-10-186-1-195:56:56 [0] NCCL INFO === System : maxBw 1.2 totalBw 24.0 ===
ip-10-186-1-195:56:56 [0] NCCL INFO CPU/0-ffffffffffffff (1/2/-1)
ip-10-186-1-195:56:56 [0] NCCL INFO + PCI[24.0] - GPU/0-1e0 (1)
ip-10-186-1-195:56:56 [0] NCCL INFO + PCI[12.0] - NIC/0-50
ip-10-186-1-195:56:56 [0] NCCL INFO               + NET[1.2] - NET/0-0 (0/0/0/1.250000)
ip-10-186-1-195:56:56 [0] NCCL INFO ==========================================
ip-10-186-1-195:56:56 [0] NCCL INFO GPU/0-1e0 :GPU/0-1e0 (0/5000.0/LOC) CPU/0-ffffffffffffff (1/24.0/PHB) NET/0-0 (3/1.2/PHB) 
ip-10-186-1-195:56:56 [0] NCCL INFO NET/0-0 :GPU/0-1e0 (3/1.2/PHB) CPU/0-ffffffffffffff (2/1.2/PHB) NET/0-0 (0/5000.0/LOC) 
ip-10-186-1-195:56:56 [0] NCCL INFO ncclTopoGetCpuAffinity: Affinity for GPU 0 is empty, ignoring. (GPU affinity =  ; CPU affinity = 0-3).
ip-10-186-1-195:56:56 [0] NCCL INFO Pattern 4, crossNic 0, nChannels 1, bw 1.200000/1.200000, type LOC/PHB, sameChannels 1
ip-10-186-1-195:56:56 [0] NCCL INFO  0 : NET/0-0 GPU/0-1e0 NET/0-0
ip-10-186-1-195:56:56 [0] NCCL INFO Pattern 3, crossNic 0, nChannels 1, bw 2.400000/1.200000, type LOC/PHB, sameChannels 1
ip-10-186-1-195:56:56 [0] NCCL INFO  0 : NET/0-0 GPU/0-1e0 NET/0-0
ip-10-186-1-195:56:56 [0] NCCL INFO Could not get speed from /sys/class/net/ens5/speed. Defaulting to 10 Gbps.
ip-10-186-1-195:56:56 [0] NCCL INFO comm 0x5f53f6f824c0 rank 1 nRanks 2 nNodes 2 localRanks 1 localRank 0 MNNVL 0
ip-10-186-1-195:56:56 [0] NCCL INFO Tree 0 : 0 -> 1 -> -1/-1/-1
ip-10-186-1-195:56:56 [0] NCCL INFO Tree 1 : -1 -> 1 -> 0/-1/-1
ip-10-186-1-195:56:56 [0] NCCL INFO Ring 00 : 0 -> 1 -> 0
ip-10-186-1-195:56:56 [0] NCCL INFO Ring 01 : 0 -> 1 -> 0
ip-10-186-1-195:56:56 [0] NCCL INFO Trees [0] -1/-1/-1->1->0 [1] 0/-1/-1->1->-1
ip-10-186-1-195:56:56 [0] NCCL INFO P2P Chunksize set to 131072
ip-10-186-1-195:56:56 [0] NCCL INFO Check P2P Type isAllDirectP2p 1 directMode 0 isAllCudaP2p 1
ip-10-186-1-195:56:56 [0] NCCL INFO ncclP2pSchedule: group size used is 1
ip-10-186-1-195:56:154 [0] NCCL INFO [Proxy Service UDS] Device 0 CPU core 1
ip-10-186-1-195:56:153 [0] NCCL INFO [Proxy Service] Device 0 CPU core 3
ip-10-186-1-195:56:56 [0] NCCL INFO threadThresholds 8/8/64 | 16/8/64 | 512 | 512
ip-10-186-1-195:56:56 [0] NCCL INFO 2 coll channels, 2 collnet channels, 0 nvls channels, 2 p2p channels, 1 p2p channels per peer
ip-10-186-1-195:56:56 [0] NCCL INFO Symmetric VA size=24GB
ip-10-186-1-195:56:56 [0] NCCL INFO Symmetric memory is not supported. cuMemEnable 1, globalGinSupport 0, globalNicFused 0 cuMemGdrSupport 1
ip-10-186-1-195:56:56 [0] NCCL INFO ncclCommInitRankConfig comm 0x5f53f6f824c0 rank 1 nranks 2 cudaDev 0 nvmlDev 0 busId 1e0 commId 0x2519424ab0b65c39 - Init COMPLETE
ip-10-186-1-195:56:56 [0] NCCL INFO Init timings - ncclCommInitRankConfig: rank 1 nranks 2 total 0.17 (kernels 0.00, alloc 0.00, bootstrap 0.11, allgathers 0.04, topo 0.00, graphs 0.00, connections 0.00, rest 0.00)
ip-10-186-1-195:56:153 [0] NCCL INFO New proxy recv connection 0 from local rank 0, transport 2
ip-10-186-1-195:56:155 [0] NCCL INFO [Proxy Progress] Device 0 CPU core 2
ip-10-186-1-195:56:56 [0] NCCL INFO Connected to proxy localRank 0 -> connection 0x7cbe24006c50
ip-10-186-1-195:56:153 [0] NCCL INFO Could not get speed from /sys/class/net/ens5/speed. Defaulting to 10 Gbps.
ip-10-186-1-195:56:153 [0] NCCL INFO NET/Socket: Using 2 threads and 8 sockets per thread
ip-10-186-1-195:56:56 [0] NCCL INFO Channel 01/1 : 0[0] -> 1[0] [receive] via NET/Socket/0/Shared
ip-10-186-1-195:56:153 [0] NCCL INFO New proxy send connection 1 from local rank 0, transport 2
ip-10-186-1-195:56:56 [0] NCCL INFO Connected to proxy localRank 0 -> connection 0x7cbe24006cd8
ip-10-186-1-195:56:153 [0] NCCL INFO Could not get speed from /sys/class/net/ens5/speed. Defaulting to 10 Gbps.
ip-10-186-1-195:56:56 [0] NCCL INFO Channel 01/1 : 1[0] -> 0[0] [send] via NET/Socket/0/Shared
ip-10-186-1-195:56:56 [0] NCCL INFO Initialized NET plugin Socket
ip-10-186-1-195:56:56 [0] NCCL INFO Could not get speed from /sys/class/net/ens5/speed. Defaulting to 10 Gbps.
ip-10-186-1-195:56:56 [0] NCCL INFO Assigned NET plugin Socket to comm
ip-10-186-1-195:56:56 [0] NCCL INFO Failed to initialize any GIN plugin
ip-10-186-1-195:56:56 [0] NCCL INFO Using network Socket
ip-10-186-1-195:56:56 [0] NCCL INFO [Rank 1] ncclCommInitRankConfig comm 0x5f53f9d91ef0 rank 1 nranks 2 cudaDev 0 nvmlDev 0 busId 1e0 commId 0xadead5f9ee15a897 - Init START
ip-10-186-1-195:56:56 [0] NCCL INFO Topology detection : could not read /sys/devices/pci0000:00/0000:00:1e.0/../max_link_speed, ignoring
ip-10-186-1-195:56:56 [0] NCCL INFO Topology detection : could not read /sys/devices/pci0000:00/0000:00:1e.0/../max_link_width, ignoring
ip-10-186-1-195:56:56 [0] NCCL INFO Topology detection : could not read /sys/devices/system/node/node-1/cpumap, ignoring
ip-10-186-1-195:56:56 [0] NCCL INFO TOPO/NET : Importing network plugins to topology
ip-10-186-1-195:56:56 [0] NCCL INFO Could not get speed from /sys/class/net/ens5/speed. Defaulting to 10 Gbps.
ip-10-186-1-195:56:56 [0] NCCL INFO Topology detection : could not read /sys/devices/pci0000:00/0000:00:05.0/../max_link_speed, ignoring
ip-10-186-1-195:56:56 [0] NCCL INFO Topology detection : could not read /sys/devices/pci0000:00/0000:00:05.0/../max_link_width, ignoring
ip-10-186-1-195:56:56 [0] NCCL INFO Topology detection : could not read /sys/devices/system/node/node-1/cpumap, ignoring
ip-10-186-1-195:56:56 [0] NCCL INFO NET/Socket : GPU Direct RDMA Disabled for HCA 0 'ens5'
ip-10-186-1-195:56:56 [0] NCCL INFO ncclTopoPopulateNics : Filled ens5 in topo with pciPath=/sys/devices/pci0000:00/0000:00:05.0 net=1 gin=(null) keep=1 coll=(null)
ip-10-186-1-195:56:56 [0] NCCL INFO KV Convert to int : could not find value of 'Unknown' in dictionary, falling back to 60
ip-10-186-1-195:56:56 [0] NCCL INFO === System : maxBw 1.2 totalBw 24.0 ===
ip-10-186-1-195:56:56 [0] NCCL INFO CPU/0-ffffffffffffff (1/2/-1)
ip-10-186-1-195:56:56 [0] NCCL INFO + PCI[24.0] - GPU/0-1e0 (1)
ip-10-186-1-195:56:56 [0] NCCL INFO + PCI[12.0] - NIC/0-50
ip-10-186-1-195:56:56 [0] NCCL INFO               + NET[1.2] - NET/0-0 (0/0/0/1.250000)
ip-10-186-1-195:56:56 [0] NCCL INFO ==========================================
ip-10-186-1-195:56:56 [0] NCCL INFO GPU/0-1e0 :GPU/0-1e0 (0/5000.0/LOC) CPU/0-ffffffffffffff (1/24.0/PHB) NET/0-0 (3/1.2/PHB) 
ip-10-186-1-195:56:56 [0] NCCL INFO NET/0-0 :GPU/0-1e0 (3/1.2/PHB) CPU/0-ffffffffffffff (2/1.2/PHB) NET/0-0 (0/5000.0/LOC) 
ip-10-186-1-195:56:56 [0] NCCL INFO ncclTopoGetCpuAffinity: Affinity for GPU 0 is empty, ignoring. (GPU affinity =  ; CPU affinity = 0-3).
ip-10-186-1-195:56:56 [0] NCCL INFO Pattern 4, crossNic 0, nChannels 1, bw 1.200000/1.200000, type LOC/PHB, sameChannels 1
ip-10-186-1-195:56:56 [0] NCCL INFO  0 : NET/0-0 GPU/0-1e0 NET/0-0
ip-10-186-1-195:56:56 [0] NCCL INFO Pattern 3, crossNic 0, nChannels 1, bw 2.400000/1.200000, type LOC/PHB, sameChannels 1
ip-10-186-1-195:56:56 [0] NCCL INFO  0 : NET/0-0 GPU/0-1e0 NET/0-0
ip-10-186-1-195:56:56 [0] NCCL INFO Could not get speed from /sys/class/net/ens5/speed. Defaulting to 10 Gbps.
ip-10-186-1-195:56:56 [0] NCCL INFO comm 0x5f53f9d91ef0 rank 1 nRanks 2 nNodes 2 localRanks 1 localRank 0 MNNVL 0
ip-10-186-1-195:56:56 [0] NCCL INFO Tree 0 : 0 -> 1 -> -1/-1/-1
ip-10-186-1-195:56:56 [0] NCCL INFO Tree 1 : -1 -> 1 -> 0/-1/-1
ip-10-186-1-195:56:56 [0] NCCL INFO Ring 00 : 0 -> 1 -> 0
ip-10-186-1-195:56:56 [0] NCCL INFO Ring 01 : 0 -> 1 -> 0
ip-10-186-1-195:56:56 [0] NCCL INFO Trees [0] -1/-1/-1->1->0 [1] 0/-1/-1->1->-1
ip-10-186-1-195:56:56 [0] NCCL INFO P2P Chunksize set to 131072
ip-10-186-1-195:56:56 [0] NCCL INFO Check P2P Type isAllDirectP2p 1 directMode 0 isAllCudaP2p 1
ip-10-186-1-195:56:160 [0] NCCL INFO [Proxy Service] Device 0 CPU core 2
ip-10-186-1-195:56:56 [0] NCCL INFO ncclP2pSchedule: group size used is 1
ip-10-186-1-195:56:161 [0] NCCL INFO [Proxy Service UDS] Device 0 CPU core 0
ip-10-186-1-195:56:56 [0] NCCL INFO threadThresholds 8/8/64 | 16/8/64 | 512 | 512
ip-10-186-1-195:56:56 [0] NCCL INFO 2 coll channels, 2 collnet channels, 0 nvls channels, 2 p2p channels, 1 p2p channels per peer
ip-10-186-1-195:56:56 [0] NCCL INFO Symmetric VA size=24GB
ip-10-186-1-195:56:56 [0] NCCL INFO Symmetric memory is not supported. cuMemEnable 1, globalGinSupport 0, globalNicFused 0 cuMemGdrSupport 1
ip-10-186-1-195:56:56 [0] NCCL INFO ncclCommInitRankConfig comm 0x5f53f9d91ef0 rank 1 nranks 2 cudaDev 0 nvmlDev 0 busId 1e0 commId 0xadead5f9ee15a897 - Init COMPLETE
ip-10-186-1-195:56:56 [0] NCCL INFO Init timings - ncclCommInitRankConfig: rank 1 nranks 2 total 0.01 (kernels 0.00, alloc 0.00, bootstrap 0.00, allgathers 0.00, topo 0.00, graphs 0.00, connections 0.00, rest 0.00)
ip-10-186-1-195:56:160 [0] NCCL INFO New proxy recv connection 0 from local rank 0, transport 2
ip-10-186-1-195:56:162 [0] NCCL INFO [Proxy Progress] Device 0 CPU core 1
ip-10-186-1-195:56:56 [0] NCCL INFO Connected to proxy localRank 0 -> connection 0x7cbeac0200b0
ip-10-186-1-195:56:160 [0] NCCL INFO Could not get speed from /sys/class/net/ens5/speed. Defaulting to 10 Gbps.
ip-10-186-1-195:56:160 [0] NCCL INFO NET/Socket: Using 2 threads and 8 sockets per thread
ip-10-186-1-195:56:56 [0] NCCL INFO Channel 01/1 : 0[0] -> 1[0] [receive] via NET/Socket/0/Shared
ip-10-186-1-195:56:160 [0] NCCL INFO New proxy send connection 1 from local rank 0, transport 2
ip-10-186-1-195:56:56 [0] NCCL INFO Connected to proxy localRank 0 -> connection 0x7cbeac020138
ip-10-186-1-195:56:160 [0] NCCL INFO Could not get speed from /sys/class/net/ens5/speed. Defaulting to 10 Gbps.
ip-10-186-1-195:56:56 [0] NCCL INFO Channel 01/1 : 1[0] -> 0[0] [send] via NET/Socket/0/Shared
ip-10-186-1-195:56:56 [0] NCCL INFO Initialized NET plugin Socket
ip-10-186-1-195:56:56 [0] NCCL INFO Could not get speed from /sys/class/net/ens5/speed. Defaulting to 10 Gbps.
ip-10-186-1-195:56:56 [0] NCCL INFO Assigned NET plugin Socket to comm
ip-10-186-1-195:56:56 [0] NCCL INFO Failed to initialize any GIN plugin
ip-10-186-1-195:56:56 [0] NCCL INFO Using network Socket
ip-10-186-1-195:56:56 [0] NCCL INFO [Rank 1] ncclCommInitRankConfig comm 0x5f53f9f3db40 rank 1 nranks 2 cudaDev 0 nvmlDev 0 busId 1e0 commId 0xd7d517537a7de344 - Init START
ip-10-186-1-195:56:56 [0] NCCL INFO Topology detection : could not read /sys/devices/pci0000:00/0000:00:1e.0/../max_link_speed, ignoring
ip-10-186-1-195:56:56 [0] NCCL INFO Topology detection : could not read /sys/devices/pci0000:00/0000:00:1e.0/../max_link_width, ignoring
ip-10-186-1-195:56:56 [0] NCCL INFO Topology detection : could not read /sys/devices/system/node/node-1/cpumap, ignoring
ip-10-186-1-195:56:56 [0] NCCL INFO TOPO/NET : Importing network plugins to topology
ip-10-186-1-195:56:56 [0] NCCL INFO Could not get speed from /sys/class/net/ens5/speed. Defaulting to 10 Gbps.
ip-10-186-1-195:56:56 [0] NCCL INFO Topology detection : could not read /sys/devices/pci0000:00/0000:00:05.0/../max_link_speed, ignoring
ip-10-186-1-195:56:56 [0] NCCL INFO Topology detection : could not read /sys/devices/pci0000:00/0000:00:05.0/../max_link_width, ignoring
ip-10-186-1-195:56:56 [0] NCCL INFO Topology detection : could not read /sys/devices/system/node/node-1/cpumap, ignoring
ip-10-186-1-195:56:56 [0] NCCL INFO NET/Socket : GPU Direct RDMA Disabled for HCA 0 'ens5'
ip-10-186-1-195:56:56 [0] NCCL INFO ncclTopoPopulateNics : Filled ens5 in topo with pciPath=/sys/devices/pci0000:00/0000:00:05.0 net=1 gin=(null) keep=1 coll=(null)
ip-10-186-1-195:56:56 [0] NCCL INFO KV Convert to int : could not find value of 'Unknown' in dictionary, falling back to 60
ip-10-186-1-195:56:56 [0] NCCL INFO === System : maxBw 1.2 totalBw 24.0 ===
ip-10-186-1-195:56:56 [0] NCCL INFO CPU/0-ffffffffffffff (1/2/-1)
ip-10-186-1-195:56:56 [0] NCCL INFO + PCI[24.0] - GPU/0-1e0 (1)
ip-10-186-1-195:56:56 [0] NCCL INFO + PCI[12.0] - NIC/0-50
ip-10-186-1-195:56:56 [0] NCCL INFO               + NET[1.2] - NET/0-0 (0/0/0/1.250000)
ip-10-186-1-195:56:56 [0] NCCL INFO ==========================================
ip-10-186-1-195:56:56 [0] NCCL INFO GPU/0-1e0 :GPU/0-1e0 (0/5000.0/LOC) CPU/0-ffffffffffffff (1/24.0/PHB) NET/0-0 (3/1.2/PHB) 
ip-10-186-1-195:56:56 [0] NCCL INFO NET/0-0 :GPU/0-1e0 (3/1.2/PHB) CPU/0-ffffffffffffff (2/1.2/PHB) NET/0-0 (0/5000.0/LOC) 
ip-10-186-1-195:56:56 [0] NCCL INFO ncclTopoGetCpuAffinity: Affinity for GPU 0 is empty, ignoring. (GPU affinity =  ; CPU affinity = 0-3).
ip-10-186-1-195:56:56 [0] NCCL INFO Pattern 4, crossNic 0, nChannels 1, bw 1.200000/1.200000, type LOC/PHB, sameChannels 1
ip-10-186-1-195:56:56 [0] NCCL INFO  0 : NET/0-0 GPU/0-1e0 NET/0-0
ip-10-186-1-195:56:56 [0] NCCL INFO Pattern 3, crossNic 0, nChannels 1, bw 2.400000/1.200000, type LOC/PHB, sameChannels 1
ip-10-186-1-195:56:56 [0] NCCL INFO  0 : NET/0-0 GPU/0-1e0 NET/0-0
ip-10-186-1-195:56:56 [0] NCCL INFO Could not get speed from /sys/class/net/ens5/speed. Defaulting to 10 Gbps.
ip-10-186-1-195:56:56 [0] NCCL INFO comm 0x5f53f9f3db40 rank 1 nRanks 2 nNodes 2 localRanks 1 localRank 0 MNNVL 0
ip-10-186-1-195:56:56 [0] NCCL INFO Tree 0 : 0 -> 1 -> -1/-1/-1
ip-10-186-1-195:56:56 [0] NCCL INFO Tree 1 : -1 -> 1 -> 0/-1/-1
ip-10-186-1-195:56:56 [0] NCCL INFO Ring 00 : 0 -> 1 -> 0
ip-10-186-1-195:56:56 [0] NCCL INFO Ring 01 : 0 -> 1 -> 0
ip-10-186-1-195:56:56 [0] NCCL INFO Trees [0] -1/-1/-1->1->0 [1] 0/-1/-1->1->-1
ip-10-186-1-195:56:56 [0] NCCL INFO P2P Chunksize set to 131072
ip-10-186-1-195:56:56 [0] NCCL INFO Check P2P Type isAllDirectP2p 1 directMode 0 isAllCudaP2p 1
ip-10-186-1-195:56:167 [0] NCCL INFO [Proxy Service] Device 0 CPU core 1
ip-10-186-1-195:56:56 [0] NCCL INFO ncclP2pSchedule: group size used is 1
ip-10-186-1-195:56:168 [0] NCCL INFO [Proxy Service UDS] Device 0 CPU core 0
ip-10-186-1-195:56:56 [0] NCCL INFO threadThresholds 8/8/64 | 16/8/64 | 512 | 512
ip-10-186-1-195:56:56 [0] NCCL INFO 2 coll channels, 2 collnet channels, 0 nvls channels, 2 p2p channels, 1 p2p channels per peer
ip-10-186-1-195:56:56 [0] NCCL INFO Symmetric VA size=24GB
ip-10-186-1-195:56:56 [0] NCCL INFO Symmetric memory is not supported. cuMemEnable 1, globalGinSupport 0, globalNicFused 0 cuMemGdrSupport 1
ip-10-186-1-195:56:56 [0] NCCL INFO ncclCommInitRankConfig comm 0x5f53f9f3db40 rank 1 nranks 2 cudaDev 0 nvmlDev 0 busId 1e0 commId 0xd7d517537a7de344 - Init COMPLETE
ip-10-186-1-195:56:56 [0] NCCL INFO Init timings - ncclCommInitRankConfig: rank 1 nranks 2 total 0.79 (kernels 0.00, alloc 0.00, bootstrap 0.56, allgathers 0.23, topo 0.00, graphs 0.00, connections 0.00, rest 0.00)
ip-10-186-1-195:56:167 [0] NCCL INFO New proxy recv connection 0 from local rank 0, transport 2
ip-10-186-1-195:56:169 [0] NCCL INFO [Proxy Progress] Device 0 CPU core 2
ip-10-186-1-195:56:56 [0] NCCL INFO Connected to proxy localRank 0 -> connection 0x7cbec0008f90
ip-10-186-1-195:56:167 [0] NCCL INFO Could not get speed from /sys/class/net/ens5/speed. Defaulting to 10 Gbps.
ip-10-186-1-195:56:167 [0] NCCL INFO NET/Socket: Using 2 threads and 8 sockets per thread
ip-10-186-1-195:56:56 [0] NCCL INFO Channel 01/1 : 0[0] -> 1[0] [receive] via NET/Socket/0/Shared
ip-10-186-1-195:56:167 [0] NCCL INFO New proxy send connection 1 from local rank 0, transport 2
ip-10-186-1-195:56:56 [0] NCCL INFO Connected to proxy localRank 0 -> connection 0x7cbec0009018
ip-10-186-1-195:56:167 [0] NCCL INFO Could not get speed from /sys/class/net/ens5/speed. Defaulting to 10 Gbps.
ip-10-186-1-195:56:56 [0] NCCL INFO Channel 01/1 : 1[0] -> 0[0] [send] via NET/Socket/0/Shared
{"event": "outer_step_completed", "rank": 13, "completed_outer_steps": 25, "timestamp": "2026-09-14T14:52:16.858317+00:00"}
ip-10-186-1-195:56:56 [0] NCCL INFO Initialized NET plugin Socket
ip-10-186-1-195:56:56 [0] NCCL INFO Could not get speed from /sys/class/net/ens5/speed. Defaulting to 10 Gbps.
ip-10-186-1-195:56:56 [0] NCCL INFO Assigned NET plugin Socket to comm
ip-10-186-1-195:56:56 [0] NCCL INFO Failed to initialize any GIN plugin
ip-10-186-1-195:56:56 [0] NCCL INFO Using network Socket
ip-10-186-1-195:56:56 [0] NCCL INFO [Rank 1] ncclCommInitRankConfig comm 0x5f53fcacf120 rank 1 nranks 2 cudaDev 0 nvmlDev 0 busId 1e0 commId 0xfa06e32728b979eb - Init START
ip-10-186-1-195:56:56 [0] NCCL INFO Topology detection : could not read /sys/devices/pci0000:00/0000:00:1e.0/../max_link_speed, ignoring
ip-10-186-1-195:56:56 [0] NCCL INFO Topology detection : could not read /sys/devices/pci0000:00/0000:00:1e.0/../max_link_width, ignoring
ip-10-186-1-195:56:56 [0] NCCL INFO Topology detection : could not read /sys/devices/system/node/node-1/cpumap, ignoring
ip-10-186-1-195:56:56 [0] NCCL INFO TOPO/NET : Importing network plugins to topology
ip-10-186-1-195:56:56 [0] NCCL INFO Could not get speed from /sys/class/net/ens5/speed. Defaulting to 10 Gbps.
ip-10-186-1-195:56:56 [0] NCCL INFO Topology detection : could not read /sys/devices/pci0000:00/0000:00:05.0/../max_link_speed, ignoring
ip-10-186-1-195:56:56 [0] NCCL INFO Topology detection : could not read /sys/devices/pci0000:00/0000:00:05.0/../max_link_width, ignoring
ip-10-186-1-195:56:56 [0] NCCL INFO Topology detection : could not read /sys/devices/system/node/node-1/cpumap, ignoring
ip-10-186-1-195:56:56 [0] NCCL INFO NET/Socket : GPU Direct RDMA Disabled for HCA 0 'ens5'
ip-10-186-1-195:56:56 [0] NCCL INFO ncclTopoPopulateNics : Filled ens5 in topo with pciPath=/sys/devices/pci0000:00/0000:00:05.0 net=1 gin=(null) keep=1 coll=(null)
ip-10-186-1-195:56:56 [0] NCCL INFO KV Convert to int : could not find value of 'Unknown' in dictionary, falling back to 60
ip-10-186-1-195:56:56 [0] NCCL INFO === System : maxBw 1.2 totalBw 24.0 ===
ip-10-186-1-195:56:56 [0] NCCL INFO CPU/0-ffffffffffffff (1/2/-1)
ip-10-186-1-195:56:56 [0] NCCL INFO + PCI[24.0] - GPU/0-1e0 (1)
ip-10-186-1-195:56:56 [0] NCCL INFO + PCI[12.0] - NIC/0-50
ip-10-186-1-195:56:56 [0] NCCL INFO               + NET[1.2] - NET/0-0 (0/0/0/1.250000)
ip-10-186-1-195:56:56 [0] NCCL INFO ==========================================
ip-10-186-1-195:56:56 [0] NCCL INFO GPU/0-1e0 :GPU/0-1e0 (0/5000.0/LOC) CPU/0-ffffffffffffff (1/24.0/PHB) NET/0-0 (3/1.2/PHB) 
ip-10-186-1-195:56:56 [0] NCCL INFO NET/0-0 :GPU/0-1e0 (3/1.2/PHB) CPU/0-ffffffffffffff (2/1.2/PHB) NET/0-0 (0/5000.0/LOC) 
ip-10-186-1-195:56:56 [0] NCCL INFO ncclTopoGetCpuAffinity: Affinity for GPU 0 is empty, ignoring. (GPU affinity =  ; CPU affinity = 0-3).
ip-10-186-1-195:56:56 [0] NCCL INFO Pattern 4, crossNic 0, nChannels 1, bw 1.200000/1.200000, type LOC/PHB, sameChannels 1
ip-10-186-1-195:56:56 [0] NCCL INFO  0 : NET/0-0 GPU/0-1e0 NET/0-0
ip-10-186-1-195:56:56 [0] NCCL INFO Pattern 3, crossNic 0, nChannels 1, bw 2.400000/1.200000, type LOC/PHB, sameChannels 1
ip-10-186-1-195:56:56 [0] NCCL INFO  0 : NET/0-0 GPU/0-1e0 NET/0-0
ip-10-186-1-195:56:56 [0] NCCL INFO Could not get speed from /sys/class/net/ens5/speed. Defaulting to 10 Gbps.
ip-10-186-1-195:56:56 [0] NCCL INFO comm 0x5f53fcacf120 rank 1 nRanks 2 nNodes 2 localRanks 1 localRank 0 MNNVL 0
ip-10-186-1-195:56:56 [0] NCCL INFO Tree 0 : 0 -> 1 -> -1/-1/-1
ip-10-186-1-195:56:56 [0] NCCL INFO Tree 1 : -1 -> 1 -> 0/-1/-1
ip-10-186-1-195:56:56 [0] NCCL INFO Ring 00 : 0 -> 1 -> 0
ip-10-186-1-195:56:56 [0] NCCL INFO Ring 01 : 0 -> 1 -> 0
ip-10-186-1-195:56:56 [0] NCCL INFO Trees [0] -1/-1/-1->1->0 [1] 0/-1/-1->1->-1
ip-10-186-1-195:56:56 [0] NCCL INFO P2P Chunksize set to 131072
ip-10-186-1-195:56:56 [0] NCCL INFO Check P2P Type isAllDirectP2p 1 directMode 0 isAllCudaP2p 1
ip-10-186-1-195:56:56 [0] NCCL INFO ncclP2pSchedule: group size used is 1
ip-10-186-1-195:56:174 [0] NCCL INFO [Proxy Service] Device 0 CPU core 3
ip-10-186-1-195:56:175 [0] NCCL INFO [Proxy Service UDS] Device 0 CPU core 3
ip-10-186-1-195:56:56 [0] NCCL INFO threadThresholds 8/8/64 | 16/8/64 | 512 | 512
ip-10-186-1-195:56:56 [0] NCCL INFO 2 coll channels, 2 collnet channels, 0 nvls channels, 2 p2p channels, 1 p2p channels per peer
ip-10-186-1-195:56:56 [0] NCCL INFO Symmetric VA size=24GB
ip-10-186-1-195:56:56 [0] NCCL INFO Symmetric memory is not supported. cuMemEnable 1, globalGinSupport 0, globalNicFused 0 cuMemGdrSupport 1
ip-10-186-1-195:56:56 [0] NCCL INFO ncclCommInitRankConfig comm 0x5f53fcacf120 rank 1 nranks 2 cudaDev 0 nvmlDev 0 busId 1e0 commId 0xfa06e32728b979eb - Init COMPLETE
ip-10-186-1-195:56:56 [0] NCCL INFO Init timings - ncclCommInitRankConfig: rank 1 nranks 2 total 1.13 (kernels 0.00, alloc 0.00, bootstrap 0.80, allgathers 0.32, topo 0.00, graphs 0.00, connections 0.00, rest 0.00)
ip-10-186-1-195:56:174 [0] NCCL INFO New proxy recv connection 0 from local rank 0, transport 2
ip-10-186-1-195:56:176 [0] NCCL INFO [Proxy Progress] Device 0 CPU core 1
ip-10-186-1-195:56:56 [0] NCCL INFO Connected to proxy localRank 0 -> connection 0x7cbec8078660
ip-10-186-1-195:56:174 [0] NCCL INFO Could not get speed from /sys/class/net/ens5/speed. Defaulting to 10 Gbps.
ip-10-186-1-195:56:174 [0] NCCL INFO NET/Socket: Using 2 threads and 8 sockets per thread
ip-10-186-1-195:56:56 [0] NCCL INFO Channel 01/1 : 0[0] -> 1[0] [receive] via NET/Socket/0/Shared
ip-10-186-1-195:56:174 [0] NCCL INFO New proxy send connection 1 from local rank 0, transport 2
ip-10-186-1-195:56:56 [0] NCCL INFO Connected to proxy localRank 0 -> connection 0x7cbec80786e8
ip-10-186-1-195:56:174 [0] NCCL INFO Could not get speed from /sys/class/net/ens5/speed. Defaulting to 10 Gbps.
ip-10-186-1-195:56:56 [0] NCCL INFO Channel 01/1 : 1[0] -> 0[0] [send] via NET/Socket/0/Shared
ip-10-186-1-195:56:56 [0] NCCL INFO Initialized NET plugin Socket
ip-10-186-1-195:56:56 [0] NCCL INFO Could not get speed from /sys/class/net/ens5/speed. Defaulting to 10 Gbps.
ip-10-186-1-195:56:56 [0] NCCL INFO Assigned NET plugin Socket to comm
ip-10-186-1-195:56:56 [0] NCCL INFO Failed to initialize any GIN plugin
ip-10-186-1-195:56:56 [0] NCCL INFO Using network Socket
ip-10-186-1-195:56:56 [0] NCCL INFO [Rank 1] ncclCommInitRankConfig comm 0x5f53ff70d540 rank 1 nranks 2 cudaDev 0 nvmlDev 0 busId 1e0 commId 0x81f43af86062379e - Init START
ip-10-186-1-195:56:56 [0] NCCL INFO Topology detection : could not read /sys/devices/pci0000:00/0000:00:1e.0/../max_link_speed, ignoring
ip-10-186-1-195:56:56 [0] NCCL INFO Topology detection : could not read /sys/devices/pci0000:00/0000:00:1e.0/../max_link_width, ignoring
ip-10-186-1-195:56:56 [0] NCCL INFO Topology detection : could not read /sys/devices/system/node/node-1/cpumap, ignoring
ip-10-186-1-195:56:56 [0] NCCL INFO TOPO/NET : Importing network plugins to topology
ip-10-186-1-195:56:56 [0] NCCL INFO Could not get speed from /sys/class/net/ens5/speed. Defaulting to 10 Gbps.
ip-10-186-1-195:56:56 [0] NCCL INFO Topology detection : could not read /sys/devices/pci0000:00/0000:00:05.0/../max_link_speed, ignoring
ip-10-186-1-195:56:56 [0] NCCL INFO Topology detection : could not read /sys/devices/pci0000:00/0000:00:05.0/../max_link_width, ignoring
ip-10-186-1-195:56:56 [0] NCCL INFO Topology detection : could not read /sys/devices/system/node/node-1/cpumap, ignoring
ip-10-186-1-195:56:56 [0] NCCL INFO NET/Socket : GPU Direct RDMA Disabled for HCA 0 'ens5'
ip-10-186-1-195:56:56 [0] NCCL INFO ncclTopoPopulateNics : Filled ens5 in topo with pciPath=/sys/devices/pci0000:00/0000:00:05.0 net=1 gin=(null) keep=1 coll=(null)
ip-10-186-1-195:56:56 [0] NCCL INFO KV Convert to int : could not find value of 'Unknown' in dictionary, falling back to 60
ip-10-186-1-195:56:56 [0] NCCL INFO === System : maxBw 1.2 totalBw 24.0 ===
ip-10-186-1-195:56:56 [0] NCCL INFO CPU/0-ffffffffffffff (1/2/-1)
ip-10-186-1-195:56:56 [0] NCCL INFO + PCI[24.0] - GPU/0-1e0 (1)
ip-10-186-1-195:56:56 [0] NCCL INFO + PCI[12.0] - NIC/0-50
ip-10-186-1-195:56:56 [0] NCCL INFO               + NET[1.2] - NET/0-0 (0/0/0/1.250000)
ip-10-186-1-195:56:56 [0] NCCL INFO ==========================================
ip-10-186-1-195:56:56 [0] NCCL INFO GPU/0-1e0 :GPU/0-1e0 (0/5000.0/LOC) CPU/0-ffffffffffffff (1/24.0/PHB) NET/0-0 (3/1.2/PHB) 
ip-10-186-1-195:56:56 [0] NCCL INFO NET/0-0 :GPU/0-1e0 (3/1.2/PHB) CPU/0-ffffffffffffff (2/1.2/PHB) NET/0-0 (0/5000.0/LOC) 
ip-10-186-1-195:56:56 [0] NCCL INFO ncclTopoGetCpuAffinity: Affinity for GPU 0 is empty, ignoring. (GPU affinity =  ; CPU affinity = 0-3).
ip-10-186-1-195:56:56 [0] NCCL INFO Pattern 4, crossNic 0, nChannels 1, bw 1.200000/1.200000, type LOC/PHB, sameChannels 1
ip-10-186-1-195:56:56 [0] NCCL INFO  0 : NET/0-0 GPU/0-1e0 NET/0-0
ip-10-186-1-195:56:56 [0] NCCL INFO Pattern 3, crossNic 0, nChannels 1, bw 2.400000/1.200000, type LOC/PHB, sameChannels 1
ip-10-186-1-195:56:56 [0] NCCL INFO  0 : NET/0-0 GPU/0-1e0 NET/0-0
ip-10-186-1-195:56:56 [0] NCCL INFO Could not get speed from /sys/class/net/ens5/speed. Defaulting to 10 Gbps.
ip-10-186-1-195:56:56 [0] NCCL INFO comm 0x5f53ff70d540 rank 1 nRanks 2 nNodes 2 localRanks 1 localRank 0 MNNVL 0
ip-10-186-1-195:56:56 [0] NCCL INFO Tree 0 : 0 -> 1 -> -1/-1/-1
ip-10-186-1-195:56:56 [0] NCCL INFO Tree 1 : -1 -> 1 -> 0/-1/-1
ip-10-186-1-195:56:56 [0] NCCL INFO Ring 00 : 0 -> 1 -> 0
ip-10-186-1-195:56:56 [0] NCCL INFO Ring 01 : 0 -> 1 -> 0
ip-10-186-1-195:56:56 [0] NCCL INFO Trees [0] -1/-1/-1->1->0 [1] 0/-1/-1->1->-1
ip-10-186-1-195:56:56 [0] NCCL INFO P2P Chunksize set to 131072
ip-10-186-1-195:56:56 [0] NCCL INFO Check P2P Type isAllDirectP2p 1 directMode 0 isAllCudaP2p 1
ip-10-186-1-195:56:56 [0] NCCL INFO ncclP2pSchedule: group size used is 1
ip-10-186-1-195:56:181 [0] NCCL INFO [Proxy Service] Device 0 CPU core 1
ip-10-186-1-195:56:182 [0] NCCL INFO [Proxy Service UDS] Device 0 CPU core 1
ip-10-186-1-195:56:56 [0] NCCL INFO threadThresholds 8/8/64 | 16/8/64 | 512 | 512
ip-10-186-1-195:56:56 [0] NCCL INFO 2 coll channels, 2 collnet channels, 0 nvls channels, 2 p2p channels, 1 p2p channels per peer
ip-10-186-1-195:56:56 [0] NCCL INFO Symmetric VA size=24GB
ip-10-186-1-195:56:56 [0] NCCL INFO Symmetric memory is not supported. cuMemEnable 1, globalGinSupport 0, globalNicFused 0 cuMemGdrSupport 1
ip-10-186-1-195:56:56 [0] NCCL INFO ncclCommInitRankConfig comm 0x5f53ff70d540 rank 1 nranks 2 cudaDev 0 nvmlDev 0 busId 1e0 commId 0x81f43af86062379e - Init COMPLETE
ip-10-186-1-195:56:56 [0] NCCL INFO Init timings - ncclCommInitRankConfig: rank 1 nranks 2 total 1.13 (kernels 0.00, alloc 0.00, bootstrap 0.80, allgathers 0.32, topo 0.00, graphs 0.00, connections 0.00, rest 0.00)
ip-10-186-1-195:56:181 [0] NCCL INFO New proxy recv connection 0 from local rank 0, transport 2
ip-10-186-1-195:56:183 [0] NCCL INFO [Proxy Progress] Device 0 CPU core 2
ip-10-186-1-195:56:56 [0] NCCL INFO Connected to proxy localRank 0 -> connection 0x7cbedc00d210
ip-10-186-1-195:56:181 [0] NCCL INFO Could not get speed from /sys/class/net/ens5/speed. Defaulting to 10 Gbps.
ip-10-186-1-195:56:181 [0] NCCL INFO NET/Socket: Using 2 threads and 8 sockets per thread
ip-10-186-1-195:56:56 [0] NCCL INFO Channel 01/1 : 0[0] -> 1[0] [receive] via NET/Socket/0/Shared
ip-10-186-1-195:56:181 [0] NCCL INFO New proxy send connection 1 from local rank 0, transport 2
ip-10-186-1-195:56:56 [0] NCCL INFO Connected to proxy localRank 0 -> connection 0x7cbedc00d298
ip-10-186-1-195:56:181 [0] NCCL INFO Could not get speed from /sys/class/net/ens5/speed. Defaulting to 10 Gbps.
ip-10-186-1-195:56:56 [0] NCCL INFO Channel 01/1 : 1[0] -> 0[0] [send] via NET/Socket/0/Shared
ip-10-186-1-195:56:56 [0] NCCL INFO Initialized NET plugin Socket
ip-10-186-1-195:56:56 [0] NCCL INFO Could not get speed from /sys/class/net/ens5/speed. Defaulting to 10 Gbps.
ip-10-186-1-195:56:56 [0] NCCL INFO Assigned NET plugin Socket to comm
ip-10-186-1-195:56:56 [0] NCCL INFO Failed to initialize any GIN plugin
ip-10-186-1-195:56:56 [0] NCCL INFO Using network Socket
ip-10-186-1-195:56:56 [0] NCCL INFO [Rank 1] ncclCommInitRankConfig comm 0x5f53ff501000 rank 1 nranks 2 cudaDev 0 nvmlDev 0 busId 1e0 commId 0xf4eb64cc7160d7dd - Init START
ip-10-186-1-195:56:56 [0] NCCL INFO Topology detection : could not read /sys/devices/pci0000:00/0000:00:1e.0/../max_link_speed, ignoring
ip-10-186-1-195:56:56 [0] NCCL INFO Topology detection : could not read /sys/devices/pci0000:00/0000:00:1e.0/../max_link_width, ignoring
ip-10-186-1-195:56:56 [0] NCCL INFO Topology detection : could not read /sys/devices/system/node/node-1/cpumap, ignoring
ip-10-186-1-195:56:56 [0] NCCL INFO TOPO/NET : Importing network plugins to topology
ip-10-186-1-195:56:56 [0] NCCL INFO Could not get speed from /sys/class/net/ens5/speed. Defaulting to 10 Gbps.
ip-10-186-1-195:56:56 [0] NCCL INFO Topology detection : could not read /sys/devices/pci0000:00/0000:00:05.0/../max_link_speed, ignoring
ip-10-186-1-195:56:56 [0] NCCL INFO Topology detection : could not read /sys/devices/pci0000:00/0000:00:05.0/../max_link_width, ignoring
ip-10-186-1-195:56:56 [0] NCCL INFO Topology detection : could not read /sys/devices/system/node/node-1/cpumap, ignoring
ip-10-186-1-195:56:56 [0] NCCL INFO NET/Socket : GPU Direct RDMA Disabled for HCA 0 'ens5'
ip-10-186-1-195:56:56 [0] NCCL INFO ncclTopoPopulateNics : Filled ens5 in topo with pciPath=/sys/devices/pci0000:00/0000:00:05.0 net=1 gin=(null) keep=1 coll=(null)
ip-10-186-1-195:56:56 [0] NCCL INFO KV Convert to int : could not find value of 'Unknown' in dictionary, falling back to 60
ip-10-186-1-195:56:56 [0] NCCL INFO === System : maxBw 1.2 totalBw 24.0 ===
ip-10-186-1-195:56:56 [0] NCCL INFO CPU/0-ffffffffffffff (1/2/-1)
ip-10-186-1-195:56:56 [0] NCCL INFO + PCI[24.0] - GPU/0-1e0 (1)
ip-10-186-1-195:56:56 [0] NCCL INFO + PCI[12.0] - NIC/0-50
ip-10-186-1-195:56:56 [0] NCCL INFO               + NET[1.2] - NET/0-0 (0/0/0/1.250000)
ip-10-186-1-195:56:56 [0] NCCL INFO ==========================================
ip-10-186-1-195:56:56 [0] NCCL INFO GPU/0-1e0 :GPU/0-1e0 (0/5000.0/LOC) CPU/0-ffffffffffffff (1/24.0/PHB) NET/0-0 (3/1.2/PHB) 
ip-10-186-1-195:56:56 [0] NCCL INFO NET/0-0 :GPU/0-1e0 (3/1.2/PHB) CPU/0-ffffffffffffff (2/1.2/PHB) NET/0-0 (0/5000.0/LOC) 
ip-10-186-1-195:56:56 [0] NCCL INFO ncclTopoGetCpuAffinity: Affinity for GPU 0 is empty, ignoring. (GPU affinity =  ; CPU affinity = 0-3).
ip-10-186-1-195:56:56 [0] NCCL INFO Pattern 4, crossNic 0, nChannels 1, bw 1.200000/1.200000, type LOC/PHB, sameChannels 1
ip-10-186-1-195:56:56 [0] NCCL INFO  0 : NET/0-0 GPU/0-1e0 NET/0-0
ip-10-186-1-195:56:56 [0] NCCL INFO Pattern 3, crossNic 0, nChannels 1, bw 2.400000/1.200000, type LOC/PHB, sameChannels 1
ip-10-186-1-195:56:56 [0] NCCL INFO  0 : NET/0-0 GPU/0-1e0 NET/0-0
ip-10-186-1-195:56:56 [0] NCCL INFO Could not get speed from /sys/class/net/ens5/speed. Defaulting to 10 Gbps.
ip-10-186-1-195:56:56 [0] NCCL INFO comm 0x5f53ff501000 rank 1 nRanks 2 nNodes 2 localRanks 1 localRank 0 MNNVL 0
ip-10-186-1-195:56:56 [0] NCCL INFO Tree 0 : 0 -> 1 -> -1/-1/-1
ip-10-186-1-195:56:56 [0] NCCL INFO Tree 1 : -1 -> 1 -> 0/-1/-1
ip-10-186-1-195:56:56 [0] NCCL INFO Ring 00 : 0 -> 1 -> 0
ip-10-186-1-195:56:56 [0] NCCL INFO Ring 01 : 0 -> 1 -> 0
ip-10-186-1-195:56:56 [0] NCCL INFO Trees [0] -1/-1/-1->1->0 [1] 0/-1/-1->1->-1
ip-10-186-1-195:56:56 [0] NCCL INFO P2P Chunksize set to 131072
ip-10-186-1-195:56:56 [0] NCCL INFO Check P2P Type isAllDirectP2p 1 directMode 0 isAllCudaP2p 1
ip-10-186-1-195:56:56 [0] NCCL INFO ncclP2pSchedule: group size used is 1
ip-10-186-1-195:56:189 [0] NCCL INFO [Proxy Service UDS] Device 0 CPU core 3
ip-10-186-1-195:56:188 [0] NCCL INFO [Proxy Service] Device 0 CPU core 1
ip-10-186-1-195:56:56 [0] NCCL INFO threadThresholds 8/8/64 | 16/8/64 | 512 | 512
ip-10-186-1-195:56:56 [0] NCCL INFO 2 coll channels, 2 collnet channels, 0 nvls channels, 2 p2p channels, 1 p2p channels per peer
ip-10-186-1-195:56:56 [0] NCCL INFO Symmetric VA size=24GB
ip-10-186-1-195:56:56 [0] NCCL INFO Symmetric memory is not supported. cuMemEnable 1, globalGinSupport 0, globalNicFused 0 cuMemGdrSupport 1
ip-10-186-1-195:56:56 [0] NCCL INFO ncclCommInitRankConfig comm 0x5f53ff501000 rank 1 nranks 2 cudaDev 0 nvmlDev 0 busId 1e0 commId 0xf4eb64cc7160d7dd - Init COMPLETE
ip-10-186-1-195:56:56 [0] NCCL INFO Init timings - ncclCommInitRankConfig: rank 1 nranks 2 total 0.21 (kernels 0.00, alloc 0.00, bootstrap 0.15, allgathers 0.06, topo 0.00, graphs 0.00, connections 0.00, rest 0.00)
ip-10-186-1-195:56:188 [0] NCCL INFO New proxy recv connection 0 from local rank 0, transport 2
ip-10-186-1-195:56:190 [0] NCCL INFO [Proxy Progress] Device 0 CPU core 0
ip-10-186-1-195:56:56 [0] NCCL INFO Connected to proxy localRank 0 -> connection 0x7cbee8005220
ip-10-186-1-195:56:188 [0] NCCL INFO Could not get speed from /sys/class/net/ens5/speed. Defaulting to 10 Gbps.
ip-10-186-1-195:56:188 [0] NCCL INFO NET/Socket: Using 2 threads and 8 sockets per thread
ip-10-186-1-195:56:56 [0] NCCL INFO Channel 01/1 : 0[0] -> 1[0] [receive] via NET/Socket/0/Shared
ip-10-186-1-195:56:188 [0] NCCL INFO New proxy send connection 1 from local rank 0, transport 2
ip-10-186-1-195:56:56 [0] NCCL INFO Connected to proxy localRank 0 -> connection 0x7cbee80052a8
ip-10-186-1-195:56:188 [0] NCCL INFO Could not get speed from /sys/class/net/ens5/speed. Defaulting to 10 Gbps.
ip-10-186-1-195:56:56 [0] NCCL INFO Channel 01/1 : 1[0] -> 0[0] [send] via NET/Socket/0/Shared
ip-10-186-1-195:56:56 [0] NCCL INFO Initialized NET plugin Socket
ip-10-186-1-195:56:56 [0] NCCL INFO Could not get speed from /sys/class/net/ens5/speed. Defaulting to 10 Gbps.
ip-10-186-1-195:56:56 [0] NCCL INFO Assigned NET plugin Socket to comm
ip-10-186-1-195:56:56 [0] NCCL INFO Failed to initialize any GIN plugin
ip-10-186-1-195:56:56 [0] NCCL INFO Using network Socket
ip-10-186-1-195:56:56 [0] NCCL INFO [Rank 1] ncclCommInitRankConfig comm 0x5f53f70ec3c0 rank 1 nranks 2 cudaDev 0 nvmlDev 0 busId 1e0 commId 0x4e8f83d7422654b8 - Init START
ip-10-186-1-195:56:56 [0] NCCL INFO Topology detection : could not read /sys/devices/pci0000:00/0000:00:1e.0/../max_link_speed, ignoring
ip-10-186-1-195:56:56 [0] NCCL INFO Topology detection : could not read /sys/devices/pci0000:00/0000:00:1e.0/../max_link_width, ignoring
ip-10-186-1-195:56:56 [0] NCCL INFO Topology detection : could not read /sys/devices/system/node/node-1/cpumap, ignoring
ip-10-186-1-195:56:56 [0] NCCL INFO TOPO/NET : Importing network plugins to topology
ip-10-186-1-195:56:56 [0] NCCL INFO Could not get speed from /sys/class/net/ens5/speed. Defaulting to 10 Gbps.
ip-10-186-1-195:56:56 [0] NCCL INFO Topology detection : could not read /sys/devices/pci0000:00/0000:00:05.0/../max_link_speed, ignoring
ip-10-186-1-195:56:56 [0] NCCL INFO Topology detection : could not read /sys/devices/pci0000:00/0000:00:05.0/../max_link_width, ignoring
ip-10-186-1-195:56:56 [0] NCCL INFO Topology detection : could not read /sys/devices/system/node/node-1/cpumap, ignoring
ip-10-186-1-195:56:56 [0] NCCL INFO NET/Socket : GPU Direct RDMA Disabled for HCA 0 'ens5'
ip-10-186-1-195:56:56 [0] NCCL INFO ncclTopoPopulateNics : Filled ens5 in topo with pciPath=/sys/devices/pci0000:00/0000:00:05.0 net=1 gin=(null) keep=1 coll=(null)
ip-10-186-1-195:56:56 [0] NCCL INFO KV Convert to int : could not find value of 'Unknown' in dictionary, falling back to 60
ip-10-186-1-195:56:56 [0] NCCL INFO === System : maxBw 1.2 totalBw 24.0 ===
ip-10-186-1-195:56:56 [0] NCCL INFO CPU/0-ffffffffffffff (1/2/-1)
ip-10-186-1-195:56:56 [0] NCCL INFO + PCI[24.0] - GPU/0-1e0 (1)
ip-10-186-1-195:56:56 [0] NCCL INFO + PCI[12.0] - NIC/0-50
ip-10-186-1-195:56:56 [0] NCCL INFO               + NET[1.2] - NET/0-0 (0/0/0/1.250000)
ip-10-186-1-195:56:56 [0] NCCL INFO ==========================================
ip-10-186-1-195:56:56 [0] NCCL INFO GPU/0-1e0 :GPU/0-1e0 (0/5000.0/LOC) CPU/0-ffffffffffffff (1/24.0/PHB) NET/0-0 (3/1.2/PHB) 
ip-10-186-1-195:56:56 [0] NCCL INFO NET/0-0 :GPU/0-1e0 (3/1.2/PHB) CPU/0-ffffffffffffff (2/1.2/PHB) NET/0-0 (0/5000.0/LOC) 
ip-10-186-1-195:56:56 [0] NCCL INFO ncclTopoGetCpuAffinity: Affinity for GPU 0 is empty, ignoring. (GPU affinity =  ; CPU affinity = 0-3).
ip-10-186-1-195:56:56 [0] NCCL INFO Pattern 4, crossNic 0, nChannels 1, bw 1.200000/1.200000, type LOC/PHB, sameChannels 1
ip-10-186-1-195:56:56 [0] NCCL INFO  0 : NET/0-0 GPU/0-1e0 NET/0-0
ip-10-186-1-195:56:56 [0] NCCL INFO Pattern 3, crossNic 0, nChannels 1, bw 2.400000/1.200000, type LOC/PHB, sameChannels 1
ip-10-186-1-195:56:56 [0] NCCL INFO  0 : NET/0-0 GPU/0-1e0 NET/0-0
ip-10-186-1-195:56:56 [0] NCCL INFO Could not get speed from /sys/class/net/ens5/speed. Defaulting to 10 Gbps.
ip-10-186-1-195:56:56 [0] NCCL INFO comm 0x5f53f70ec3c0 rank 1 nRanks 2 nNodes 2 localRanks 1 localRank 0 MNNVL 0
ip-10-186-1-195:56:56 [0] NCCL INFO Tree 0 : 0 -> 1 -> -1/-1/-1
ip-10-186-1-195:56:56 [0] NCCL INFO Tree 1 : -1 -> 1 -> 0/-1/-1
ip-10-186-1-195:56:56 [0] NCCL INFO Ring 00 : 0 -> 1 -> 0
ip-10-186-1-195:56:56 [0] NCCL INFO Ring 01 : 0 -> 1 -> 0
ip-10-186-1-195:56:56 [0] NCCL INFO Trees [0] -1/-1/-1->1->0 [1] 0/-1/-1->1->-1
ip-10-186-1-195:56:56 [0] NCCL INFO P2P Chunksize set to 131072
ip-10-186-1-195:56:56 [0] NCCL INFO Check P2P Type isAllDirectP2p 1 directMode 0 isAllCudaP2p 1
ip-10-186-1-195:56:195 [0] NCCL INFO [Proxy Service] Device 0 CPU core 3
ip-10-186-1-195:56:56 [0] NCCL INFO ncclP2pSchedule: group size used is 1
ip-10-186-1-195:56:196 [0] NCCL INFO [Proxy Service UDS] Device 0 CPU core 3
ip-10-186-1-195:56:56 [0] NCCL INFO threadThresholds 8/8/64 | 16/8/64 | 512 | 512
ip-10-186-1-195:56:56 [0] NCCL INFO 2 coll channels, 2 collnet channels, 0 nvls channels, 2 p2p channels, 1 p2p channels per peer
ip-10-186-1-195:56:56 [0] NCCL INFO Symmetric VA size=24GB
ip-10-186-1-195:56:56 [0] NCCL INFO Symmetric memory is not supported. cuMemEnable 1, globalGinSupport 0, globalNicFused 0 cuMemGdrSupport 1
ip-10-186-1-195:56:56 [0] NCCL INFO ncclCommInitRankConfig comm 0x5f53f70ec3c0 rank 1 nranks 2 cudaDev 0 nvmlDev 0 busId 1e0 commId 0x4e8f83d7422654b8 - Init COMPLETE
ip-10-186-1-195:56:56 [0] NCCL INFO Init timings - ncclCommInitRankConfig: rank 1 nranks 2 total 0.86 (kernels 0.00, alloc 0.00, bootstrap 0.61, allgathers 0.24, topo 0.00, graphs 0.00, connections 0.00, rest 0.00)
ip-10-186-1-195:56:195 [0] NCCL INFO New proxy recv connection 0 from local rank 0, transport 2
ip-10-186-1-195:56:197 [0] NCCL INFO [Proxy Progress] Device 0 CPU core 1
ip-10-186-1-195:56:56 [0] NCCL INFO Connected to proxy localRank 0 -> connection 0x7cbf0c005220
ip-10-186-1-195:56:195 [0] NCCL INFO Could not get speed from /sys/class/net/ens5/speed. Defaulting to 10 Gbps.
ip-10-186-1-195:56:195 [0] NCCL INFO NET/Socket: Using 2 threads and 8 sockets per thread
ip-10-186-1-195:56:56 [0] NCCL INFO Channel 01/1 : 0[0] -> 1[0] [receive] via NET/Socket/0/Shared
ip-10-186-1-195:56:195 [0] NCCL INFO New proxy send connection 1 from local rank 0, transport 2
ip-10-186-1-195:56:56 [0] NCCL INFO Connected to proxy localRank 0 -> connection 0x7cbf0c0052a8
ip-10-186-1-195:56:195 [0] NCCL INFO Could not get speed from /sys/class/net/ens5/speed. Defaulting to 10 Gbps.
ip-10-186-1-195:56:56 [0] NCCL INFO Channel 01/1 : 1[0] -> 0[0] [send] via NET/Socket/0/Shared
ip-10-186-1-195:56:56 [0] NCCL INFO Initialized NET plugin Socket
ip-10-186-1-195:56:56 [0] NCCL INFO Could not get speed from /sys/class/net/ens5/speed. Defaulting to 10 Gbps.
ip-10-186-1-195:56:56 [0] NCCL INFO Assigned NET plugin Socket to comm
ip-10-186-1-195:56:56 [0] NCCL INFO Failed to initialize any GIN plugin
ip-10-186-1-195:56:56 [0] NCCL INFO Using network Socket
ip-10-186-1-195:56:56 [0] NCCL INFO [Rank 0] ncclCommInitRankConfig comm 0x5f53f72111b0 rank 0 nranks 2 cudaDev 0 nvmlDev 0 busId 1e0 commId 0x7c0ff0a4af27f4de - Init START
ip-10-186-1-195:56:56 [0] NCCL INFO Topology detection : could not read /sys/devices/pci0000:00/0000:00:1e.0/../max_link_speed, ignoring
ip-10-186-1-195:56:56 [0] NCCL INFO Topology detection : could not read /sys/devices/pci0000:00/0000:00:1e.0/../max_link_width, ignoring
ip-10-186-1-195:56:56 [0] NCCL INFO Topology detection : could not read /sys/devices/system/node/node-1/cpumap, ignoring
ip-10-186-1-195:56:56 [0] NCCL INFO TOPO/NET : Importing network plugins to topology
ip-10-186-1-195:56:56 [0] NCCL INFO Could not get speed from /sys/class/net/ens5/speed. Defaulting to 10 Gbps.
ip-10-186-1-195:56:56 [0] NCCL INFO Topology detection : could not read /sys/devices/pci0000:00/0000:00:05.0/../max_link_speed, ignoring
ip-10-186-1-195:56:56 [0] NCCL INFO Topology detection : could not read /sys/devices/pci0000:00/0000:00:05.0/../max_link_width, ignoring
ip-10-186-1-195:56:56 [0] NCCL INFO Topology detection : could not read /sys/devices/system/node/node-1/cpumap, ignoring
ip-10-186-1-195:56:56 [0] NCCL INFO NET/Socket : GPU Direct RDMA Disabled for HCA 0 'ens5'
ip-10-186-1-195:56:56 [0] NCCL INFO ncclTopoPopulateNics : Filled ens5 in topo with pciPath=/sys/devices/pci0000:00/0000:00:05.0 net=1 gin=(null) keep=1 coll=(null)
ip-10-186-1-195:56:56 [0] NCCL INFO KV Convert to int : could not find value of 'Unknown' in dictionary, falling back to 60
ip-10-186-1-195:56:56 [0] NCCL INFO === System : maxBw 1.2 totalBw 24.0 ===
ip-10-186-1-195:56:56 [0] NCCL INFO CPU/0-ffffffffffffff (1/2/-1)
ip-10-186-1-195:56:56 [0] NCCL INFO + PCI[24.0] - GPU/0-1e0 (0)
ip-10-186-1-195:56:56 [0] NCCL INFO + PCI[12.0] - NIC/0-50
ip-10-186-1-195:56:56 [0] NCCL INFO               + NET[1.2] - NET/0-0 (0/0/0/1.250000)
ip-10-186-1-195:56:56 [0] NCCL INFO ==========================================
ip-10-186-1-195:56:56 [0] NCCL INFO GPU/0-1e0 :GPU/0-1e0 (0/5000.0/LOC) CPU/0-ffffffffffffff (1/24.0/PHB) NET/0-0 (3/1.2/PHB) 
ip-10-186-1-195:56:56 [0] NCCL INFO NET/0-0 :GPU/0-1e0 (3/1.2/PHB) CPU/0-ffffffffffffff (2/1.2/PHB) NET/0-0 (0/5000.0/LOC) 
ip-10-186-1-195:56:56 [0] NCCL INFO ncclTopoGetCpuAffinity: Affinity for GPU 0 is empty, ignoring. (GPU affinity =  ; CPU affinity = 0-3).
ip-10-186-1-195:56:56 [0] NCCL INFO Pattern 4, crossNic 0, nChannels 1, bw 1.200000/1.200000, type LOC/PHB, sameChannels 1
ip-10-186-1-195:56:56 [0] NCCL INFO  0 : NET/0-0 GPU/0-1e0 NET/0-0
ip-10-186-1-195:56:56 [0] NCCL INFO Pattern 3, crossNic 0, nChannels 1, bw 2.400000/1.200000, type LOC/PHB, sameChannels 1
ip-10-186-1-195:56:56 [0] NCCL INFO  0 : NET/0-0 GPU/0-1e0 NET/0-0
ip-10-186-1-195:56:56 [0] NCCL INFO Could not get speed from /sys/class/net/ens5/speed. Defaulting to 10 Gbps.
ip-10-186-1-195:56:56 [0] NCCL INFO comm 0x5f53f72111b0 rank 0 nRanks 2 nNodes 2 localRanks 1 localRank 0 MNNVL 0
ip-10-186-1-195:56:56 [0] NCCL INFO Tree 0 : -1 -> 0 -> 1/-1/-1
ip-10-186-1-195:56:56 [0] NCCL INFO Tree 1 : 1 -> 0 -> -1/-1/-1
ip-10-186-1-195:56:56 [0] NCCL INFO Channel 00/02 : 0 1
ip-10-186-1-195:56:56 [0] NCCL INFO Channel 01/02 : 0 1
ip-10-186-1-195:56:56 [0] NCCL INFO Ring 00 : 1 -> 0 -> 1
ip-10-186-1-195:56:56 [0] NCCL INFO Ring 01 : 1 -> 0 -> 1
ip-10-186-1-195:56:56 [0] NCCL INFO Trees [0] 1/-1/-1->0->-1 [1] -1/-1/-1->0->1
ip-10-186-1-195:56:56 [0] NCCL INFO P2P Chunksize set to 131072
ip-10-186-1-195:56:56 [0] NCCL INFO Check P2P Type isAllDirectP2p 1 directMode 0 isAllCudaP2p 1
ip-10-186-1-195:56:203 [0] NCCL INFO [Proxy Service] Device 0 CPU core 0
ip-10-186-1-195:56:56 [0] NCCL INFO ncclP2pSchedule: group size used is 1
ip-10-186-1-195:56:204 [0] NCCL INFO [Proxy Service UDS] Device 0 CPU core 1
ip-10-186-1-195:56:56 [0] NCCL INFO threadThresholds 8/8/64 | 16/8/64 | 512 | 512
ip-10-186-1-195:56:56 [0] NCCL INFO 2 coll channels, 2 collnet channels, 0 nvls channels, 2 p2p channels, 1 p2p channels per peer
ip-10-186-1-195:56:56 [0] NCCL INFO Symmetric VA size=24GB
ip-10-186-1-195:56:56 [0] NCCL INFO Symmetric memory is not supported. cuMemEnable 1, globalGinSupport 0, globalNicFused 0 cuMemGdrSupport 1
ip-10-186-1-195:56:56 [0] NCCL INFO CC Off, workFifoBytes 1048576
ip-10-186-1-195:56:56 [0] NCCL INFO ncclCommInitRankConfig comm 0x5f53f72111b0 rank 0 nranks 2 cudaDev 0 nvmlDev 0 busId 1e0 commId 0x7c0ff0a4af27f4de - Init COMPLETE
ip-10-186-1-195:56:56 [0] NCCL INFO Init timings - ncclCommInitRankConfig: rank 0 nranks 2 total 1.91 (kernels 0.00, alloc 0.00, bootstrap 1.46, allgathers 0.44, topo 0.00, graphs 0.00, connections 0.00, rest 0.00)
ip-10-186-1-195:56:203 [0] NCCL INFO New proxy send connection 0 from local rank 0, transport 2
ip-10-186-1-195:56:205 [0] NCCL INFO [Proxy Progress] Device 0 CPU core 2
ip-10-186-1-195:56:56 [0] NCCL INFO Connected to proxy localRank 0 -> connection 0x7cbda001aaa0
ip-10-186-1-195:56:203 [0] NCCL INFO Could not get speed from /sys/class/net/ens5/speed. Defaulting to 10 Gbps.
ip-10-186-1-195:56:56 [0] NCCL INFO Channel 01/1 : 0[0] -> 1[0] [send] via NET/Socket/0/Shared
ip-10-186-1-195:56:203 [0] NCCL INFO New proxy recv connection 1 from local rank 0, transport 2
ip-10-186-1-195:56:56 [0] NCCL INFO Connected to proxy localRank 0 -> connection 0x7cbda001ab28
ip-10-186-1-195:56:203 [0] NCCL INFO Could not get speed from /sys/class/net/ens5/speed. Defaulting to 10 Gbps.
ip-10-186-1-195:56:203 [0] NCCL INFO NET/Socket: Using 2 threads and 8 sockets per thread
ip-10-186-1-195:56:56 [0] NCCL INFO Channel 01/1 : 1[0] -> 0[0] [receive] via NET/Socket/0/Shared
{"event": "outer_step_completed", "rank": 13, "completed_outer_steps": 50, "timestamp": "2026-09-14T14:59:49.085458+00:00"}
{"event": "outer_step_completed", "rank": 13, "completed_outer_steps": 75, "timestamp": "2026-09-14T15:03:14.834051+00:00"}
{"event": "outer_step_completed", "rank": 13, "completed_outer_steps": 100, "timestamp": "2026-09-14T15:06:33.861356+00:00"}
{"event": "outer_step_completed", "rank": 13, "completed_outer_steps": 125, "timestamp": "2026-09-14T15:09:31.326440+00:00"}
{"event": "outer_step_completed", "rank": 13, "completed_outer_steps": 150, "timestamp": "2026-09-14T15:12:30.851897+00:00"}
{"event": "outer_step_completed", "rank": 13, "completed_outer_steps": 175, "timestamp": "2026-09-14T15:15:30.633814+00:00"}
{"event": "outer_step_completed", "rank": 13, "completed_outer_steps": 200, "timestamp": "2026-09-14T15:18:38.604980+00:00"}
{"event": "outer_step_completed", "rank": 13, "completed_outer_steps": 225, "timestamp": "2026-09-14T15:21:49.497481+00:00"}
{"event": "outer_step_completed", "rank": 13, "completed_outer_steps": 250, "timestamp": "2026-09-14T15:24:49.048607+00:00"}
{"event": "outer_step_completed", "rank": 13, "completed_outer_steps": 275, "timestamp": "2026-09-14T15:27:46.841643+00:00"}
{"event": "outer_step_completed", "rank": 13, "completed_outer_steps": 300, "timestamp": "2026-09-14T15:30:36.734024+00:00"}
{"event": "outer_step_completed", "rank": 13, "completed_outer_steps": 325, "timestamp": "2026-09-14T15:33:30.945383+00:00"}
{"event": "outer_step_completed", "rank": 13, "completed_outer_steps": 350, "timestamp": "2026-09-14T15:36:33.633597+00:00"}
{"event": "outer_step_completed", "rank": 13, "completed_outer_steps": 375, "timestamp": "2026-09-14T15:39:37.645285+00:00"}
{"event": "outer_step_completed", "rank": 13, "completed_outer_steps": 400, "timestamp": "2026-09-14T15:42:39.884300+00:00"}
{"event": "outer_step_completed", "rank": 13, "completed_outer_steps": 425, "timestamp": "2026-09-14T15:45:40.069582+00:00"}
{"event": "outer_step_completed", "rank": 13, "completed_outer_steps": 450, "timestamp": "2026-09-14T15:48:26.496340+00:00"}
{"event": "outer_step_completed", "rank": 13, "completed_outer_steps": 475, "timestamp": "2026-09-14T15:51:25.182003+00:00"}
{"event": "outer_step_completed", "rank": 13, "completed_outer_steps": 500, "timestamp": "2026-09-14T15:54:19.371210+00:00"}
ip-10-186-1-195:56:56 [0] NCCL INFO comm 0x5f53f70ec3c0 rank 1 nranks 2 cudaDev 0 busId 1e0 - Destroy COMPLETE
ip-10-186-1-195:56:56 [0] NCCL INFO comm 0x5f53ff501000 rank 1 nranks 2 cudaDev 0 busId 1e0 - Destroy COMPLETE
ip-10-186-1-195:56:56 [0] NCCL INFO comm 0x5f53ef622fd0 rank 0 nranks 2 cudaDev 0 busId 1e0 - Destroy COMPLETE
ip-10-186-1-195:56:56 [0] NCCL INFO comm 0x5f53f379a900 rank 13 nranks 16 cudaDev 0 busId 1e0 - Destroy COMPLETE
ip-10-186-1-195:56:56 [0] NCCL INFO comm 0x5f53f3ad3520 rank 1 nranks 2 cudaDev 0 busId 1e0 - Destroy COMPLETE
ip-10-186-1-195:56:56 [0] NCCL INFO comm 0x5f53f9d91ef0 rank 1 nranks 2 cudaDev 0 busId 1e0 - Destroy COMPLETE
ip-10-186-1-195:56:56 [0] NCCL INFO comm 0x5f53f72111b0 rank 0 nranks 2 cudaDev 0 busId 1e0 - Destroy COMPLETE
ip-10-186-1-195:56:56 [0] NCCL INFO comm 0x5f53f3c28f00 rank 1 nranks 2 cudaDev 0 busId 1e0 - Destroy COMPLETE
ip-10-186-1-195:56:56 [0] NCCL INFO comm 0x5f53fcacf120 rank 1 nranks 2 cudaDev 0 busId 1e0 - Destroy COMPLETE
ip-10-186-1-195:56:56 [0] NCCL INFO comm 0x5f53f675d0c0 rank 1 nranks 2 cudaDev 0 busId 1e0 - Destroy COMPLETE
ip-10-186-1-195:56:56 [0] NCCL INFO comm 0x5f53f69fd4d0 rank 1 nranks 2 cudaDev 0 busId 1e0 - Destroy COMPLETE
ip-10-186-1-195:56:56 [0] NCCL INFO comm 0x5f53f6cf7ff0 rank 1 nranks 2 cudaDev 0 busId 1e0 - Destroy COMPLETE
ip-10-186-1-195:56:56 [0] NCCL INFO comm 0x5f53f6e5d6d0 rank 1 nranks 2 cudaDev 0 busId 1e0 - Destroy COMPLETE
ip-10-186-1-195:56:56 [0] NCCL INFO comm 0x5f53f6f824c0 rank 1 nranks 2 cudaDev 0 busId 1e0 - Destroy COMPLETE
ip-10-186-1-195:56:56 [0] NCCL INFO comm 0x5f53f9f3db40 rank 1 nranks 2 cudaDev 0 busId 1e0 - Destroy COMPLETE
ip-10-186-1-195:56:56 [0] NCCL INFO comm 0x5f53ff70d540 rank 1 nranks 2 cudaDev 0 busId 1e0 - Destroy COMPLETE
ip-10-186-1-195:56:56 [0] NCCL INFO ENV/Plugin: Closing env plugin ncclEnvDefault
