Warning: You are sending unauthenticated requests to the HF Hub. Please set a HF_TOKEN to enable higher rate limits and faster downloads.
[W914 14:40:16.280374743 Utils.hpp:166] Warning: Environment variable NCCL_BLOCKING_WAIT is deprecated; use TORCH_NCCL_BLOCKING_WAIT instead (function operator())
[W914 14:40:16.280398084 Utils.hpp:137] Warning: Environment variable NCCL_ASYNC_ERROR_HANDLING is deprecated; use TORCH_NCCL_ASYNC_ERROR_HANDLING instead (function operator())
[rank1]:[W914 14:40:19.050634005 ProcessGroupNCCL.cpp:4215] Warning: An unbatched P2P op (send/recv) was called on this ProcessGroup with size 16.  In lazy initialization mode, this will result in a new 2-rank NCCL communicator to be created. (function operator())
ip-10-180-1-243:58:58 [0] NCCL INFO ENV/Plugin: Could not find: libnccl-env.so
ip-10-180-1-243:58:58 [0] NCCL INFO NCCL_SOCKET_IFNAME set to ens5
ip-10-180-1-243:58:58 [0] NCCL INFO cudaDriverVersion 13020
ip-10-180-1-243:58:58 [0] NCCL INFO NCCL version 2.29.7+cuda13.2
ip-10-180-1-243:58:58 [0] NCCL INFO NCCL git version stable b81d6a5a3
ip-10-180-1-243:58:58 [0] NCCL INFO NET/Plugin: Could not find: libnccl-net.so
ip-10-180-1-243:58:58 [0] NCCL INFO transport/net_ib/init.cc:396 -> 3
ip-10-180-1-243:58:58 [0] NCCL INFO Failed to initialize NET plugin IB
ip-10-180-1-243:58:58 [0] NCCL INFO NET/Socket : Using [0]ens5:10.180.1.243<0>
ip-10-180-1-243:58:58 [0] NCCL INFO Initialized NET plugin Socket
ip-10-180-1-243:58:58 [0] NCCL INFO Could not get speed from /sys/class/net/ens5/speed. Defaulting to 10 Gbps.
ip-10-180-1-243:58:58 [0] NCCL INFO Assigned NET plugin Socket to comm
ip-10-180-1-243:58:58 [0] NCCL INFO GIN/Plugin: Could not find: libnccl-gin.so

[2026-09-14 14:40:20] ip-10-180-1-243:58:58 [0] misc/ibvwrap.cc:173 NCCL WARN lib wrapper not initialized.
ip-10-180-1-243:58:58 [0] NCCL INFO transport/net_ib/gdr.cc:56 -> 3
ip-10-180-1-243:58:58 [0] NCCL INFO Unable to use GIN: Peermem is not supported, nor DMA-BUF.
ip-10-180-1-243:58:58 [0] NCCL INFO Unable to use GIN: Peermem is not supported, nor DMA-BUF.
ip-10-180-1-243:58:58 [0] NCCL INFO Failed to initialize any GIN plugin
ip-10-180-1-243:58:58 [0] NCCL INFO Using network Socket
ip-10-180-1-243:58:58 [0] NCCL INFO [Rank 0] ncclCommInitRankConfig comm 0x64391369a390 rank 0 nranks 2 cudaDev 0 nvmlDev 0 busId 1e0 commId 0x10ac5bb3b42629cb - Init START
ip-10-180-1-243:58:58 [0] NCCL INFO RAS client listening socket at 127.0.0.1<28028>
ip-10-180-1-243:58:58 [0] NCCL INFO Topology detection : could not read /sys/devices/pci0000:00/0000:00:1e.0/../max_link_speed, ignoring
ip-10-180-1-243:58:58 [0] NCCL INFO Topology detection : could not read /sys/devices/pci0000:00/0000:00:1e.0/../max_link_width, ignoring
ip-10-180-1-243:58:58 [0] NCCL INFO Topology detection : could not read /sys/devices/system/node/node-1/cpumap, ignoring
ip-10-180-1-243:58:58 [0] NCCL INFO TOPO/NET : Importing network plugins to topology
ip-10-180-1-243:58:58 [0] NCCL INFO Could not get speed from /sys/class/net/ens5/speed. Defaulting to 10 Gbps.
ip-10-180-1-243:58:58 [0] NCCL INFO Topology detection : could not read /sys/devices/pci0000:00/0000:00:05.0/../max_link_speed, ignoring
ip-10-180-1-243:58:58 [0] NCCL INFO Topology detection : could not read /sys/devices/pci0000:00/0000:00:05.0/../max_link_width, ignoring
ip-10-180-1-243:58:58 [0] NCCL INFO Topology detection : could not read /sys/devices/system/node/node-1/cpumap, ignoring
ip-10-180-1-243:58:58 [0] NCCL INFO NET/Socket : GPU Direct RDMA Disabled for HCA 0 'ens5'
ip-10-180-1-243:58:58 [0] NCCL INFO ncclTopoPopulateNics : Filled ens5 in topo with pciPath=/sys/devices/pci0000:00/0000:00:05.0 net=1 gin=(null) keep=1 coll=(null)
ip-10-180-1-243:58:58 [0] NCCL INFO KV Convert to int : could not find value of 'Unknown' in dictionary, falling back to 60
ip-10-180-1-243:58:58 [0] NCCL INFO === System : maxBw 1.2 totalBw 24.0 ===
ip-10-180-1-243:58:58 [0] NCCL INFO CPU/0-ffffffffffffff (1/2/-1)
ip-10-180-1-243:58:58 [0] NCCL INFO + PCI[24.0] - GPU/0-1e0 (0)
ip-10-180-1-243:58:58 [0] NCCL INFO + PCI[12.0] - NIC/0-50
ip-10-180-1-243:58:58 [0] NCCL INFO               + NET[1.2] - NET/0-0 (0/0/0/1.250000)
ip-10-180-1-243:58:58 [0] NCCL INFO ==========================================
ip-10-180-1-243:58:58 [0] NCCL INFO GPU/0-1e0 :GPU/0-1e0 (0/5000.0/LOC) CPU/0-ffffffffffffff (1/24.0/PHB) NET/0-0 (3/1.2/PHB) 
ip-10-180-1-243:58:58 [0] NCCL INFO NET/0-0 :GPU/0-1e0 (3/1.2/PHB) CPU/0-ffffffffffffff (2/1.2/PHB) NET/0-0 (0/5000.0/LOC) 
ip-10-180-1-243:58:58 [0] NCCL INFO ncclTopoGetCpuAffinity: Affinity for GPU 0 is empty, ignoring. (GPU affinity =  ; CPU affinity = 0-3).
ip-10-180-1-243:58:58 [0] NCCL INFO Pattern 4, crossNic 0, nChannels 1, bw 1.200000/1.200000, type LOC/PHB, sameChannels 1
ip-10-180-1-243:58:58 [0] NCCL INFO  0 : NET/0-0 GPU/0-1e0 NET/0-0
ip-10-180-1-243:58:58 [0] NCCL INFO Pattern 3, crossNic 0, nChannels 1, bw 2.400000/1.200000, type LOC/PHB, sameChannels 1
ip-10-180-1-243:58:58 [0] NCCL INFO  0 : NET/0-0 GPU/0-1e0 NET/0-0
ip-10-180-1-243:58:58 [0] NCCL INFO Could not get speed from /sys/class/net/ens5/speed. Defaulting to 10 Gbps.
ip-10-180-1-243:58:58 [0] NCCL INFO comm 0x64391369a390 rank 0 nRanks 2 nNodes 2 localRanks 1 localRank 0 MNNVL 0
ip-10-180-1-243:58:58 [0] NCCL INFO Tree 0 : -1 -> 0 -> 1/-1/-1
ip-10-180-1-243:58:58 [0] NCCL INFO Tree 1 : 1 -> 0 -> -1/-1/-1
ip-10-180-1-243:58:58 [0] NCCL INFO Channel 00/02 : 0 1
ip-10-180-1-243:58:58 [0] NCCL INFO Channel 01/02 : 0 1
ip-10-180-1-243:58:58 [0] NCCL INFO Ring 00 : 1 -> 0 -> 1
ip-10-180-1-243:58:58 [0] NCCL INFO Ring 01 : 1 -> 0 -> 1
ip-10-180-1-243:58:58 [0] NCCL INFO Trees [0] 1/-1/-1->0->-1 [1] -1/-1/-1->0->1
ip-10-180-1-243:58:58 [0] NCCL INFO P2P Chunksize set to 131072
ip-10-180-1-243:58:58 [0] NCCL INFO PROFILER/Plugin: Could not find: libnccl-profiler.so
ip-10-180-1-243:58:58 [0] NCCL INFO Check P2P Type isAllDirectP2p 1 directMode 0 isAllCudaP2p 1
ip-10-180-1-243:58:58 [0] NCCL INFO ncclP2pSchedule: group size used is 1
ip-10-180-1-243:58:76 [0] NCCL INFO [Proxy Service UDS] Device 0 CPU core 1
ip-10-180-1-243:58:75 [0] NCCL INFO [Proxy Service] Device 0 CPU core 1
ip-10-180-1-243:58:58 [0] NCCL INFO TUNER/Plugin: Could not find: libnccl-tuner.so
ip-10-180-1-243:58:58 [0] NCCL INFO threadThresholds 8/8/64 | 16/8/64 | 512 | 512
ip-10-180-1-243:58:58 [0] NCCL INFO 2 coll channels, 2 collnet channels, 0 nvls channels, 2 p2p channels, 1 p2p channels per peer
ip-10-180-1-243:58:58 [0] NCCL INFO Symmetric VA size=24GB
ip-10-180-1-243:58:58 [0] NCCL INFO Symmetric memory is not supported. cuMemEnable 1, globalGinSupport 0, globalNicFused 0 cuMemGdrSupport 1
ip-10-180-1-243:58:58 [0] NCCL INFO CC Off, workFifoBytes 1048576
ip-10-180-1-243:58:58 [0] NCCL INFO ncclCommInitRankConfig comm 0x64391369a390 rank 0 nranks 2 cudaDev 0 nvmlDev 0 busId 1e0 commId 0x10ac5bb3b42629cb - Init COMPLETE
ip-10-180-1-243:58:58 [0] NCCL INFO Init timings - ncclCommInitRankConfig: rank 0 nranks 2 total 9.78 (kernels 0.15, alloc 0.02, bootstrap 9.42, allgathers 0.18, topo 0.00, graphs 0.00, connections 0.00, rest 0.00)
ip-10-180-1-243:58:75 [0] NCCL INFO New proxy send connection 0 from local rank 0, transport 2
ip-10-180-1-243:58:77 [0] NCCL INFO [Proxy Progress] Device 0 CPU core 2
ip-10-180-1-243:58:58 [0] NCCL INFO Connected to proxy localRank 0 -> connection 0x794bfc004fa0
ip-10-180-1-243:58:75 [0] NCCL INFO Could not get speed from /sys/class/net/ens5/speed. Defaulting to 10 Gbps.
ip-10-180-1-243:58:58 [0] NCCL INFO Channel 01/1 : 0[0] -> 1[0] [send] via NET/Socket/0/Shared
[rank1]:[W914 14:40:35.294761370 ProcessGroupNCCL.cpp:4215] Warning: An unbatched P2P op (send/recv) was called on this ProcessGroup with size 16.  In lazy initialization mode, this will result in a new 2-rank NCCL communicator to be created. (function operator())
ip-10-180-1-243:58:75 [0] NCCL INFO New proxy recv connection 1 from local rank 0, transport 2
ip-10-180-1-243:58:58 [0] NCCL INFO Connected to proxy localRank 0 -> connection 0x794bfc005028
ip-10-180-1-243:58:75 [0] NCCL INFO Could not get speed from /sys/class/net/ens5/speed. Defaulting to 10 Gbps.
ip-10-180-1-243:58:75 [0] NCCL INFO NET/Socket: Using 2 threads and 8 sockets per thread
ip-10-180-1-243:58:58 [0] NCCL INFO Channel 01/1 : 1[0] -> 0[0] [receive] via NET/Socket/0/Shared
{"event": "outer_step_completed", "rank": 1, "completed_outer_steps": 1, "timestamp": "2026-09-14T14:40:41.286602+00:00"}
ip-10-180-1-243:58:58 [0] NCCL INFO Initialized NET plugin Socket
ip-10-180-1-243:58:58 [0] NCCL INFO Could not get speed from /sys/class/net/ens5/speed. Defaulting to 10 Gbps.
ip-10-180-1-243:58:58 [0] NCCL INFO Assigned NET plugin Socket to comm
ip-10-180-1-243:58:58 [0] NCCL INFO Failed to initialize any GIN plugin
ip-10-180-1-243:58:58 [0] NCCL INFO Using network Socket
ip-10-180-1-243:58:58 [0] NCCL INFO [Rank 1] ncclCommInitRankConfig comm 0x64391780f9f0 rank 1 nranks 16 cudaDev 0 nvmlDev 0 busId 1e0 commId 0xbcac494dc69e8913 - Init START
ip-10-180-1-243:58:58 [0] NCCL INFO Topology detection : could not read /sys/devices/pci0000:00/0000:00:1e.0/../max_link_speed, ignoring
ip-10-180-1-243:58:58 [0] NCCL INFO Topology detection : could not read /sys/devices/pci0000:00/0000:00:1e.0/../max_link_width, ignoring
ip-10-180-1-243:58:58 [0] NCCL INFO Topology detection : could not read /sys/devices/system/node/node-1/cpumap, ignoring
ip-10-180-1-243:58:58 [0] NCCL INFO TOPO/NET : Importing network plugins to topology
ip-10-180-1-243:58:58 [0] NCCL INFO Could not get speed from /sys/class/net/ens5/speed. Defaulting to 10 Gbps.
ip-10-180-1-243:58:58 [0] NCCL INFO Topology detection : could not read /sys/devices/pci0000:00/0000:00:05.0/../max_link_speed, ignoring
ip-10-180-1-243:58:58 [0] NCCL INFO Topology detection : could not read /sys/devices/pci0000:00/0000:00:05.0/../max_link_width, ignoring
ip-10-180-1-243:58:58 [0] NCCL INFO Topology detection : could not read /sys/devices/system/node/node-1/cpumap, ignoring
ip-10-180-1-243:58:58 [0] NCCL INFO NET/Socket : GPU Direct RDMA Disabled for HCA 0 'ens5'
ip-10-180-1-243:58:58 [0] NCCL INFO ncclTopoPopulateNics : Filled ens5 in topo with pciPath=/sys/devices/pci0000:00/0000:00:05.0 net=1 gin=(null) keep=1 coll=(null)
ip-10-180-1-243:58:58 [0] NCCL INFO KV Convert to int : could not find value of 'Unknown' in dictionary, falling back to 60
ip-10-180-1-243:58:58 [0] NCCL INFO === System : maxBw 1.2 totalBw 24.0 ===
ip-10-180-1-243:58:58 [0] NCCL INFO CPU/0-ffffffffffffff (1/2/-1)
ip-10-180-1-243:58:58 [0] NCCL INFO + PCI[24.0] - GPU/0-1e0 (1)
ip-10-180-1-243:58:58 [0] NCCL INFO + PCI[12.0] - NIC/0-50
ip-10-180-1-243:58:58 [0] NCCL INFO               + NET[1.2] - NET/0-0 (0/0/0/1.250000)
ip-10-180-1-243:58:58 [0] NCCL INFO ==========================================
ip-10-180-1-243:58:58 [0] NCCL INFO GPU/0-1e0 :GPU/0-1e0 (0/5000.0/LOC) CPU/0-ffffffffffffff (1/24.0/PHB) NET/0-0 (3/1.2/PHB) 
ip-10-180-1-243:58:58 [0] NCCL INFO NET/0-0 :GPU/0-1e0 (3/1.2/PHB) CPU/0-ffffffffffffff (2/1.2/PHB) NET/0-0 (0/5000.0/LOC) 
ip-10-180-1-243:58:58 [0] NCCL INFO ncclTopoGetCpuAffinity: Affinity for GPU 0 is empty, ignoring. (GPU affinity =  ; CPU affinity = 0-3).
ip-10-180-1-243:58:58 [0] NCCL INFO Pattern 4, crossNic 0, nChannels 1, bw 1.200000/1.200000, type LOC/PHB, sameChannels 1
ip-10-180-1-243:58:58 [0] NCCL INFO  0 : NET/0-0 GPU/0-1e0 NET/0-0
ip-10-180-1-243:58:58 [0] NCCL INFO Pattern 3, crossNic 0, nChannels 1, bw 2.400000/1.200000, type LOC/PHB, sameChannels 1
ip-10-180-1-243:58:58 [0] NCCL INFO  0 : NET/0-0 GPU/0-1e0 NET/0-0
ip-10-180-1-243:58:58 [0] NCCL INFO Could not get speed from /sys/class/net/ens5/speed. Defaulting to 10 Gbps.
ip-10-180-1-243:58:58 [0] NCCL INFO comm 0x64391780f9f0 rank 1 nRanks 16 nNodes 16 localRanks 1 localRank 0 MNNVL 0
ip-10-180-1-243:58:58 [0] NCCL INFO Tree 0 : 2 -> 1 -> -1/-1/-1
ip-10-180-1-243:58:58 [0] NCCL INFO Tree 1 : 3 -> 1 -> 2/0/-1
ip-10-180-1-243:58:58 [0] NCCL INFO Ring 00 : 0 -> 1 -> 2
ip-10-180-1-243:58:58 [0] NCCL INFO Ring 01 : 0 -> 1 -> 2
ip-10-180-1-243:58:58 [0] NCCL INFO Trees [0] -1/-1/-1->1->2 [1] 2/0/-1->1->3
ip-10-180-1-243:58:58 [0] NCCL INFO P2P Chunksize set to 131072
ip-10-180-1-243:58:58 [0] NCCL INFO Check P2P Type isAllDirectP2p 1 directMode 0 isAllCudaP2p 1
ip-10-180-1-243:58:58 [0] NCCL INFO ncclP2pSchedule: group size used is 1
ip-10-180-1-243:58:82 [0] NCCL INFO [Proxy Service] Device 0 CPU core 2
ip-10-180-1-243:58:83 [0] NCCL INFO [Proxy Service UDS] Device 0 CPU core 3
ip-10-180-1-243:58:58 [0] NCCL INFO threadThresholds 8/8/64 | 128/8/64 | 512 | 512
ip-10-180-1-243:58:58 [0] NCCL INFO 2 coll channels, 2 collnet channels, 0 nvls channels, 2 p2p channels, 1 p2p channels per peer
ip-10-180-1-243:58:58 [0] NCCL INFO Symmetric VA size=24GB
ip-10-180-1-243:58:58 [0] NCCL INFO Symmetric memory is not supported. cuMemEnable 1, globalGinSupport 0, globalNicFused 0 cuMemGdrSupport 1
ip-10-180-1-243:58:58 [0] NCCL INFO ncclCommInitRankConfig comm 0x64391780f9f0 rank 1 nranks 16 cudaDev 0 nvmlDev 0 busId 1e0 commId 0xbcac494dc69e8913 - Init COMPLETE
ip-10-180-1-243:58:58 [0] NCCL INFO Init timings - ncclCommInitRankConfig: rank 1 nranks 16 total 53.36 (kernels 0.00, alloc 0.00, bootstrap 50.25, allgathers 3.10, topo 0.00, graphs 0.00, connections 0.00, rest 0.00)
ip-10-180-1-243:58:82 [0] NCCL INFO New proxy recv connection 0 from local rank 0, transport 2
ip-10-180-1-243:58:84 [0] NCCL INFO [Proxy Progress] Device 0 CPU core 1
ip-10-180-1-243:58:58 [0] NCCL INFO Connected to proxy localRank 0 -> connection 0x794bcc004f70
ip-10-180-1-243:58:82 [0] NCCL INFO Could not get speed from /sys/class/net/ens5/speed. Defaulting to 10 Gbps.
ip-10-180-1-243:58:82 [0] NCCL INFO NET/Socket: Using 2 threads and 8 sockets per thread
ip-10-180-1-243:58:58 [0] NCCL INFO Channel 01/0 : 0[0] -> 1[0] [receive] via NET/Socket/0
ip-10-180-1-243:58:82 [0] NCCL INFO New proxy send connection 1 from local rank 0, transport 2
ip-10-180-1-243:58:58 [0] NCCL INFO Connected to proxy localRank 0 -> connection 0x794bcc004ff8
ip-10-180-1-243:58:82 [0] NCCL INFO Could not get speed from /sys/class/net/ens5/speed. Defaulting to 10 Gbps.
ip-10-180-1-243:58:58 [0] NCCL INFO Channel 00/0 : 1[0] -> 2[0] [send] via NET/Socket/0
ip-10-180-1-243:58:82 [0] NCCL INFO New proxy send connection 2 from local rank 0, transport 2
ip-10-180-1-243:58:58 [0] NCCL INFO Connected to proxy localRank 0 -> connection 0x794bcc005080
ip-10-180-1-243:58:82 [0] NCCL INFO Could not get speed from /sys/class/net/ens5/speed. Defaulting to 10 Gbps.
ip-10-180-1-243:58:58 [0] NCCL INFO Channel 01/0 : 1[0] -> 2[0] [send] via NET/Socket/0
ip-10-180-1-243:58:82 [0] NCCL INFO New proxy send connection 3 from local rank 0, transport 2
ip-10-180-1-243:58:58 [0] NCCL INFO Connected to proxy localRank 0 -> connection 0x794bcc005108
ip-10-180-1-243:58:82 [0] NCCL INFO Could not get speed from /sys/class/net/ens5/speed. Defaulting to 10 Gbps.
ip-10-180-1-243:58:58 [0] NCCL INFO Channel 01/0 : 1[0] -> 3[0] [send] via NET/Socket/0
ip-10-180-1-243:58:82 [0] NCCL INFO New proxy recv connection 4 from local rank 0, transport 2
ip-10-180-1-243:58:58 [0] NCCL INFO Connected to proxy localRank 0 -> connection 0x794bcc005190
ip-10-180-1-243:58:82 [0] NCCL INFO Could not get speed from /sys/class/net/ens5/speed. Defaulting to 10 Gbps.
ip-10-180-1-243:58:82 [0] NCCL INFO NET/Socket: Using 2 threads and 8 sockets per thread
ip-10-180-1-243:58:58 [0] NCCL INFO Channel 01/0 : 3[0] -> 1[0] [receive] via NET/Socket/0
ip-10-180-1-243:58:82 [0] NCCL INFO New proxy recv connection 5 from local rank 0, transport 2
ip-10-180-1-243:58:58 [0] NCCL INFO Connected to proxy localRank 0 -> connection 0x794bcc005218
ip-10-180-1-243:58:82 [0] NCCL INFO Could not get speed from /sys/class/net/ens5/speed. Defaulting to 10 Gbps.
ip-10-180-1-243:58:82 [0] NCCL INFO NET/Socket: Using 2 threads and 8 sockets per thread
ip-10-180-1-243:58:58 [0] NCCL INFO Channel 00/0 : 2[0] -> 1[0] [receive] via NET/Socket/0
ip-10-180-1-243:58:82 [0] NCCL INFO New proxy recv connection 6 from local rank 0, transport 2
ip-10-180-1-243:58:58 [0] NCCL INFO Connected to proxy localRank 0 -> connection 0x794bcc0052a0
ip-10-180-1-243:58:82 [0] NCCL INFO Could not get speed from /sys/class/net/ens5/speed. Defaulting to 10 Gbps.
ip-10-180-1-243:58:82 [0] NCCL INFO NET/Socket: Using 2 threads and 8 sockets per thread
ip-10-180-1-243:58:58 [0] NCCL INFO Channel 01/0 : 2[0] -> 1[0] [receive] via NET/Socket/0
ip-10-180-1-243:58:82 [0] NCCL INFO New proxy send connection 7 from local rank 0, transport 2
ip-10-180-1-243:58:58 [0] NCCL INFO Connected to proxy localRank 0 -> connection 0x794bcc005328
ip-10-180-1-243:58:82 [0] NCCL INFO Could not get speed from /sys/class/net/ens5/speed. Defaulting to 10 Gbps.
ip-10-180-1-243:58:58 [0] NCCL INFO Channel 01/0 : 1[0] -> 0[0] [send] via NET/Socket/0
ip-10-180-1-243:58:58 [0] NCCL INFO Connected all trees
ip-10-180-1-243:58:58 [0] NCCL INFO Initialized NET plugin Socket
ip-10-180-1-243:58:58 [0] NCCL INFO Could not get speed from /sys/class/net/ens5/speed. Defaulting to 10 Gbps.
ip-10-180-1-243:58:58 [0] NCCL INFO Assigned NET plugin Socket to comm
ip-10-180-1-243:58:58 [0] NCCL INFO Failed to initialize any GIN plugin
ip-10-180-1-243:58:58 [0] NCCL INFO Using network Socket
ip-10-180-1-243:58:58 [0] NCCL INFO [Rank 0] ncclCommInitRankConfig comm 0x643917b24fb0 rank 0 nranks 2 cudaDev 0 nvmlDev 0 busId 1e0 commId 0xcc9dd395f2c8edb3 - Init START
ip-10-180-1-243:58:58 [0] NCCL INFO Topology detection : could not read /sys/devices/pci0000:00/0000:00:1e.0/../max_link_speed, ignoring
ip-10-180-1-243:58:58 [0] NCCL INFO Topology detection : could not read /sys/devices/pci0000:00/0000:00:1e.0/../max_link_width, ignoring
ip-10-180-1-243:58:58 [0] NCCL INFO Topology detection : could not read /sys/devices/system/node/node-1/cpumap, ignoring
ip-10-180-1-243:58:58 [0] NCCL INFO TOPO/NET : Importing network plugins to topology
ip-10-180-1-243:58:58 [0] NCCL INFO Could not get speed from /sys/class/net/ens5/speed. Defaulting to 10 Gbps.
ip-10-180-1-243:58:58 [0] NCCL INFO Topology detection : could not read /sys/devices/pci0000:00/0000:00:05.0/../max_link_speed, ignoring
ip-10-180-1-243:58:58 [0] NCCL INFO Topology detection : could not read /sys/devices/pci0000:00/0000:00:05.0/../max_link_width, ignoring
ip-10-180-1-243:58:58 [0] NCCL INFO Topology detection : could not read /sys/devices/system/node/node-1/cpumap, ignoring
ip-10-180-1-243:58:58 [0] NCCL INFO NET/Socket : GPU Direct RDMA Disabled for HCA 0 'ens5'
ip-10-180-1-243:58:58 [0] NCCL INFO ncclTopoPopulateNics : Filled ens5 in topo with pciPath=/sys/devices/pci0000:00/0000:00:05.0 net=1 gin=(null) keep=1 coll=(null)
ip-10-180-1-243:58:58 [0] NCCL INFO KV Convert to int : could not find value of 'Unknown' in dictionary, falling back to 60
ip-10-180-1-243:58:58 [0] NCCL INFO === System : maxBw 1.2 totalBw 24.0 ===
ip-10-180-1-243:58:58 [0] NCCL INFO CPU/0-ffffffffffffff (1/2/-1)
ip-10-180-1-243:58:58 [0] NCCL INFO + PCI[24.0] - GPU/0-1e0 (0)
ip-10-180-1-243:58:58 [0] NCCL INFO + PCI[12.0] - NIC/0-50
ip-10-180-1-243:58:58 [0] NCCL INFO               + NET[1.2] - NET/0-0 (0/0/0/1.250000)
ip-10-180-1-243:58:58 [0] NCCL INFO ==========================================
ip-10-180-1-243:58:58 [0] NCCL INFO GPU/0-1e0 :GPU/0-1e0 (0/5000.0/LOC) CPU/0-ffffffffffffff (1/24.0/PHB) NET/0-0 (3/1.2/PHB) 
ip-10-180-1-243:58:58 [0] NCCL INFO NET/0-0 :GPU/0-1e0 (3/1.2/PHB) CPU/0-ffffffffffffff (2/1.2/PHB) NET/0-0 (0/5000.0/LOC) 
ip-10-180-1-243:58:58 [0] NCCL INFO ncclTopoGetCpuAffinity: Affinity for GPU 0 is empty, ignoring. (GPU affinity =  ; CPU affinity = 0-3).
ip-10-180-1-243:58:58 [0] NCCL INFO Pattern 4, crossNic 0, nChannels 1, bw 1.200000/1.200000, type LOC/PHB, sameChannels 1
ip-10-180-1-243:58:58 [0] NCCL INFO  0 : NET/0-0 GPU/0-1e0 NET/0-0
ip-10-180-1-243:58:58 [0] NCCL INFO Pattern 3, crossNic 0, nChannels 1, bw 2.400000/1.200000, type LOC/PHB, sameChannels 1
ip-10-180-1-243:58:58 [0] NCCL INFO  0 : NET/0-0 GPU/0-1e0 NET/0-0
ip-10-180-1-243:58:58 [0] NCCL INFO Could not get speed from /sys/class/net/ens5/speed. Defaulting to 10 Gbps.
ip-10-180-1-243:58:58 [0] NCCL INFO comm 0x643917b24fb0 rank 0 nRanks 2 nNodes 2 localRanks 1 localRank 0 MNNVL 0
ip-10-180-1-243:58:58 [0] NCCL INFO Tree 0 : -1 -> 0 -> 1/-1/-1
ip-10-180-1-243:58:58 [0] NCCL INFO Tree 1 : 1 -> 0 -> -1/-1/-1
ip-10-180-1-243:58:58 [0] NCCL INFO Channel 00/02 : 0 1
ip-10-180-1-243:58:58 [0] NCCL INFO Channel 01/02 : 0 1
ip-10-180-1-243:58:58 [0] NCCL INFO Ring 00 : 1 -> 0 -> 1
ip-10-180-1-243:58:58 [0] NCCL INFO Ring 01 : 1 -> 0 -> 1
ip-10-180-1-243:58:58 [0] NCCL INFO Trees [0] 1/-1/-1->0->-1 [1] -1/-1/-1->0->1
ip-10-180-1-243:58:58 [0] NCCL INFO P2P Chunksize set to 131072
ip-10-180-1-243:58:58 [0] NCCL INFO Check P2P Type isAllDirectP2p 1 directMode 0 isAllCudaP2p 1
ip-10-180-1-243:58:86 [0] NCCL INFO [Proxy Service] Device 0 CPU core 2
ip-10-180-1-243:58:58 [0] NCCL INFO ncclP2pSchedule: group size used is 1
ip-10-180-1-243:58:87 [0] NCCL INFO [Proxy Service UDS] Device 0 CPU core 0
ip-10-180-1-243:58:58 [0] NCCL INFO threadThresholds 8/8/64 | 16/8/64 | 512 | 512
ip-10-180-1-243:58:58 [0] NCCL INFO 2 coll channels, 2 collnet channels, 0 nvls channels, 2 p2p channels, 1 p2p channels per peer
ip-10-180-1-243:58:58 [0] NCCL INFO Symmetric VA size=24GB
ip-10-180-1-243:58:58 [0] NCCL INFO Symmetric memory is not supported. cuMemEnable 1, globalGinSupport 0, globalNicFused 0 cuMemGdrSupport 1
ip-10-180-1-243:58:58 [0] NCCL INFO CC Off, workFifoBytes 1048576
ip-10-180-1-243:58:58 [0] NCCL INFO ncclCommInitRankConfig comm 0x643917b24fb0 rank 0 nranks 2 cudaDev 0 nvmlDev 0 busId 1e0 commId 0xcc9dd395f2c8edb3 - Init COMPLETE
ip-10-180-1-243:58:58 [0] NCCL INFO Init timings - ncclCommInitRankConfig: rank 0 nranks 2 total 0.54 (kernels 0.00, alloc 0.00, bootstrap 0.42, allgathers 0.12, topo 0.00, graphs 0.00, connections 0.00, rest 0.00)
ip-10-180-1-243:58:86 [0] NCCL INFO New proxy send connection 0 from local rank 0, transport 2
ip-10-180-1-243:58:88 [0] NCCL INFO [Proxy Progress] Device 0 CPU core 0
ip-10-180-1-243:58:58 [0] NCCL INFO Connected to proxy localRank 0 -> connection 0x794ba4004f70
ip-10-180-1-243:58:86 [0] NCCL INFO Could not get speed from /sys/class/net/ens5/speed. Defaulting to 10 Gbps.
ip-10-180-1-243:58:58 [0] NCCL INFO Channel 01/1 : 0[0] -> 1[0] [send] via NET/Socket/0/Shared
ip-10-180-1-243:58:86 [0] NCCL INFO New proxy recv connection 1 from local rank 0, transport 2
ip-10-180-1-243:58:58 [0] NCCL INFO Connected to proxy localRank 0 -> connection 0x794ba4004ff8
ip-10-180-1-243:58:86 [0] NCCL INFO Could not get speed from /sys/class/net/ens5/speed. Defaulting to 10 Gbps.
ip-10-180-1-243:58:86 [0] NCCL INFO NET/Socket: Using 2 threads and 8 sockets per thread
ip-10-180-1-243:58:58 [0] NCCL INFO Channel 01/1 : 1[0] -> 0[0] [receive] via NET/Socket/0/Shared
ip-10-180-1-243:58:58 [0] NCCL INFO Initialized NET plugin Socket
ip-10-180-1-243:58:58 [0] NCCL INFO Could not get speed from /sys/class/net/ens5/speed. Defaulting to 10 Gbps.
ip-10-180-1-243:58:58 [0] NCCL INFO Assigned NET plugin Socket to comm
ip-10-180-1-243:58:58 [0] NCCL INFO Failed to initialize any GIN plugin
ip-10-180-1-243:58:58 [0] NCCL INFO Using network Socket
ip-10-180-1-243:58:58 [0] NCCL INFO [Rank 0] ncclCommInitRankConfig comm 0x643917ddf940 rank 0 nranks 2 cudaDev 0 nvmlDev 0 busId 1e0 commId 0x13d2d709ff5ec53a - Init START
ip-10-180-1-243:58:58 [0] NCCL INFO Topology detection : could not read /sys/devices/pci0000:00/0000:00:1e.0/../max_link_speed, ignoring
ip-10-180-1-243:58:58 [0] NCCL INFO Topology detection : could not read /sys/devices/pci0000:00/0000:00:1e.0/../max_link_width, ignoring
ip-10-180-1-243:58:58 [0] NCCL INFO Topology detection : could not read /sys/devices/system/node/node-1/cpumap, ignoring
ip-10-180-1-243:58:58 [0] NCCL INFO TOPO/NET : Importing network plugins to topology
ip-10-180-1-243:58:58 [0] NCCL INFO Could not get speed from /sys/class/net/ens5/speed. Defaulting to 10 Gbps.
ip-10-180-1-243:58:58 [0] NCCL INFO Topology detection : could not read /sys/devices/pci0000:00/0000:00:05.0/../max_link_speed, ignoring
ip-10-180-1-243:58:58 [0] NCCL INFO Topology detection : could not read /sys/devices/pci0000:00/0000:00:05.0/../max_link_width, ignoring
ip-10-180-1-243:58:58 [0] NCCL INFO Topology detection : could not read /sys/devices/system/node/node-1/cpumap, ignoring
ip-10-180-1-243:58:58 [0] NCCL INFO NET/Socket : GPU Direct RDMA Disabled for HCA 0 'ens5'
ip-10-180-1-243:58:58 [0] NCCL INFO ncclTopoPopulateNics : Filled ens5 in topo with pciPath=/sys/devices/pci0000:00/0000:00:05.0 net=1 gin=(null) keep=1 coll=(null)
ip-10-180-1-243:58:58 [0] NCCL INFO KV Convert to int : could not find value of 'Unknown' in dictionary, falling back to 60
ip-10-180-1-243:58:58 [0] NCCL INFO === System : maxBw 1.2 totalBw 24.0 ===
ip-10-180-1-243:58:58 [0] NCCL INFO CPU/0-ffffffffffffff (1/2/-1)
ip-10-180-1-243:58:58 [0] NCCL INFO + PCI[24.0] - GPU/0-1e0 (0)
ip-10-180-1-243:58:58 [0] NCCL INFO + PCI[12.0] - NIC/0-50
ip-10-180-1-243:58:58 [0] NCCL INFO               + NET[1.2] - NET/0-0 (0/0/0/1.250000)
ip-10-180-1-243:58:58 [0] NCCL INFO ==========================================
ip-10-180-1-243:58:58 [0] NCCL INFO GPU/0-1e0 :GPU/0-1e0 (0/5000.0/LOC) CPU/0-ffffffffffffff (1/24.0/PHB) NET/0-0 (3/1.2/PHB) 
ip-10-180-1-243:58:58 [0] NCCL INFO NET/0-0 :GPU/0-1e0 (3/1.2/PHB) CPU/0-ffffffffffffff (2/1.2/PHB) NET/0-0 (0/5000.0/LOC) 
ip-10-180-1-243:58:58 [0] NCCL INFO ncclTopoGetCpuAffinity: Affinity for GPU 0 is empty, ignoring. (GPU affinity =  ; CPU affinity = 0-3).
ip-10-180-1-243:58:58 [0] NCCL INFO Pattern 4, crossNic 0, nChannels 1, bw 1.200000/1.200000, type LOC/PHB, sameChannels 1
ip-10-180-1-243:58:58 [0] NCCL INFO  0 : NET/0-0 GPU/0-1e0 NET/0-0
ip-10-180-1-243:58:58 [0] NCCL INFO Pattern 3, crossNic 0, nChannels 1, bw 2.400000/1.200000, type LOC/PHB, sameChannels 1
ip-10-180-1-243:58:58 [0] NCCL INFO  0 : NET/0-0 GPU/0-1e0 NET/0-0
ip-10-180-1-243:58:58 [0] NCCL INFO Could not get speed from /sys/class/net/ens5/speed. Defaulting to 10 Gbps.
ip-10-180-1-243:58:58 [0] NCCL INFO comm 0x643917ddf940 rank 0 nRanks 2 nNodes 2 localRanks 1 localRank 0 MNNVL 0
ip-10-180-1-243:58:58 [0] NCCL INFO Tree 0 : -1 -> 0 -> 1/-1/-1
ip-10-180-1-243:58:58 [0] NCCL INFO Tree 1 : 1 -> 0 -> -1/-1/-1
ip-10-180-1-243:58:58 [0] NCCL INFO Channel 00/02 : 0 1
ip-10-180-1-243:58:58 [0] NCCL INFO Channel 01/02 : 0 1
ip-10-180-1-243:58:58 [0] NCCL INFO Ring 00 : 1 -> 0 -> 1
ip-10-180-1-243:58:58 [0] NCCL INFO Ring 01 : 1 -> 0 -> 1
ip-10-180-1-243:58:58 [0] NCCL INFO Trees [0] 1/-1/-1->0->-1 [1] -1/-1/-1->0->1
ip-10-180-1-243:58:58 [0] NCCL INFO P2P Chunksize set to 131072
ip-10-180-1-243:58:58 [0] NCCL INFO Check P2P Type isAllDirectP2p 1 directMode 0 isAllCudaP2p 1
ip-10-180-1-243:58:58 [0] NCCL INFO ncclP2pSchedule: group size used is 1
ip-10-180-1-243:58:94 [0] NCCL INFO [Proxy Service] Device 0 CPU core 2
ip-10-180-1-243:58:95 [0] NCCL INFO [Proxy Service UDS] Device 0 CPU core 3
ip-10-180-1-243:58:58 [0] NCCL INFO threadThresholds 8/8/64 | 16/8/64 | 512 | 512
ip-10-180-1-243:58:58 [0] NCCL INFO 2 coll channels, 2 collnet channels, 0 nvls channels, 2 p2p channels, 1 p2p channels per peer
ip-10-180-1-243:58:58 [0] NCCL INFO Symmetric VA size=24GB
ip-10-180-1-243:58:58 [0] NCCL INFO Symmetric memory is not supported. cuMemEnable 1, globalGinSupport 0, globalNicFused 0 cuMemGdrSupport 1
ip-10-180-1-243:58:58 [0] NCCL INFO CC Off, workFifoBytes 1048576
ip-10-180-1-243:58:58 [0] NCCL INFO ncclCommInitRankConfig comm 0x643917ddf940 rank 0 nranks 2 cudaDev 0 nvmlDev 0 busId 1e0 commId 0x13d2d709ff5ec53a - Init COMPLETE
ip-10-180-1-243:58:58 [0] NCCL INFO Init timings - ncclCommInitRankConfig: rank 0 nranks 2 total 1.19 (kernels 0.00, alloc 0.00, bootstrap 0.96, allgathers 0.22, topo 0.00, graphs 0.00, connections 0.00, rest 0.00)
ip-10-180-1-243:58:94 [0] NCCL INFO New proxy send connection 0 from local rank 0, transport 2
ip-10-180-1-243:58:96 [0] NCCL INFO [Proxy Progress] Device 0 CPU core 0
ip-10-180-1-243:58:58 [0] NCCL INFO Connected to proxy localRank 0 -> connection 0x794b88004f70
ip-10-180-1-243:58:94 [0] NCCL INFO Could not get speed from /sys/class/net/ens5/speed. Defaulting to 10 Gbps.
ip-10-180-1-243:58:58 [0] NCCL INFO Channel 01/1 : 0[0] -> 1[0] [send] via NET/Socket/0/Shared
ip-10-180-1-243:58:94 [0] NCCL INFO New proxy recv connection 1 from local rank 0, transport 2
ip-10-180-1-243:58:58 [0] NCCL INFO Connected to proxy localRank 0 -> connection 0x794b88004ff8
ip-10-180-1-243:58:94 [0] NCCL INFO Could not get speed from /sys/class/net/ens5/speed. Defaulting to 10 Gbps.
ip-10-180-1-243:58:94 [0] NCCL INFO NET/Socket: Using 2 threads and 8 sockets per thread
ip-10-180-1-243:58:58 [0] NCCL INFO Channel 01/1 : 1[0] -> 0[0] [receive] via NET/Socket/0/Shared
ip-10-180-1-243:58:58 [0] NCCL INFO Initialized NET plugin Socket
ip-10-180-1-243:58:58 [0] NCCL INFO Could not get speed from /sys/class/net/ens5/speed. Defaulting to 10 Gbps.
ip-10-180-1-243:58:58 [0] NCCL INFO Assigned NET plugin Socket to comm
ip-10-180-1-243:58:58 [0] NCCL INFO Failed to initialize any GIN plugin
ip-10-180-1-243:58:58 [0] NCCL INFO Using network Socket
ip-10-180-1-243:58:58 [0] NCCL INFO [Rank 0] ncclCommInitRankConfig comm 0x643917fd8210 rank 0 nranks 2 cudaDev 0 nvmlDev 0 busId 1e0 commId 0x43050b007733c1fa - Init START
ip-10-180-1-243:58:58 [0] NCCL INFO Topology detection : could not read /sys/devices/pci0000:00/0000:00:1e.0/../max_link_speed, ignoring
ip-10-180-1-243:58:58 [0] NCCL INFO Topology detection : could not read /sys/devices/pci0000:00/0000:00:1e.0/../max_link_width, ignoring
ip-10-180-1-243:58:58 [0] NCCL INFO Topology detection : could not read /sys/devices/system/node/node-1/cpumap, ignoring
ip-10-180-1-243:58:58 [0] NCCL INFO TOPO/NET : Importing network plugins to topology
ip-10-180-1-243:58:58 [0] NCCL INFO Could not get speed from /sys/class/net/ens5/speed. Defaulting to 10 Gbps.
ip-10-180-1-243:58:58 [0] NCCL INFO Topology detection : could not read /sys/devices/pci0000:00/0000:00:05.0/../max_link_speed, ignoring
ip-10-180-1-243:58:58 [0] NCCL INFO Topology detection : could not read /sys/devices/pci0000:00/0000:00:05.0/../max_link_width, ignoring
ip-10-180-1-243:58:58 [0] NCCL INFO Topology detection : could not read /sys/devices/system/node/node-1/cpumap, ignoring
ip-10-180-1-243:58:58 [0] NCCL INFO NET/Socket : GPU Direct RDMA Disabled for HCA 0 'ens5'
ip-10-180-1-243:58:58 [0] NCCL INFO ncclTopoPopulateNics : Filled ens5 in topo with pciPath=/sys/devices/pci0000:00/0000:00:05.0 net=1 gin=(null) keep=1 coll=(null)
ip-10-180-1-243:58:58 [0] NCCL INFO KV Convert to int : could not find value of 'Unknown' in dictionary, falling back to 60
ip-10-180-1-243:58:58 [0] NCCL INFO === System : maxBw 1.2 totalBw 24.0 ===
ip-10-180-1-243:58:58 [0] NCCL INFO CPU/0-ffffffffffffff (1/2/-1)
ip-10-180-1-243:58:58 [0] NCCL INFO + PCI[24.0] - GPU/0-1e0 (0)
ip-10-180-1-243:58:58 [0] NCCL INFO + PCI[12.0] - NIC/0-50
ip-10-180-1-243:58:58 [0] NCCL INFO               + NET[1.2] - NET/0-0 (0/0/0/1.250000)
ip-10-180-1-243:58:58 [0] NCCL INFO ==========================================
ip-10-180-1-243:58:58 [0] NCCL INFO GPU/0-1e0 :GPU/0-1e0 (0/5000.0/LOC) CPU/0-ffffffffffffff (1/24.0/PHB) NET/0-0 (3/1.2/PHB) 
ip-10-180-1-243:58:58 [0] NCCL INFO NET/0-0 :GPU/0-1e0 (3/1.2/PHB) CPU/0-ffffffffffffff (2/1.2/PHB) NET/0-0 (0/5000.0/LOC) 
ip-10-180-1-243:58:58 [0] NCCL INFO ncclTopoGetCpuAffinity: Affinity for GPU 0 is empty, ignoring. (GPU affinity =  ; CPU affinity = 0-3).
ip-10-180-1-243:58:58 [0] NCCL INFO Pattern 4, crossNic 0, nChannels 1, bw 1.200000/1.200000, type LOC/PHB, sameChannels 1
ip-10-180-1-243:58:58 [0] NCCL INFO  0 : NET/0-0 GPU/0-1e0 NET/0-0
ip-10-180-1-243:58:58 [0] NCCL INFO Pattern 3, crossNic 0, nChannels 1, bw 2.400000/1.200000, type LOC/PHB, sameChannels 1
ip-10-180-1-243:58:58 [0] NCCL INFO  0 : NET/0-0 GPU/0-1e0 NET/0-0
ip-10-180-1-243:58:58 [0] NCCL INFO Could not get speed from /sys/class/net/ens5/speed. Defaulting to 10 Gbps.
ip-10-180-1-243:58:58 [0] NCCL INFO comm 0x643917fd8210 rank 0 nRanks 2 nNodes 2 localRanks 1 localRank 0 MNNVL 0
ip-10-180-1-243:58:58 [0] NCCL INFO Tree 0 : -1 -> 0 -> 1/-1/-1
ip-10-180-1-243:58:58 [0] NCCL INFO Tree 1 : 1 -> 0 -> -1/-1/-1
ip-10-180-1-243:58:58 [0] NCCL INFO Channel 00/02 : 0 1
ip-10-180-1-243:58:58 [0] NCCL INFO Channel 01/02 : 0 1
ip-10-180-1-243:58:58 [0] NCCL INFO Ring 00 : 1 -> 0 -> 1
ip-10-180-1-243:58:58 [0] NCCL INFO Ring 01 : 1 -> 0 -> 1
ip-10-180-1-243:58:58 [0] NCCL INFO Trees [0] 1/-1/-1->0->-1 [1] -1/-1/-1->0->1
ip-10-180-1-243:58:58 [0] NCCL INFO P2P Chunksize set to 131072
ip-10-180-1-243:58:58 [0] NCCL INFO Check P2P Type isAllDirectP2p 1 directMode 0 isAllCudaP2p 1
ip-10-180-1-243:58:102 [0] NCCL INFO [Proxy Service] Device 0 CPU core 1
ip-10-180-1-243:58:58 [0] NCCL INFO ncclP2pSchedule: group size used is 1
ip-10-180-1-243:58:103 [0] NCCL INFO [Proxy Service UDS] Device 0 CPU core 0
ip-10-180-1-243:58:58 [0] NCCL INFO threadThresholds 8/8/64 | 16/8/64 | 512 | 512
ip-10-180-1-243:58:58 [0] NCCL INFO 2 coll channels, 2 collnet channels, 0 nvls channels, 2 p2p channels, 1 p2p channels per peer
ip-10-180-1-243:58:58 [0] NCCL INFO Symmetric VA size=24GB
ip-10-180-1-243:58:58 [0] NCCL INFO Symmetric memory is not supported. cuMemEnable 1, globalGinSupport 0, globalNicFused 0 cuMemGdrSupport 1
ip-10-180-1-243:58:58 [0] NCCL INFO CC Off, workFifoBytes 1048576
ip-10-180-1-243:58:58 [0] NCCL INFO ncclCommInitRankConfig comm 0x643917fd8210 rank 0 nranks 2 cudaDev 0 nvmlDev 0 busId 1e0 commId 0x43050b007733c1fa - Init COMPLETE
ip-10-180-1-243:58:58 [0] NCCL INFO Init timings - ncclCommInitRankConfig: rank 0 nranks 2 total 1.20 (kernels 0.00, alloc 0.00, bootstrap 0.97, allgathers 0.22, topo 0.00, graphs 0.00, connections 0.00, rest 0.00)
ip-10-180-1-243:58:102 [0] NCCL INFO New proxy send connection 0 from local rank 0, transport 2
ip-10-180-1-243:58:104 [0] NCCL INFO [Proxy Progress] Device 0 CPU core 3
ip-10-180-1-243:58:58 [0] NCCL INFO Connected to proxy localRank 0 -> connection 0x794b6c004f70
ip-10-180-1-243:58:102 [0] NCCL INFO Could not get speed from /sys/class/net/ens5/speed. Defaulting to 10 Gbps.
ip-10-180-1-243:58:58 [0] NCCL INFO Channel 01/1 : 0[0] -> 1[0] [send] via NET/Socket/0/Shared
ip-10-180-1-243:58:102 [0] NCCL INFO New proxy recv connection 1 from local rank 0, transport 2
ip-10-180-1-243:58:58 [0] NCCL INFO Connected to proxy localRank 0 -> connection 0x794b6c004ff8
ip-10-180-1-243:58:102 [0] NCCL INFO Could not get speed from /sys/class/net/ens5/speed. Defaulting to 10 Gbps.
ip-10-180-1-243:58:102 [0] NCCL INFO NET/Socket: Using 2 threads and 8 sockets per thread
ip-10-180-1-243:58:58 [0] NCCL INFO Channel 01/1 : 1[0] -> 0[0] [receive] via NET/Socket/0/Shared
ip-10-180-1-243:58:58 [0] NCCL INFO Initialized NET plugin Socket
ip-10-180-1-243:58:58 [0] NCCL INFO Could not get speed from /sys/class/net/ens5/speed. Defaulting to 10 Gbps.
ip-10-180-1-243:58:58 [0] NCCL INFO Assigned NET plugin Socket to comm
ip-10-180-1-243:58:58 [0] NCCL INFO Failed to initialize any GIN plugin
ip-10-180-1-243:58:58 [0] NCCL INFO Using network Socket
ip-10-180-1-243:58:58 [0] NCCL INFO [Rank 0] ncclCommInitRankConfig comm 0x643918230d90 rank 0 nranks 2 cudaDev 0 nvmlDev 0 busId 1e0 commId 0x8c82b9f55986c754 - Init START
ip-10-180-1-243:58:58 [0] NCCL INFO Topology detection : could not read /sys/devices/pci0000:00/0000:00:1e.0/../max_link_speed, ignoring
ip-10-180-1-243:58:58 [0] NCCL INFO Topology detection : could not read /sys/devices/pci0000:00/0000:00:1e.0/../max_link_width, ignoring
ip-10-180-1-243:58:58 [0] NCCL INFO Topology detection : could not read /sys/devices/system/node/node-1/cpumap, ignoring
ip-10-180-1-243:58:58 [0] NCCL INFO TOPO/NET : Importing network plugins to topology
ip-10-180-1-243:58:58 [0] NCCL INFO Could not get speed from /sys/class/net/ens5/speed. Defaulting to 10 Gbps.
ip-10-180-1-243:58:58 [0] NCCL INFO Topology detection : could not read /sys/devices/pci0000:00/0000:00:05.0/../max_link_speed, ignoring
ip-10-180-1-243:58:58 [0] NCCL INFO Topology detection : could not read /sys/devices/pci0000:00/0000:00:05.0/../max_link_width, ignoring
ip-10-180-1-243:58:58 [0] NCCL INFO Topology detection : could not read /sys/devices/system/node/node-1/cpumap, ignoring
ip-10-180-1-243:58:58 [0] NCCL INFO NET/Socket : GPU Direct RDMA Disabled for HCA 0 'ens5'
ip-10-180-1-243:58:58 [0] NCCL INFO ncclTopoPopulateNics : Filled ens5 in topo with pciPath=/sys/devices/pci0000:00/0000:00:05.0 net=1 gin=(null) keep=1 coll=(null)
ip-10-180-1-243:58:58 [0] NCCL INFO KV Convert to int : could not find value of 'Unknown' in dictionary, falling back to 60
ip-10-180-1-243:58:58 [0] NCCL INFO === System : maxBw 1.2 totalBw 24.0 ===
ip-10-180-1-243:58:58 [0] NCCL INFO CPU/0-ffffffffffffff (1/2/-1)
ip-10-180-1-243:58:58 [0] NCCL INFO + PCI[24.0] - GPU/0-1e0 (0)
ip-10-180-1-243:58:58 [0] NCCL INFO + PCI[12.0] - NIC/0-50
ip-10-180-1-243:58:58 [0] NCCL INFO               + NET[1.2] - NET/0-0 (0/0/0/1.250000)
ip-10-180-1-243:58:58 [0] NCCL INFO ==========================================
ip-10-180-1-243:58:58 [0] NCCL INFO GPU/0-1e0 :GPU/0-1e0 (0/5000.0/LOC) CPU/0-ffffffffffffff (1/24.0/PHB) NET/0-0 (3/1.2/PHB) 
ip-10-180-1-243:58:58 [0] NCCL INFO NET/0-0 :GPU/0-1e0 (3/1.2/PHB) CPU/0-ffffffffffffff (2/1.2/PHB) NET/0-0 (0/5000.0/LOC) 
ip-10-180-1-243:58:58 [0] NCCL INFO ncclTopoGetCpuAffinity: Affinity for GPU 0 is empty, ignoring. (GPU affinity =  ; CPU affinity = 0-3).
ip-10-180-1-243:58:58 [0] NCCL INFO Pattern 4, crossNic 0, nChannels 1, bw 1.200000/1.200000, type LOC/PHB, sameChannels 1
ip-10-180-1-243:58:58 [0] NCCL INFO  0 : NET/0-0 GPU/0-1e0 NET/0-0
ip-10-180-1-243:58:58 [0] NCCL INFO Pattern 3, crossNic 0, nChannels 1, bw 2.400000/1.200000, type LOC/PHB, sameChannels 1
ip-10-180-1-243:58:58 [0] NCCL INFO  0 : NET/0-0 GPU/0-1e0 NET/0-0
ip-10-180-1-243:58:58 [0] NCCL INFO Could not get speed from /sys/class/net/ens5/speed. Defaulting to 10 Gbps.
ip-10-180-1-243:58:58 [0] NCCL INFO comm 0x643918230d90 rank 0 nRanks 2 nNodes 2 localRanks 1 localRank 0 MNNVL 0
ip-10-180-1-243:58:58 [0] NCCL INFO Tree 0 : -1 -> 0 -> 1/-1/-1
ip-10-180-1-243:58:58 [0] NCCL INFO Tree 1 : 1 -> 0 -> -1/-1/-1
ip-10-180-1-243:58:58 [0] NCCL INFO Channel 00/02 : 0 1
ip-10-180-1-243:58:58 [0] NCCL INFO Channel 01/02 : 0 1
ip-10-180-1-243:58:58 [0] NCCL INFO Ring 00 : 1 -> 0 -> 1
ip-10-180-1-243:58:58 [0] NCCL INFO Ring 01 : 1 -> 0 -> 1
ip-10-180-1-243:58:58 [0] NCCL INFO Trees [0] 1/-1/-1->0->-1 [1] -1/-1/-1->0->1
ip-10-180-1-243:58:58 [0] NCCL INFO P2P Chunksize set to 131072
ip-10-180-1-243:58:58 [0] NCCL INFO Check P2P Type isAllDirectP2p 1 directMode 0 isAllCudaP2p 1
ip-10-180-1-243:58:110 [0] NCCL INFO [Proxy Service] Device 0 CPU core 1
ip-10-180-1-243:58:58 [0] NCCL INFO ncclP2pSchedule: group size used is 1
ip-10-180-1-243:58:111 [0] NCCL INFO [Proxy Service UDS] Device 0 CPU core 1
ip-10-180-1-243:58:58 [0] NCCL INFO threadThresholds 8/8/64 | 16/8/64 | 512 | 512
ip-10-180-1-243:58:58 [0] NCCL INFO 2 coll channels, 2 collnet channels, 0 nvls channels, 2 p2p channels, 1 p2p channels per peer
ip-10-180-1-243:58:58 [0] NCCL INFO Symmetric VA size=24GB
ip-10-180-1-243:58:58 [0] NCCL INFO Symmetric memory is not supported. cuMemEnable 1, globalGinSupport 0, globalNicFused 0 cuMemGdrSupport 1
ip-10-180-1-243:58:58 [0] NCCL INFO CC Off, workFifoBytes 1048576
ip-10-180-1-243:58:58 [0] NCCL INFO ncclCommInitRankConfig comm 0x643918230d90 rank 0 nranks 2 cudaDev 0 nvmlDev 0 busId 1e0 commId 0x8c82b9f55986c754 - Init COMPLETE
ip-10-180-1-243:58:58 [0] NCCL INFO Init timings - ncclCommInitRankConfig: rank 0 nranks 2 total 1.11 (kernels 0.00, alloc 0.00, bootstrap 0.88, allgathers 0.22, topo 0.00, graphs 0.00, connections 0.00, rest 0.00)
ip-10-180-1-243:58:110 [0] NCCL INFO New proxy send connection 0 from local rank 0, transport 2
ip-10-180-1-243:58:112 [0] NCCL INFO [Proxy Progress] Device 0 CPU core 2
ip-10-180-1-243:58:58 [0] NCCL INFO Connected to proxy localRank 0 -> connection 0x794b50004f70
ip-10-180-1-243:58:110 [0] NCCL INFO Could not get speed from /sys/class/net/ens5/speed. Defaulting to 10 Gbps.
ip-10-180-1-243:58:58 [0] NCCL INFO Channel 01/1 : 0[0] -> 1[0] [send] via NET/Socket/0/Shared
ip-10-180-1-243:58:110 [0] NCCL INFO New proxy recv connection 1 from local rank 0, transport 2
ip-10-180-1-243:58:58 [0] NCCL INFO Connected to proxy localRank 0 -> connection 0x794b50004ff8
ip-10-180-1-243:58:110 [0] NCCL INFO Could not get speed from /sys/class/net/ens5/speed. Defaulting to 10 Gbps.
ip-10-180-1-243:58:110 [0] NCCL INFO NET/Socket: Using 2 threads and 8 sockets per thread
ip-10-180-1-243:58:58 [0] NCCL INFO Channel 01/1 : 1[0] -> 0[0] [receive] via NET/Socket/0/Shared
ip-10-180-1-243:58:58 [0] NCCL INFO Initialized NET plugin Socket
ip-10-180-1-243:58:58 [0] NCCL INFO Could not get speed from /sys/class/net/ens5/speed. Defaulting to 10 Gbps.
ip-10-180-1-243:58:58 [0] NCCL INFO Assigned NET plugin Socket to comm
ip-10-180-1-243:58:58 [0] NCCL INFO Failed to initialize any GIN plugin
ip-10-180-1-243:58:58 [0] NCCL INFO Using network Socket
ip-10-180-1-243:58:58 [0] NCCL INFO [Rank 1] ncclCommInitRankConfig comm 0x6439184d4800 rank 1 nranks 2 cudaDev 0 nvmlDev 0 busId 1e0 commId 0x383b16a6e003bf19 - Init START
ip-10-180-1-243:58:58 [0] NCCL INFO Topology detection : could not read /sys/devices/pci0000:00/0000:00:1e.0/../max_link_speed, ignoring
ip-10-180-1-243:58:58 [0] NCCL INFO Topology detection : could not read /sys/devices/pci0000:00/0000:00:1e.0/../max_link_width, ignoring
ip-10-180-1-243:58:58 [0] NCCL INFO Topology detection : could not read /sys/devices/system/node/node-1/cpumap, ignoring
ip-10-180-1-243:58:58 [0] NCCL INFO TOPO/NET : Importing network plugins to topology
ip-10-180-1-243:58:58 [0] NCCL INFO Could not get speed from /sys/class/net/ens5/speed. Defaulting to 10 Gbps.
ip-10-180-1-243:58:58 [0] NCCL INFO Topology detection : could not read /sys/devices/pci0000:00/0000:00:05.0/../max_link_speed, ignoring
ip-10-180-1-243:58:58 [0] NCCL INFO Topology detection : could not read /sys/devices/pci0000:00/0000:00:05.0/../max_link_width, ignoring
ip-10-180-1-243:58:58 [0] NCCL INFO Topology detection : could not read /sys/devices/system/node/node-1/cpumap, ignoring
ip-10-180-1-243:58:58 [0] NCCL INFO NET/Socket : GPU Direct RDMA Disabled for HCA 0 'ens5'
ip-10-180-1-243:58:58 [0] NCCL INFO ncclTopoPopulateNics : Filled ens5 in topo with pciPath=/sys/devices/pci0000:00/0000:00:05.0 net=1 gin=(null) keep=1 coll=(null)
ip-10-180-1-243:58:58 [0] NCCL INFO KV Convert to int : could not find value of 'Unknown' in dictionary, falling back to 60
ip-10-180-1-243:58:58 [0] NCCL INFO === System : maxBw 1.2 totalBw 24.0 ===
ip-10-180-1-243:58:58 [0] NCCL INFO CPU/0-ffffffffffffff (1/2/-1)
ip-10-180-1-243:58:58 [0] NCCL INFO + PCI[24.0] - GPU/0-1e0 (1)
ip-10-180-1-243:58:58 [0] NCCL INFO + PCI[12.0] - NIC/0-50
ip-10-180-1-243:58:58 [0] NCCL INFO               + NET[1.2] - NET/0-0 (0/0/0/1.250000)
ip-10-180-1-243:58:58 [0] NCCL INFO ==========================================
ip-10-180-1-243:58:58 [0] NCCL INFO GPU/0-1e0 :GPU/0-1e0 (0/5000.0/LOC) CPU/0-ffffffffffffff (1/24.0/PHB) NET/0-0 (3/1.2/PHB) 
ip-10-180-1-243:58:58 [0] NCCL INFO NET/0-0 :GPU/0-1e0 (3/1.2/PHB) CPU/0-ffffffffffffff (2/1.2/PHB) NET/0-0 (0/5000.0/LOC) 
ip-10-180-1-243:58:58 [0] NCCL INFO ncclTopoGetCpuAffinity: Affinity for GPU 0 is empty, ignoring. (GPU affinity =  ; CPU affinity = 0-3).
ip-10-180-1-243:58:58 [0] NCCL INFO Pattern 4, crossNic 0, nChannels 1, bw 1.200000/1.200000, type LOC/PHB, sameChannels 1
ip-10-180-1-243:58:58 [0] NCCL INFO  0 : NET/0-0 GPU/0-1e0 NET/0-0
ip-10-180-1-243:58:58 [0] NCCL INFO Pattern 3, crossNic 0, nChannels 1, bw 2.400000/1.200000, type LOC/PHB, sameChannels 1
ip-10-180-1-243:58:58 [0] NCCL INFO  0 : NET/0-0 GPU/0-1e0 NET/0-0
ip-10-180-1-243:58:58 [0] NCCL INFO Could not get speed from /sys/class/net/ens5/speed. Defaulting to 10 Gbps.
ip-10-180-1-243:58:58 [0] NCCL INFO comm 0x6439184d4800 rank 1 nRanks 2 nNodes 2 localRanks 1 localRank 0 MNNVL 0
ip-10-180-1-243:58:58 [0] NCCL INFO Tree 0 : 0 -> 1 -> -1/-1/-1
ip-10-180-1-243:58:58 [0] NCCL INFO Tree 1 : -1 -> 1 -> 0/-1/-1
ip-10-180-1-243:58:58 [0] NCCL INFO Ring 00 : 0 -> 1 -> 0
ip-10-180-1-243:58:58 [0] NCCL INFO Ring 01 : 0 -> 1 -> 0
ip-10-180-1-243:58:58 [0] NCCL INFO Trees [0] -1/-1/-1->1->0 [1] 0/-1/-1->1->-1
ip-10-180-1-243:58:58 [0] NCCL INFO P2P Chunksize set to 131072
ip-10-180-1-243:58:58 [0] NCCL INFO Check P2P Type isAllDirectP2p 1 directMode 0 isAllCudaP2p 1
ip-10-180-1-243:58:58 [0] NCCL INFO ncclP2pSchedule: group size used is 1
ip-10-180-1-243:58:118 [0] NCCL INFO [Proxy Service UDS] Device 0 CPU core 3
ip-10-180-1-243:58:117 [0] NCCL INFO [Proxy Service] Device 0 CPU core 3
ip-10-180-1-243:58:58 [0] NCCL INFO threadThresholds 8/8/64 | 16/8/64 | 512 | 512
ip-10-180-1-243:58:58 [0] NCCL INFO 2 coll channels, 2 collnet channels, 0 nvls channels, 2 p2p channels, 1 p2p channels per peer
ip-10-180-1-243:58:58 [0] NCCL INFO Symmetric VA size=24GB
ip-10-180-1-243:58:58 [0] NCCL INFO Symmetric memory is not supported. cuMemEnable 1, globalGinSupport 0, globalNicFused 0 cuMemGdrSupport 1
ip-10-180-1-243:58:58 [0] NCCL INFO ncclCommInitRankConfig comm 0x6439184d4800 rank 1 nranks 2 cudaDev 0 nvmlDev 0 busId 1e0 commId 0x383b16a6e003bf19 - Init COMPLETE
ip-10-180-1-243:58:58 [0] NCCL INFO Init timings - ncclCommInitRankConfig: rank 1 nranks 2 total 0.01 (kernels 0.00, alloc 0.00, bootstrap 0.00, allgathers 0.00, topo 0.00, graphs 0.00, connections 0.00, rest 0.00)
ip-10-180-1-243:58:117 [0] NCCL INFO New proxy recv connection 0 from local rank 0, transport 2
ip-10-180-1-243:58:119 [0] NCCL INFO [Proxy Progress] Device 0 CPU core 1
ip-10-180-1-243:58:58 [0] NCCL INFO Connected to proxy localRank 0 -> connection 0x794b34004f70
ip-10-180-1-243:58:117 [0] NCCL INFO Could not get speed from /sys/class/net/ens5/speed. Defaulting to 10 Gbps.
ip-10-180-1-243:58:117 [0] NCCL INFO NET/Socket: Using 2 threads and 8 sockets per thread
ip-10-180-1-243:58:58 [0] NCCL INFO Channel 01/1 : 0[0] -> 1[0] [receive] via NET/Socket/0/Shared
ip-10-180-1-243:58:117 [0] NCCL INFO New proxy send connection 1 from local rank 0, transport 2
ip-10-180-1-243:58:58 [0] NCCL INFO Connected to proxy localRank 0 -> connection 0x794b34004ff8
ip-10-180-1-243:58:117 [0] NCCL INFO Could not get speed from /sys/class/net/ens5/speed. Defaulting to 10 Gbps.
ip-10-180-1-243:58:58 [0] NCCL INFO Channel 01/1 : 1[0] -> 0[0] [send] via NET/Socket/0/Shared
ip-10-180-1-243:58:58 [0] NCCL INFO Initialized NET plugin Socket
ip-10-180-1-243:58:58 [0] NCCL INFO Could not get speed from /sys/class/net/ens5/speed. Defaulting to 10 Gbps.
ip-10-180-1-243:58:58 [0] NCCL INFO Assigned NET plugin Socket to comm
ip-10-180-1-243:58:58 [0] NCCL INFO Failed to initialize any GIN plugin
ip-10-180-1-243:58:58 [0] NCCL INFO Using network Socket
ip-10-180-1-243:58:58 [0] NCCL INFO [Rank 0] ncclCommInitRankConfig comm 0x643918dfd8e0 rank 0 nranks 2 cudaDev 0 nvmlDev 0 busId 1e0 commId 0xf7e99fdc29628332 - Init START
ip-10-180-1-243:58:58 [0] NCCL INFO Topology detection : could not read /sys/devices/pci0000:00/0000:00:1e.0/../max_link_speed, ignoring
ip-10-180-1-243:58:58 [0] NCCL INFO Topology detection : could not read /sys/devices/pci0000:00/0000:00:1e.0/../max_link_width, ignoring
ip-10-180-1-243:58:58 [0] NCCL INFO Topology detection : could not read /sys/devices/system/node/node-1/cpumap, ignoring
ip-10-180-1-243:58:58 [0] NCCL INFO TOPO/NET : Importing network plugins to topology
ip-10-180-1-243:58:58 [0] NCCL INFO Could not get speed from /sys/class/net/ens5/speed. Defaulting to 10 Gbps.
ip-10-180-1-243:58:58 [0] NCCL INFO Topology detection : could not read /sys/devices/pci0000:00/0000:00:05.0/../max_link_speed, ignoring
ip-10-180-1-243:58:58 [0] NCCL INFO Topology detection : could not read /sys/devices/pci0000:00/0000:00:05.0/../max_link_width, ignoring
ip-10-180-1-243:58:58 [0] NCCL INFO Topology detection : could not read /sys/devices/system/node/node-1/cpumap, ignoring
ip-10-180-1-243:58:58 [0] NCCL INFO NET/Socket : GPU Direct RDMA Disabled for HCA 0 'ens5'
ip-10-180-1-243:58:58 [0] NCCL INFO ncclTopoPopulateNics : Filled ens5 in topo with pciPath=/sys/devices/pci0000:00/0000:00:05.0 net=1 gin=(null) keep=1 coll=(null)
ip-10-180-1-243:58:58 [0] NCCL INFO KV Convert to int : could not find value of 'Unknown' in dictionary, falling back to 60
ip-10-180-1-243:58:58 [0] NCCL INFO === System : maxBw 1.2 totalBw 24.0 ===
ip-10-180-1-243:58:58 [0] NCCL INFO CPU/0-ffffffffffffff (1/2/-1)
ip-10-180-1-243:58:58 [0] NCCL INFO + PCI[24.0] - GPU/0-1e0 (0)
ip-10-180-1-243:58:58 [0] NCCL INFO + PCI[12.0] - NIC/0-50
ip-10-180-1-243:58:58 [0] NCCL INFO               + NET[1.2] - NET/0-0 (0/0/0/1.250000)
ip-10-180-1-243:58:58 [0] NCCL INFO ==========================================
ip-10-180-1-243:58:58 [0] NCCL INFO GPU/0-1e0 :GPU/0-1e0 (0/5000.0/LOC) CPU/0-ffffffffffffff (1/24.0/PHB) NET/0-0 (3/1.2/PHB) 
ip-10-180-1-243:58:58 [0] NCCL INFO NET/0-0 :GPU/0-1e0 (3/1.2/PHB) CPU/0-ffffffffffffff (2/1.2/PHB) NET/0-0 (0/5000.0/LOC) 
ip-10-180-1-243:58:58 [0] NCCL INFO ncclTopoGetCpuAffinity: Affinity for GPU 0 is empty, ignoring. (GPU affinity =  ; CPU affinity = 0-3).
ip-10-180-1-243:58:58 [0] NCCL INFO Pattern 4, crossNic 0, nChannels 1, bw 1.200000/1.200000, type LOC/PHB, sameChannels 1
ip-10-180-1-243:58:58 [0] NCCL INFO  0 : NET/0-0 GPU/0-1e0 NET/0-0
ip-10-180-1-243:58:58 [0] NCCL INFO Pattern 3, crossNic 0, nChannels 1, bw 2.400000/1.200000, type LOC/PHB, sameChannels 1
ip-10-180-1-243:58:58 [0] NCCL INFO  0 : NET/0-0 GPU/0-1e0 NET/0-0
ip-10-180-1-243:58:58 [0] NCCL INFO Could not get speed from /sys/class/net/ens5/speed. Defaulting to 10 Gbps.
ip-10-180-1-243:58:58 [0] NCCL INFO comm 0x643918dfd8e0 rank 0 nRanks 2 nNodes 2 localRanks 1 localRank 0 MNNVL 0
ip-10-180-1-243:58:58 [0] NCCL INFO Tree 0 : -1 -> 0 -> 1/-1/-1
ip-10-180-1-243:58:58 [0] NCCL INFO Tree 1 : 1 -> 0 -> -1/-1/-1
ip-10-180-1-243:58:58 [0] NCCL INFO Channel 00/02 : 0 1
ip-10-180-1-243:58:58 [0] NCCL INFO Channel 01/02 : 0 1
ip-10-180-1-243:58:58 [0] NCCL INFO Ring 00 : 1 -> 0 -> 1
ip-10-180-1-243:58:58 [0] NCCL INFO Ring 01 : 1 -> 0 -> 1
ip-10-180-1-243:58:58 [0] NCCL INFO Trees [0] 1/-1/-1->0->-1 [1] -1/-1/-1->0->1
ip-10-180-1-243:58:58 [0] NCCL INFO P2P Chunksize set to 131072
ip-10-180-1-243:58:58 [0] NCCL INFO Check P2P Type isAllDirectP2p 1 directMode 0 isAllCudaP2p 1
ip-10-180-1-243:58:125 [0] NCCL INFO [Proxy Service] Device 0 CPU core 1
ip-10-180-1-243:58:58 [0] NCCL INFO ncclP2pSchedule: group size used is 1
ip-10-180-1-243:58:126 [0] NCCL INFO [Proxy Service UDS] Device 0 CPU core 0
ip-10-180-1-243:58:58 [0] NCCL INFO threadThresholds 8/8/64 | 16/8/64 | 512 | 512
ip-10-180-1-243:58:58 [0] NCCL INFO 2 coll channels, 2 collnet channels, 0 nvls channels, 2 p2p channels, 1 p2p channels per peer
ip-10-180-1-243:58:58 [0] NCCL INFO Symmetric VA size=24GB
ip-10-180-1-243:58:58 [0] NCCL INFO Symmetric memory is not supported. cuMemEnable 1, globalGinSupport 0, globalNicFused 0 cuMemGdrSupport 1
ip-10-180-1-243:58:58 [0] NCCL INFO CC Off, workFifoBytes 1048576
ip-10-180-1-243:58:58 [0] NCCL INFO ncclCommInitRankConfig comm 0x643918dfd8e0 rank 0 nranks 2 cudaDev 0 nvmlDev 0 busId 1e0 commId 0xf7e99fdc29628332 - Init COMPLETE
ip-10-180-1-243:58:58 [0] NCCL INFO Init timings - ncclCommInitRankConfig: rank 0 nranks 2 total 0.75 (kernels 0.00, alloc 0.00, bootstrap 0.58, allgathers 0.17, topo 0.00, graphs 0.00, connections 0.00, rest 0.00)
ip-10-180-1-243:58:125 [0] NCCL INFO New proxy send connection 0 from local rank 0, transport 2
ip-10-180-1-243:58:127 [0] NCCL INFO [Proxy Progress] Device 0 CPU core 2
ip-10-180-1-243:58:58 [0] NCCL INFO Connected to proxy localRank 0 -> connection 0x794b20004f70
ip-10-180-1-243:58:125 [0] NCCL INFO Could not get speed from /sys/class/net/ens5/speed. Defaulting to 10 Gbps.
ip-10-180-1-243:58:58 [0] NCCL INFO Channel 01/1 : 0[0] -> 1[0] [send] via NET/Socket/0/Shared
ip-10-180-1-243:58:125 [0] NCCL INFO New proxy recv connection 1 from local rank 0, transport 2
ip-10-180-1-243:58:58 [0] NCCL INFO Connected to proxy localRank 0 -> connection 0x794b20004ff8
ip-10-180-1-243:58:125 [0] NCCL INFO Could not get speed from /sys/class/net/ens5/speed. Defaulting to 10 Gbps.
ip-10-180-1-243:58:125 [0] NCCL INFO NET/Socket: Using 2 threads and 8 sockets per thread
ip-10-180-1-243:58:58 [0] NCCL INFO Channel 01/1 : 1[0] -> 0[0] [receive] via NET/Socket/0/Shared
ip-10-180-1-243:58:58 [0] NCCL INFO Initialized NET plugin Socket
ip-10-180-1-243:58:58 [0] NCCL INFO Could not get speed from /sys/class/net/ens5/speed. Defaulting to 10 Gbps.
ip-10-180-1-243:58:58 [0] NCCL INFO Assigned NET plugin Socket to comm
ip-10-180-1-243:58:58 [0] NCCL INFO Failed to initialize any GIN plugin
ip-10-180-1-243:58:58 [0] NCCL INFO Using network Socket
ip-10-180-1-243:58:58 [0] NCCL INFO [Rank 0] ncclCommInitRankConfig comm 0x6439185f95f0 rank 0 nranks 2 cudaDev 0 nvmlDev 0 busId 1e0 commId 0xdde6cbae97d503f6 - Init START
ip-10-180-1-243:58:58 [0] NCCL INFO Topology detection : could not read /sys/devices/pci0000:00/0000:00:1e.0/../max_link_speed, ignoring
ip-10-180-1-243:58:58 [0] NCCL INFO Topology detection : could not read /sys/devices/pci0000:00/0000:00:1e.0/../max_link_width, ignoring
ip-10-180-1-243:58:58 [0] NCCL INFO Topology detection : could not read /sys/devices/system/node/node-1/cpumap, ignoring
ip-10-180-1-243:58:58 [0] NCCL INFO TOPO/NET : Importing network plugins to topology
ip-10-180-1-243:58:58 [0] NCCL INFO Could not get speed from /sys/class/net/ens5/speed. Defaulting to 10 Gbps.
ip-10-180-1-243:58:58 [0] NCCL INFO Topology detection : could not read /sys/devices/pci0000:00/0000:00:05.0/../max_link_speed, ignoring
ip-10-180-1-243:58:58 [0] NCCL INFO Topology detection : could not read /sys/devices/pci0000:00/0000:00:05.0/../max_link_width, ignoring
ip-10-180-1-243:58:58 [0] NCCL INFO Topology detection : could not read /sys/devices/system/node/node-1/cpumap, ignoring
ip-10-180-1-243:58:58 [0] NCCL INFO NET/Socket : GPU Direct RDMA Disabled for HCA 0 'ens5'
ip-10-180-1-243:58:58 [0] NCCL INFO ncclTopoPopulateNics : Filled ens5 in topo with pciPath=/sys/devices/pci0000:00/0000:00:05.0 net=1 gin=(null) keep=1 coll=(null)
ip-10-180-1-243:58:58 [0] NCCL INFO KV Convert to int : could not find value of 'Unknown' in dictionary, falling back to 60
ip-10-180-1-243:58:58 [0] NCCL INFO === System : maxBw 1.2 totalBw 24.0 ===
ip-10-180-1-243:58:58 [0] NCCL INFO CPU/0-ffffffffffffff (1/2/-1)
ip-10-180-1-243:58:58 [0] NCCL INFO + PCI[24.0] - GPU/0-1e0 (0)
ip-10-180-1-243:58:58 [0] NCCL INFO + PCI[12.0] - NIC/0-50
ip-10-180-1-243:58:58 [0] NCCL INFO               + NET[1.2] - NET/0-0 (0/0/0/1.250000)
ip-10-180-1-243:58:58 [0] NCCL INFO ==========================================
ip-10-180-1-243:58:58 [0] NCCL INFO GPU/0-1e0 :GPU/0-1e0 (0/5000.0/LOC) CPU/0-ffffffffffffff (1/24.0/PHB) NET/0-0 (3/1.2/PHB) 
ip-10-180-1-243:58:58 [0] NCCL INFO NET/0-0 :GPU/0-1e0 (3/1.2/PHB) CPU/0-ffffffffffffff (2/1.2/PHB) NET/0-0 (0/5000.0/LOC) 
ip-10-180-1-243:58:58 [0] NCCL INFO ncclTopoGetCpuAffinity: Affinity for GPU 0 is empty, ignoring. (GPU affinity =  ; CPU affinity = 0-3).
ip-10-180-1-243:58:58 [0] NCCL INFO Pattern 4, crossNic 0, nChannels 1, bw 1.200000/1.200000, type LOC/PHB, sameChannels 1
ip-10-180-1-243:58:58 [0] NCCL INFO  0 : NET/0-0 GPU/0-1e0 NET/0-0
ip-10-180-1-243:58:58 [0] NCCL INFO Pattern 3, crossNic 0, nChannels 1, bw 2.400000/1.200000, type LOC/PHB, sameChannels 1
ip-10-180-1-243:58:58 [0] NCCL INFO  0 : NET/0-0 GPU/0-1e0 NET/0-0
ip-10-180-1-243:58:58 [0] NCCL INFO Could not get speed from /sys/class/net/ens5/speed. Defaulting to 10 Gbps.
ip-10-180-1-243:58:58 [0] NCCL INFO comm 0x6439185f95f0 rank 0 nRanks 2 nNodes 2 localRanks 1 localRank 0 MNNVL 0
ip-10-180-1-243:58:58 [0] NCCL INFO Tree 0 : -1 -> 0 -> 1/-1/-1
ip-10-180-1-243:58:58 [0] NCCL INFO Tree 1 : 1 -> 0 -> -1/-1/-1
ip-10-180-1-243:58:58 [0] NCCL INFO Channel 00/02 : 0 1
ip-10-180-1-243:58:58 [0] NCCL INFO Channel 01/02 : 0 1
ip-10-180-1-243:58:58 [0] NCCL INFO Ring 00 : 1 -> 0 -> 1
ip-10-180-1-243:58:58 [0] NCCL INFO Ring 01 : 1 -> 0 -> 1
ip-10-180-1-243:58:58 [0] NCCL INFO Trees [0] 1/-1/-1->0->-1 [1] -1/-1/-1->0->1
ip-10-180-1-243:58:58 [0] NCCL INFO P2P Chunksize set to 131072
ip-10-180-1-243:58:58 [0] NCCL INFO Check P2P Type isAllDirectP2p 1 directMode 0 isAllCudaP2p 1
ip-10-180-1-243:58:133 [0] NCCL INFO [Proxy Service] Device 0 CPU core 1
ip-10-180-1-243:58:58 [0] NCCL INFO ncclP2pSchedule: group size used is 1
ip-10-180-1-243:58:134 [0] NCCL INFO [Proxy Service UDS] Device 0 CPU core 1
ip-10-180-1-243:58:58 [0] NCCL INFO threadThresholds 8/8/64 | 16/8/64 | 512 | 512
ip-10-180-1-243:58:58 [0] NCCL INFO 2 coll channels, 2 collnet channels, 0 nvls channels, 2 p2p channels, 1 p2p channels per peer
ip-10-180-1-243:58:58 [0] NCCL INFO Symmetric VA size=24GB
ip-10-180-1-243:58:58 [0] NCCL INFO Symmetric memory is not supported. cuMemEnable 1, globalGinSupport 0, globalNicFused 0 cuMemGdrSupport 1
ip-10-180-1-243:58:58 [0] NCCL INFO CC Off, workFifoBytes 1048576
ip-10-180-1-243:58:58 [0] NCCL INFO ncclCommInitRankConfig comm 0x6439185f95f0 rank 0 nranks 2 cudaDev 0 nvmlDev 0 busId 1e0 commId 0xdde6cbae97d503f6 - Init COMPLETE
ip-10-180-1-243:58:58 [0] NCCL INFO Init timings - ncclCommInitRankConfig: rank 0 nranks 2 total 0.77 (kernels 0.00, alloc 0.00, bootstrap 0.59, allgathers 0.17, topo 0.00, graphs 0.00, connections 0.00, rest 0.00)
ip-10-180-1-243:58:133 [0] NCCL INFO New proxy send connection 0 from local rank 0, transport 2
ip-10-180-1-243:58:135 [0] NCCL INFO [Proxy Progress] Device 0 CPU core 0
ip-10-180-1-243:58:58 [0] NCCL INFO Connected to proxy localRank 0 -> connection 0x794b2c009560
ip-10-180-1-243:58:133 [0] NCCL INFO Could not get speed from /sys/class/net/ens5/speed. Defaulting to 10 Gbps.
ip-10-180-1-243:58:58 [0] NCCL INFO Channel 01/1 : 0[0] -> 1[0] [send] via NET/Socket/0/Shared
ip-10-180-1-243:58:133 [0] NCCL INFO New proxy recv connection 1 from local rank 0, transport 2
ip-10-180-1-243:58:58 [0] NCCL INFO Connected to proxy localRank 0 -> connection 0x794b2c0095e8
ip-10-180-1-243:58:133 [0] NCCL INFO Could not get speed from /sys/class/net/ens5/speed. Defaulting to 10 Gbps.
ip-10-180-1-243:58:133 [0] NCCL INFO NET/Socket: Using 2 threads and 8 sockets per thread
ip-10-180-1-243:58:58 [0] NCCL INFO Channel 01/1 : 1[0] -> 0[0] [receive] via NET/Socket/0/Shared
ip-10-180-1-243:58:58 [0] NCCL INFO Initialized NET plugin Socket
ip-10-180-1-243:58:58 [0] NCCL INFO Could not get speed from /sys/class/net/ens5/speed. Defaulting to 10 Gbps.
ip-10-180-1-243:58:58 [0] NCCL INFO Assigned NET plugin Socket to comm
ip-10-180-1-243:58:58 [0] NCCL INFO Failed to initialize any GIN plugin
ip-10-180-1-243:58:58 [0] NCCL INFO Using network Socket
ip-10-180-1-243:58:58 [0] NCCL INFO [Rank 0] ncclCommInitRankConfig comm 0x6439187b7800 rank 0 nranks 2 cudaDev 0 nvmlDev 0 busId 1e0 commId 0x31a641e1e851d25f - Init START
ip-10-180-1-243:58:58 [0] NCCL INFO Topology detection : could not read /sys/devices/pci0000:00/0000:00:1e.0/../max_link_speed, ignoring
ip-10-180-1-243:58:58 [0] NCCL INFO Topology detection : could not read /sys/devices/pci0000:00/0000:00:1e.0/../max_link_width, ignoring
ip-10-180-1-243:58:58 [0] NCCL INFO Topology detection : could not read /sys/devices/system/node/node-1/cpumap, ignoring
ip-10-180-1-243:58:58 [0] NCCL INFO TOPO/NET : Importing network plugins to topology
ip-10-180-1-243:58:58 [0] NCCL INFO Could not get speed from /sys/class/net/ens5/speed. Defaulting to 10 Gbps.
ip-10-180-1-243:58:58 [0] NCCL INFO Topology detection : could not read /sys/devices/pci0000:00/0000:00:05.0/../max_link_speed, ignoring
ip-10-180-1-243:58:58 [0] NCCL INFO Topology detection : could not read /sys/devices/pci0000:00/0000:00:05.0/../max_link_width, ignoring
ip-10-180-1-243:58:58 [0] NCCL INFO Topology detection : could not read /sys/devices/system/node/node-1/cpumap, ignoring
ip-10-180-1-243:58:58 [0] NCCL INFO NET/Socket : GPU Direct RDMA Disabled for HCA 0 'ens5'
ip-10-180-1-243:58:58 [0] NCCL INFO ncclTopoPopulateNics : Filled ens5 in topo with pciPath=/sys/devices/pci0000:00/0000:00:05.0 net=1 gin=(null) keep=1 coll=(null)
ip-10-180-1-243:58:58 [0] NCCL INFO KV Convert to int : could not find value of 'Unknown' in dictionary, falling back to 60
ip-10-180-1-243:58:58 [0] NCCL INFO === System : maxBw 1.2 totalBw 24.0 ===
ip-10-180-1-243:58:58 [0] NCCL INFO CPU/0-ffffffffffffff (1/2/-1)
ip-10-180-1-243:58:58 [0] NCCL INFO + PCI[24.0] - GPU/0-1e0 (0)
ip-10-180-1-243:58:58 [0] NCCL INFO + PCI[12.0] - NIC/0-50
ip-10-180-1-243:58:58 [0] NCCL INFO               + NET[1.2] - NET/0-0 (0/0/0/1.250000)
ip-10-180-1-243:58:58 [0] NCCL INFO ==========================================
ip-10-180-1-243:58:58 [0] NCCL INFO GPU/0-1e0 :GPU/0-1e0 (0/5000.0/LOC) CPU/0-ffffffffffffff (1/24.0/PHB) NET/0-0 (3/1.2/PHB) 
ip-10-180-1-243:58:58 [0] NCCL INFO NET/0-0 :GPU/0-1e0 (3/1.2/PHB) CPU/0-ffffffffffffff (2/1.2/PHB) NET/0-0 (0/5000.0/LOC) 
ip-10-180-1-243:58:58 [0] NCCL INFO ncclTopoGetCpuAffinity: Affinity for GPU 0 is empty, ignoring. (GPU affinity =  ; CPU affinity = 0-3).
ip-10-180-1-243:58:58 [0] NCCL INFO Pattern 4, crossNic 0, nChannels 1, bw 1.200000/1.200000, type LOC/PHB, sameChannels 1
ip-10-180-1-243:58:58 [0] NCCL INFO  0 : NET/0-0 GPU/0-1e0 NET/0-0
ip-10-180-1-243:58:58 [0] NCCL INFO Pattern 3, crossNic 0, nChannels 1, bw 2.400000/1.200000, type LOC/PHB, sameChannels 1
ip-10-180-1-243:58:58 [0] NCCL INFO  0 : NET/0-0 GPU/0-1e0 NET/0-0
ip-10-180-1-243:58:58 [0] NCCL INFO Could not get speed from /sys/class/net/ens5/speed. Defaulting to 10 Gbps.
ip-10-180-1-243:58:58 [0] NCCL INFO comm 0x6439187b7800 rank 0 nRanks 2 nNodes 2 localRanks 1 localRank 0 MNNVL 0
ip-10-180-1-243:58:58 [0] NCCL INFO Tree 0 : -1 -> 0 -> 1/-1/-1
ip-10-180-1-243:58:58 [0] NCCL INFO Tree 1 : 1 -> 0 -> -1/-1/-1
ip-10-180-1-243:58:58 [0] NCCL INFO Channel 00/02 : 0 1
ip-10-180-1-243:58:58 [0] NCCL INFO Channel 01/02 : 0 1
ip-10-180-1-243:58:58 [0] NCCL INFO Ring 00 : 1 -> 0 -> 1
ip-10-180-1-243:58:58 [0] NCCL INFO Ring 01 : 1 -> 0 -> 1
ip-10-180-1-243:58:58 [0] NCCL INFO Trees [0] 1/-1/-1->0->-1 [1] -1/-1/-1->0->1
ip-10-180-1-243:58:58 [0] NCCL INFO P2P Chunksize set to 131072
ip-10-180-1-243:58:58 [0] NCCL INFO Check P2P Type isAllDirectP2p 1 directMode 0 isAllCudaP2p 1
ip-10-180-1-243:58:141 [0] NCCL INFO [Proxy Service] Device 0 CPU core 3
ip-10-180-1-243:58:58 [0] NCCL INFO ncclP2pSchedule: group size used is 1
ip-10-180-1-243:58:142 [0] NCCL INFO [Proxy Service UDS] Device 0 CPU core 2
ip-10-180-1-243:58:58 [0] NCCL INFO threadThresholds 8/8/64 | 16/8/64 | 512 | 512
ip-10-180-1-243:58:58 [0] NCCL INFO 2 coll channels, 2 collnet channels, 0 nvls channels, 2 p2p channels, 1 p2p channels per peer
ip-10-180-1-243:58:58 [0] NCCL INFO Symmetric VA size=24GB
ip-10-180-1-243:58:58 [0] NCCL INFO Symmetric memory is not supported. cuMemEnable 1, globalGinSupport 0, globalNicFused 0 cuMemGdrSupport 1
ip-10-180-1-243:58:58 [0] NCCL INFO CC Off, workFifoBytes 1048576
ip-10-180-1-243:58:58 [0] NCCL INFO ncclCommInitRankConfig comm 0x6439187b7800 rank 0 nranks 2 cudaDev 0 nvmlDev 0 busId 1e0 commId 0x31a641e1e851d25f - Init COMPLETE
ip-10-180-1-243:58:58 [0] NCCL INFO Init timings - ncclCommInitRankConfig: rank 0 nranks 2 total 0.53 (kernels 0.00, alloc 0.00, bootstrap 0.41, allgathers 0.12, topo 0.00, graphs 0.00, connections 0.00, rest 0.00)
ip-10-180-1-243:58:141 [0] NCCL INFO New proxy send connection 0 from local rank 0, transport 2
ip-10-180-1-243:58:143 [0] NCCL INFO [Proxy Progress] Device 0 CPU core 1
ip-10-180-1-243:58:58 [0] NCCL INFO Connected to proxy localRank 0 -> connection 0x794b500210b0
ip-10-180-1-243:58:141 [0] NCCL INFO Could not get speed from /sys/class/net/ens5/speed. Defaulting to 10 Gbps.
ip-10-180-1-243:58:58 [0] NCCL INFO Channel 01/1 : 0[0] -> 1[0] [send] via NET/Socket/0/Shared
ip-10-180-1-243:58:141 [0] NCCL INFO New proxy recv connection 1 from local rank 0, transport 2
ip-10-180-1-243:58:58 [0] NCCL INFO Connected to proxy localRank 0 -> connection 0x794b50021138
ip-10-180-1-243:58:141 [0] NCCL INFO Could not get speed from /sys/class/net/ens5/speed. Defaulting to 10 Gbps.
ip-10-180-1-243:58:141 [0] NCCL INFO NET/Socket: Using 2 threads and 8 sockets per thread
ip-10-180-1-243:58:58 [0] NCCL INFO Channel 01/1 : 1[0] -> 0[0] [receive] via NET/Socket/0/Shared
ip-10-180-1-243:58:58 [0] NCCL INFO Initialized NET plugin Socket
ip-10-180-1-243:58:58 [0] NCCL INFO Could not get speed from /sys/class/net/ens5/speed. Defaulting to 10 Gbps.
ip-10-180-1-243:58:58 [0] NCCL INFO Assigned NET plugin Socket to comm
ip-10-180-1-243:58:58 [0] NCCL INFO Failed to initialize any GIN plugin
ip-10-180-1-243:58:58 [0] NCCL INFO Using network Socket
ip-10-180-1-243:58:58 [0] NCCL INFO [Rank 0] ncclCommInitRankConfig comm 0x64391894bc60 rank 0 nranks 2 cudaDev 0 nvmlDev 0 busId 1e0 commId 0x58b8f352ed736b0 - Init START
ip-10-180-1-243:58:58 [0] NCCL INFO Topology detection : could not read /sys/devices/pci0000:00/0000:00:1e.0/../max_link_speed, ignoring
ip-10-180-1-243:58:58 [0] NCCL INFO Topology detection : could not read /sys/devices/pci0000:00/0000:00:1e.0/../max_link_width, ignoring
ip-10-180-1-243:58:58 [0] NCCL INFO Topology detection : could not read /sys/devices/system/node/node-1/cpumap, ignoring
ip-10-180-1-243:58:58 [0] NCCL INFO TOPO/NET : Importing network plugins to topology
ip-10-180-1-243:58:58 [0] NCCL INFO Could not get speed from /sys/class/net/ens5/speed. Defaulting to 10 Gbps.
ip-10-180-1-243:58:58 [0] NCCL INFO Topology detection : could not read /sys/devices/pci0000:00/0000:00:05.0/../max_link_speed, ignoring
ip-10-180-1-243:58:58 [0] NCCL INFO Topology detection : could not read /sys/devices/pci0000:00/0000:00:05.0/../max_link_width, ignoring
ip-10-180-1-243:58:58 [0] NCCL INFO Topology detection : could not read /sys/devices/system/node/node-1/cpumap, ignoring
ip-10-180-1-243:58:58 [0] NCCL INFO NET/Socket : GPU Direct RDMA Disabled for HCA 0 'ens5'
ip-10-180-1-243:58:58 [0] NCCL INFO ncclTopoPopulateNics : Filled ens5 in topo with pciPath=/sys/devices/pci0000:00/0000:00:05.0 net=1 gin=(null) keep=1 coll=(null)
ip-10-180-1-243:58:58 [0] NCCL INFO KV Convert to int : could not find value of 'Unknown' in dictionary, falling back to 60
ip-10-180-1-243:58:58 [0] NCCL INFO === System : maxBw 1.2 totalBw 24.0 ===
ip-10-180-1-243:58:58 [0] NCCL INFO CPU/0-ffffffffffffff (1/2/-1)
ip-10-180-1-243:58:58 [0] NCCL INFO + PCI[24.0] - GPU/0-1e0 (0)
ip-10-180-1-243:58:58 [0] NCCL INFO + PCI[12.0] - NIC/0-50
ip-10-180-1-243:58:58 [0] NCCL INFO               + NET[1.2] - NET/0-0 (0/0/0/1.250000)
ip-10-180-1-243:58:58 [0] NCCL INFO ==========================================
ip-10-180-1-243:58:58 [0] NCCL INFO GPU/0-1e0 :GPU/0-1e0 (0/5000.0/LOC) CPU/0-ffffffffffffff (1/24.0/PHB) NET/0-0 (3/1.2/PHB) 
ip-10-180-1-243:58:58 [0] NCCL INFO NET/0-0 :GPU/0-1e0 (3/1.2/PHB) CPU/0-ffffffffffffff (2/1.2/PHB) NET/0-0 (0/5000.0/LOC) 
ip-10-180-1-243:58:58 [0] NCCL INFO ncclTopoGetCpuAffinity: Affinity for GPU 0 is empty, ignoring. (GPU affinity =  ; CPU affinity = 0-3).
ip-10-180-1-243:58:58 [0] NCCL INFO Pattern 4, crossNic 0, nChannels 1, bw 1.200000/1.200000, type LOC/PHB, sameChannels 1
ip-10-180-1-243:58:58 [0] NCCL INFO  0 : NET/0-0 GPU/0-1e0 NET/0-0
ip-10-180-1-243:58:58 [0] NCCL INFO Pattern 3, crossNic 0, nChannels 1, bw 2.400000/1.200000, type LOC/PHB, sameChannels 1
ip-10-180-1-243:58:58 [0] NCCL INFO  0 : NET/0-0 GPU/0-1e0 NET/0-0
ip-10-180-1-243:58:58 [0] NCCL INFO Could not get speed from /sys/class/net/ens5/speed. Defaulting to 10 Gbps.
ip-10-180-1-243:58:58 [0] NCCL INFO comm 0x64391894bc60 rank 0 nRanks 2 nNodes 2 localRanks 1 localRank 0 MNNVL 0
ip-10-180-1-243:58:58 [0] NCCL INFO Tree 0 : -1 -> 0 -> 1/-1/-1
ip-10-180-1-243:58:58 [0] NCCL INFO Tree 1 : 1 -> 0 -> -1/-1/-1
ip-10-180-1-243:58:58 [0] NCCL INFO Channel 00/02 : 0 1
ip-10-180-1-243:58:58 [0] NCCL INFO Channel 01/02 : 0 1
ip-10-180-1-243:58:58 [0] NCCL INFO Ring 00 : 1 -> 0 -> 1
ip-10-180-1-243:58:58 [0] NCCL INFO Ring 01 : 1 -> 0 -> 1
ip-10-180-1-243:58:58 [0] NCCL INFO Trees [0] 1/-1/-1->0->-1 [1] -1/-1/-1->0->1
ip-10-180-1-243:58:58 [0] NCCL INFO P2P Chunksize set to 131072
ip-10-180-1-243:58:58 [0] NCCL INFO Check P2P Type isAllDirectP2p 1 directMode 0 isAllCudaP2p 1
ip-10-180-1-243:58:149 [0] NCCL INFO [Proxy Service] Device 0 CPU core 3
ip-10-180-1-243:58:58 [0] NCCL INFO ncclP2pSchedule: group size used is 1
ip-10-180-1-243:58:150 [0] NCCL INFO [Proxy Service UDS] Device 0 CPU core 3
ip-10-180-1-243:58:58 [0] NCCL INFO threadThresholds 8/8/64 | 16/8/64 | 512 | 512
ip-10-180-1-243:58:58 [0] NCCL INFO 2 coll channels, 2 collnet channels, 0 nvls channels, 2 p2p channels, 1 p2p channels per peer
ip-10-180-1-243:58:58 [0] NCCL INFO Symmetric VA size=24GB
ip-10-180-1-243:58:58 [0] NCCL INFO Symmetric memory is not supported. cuMemEnable 1, globalGinSupport 0, globalNicFused 0 cuMemGdrSupport 1
ip-10-180-1-243:58:58 [0] NCCL INFO CC Off, workFifoBytes 1048576
ip-10-180-1-243:58:58 [0] NCCL INFO ncclCommInitRankConfig comm 0x64391894bc60 rank 0 nranks 2 cudaDev 0 nvmlDev 0 busId 1e0 commId 0x58b8f352ed736b0 - Init COMPLETE
ip-10-180-1-243:58:58 [0] NCCL INFO Init timings - ncclCommInitRankConfig: rank 0 nranks 2 total 0.11 (kernels 0.00, alloc 0.00, bootstrap 0.09, allgathers 0.02, topo 0.00, graphs 0.00, connections 0.00, rest 0.00)
ip-10-180-1-243:58:149 [0] NCCL INFO New proxy send connection 0 from local rank 0, transport 2
ip-10-180-1-243:58:151 [0] NCCL INFO [Proxy Progress] Device 0 CPU core 1
ip-10-180-1-243:58:58 [0] NCCL INFO Connected to proxy localRank 0 -> connection 0x794b78016470
ip-10-180-1-243:58:149 [0] NCCL INFO Could not get speed from /sys/class/net/ens5/speed. Defaulting to 10 Gbps.
ip-10-180-1-243:58:58 [0] NCCL INFO Channel 01/1 : 0[0] -> 1[0] [send] via NET/Socket/0/Shared
ip-10-180-1-243:58:149 [0] NCCL INFO New proxy recv connection 1 from local rank 0, transport 2
ip-10-180-1-243:58:58 [0] NCCL INFO Connected to proxy localRank 0 -> connection 0x794b780164f8
ip-10-180-1-243:58:149 [0] NCCL INFO Could not get speed from /sys/class/net/ens5/speed. Defaulting to 10 Gbps.
ip-10-180-1-243:58:149 [0] NCCL INFO NET/Socket: Using 2 threads and 8 sockets per thread
ip-10-180-1-243:58:58 [0] NCCL INFO Channel 01/1 : 1[0] -> 0[0] [receive] via NET/Socket/0/Shared
ip-10-180-1-243:58:58 [0] NCCL INFO Initialized NET plugin Socket
ip-10-180-1-243:58:58 [0] NCCL INFO Could not get speed from /sys/class/net/ens5/speed. Defaulting to 10 Gbps.
ip-10-180-1-243:58:58 [0] NCCL INFO Assigned NET plugin Socket to comm
ip-10-180-1-243:58:58 [0] NCCL INFO Failed to initialize any GIN plugin
ip-10-180-1-243:58:58 [0] NCCL INFO Using network Socket
ip-10-180-1-243:58:58 [0] NCCL INFO [Rank 0] ncclCommInitRankConfig comm 0x643918a9af00 rank 0 nranks 2 cudaDev 0 nvmlDev 0 busId 1e0 commId 0xb9f1e501386ce76f - Init START
ip-10-180-1-243:58:58 [0] NCCL INFO Topology detection : could not read /sys/devices/pci0000:00/0000:00:1e.0/../max_link_speed, ignoring
ip-10-180-1-243:58:58 [0] NCCL INFO Topology detection : could not read /sys/devices/pci0000:00/0000:00:1e.0/../max_link_width, ignoring
ip-10-180-1-243:58:58 [0] NCCL INFO Topology detection : could not read /sys/devices/system/node/node-1/cpumap, ignoring
ip-10-180-1-243:58:58 [0] NCCL INFO TOPO/NET : Importing network plugins to topology
ip-10-180-1-243:58:58 [0] NCCL INFO Could not get speed from /sys/class/net/ens5/speed. Defaulting to 10 Gbps.
ip-10-180-1-243:58:58 [0] NCCL INFO Topology detection : could not read /sys/devices/pci0000:00/0000:00:05.0/../max_link_speed, ignoring
ip-10-180-1-243:58:58 [0] NCCL INFO Topology detection : could not read /sys/devices/pci0000:00/0000:00:05.0/../max_link_width, ignoring
ip-10-180-1-243:58:58 [0] NCCL INFO Topology detection : could not read /sys/devices/system/node/node-1/cpumap, ignoring
ip-10-180-1-243:58:58 [0] NCCL INFO NET/Socket : GPU Direct RDMA Disabled for HCA 0 'ens5'
ip-10-180-1-243:58:58 [0] NCCL INFO ncclTopoPopulateNics : Filled ens5 in topo with pciPath=/sys/devices/pci0000:00/0000:00:05.0 net=1 gin=(null) keep=1 coll=(null)
ip-10-180-1-243:58:58 [0] NCCL INFO KV Convert to int : could not find value of 'Unknown' in dictionary, falling back to 60
ip-10-180-1-243:58:58 [0] NCCL INFO === System : maxBw 1.2 totalBw 24.0 ===
ip-10-180-1-243:58:58 [0] NCCL INFO CPU/0-ffffffffffffff (1/2/-1)
ip-10-180-1-243:58:58 [0] NCCL INFO + PCI[24.0] - GPU/0-1e0 (0)
ip-10-180-1-243:58:58 [0] NCCL INFO + PCI[12.0] - NIC/0-50
ip-10-180-1-243:58:58 [0] NCCL INFO               + NET[1.2] - NET/0-0 (0/0/0/1.250000)
ip-10-180-1-243:58:58 [0] NCCL INFO ==========================================
ip-10-180-1-243:58:58 [0] NCCL INFO GPU/0-1e0 :GPU/0-1e0 (0/5000.0/LOC) CPU/0-ffffffffffffff (1/24.0/PHB) NET/0-0 (3/1.2/PHB) 
ip-10-180-1-243:58:58 [0] NCCL INFO NET/0-0 :GPU/0-1e0 (3/1.2/PHB) CPU/0-ffffffffffffff (2/1.2/PHB) NET/0-0 (0/5000.0/LOC) 
ip-10-180-1-243:58:58 [0] NCCL INFO ncclTopoGetCpuAffinity: Affinity for GPU 0 is empty, ignoring. (GPU affinity =  ; CPU affinity = 0-3).
ip-10-180-1-243:58:58 [0] NCCL INFO Pattern 4, crossNic 0, nChannels 1, bw 1.200000/1.200000, type LOC/PHB, sameChannels 1
ip-10-180-1-243:58:58 [0] NCCL INFO  0 : NET/0-0 GPU/0-1e0 NET/0-0
ip-10-180-1-243:58:58 [0] NCCL INFO Pattern 3, crossNic 0, nChannels 1, bw 2.400000/1.200000, type LOC/PHB, sameChannels 1
ip-10-180-1-243:58:58 [0] NCCL INFO  0 : NET/0-0 GPU/0-1e0 NET/0-0
ip-10-180-1-243:58:58 [0] NCCL INFO Could not get speed from /sys/class/net/ens5/speed. Defaulting to 10 Gbps.
ip-10-180-1-243:58:58 [0] NCCL INFO comm 0x643918a9af00 rank 0 nRanks 2 nNodes 2 localRanks 1 localRank 0 MNNVL 0
ip-10-180-1-243:58:58 [0] NCCL INFO Tree 0 : -1 -> 0 -> 1/-1/-1
ip-10-180-1-243:58:58 [0] NCCL INFO Tree 1 : 1 -> 0 -> -1/-1/-1
ip-10-180-1-243:58:58 [0] NCCL INFO Channel 00/02 : 0 1
ip-10-180-1-243:58:58 [0] NCCL INFO Channel 01/02 : 0 1
ip-10-180-1-243:58:58 [0] NCCL INFO Ring 00 : 1 -> 0 -> 1
ip-10-180-1-243:58:58 [0] NCCL INFO Ring 01 : 1 -> 0 -> 1
ip-10-180-1-243:58:58 [0] NCCL INFO Trees [0] 1/-1/-1->0->-1 [1] -1/-1/-1->0->1
ip-10-180-1-243:58:58 [0] NCCL INFO P2P Chunksize set to 131072
ip-10-180-1-243:58:58 [0] NCCL INFO Check P2P Type isAllDirectP2p 1 directMode 0 isAllCudaP2p 1
ip-10-180-1-243:58:58 [0] NCCL INFO ncclP2pSchedule: group size used is 1
ip-10-180-1-243:58:158 [0] NCCL INFO [Proxy Service UDS] Device 0 CPU core 3
ip-10-180-1-243:58:157 [0] NCCL INFO [Proxy Service] Device 0 CPU core 2
ip-10-180-1-243:58:58 [0] NCCL INFO threadThresholds 8/8/64 | 16/8/64 | 512 | 512
ip-10-180-1-243:58:58 [0] NCCL INFO 2 coll channels, 2 collnet channels, 0 nvls channels, 2 p2p channels, 1 p2p channels per peer
ip-10-180-1-243:58:58 [0] NCCL INFO Symmetric VA size=24GB
ip-10-180-1-243:58:58 [0] NCCL INFO Symmetric memory is not supported. cuMemEnable 1, globalGinSupport 0, globalNicFused 0 cuMemGdrSupport 1
ip-10-180-1-243:58:58 [0] NCCL INFO CC Off, workFifoBytes 1048576
ip-10-180-1-243:58:58 [0] NCCL INFO ncclCommInitRankConfig comm 0x643918a9af00 rank 0 nranks 2 cudaDev 0 nvmlDev 0 busId 1e0 commId 0xb9f1e501386ce76f - Init COMPLETE
ip-10-180-1-243:58:58 [0] NCCL INFO Init timings - ncclCommInitRankConfig: rank 0 nranks 2 total 0.89 (kernels 0.00, alloc 0.00, bootstrap 0.70, allgathers 0.18, topo 0.00, graphs 0.00, connections 0.00, rest 0.00)
ip-10-180-1-243:58:157 [0] NCCL INFO New proxy send connection 0 from local rank 0, transport 2
ip-10-180-1-243:58:159 [0] NCCL INFO [Proxy Progress] Device 0 CPU core 2
ip-10-180-1-243:58:58 [0] NCCL INFO Connected to proxy localRank 0 -> connection 0x794b9c009560
ip-10-180-1-243:58:157 [0] NCCL INFO Could not get speed from /sys/class/net/ens5/speed. Defaulting to 10 Gbps.
ip-10-180-1-243:58:58 [0] NCCL INFO Channel 01/1 : 0[0] -> 1[0] [send] via NET/Socket/0/Shared
ip-10-180-1-243:58:157 [0] NCCL INFO New proxy recv connection 1 from local rank 0, transport 2
ip-10-180-1-243:58:58 [0] NCCL INFO Connected to proxy localRank 0 -> connection 0x794b9c0095e8
ip-10-180-1-243:58:157 [0] NCCL INFO Could not get speed from /sys/class/net/ens5/speed. Defaulting to 10 Gbps.
ip-10-180-1-243:58:157 [0] NCCL INFO NET/Socket: Using 2 threads and 8 sockets per thread
ip-10-180-1-243:58:58 [0] NCCL INFO Channel 01/1 : 1[0] -> 0[0] [receive] via NET/Socket/0/Shared
ip-10-180-1-243:58:58 [0] NCCL INFO Initialized NET plugin Socket
ip-10-180-1-243:58:58 [0] NCCL INFO Could not get speed from /sys/class/net/ens5/speed. Defaulting to 10 Gbps.
ip-10-180-1-243:58:58 [0] NCCL INFO Assigned NET plugin Socket to comm
ip-10-180-1-243:58:58 [0] NCCL INFO Failed to initialize any GIN plugin
ip-10-180-1-243:58:58 [0] NCCL INFO Using network Socket
ip-10-180-1-243:58:58 [0] NCCL INFO [Rank 0] ncclCommInitRankConfig comm 0x64391b825190 rank 0 nranks 2 cudaDev 0 nvmlDev 0 busId 1e0 commId 0x6643decbd8593146 - Init START
ip-10-180-1-243:58:58 [0] NCCL INFO Topology detection : could not read /sys/devices/pci0000:00/0000:00:1e.0/../max_link_speed, ignoring
ip-10-180-1-243:58:58 [0] NCCL INFO Topology detection : could not read /sys/devices/pci0000:00/0000:00:1e.0/../max_link_width, ignoring
ip-10-180-1-243:58:58 [0] NCCL INFO Topology detection : could not read /sys/devices/system/node/node-1/cpumap, ignoring
ip-10-180-1-243:58:58 [0] NCCL INFO TOPO/NET : Importing network plugins to topology
ip-10-180-1-243:58:58 [0] NCCL INFO Could not get speed from /sys/class/net/ens5/speed. Defaulting to 10 Gbps.
ip-10-180-1-243:58:58 [0] NCCL INFO Topology detection : could not read /sys/devices/pci0000:00/0000:00:05.0/../max_link_speed, ignoring
ip-10-180-1-243:58:58 [0] NCCL INFO Topology detection : could not read /sys/devices/pci0000:00/0000:00:05.0/../max_link_width, ignoring
ip-10-180-1-243:58:58 [0] NCCL INFO Topology detection : could not read /sys/devices/system/node/node-1/cpumap, ignoring
ip-10-180-1-243:58:58 [0] NCCL INFO NET/Socket : GPU Direct RDMA Disabled for HCA 0 'ens5'
ip-10-180-1-243:58:58 [0] NCCL INFO ncclTopoPopulateNics : Filled ens5 in topo with pciPath=/sys/devices/pci0000:00/0000:00:05.0 net=1 gin=(null) keep=1 coll=(null)
ip-10-180-1-243:58:58 [0] NCCL INFO KV Convert to int : could not find value of 'Unknown' in dictionary, falling back to 60
ip-10-180-1-243:58:58 [0] NCCL INFO === System : maxBw 1.2 totalBw 24.0 ===
ip-10-180-1-243:58:58 [0] NCCL INFO CPU/0-ffffffffffffff (1/2/-1)
ip-10-180-1-243:58:58 [0] NCCL INFO + PCI[24.0] - GPU/0-1e0 (0)
ip-10-180-1-243:58:58 [0] NCCL INFO + PCI[12.0] - NIC/0-50
ip-10-180-1-243:58:58 [0] NCCL INFO               + NET[1.2] - NET/0-0 (0/0/0/1.250000)
ip-10-180-1-243:58:58 [0] NCCL INFO ==========================================
ip-10-180-1-243:58:58 [0] NCCL INFO GPU/0-1e0 :GPU/0-1e0 (0/5000.0/LOC) CPU/0-ffffffffffffff (1/24.0/PHB) NET/0-0 (3/1.2/PHB) 
ip-10-180-1-243:58:58 [0] NCCL INFO NET/0-0 :GPU/0-1e0 (3/1.2/PHB) CPU/0-ffffffffffffff (2/1.2/PHB) NET/0-0 (0/5000.0/LOC) 
ip-10-180-1-243:58:58 [0] NCCL INFO ncclTopoGetCpuAffinity: Affinity for GPU 0 is empty, ignoring. (GPU affinity =  ; CPU affinity = 0-3).
ip-10-180-1-243:58:58 [0] NCCL INFO Pattern 4, crossNic 0, nChannels 1, bw 1.200000/1.200000, type LOC/PHB, sameChannels 1
ip-10-180-1-243:58:58 [0] NCCL INFO  0 : NET/0-0 GPU/0-1e0 NET/0-0
ip-10-180-1-243:58:58 [0] NCCL INFO Pattern 3, crossNic 0, nChannels 1, bw 2.400000/1.200000, type LOC/PHB, sameChannels 1
ip-10-180-1-243:58:58 [0] NCCL INFO  0 : NET/0-0 GPU/0-1e0 NET/0-0
ip-10-180-1-243:58:58 [0] NCCL INFO Could not get speed from /sys/class/net/ens5/speed. Defaulting to 10 Gbps.
ip-10-180-1-243:58:58 [0] NCCL INFO comm 0x64391b825190 rank 0 nRanks 2 nNodes 2 localRanks 1 localRank 0 MNNVL 0
ip-10-180-1-243:58:58 [0] NCCL INFO Tree 0 : -1 -> 0 -> 1/-1/-1
ip-10-180-1-243:58:58 [0] NCCL INFO Tree 1 : 1 -> 0 -> -1/-1/-1
ip-10-180-1-243:58:58 [0] NCCL INFO Channel 00/02 : 0 1
ip-10-180-1-243:58:58 [0] NCCL INFO Channel 01/02 : 0 1
ip-10-180-1-243:58:58 [0] NCCL INFO Ring 00 : 1 -> 0 -> 1
ip-10-180-1-243:58:58 [0] NCCL INFO Ring 01 : 1 -> 0 -> 1
ip-10-180-1-243:58:58 [0] NCCL INFO Trees [0] 1/-1/-1->0->-1 [1] -1/-1/-1->0->1
ip-10-180-1-243:58:58 [0] NCCL INFO P2P Chunksize set to 131072
ip-10-180-1-243:58:58 [0] NCCL INFO Check P2P Type isAllDirectP2p 1 directMode 0 isAllCudaP2p 1
ip-10-180-1-243:58:165 [0] NCCL INFO [Proxy Service] Device 0 CPU core 0
ip-10-180-1-243:58:166 [0] NCCL INFO [Proxy Service UDS] Device 0 CPU core 1
ip-10-180-1-243:58:58 [0] NCCL INFO ncclP2pSchedule: group size used is 1
ip-10-180-1-243:58:58 [0] NCCL INFO threadThresholds 8/8/64 | 16/8/64 | 512 | 512
ip-10-180-1-243:58:58 [0] NCCL INFO 2 coll channels, 2 collnet channels, 0 nvls channels, 2 p2p channels, 1 p2p channels per peer
ip-10-180-1-243:58:58 [0] NCCL INFO Symmetric VA size=24GB
ip-10-180-1-243:58:58 [0] NCCL INFO Symmetric memory is not supported. cuMemEnable 1, globalGinSupport 0, globalNicFused 0 cuMemGdrSupport 1
ip-10-180-1-243:58:58 [0] NCCL INFO CC Off, workFifoBytes 1048576
ip-10-180-1-243:58:58 [0] NCCL INFO ncclCommInitRankConfig comm 0x64391b825190 rank 0 nranks 2 cudaDev 0 nvmlDev 0 busId 1e0 commId 0x6643decbd8593146 - Init COMPLETE
ip-10-180-1-243:58:58 [0] NCCL INFO Init timings - ncclCommInitRankConfig: rank 0 nranks 2 total 1.71 (kernels 0.00, alloc 0.00, bootstrap 1.33, allgathers 0.37, topo 0.00, graphs 0.00, connections 0.00, rest 0.00)
ip-10-180-1-243:58:165 [0] NCCL INFO New proxy send connection 0 from local rank 0, transport 2
ip-10-180-1-243:58:167 [0] NCCL INFO [Proxy Progress] Device 0 CPU core 3
ip-10-180-1-243:58:58 [0] NCCL INFO Connected to proxy localRank 0 -> connection 0x794bcc057650
ip-10-180-1-243:58:165 [0] NCCL INFO Could not get speed from /sys/class/net/ens5/speed. Defaulting to 10 Gbps.
ip-10-180-1-243:58:58 [0] NCCL INFO Channel 01/1 : 0[0] -> 1[0] [send] via NET/Socket/0/Shared
ip-10-180-1-243:58:165 [0] NCCL INFO New proxy recv connection 1 from local rank 0, transport 2
ip-10-180-1-243:58:58 [0] NCCL INFO Connected to proxy localRank 0 -> connection 0x794bcc0576d8
ip-10-180-1-243:58:165 [0] NCCL INFO Could not get speed from /sys/class/net/ens5/speed. Defaulting to 10 Gbps.
ip-10-180-1-243:58:165 [0] NCCL INFO NET/Socket: Using 2 threads and 8 sockets per thread
ip-10-180-1-243:58:58 [0] NCCL INFO Channel 01/1 : 1[0] -> 0[0] [receive] via NET/Socket/0/Shared
ip-10-180-1-243:58:58 [0] NCCL INFO Initialized NET plugin Socket
ip-10-180-1-243:58:58 [0] NCCL INFO Could not get speed from /sys/class/net/ens5/speed. Defaulting to 10 Gbps.
ip-10-180-1-243:58:58 [0] NCCL INFO Assigned NET plugin Socket to comm
ip-10-180-1-243:58:58 [0] NCCL INFO Failed to initialize any GIN plugin
ip-10-180-1-243:58:58 [0] NCCL INFO Using network Socket
ip-10-180-1-243:58:58 [0] NCCL INFO [Rank 0] ncclCommInitRankConfig comm 0x64391cb88fc0 rank 0 nranks 2 cudaDev 0 nvmlDev 0 busId 1e0 commId 0xeae95e11ddb3c24b - Init START
ip-10-180-1-243:58:58 [0] NCCL INFO Topology detection : could not read /sys/devices/pci0000:00/0000:00:1e.0/../max_link_speed, ignoring
ip-10-180-1-243:58:58 [0] NCCL INFO Topology detection : could not read /sys/devices/pci0000:00/0000:00:1e.0/../max_link_width, ignoring
ip-10-180-1-243:58:58 [0] NCCL INFO Topology detection : could not read /sys/devices/system/node/node-1/cpumap, ignoring
ip-10-180-1-243:58:58 [0] NCCL INFO TOPO/NET : Importing network plugins to topology
ip-10-180-1-243:58:58 [0] NCCL INFO Could not get speed from /sys/class/net/ens5/speed. Defaulting to 10 Gbps.
ip-10-180-1-243:58:58 [0] NCCL INFO Topology detection : could not read /sys/devices/pci0000:00/0000:00:05.0/../max_link_speed, ignoring
ip-10-180-1-243:58:58 [0] NCCL INFO Topology detection : could not read /sys/devices/pci0000:00/0000:00:05.0/../max_link_width, ignoring
ip-10-180-1-243:58:58 [0] NCCL INFO Topology detection : could not read /sys/devices/system/node/node-1/cpumap, ignoring
ip-10-180-1-243:58:58 [0] NCCL INFO NET/Socket : GPU Direct RDMA Disabled for HCA 0 'ens5'
ip-10-180-1-243:58:58 [0] NCCL INFO ncclTopoPopulateNics : Filled ens5 in topo with pciPath=/sys/devices/pci0000:00/0000:00:05.0 net=1 gin=(null) keep=1 coll=(null)
ip-10-180-1-243:58:58 [0] NCCL INFO KV Convert to int : could not find value of 'Unknown' in dictionary, falling back to 60
ip-10-180-1-243:58:58 [0] NCCL INFO === System : maxBw 1.2 totalBw 24.0 ===
ip-10-180-1-243:58:58 [0] NCCL INFO CPU/0-ffffffffffffff (1/2/-1)
ip-10-180-1-243:58:58 [0] NCCL INFO + PCI[24.0] - GPU/0-1e0 (0)
ip-10-180-1-243:58:58 [0] NCCL INFO + PCI[12.0] - NIC/0-50
ip-10-180-1-243:58:58 [0] NCCL INFO               + NET[1.2] - NET/0-0 (0/0/0/1.250000)
ip-10-180-1-243:58:58 [0] NCCL INFO ==========================================
ip-10-180-1-243:58:58 [0] NCCL INFO GPU/0-1e0 :GPU/0-1e0 (0/5000.0/LOC) CPU/0-ffffffffffffff (1/24.0/PHB) NET/0-0 (3/1.2/PHB) 
ip-10-180-1-243:58:58 [0] NCCL INFO NET/0-0 :GPU/0-1e0 (3/1.2/PHB) CPU/0-ffffffffffffff (2/1.2/PHB) NET/0-0 (0/5000.0/LOC) 
ip-10-180-1-243:58:58 [0] NCCL INFO ncclTopoGetCpuAffinity: Affinity for GPU 0 is empty, ignoring. (GPU affinity =  ; CPU affinity = 0-3).
ip-10-180-1-243:58:58 [0] NCCL INFO Pattern 4, crossNic 0, nChannels 1, bw 1.200000/1.200000, type LOC/PHB, sameChannels 1
ip-10-180-1-243:58:58 [0] NCCL INFO  0 : NET/0-0 GPU/0-1e0 NET/0-0
ip-10-180-1-243:58:58 [0] NCCL INFO Pattern 3, crossNic 0, nChannels 1, bw 2.400000/1.200000, type LOC/PHB, sameChannels 1
ip-10-180-1-243:58:58 [0] NCCL INFO  0 : NET/0-0 GPU/0-1e0 NET/0-0
ip-10-180-1-243:58:58 [0] NCCL INFO Could not get speed from /sys/class/net/ens5/speed. Defaulting to 10 Gbps.
ip-10-180-1-243:58:58 [0] NCCL INFO comm 0x64391cb88fc0 rank 0 nRanks 2 nNodes 2 localRanks 1 localRank 0 MNNVL 0
ip-10-180-1-243:58:58 [0] NCCL INFO Tree 0 : -1 -> 0 -> 1/-1/-1
ip-10-180-1-243:58:58 [0] NCCL INFO Tree 1 : 1 -> 0 -> -1/-1/-1
ip-10-180-1-243:58:58 [0] NCCL INFO Channel 00/02 : 0 1
ip-10-180-1-243:58:58 [0] NCCL INFO Channel 01/02 : 0 1
ip-10-180-1-243:58:58 [0] NCCL INFO Ring 00 : 1 -> 0 -> 1
ip-10-180-1-243:58:58 [0] NCCL INFO Ring 01 : 1 -> 0 -> 1
ip-10-180-1-243:58:58 [0] NCCL INFO Trees [0] 1/-1/-1->0->-1 [1] -1/-1/-1->0->1
ip-10-180-1-243:58:58 [0] NCCL INFO P2P Chunksize set to 131072
ip-10-180-1-243:58:58 [0] NCCL INFO Check P2P Type isAllDirectP2p 1 directMode 0 isAllCudaP2p 1
ip-10-180-1-243:58:173 [0] NCCL INFO [Proxy Service] Device 0 CPU core 3
ip-10-180-1-243:58:58 [0] NCCL INFO ncclP2pSchedule: group size used is 1
ip-10-180-1-243:58:174 [0] NCCL INFO [Proxy Service UDS] Device 0 CPU core 0
ip-10-180-1-243:58:58 [0] NCCL INFO threadThresholds 8/8/64 | 16/8/64 | 512 | 512
ip-10-180-1-243:58:58 [0] NCCL INFO 2 coll channels, 2 collnet channels, 0 nvls channels, 2 p2p channels, 1 p2p channels per peer
ip-10-180-1-243:58:58 [0] NCCL INFO Symmetric VA size=24GB
ip-10-180-1-243:58:58 [0] NCCL INFO Symmetric memory is not supported. cuMemEnable 1, globalGinSupport 0, globalNicFused 0 cuMemGdrSupport 1
ip-10-180-1-243:58:58 [0] NCCL INFO CC Off, workFifoBytes 1048576
ip-10-180-1-243:58:58 [0] NCCL INFO ncclCommInitRankConfig comm 0x64391cb88fc0 rank 0 nranks 2 cudaDev 0 nvmlDev 0 busId 1e0 commId 0xeae95e11ddb3c24b - Init COMPLETE
ip-10-180-1-243:58:58 [0] NCCL INFO Init timings - ncclCommInitRankConfig: rank 0 nranks 2 total 1.78 (kernels 0.00, alloc 0.00, bootstrap 1.38, allgathers 0.40, topo 0.00, graphs 0.00, connections 0.00, rest 0.00)
ip-10-180-1-243:58:173 [0] NCCL INFO New proxy send connection 0 from local rank 0, transport 2
ip-10-180-1-243:58:175 [0] NCCL INFO [Proxy Progress] Device 0 CPU core 1
ip-10-180-1-243:58:58 [0] NCCL INFO Connected to proxy localRank 0 -> connection 0x794c04006860
ip-10-180-1-243:58:173 [0] NCCL INFO Could not get speed from /sys/class/net/ens5/speed. Defaulting to 10 Gbps.
ip-10-180-1-243:58:58 [0] NCCL INFO Channel 01/1 : 0[0] -> 1[0] [send] via NET/Socket/0/Shared
ip-10-180-1-243:58:173 [0] NCCL INFO New proxy recv connection 1 from local rank 0, transport 2
ip-10-180-1-243:58:58 [0] NCCL INFO Connected to proxy localRank 0 -> connection 0x794c040068e8
ip-10-180-1-243:58:173 [0] NCCL INFO Could not get speed from /sys/class/net/ens5/speed. Defaulting to 10 Gbps.
ip-10-180-1-243:58:173 [0] NCCL INFO NET/Socket: Using 2 threads and 8 sockets per thread
ip-10-180-1-243:58:58 [0] NCCL INFO Channel 01/1 : 1[0] -> 0[0] [receive] via NET/Socket/0/Shared
{"event": "outer_step_completed", "rank": 1, "completed_outer_steps": 25, "timestamp": "2026-09-14T14:52:40.245989+00:00"}
ip-10-180-1-243:58:58 [0] NCCL INFO Initialized NET plugin Socket
ip-10-180-1-243:58:58 [0] NCCL INFO Could not get speed from /sys/class/net/ens5/speed. Defaulting to 10 Gbps.
ip-10-180-1-243:58:58 [0] NCCL INFO Assigned NET plugin Socket to comm
ip-10-180-1-243:58:58 [0] NCCL INFO Failed to initialize any GIN plugin
ip-10-180-1-243:58:58 [0] NCCL INFO Using network Socket
ip-10-180-1-243:58:58 [0] NCCL INFO [Rank 0] ncclCommInitRankConfig comm 0x64391e518740 rank 0 nranks 2 cudaDev 0 nvmlDev 0 busId 1e0 commId 0x50837265d2974693 - Init START
ip-10-180-1-243:58:58 [0] NCCL INFO Topology detection : could not read /sys/devices/pci0000:00/0000:00:1e.0/../max_link_speed, ignoring
ip-10-180-1-243:58:58 [0] NCCL INFO Topology detection : could not read /sys/devices/pci0000:00/0000:00:1e.0/../max_link_width, ignoring
ip-10-180-1-243:58:58 [0] NCCL INFO Topology detection : could not read /sys/devices/system/node/node-1/cpumap, ignoring
ip-10-180-1-243:58:58 [0] NCCL INFO TOPO/NET : Importing network plugins to topology
ip-10-180-1-243:58:58 [0] NCCL INFO Could not get speed from /sys/class/net/ens5/speed. Defaulting to 10 Gbps.
ip-10-180-1-243:58:58 [0] NCCL INFO Topology detection : could not read /sys/devices/pci0000:00/0000:00:05.0/../max_link_speed, ignoring
ip-10-180-1-243:58:58 [0] NCCL INFO Topology detection : could not read /sys/devices/pci0000:00/0000:00:05.0/../max_link_width, ignoring
ip-10-180-1-243:58:58 [0] NCCL INFO Topology detection : could not read /sys/devices/system/node/node-1/cpumap, ignoring
ip-10-180-1-243:58:58 [0] NCCL INFO NET/Socket : GPU Direct RDMA Disabled for HCA 0 'ens5'
ip-10-180-1-243:58:58 [0] NCCL INFO ncclTopoPopulateNics : Filled ens5 in topo with pciPath=/sys/devices/pci0000:00/0000:00:05.0 net=1 gin=(null) keep=1 coll=(null)
ip-10-180-1-243:58:58 [0] NCCL INFO KV Convert to int : could not find value of 'Unknown' in dictionary, falling back to 60
ip-10-180-1-243:58:58 [0] NCCL INFO === System : maxBw 1.2 totalBw 24.0 ===
ip-10-180-1-243:58:58 [0] NCCL INFO CPU/0-ffffffffffffff (1/2/-1)
ip-10-180-1-243:58:58 [0] NCCL INFO + PCI[24.0] - GPU/0-1e0 (0)
ip-10-180-1-243:58:58 [0] NCCL INFO + PCI[12.0] - NIC/0-50
ip-10-180-1-243:58:58 [0] NCCL INFO               + NET[1.2] - NET/0-0 (0/0/0/1.250000)
ip-10-180-1-243:58:58 [0] NCCL INFO ==========================================
ip-10-180-1-243:58:58 [0] NCCL INFO GPU/0-1e0 :GPU/0-1e0 (0/5000.0/LOC) CPU/0-ffffffffffffff (1/24.0/PHB) NET/0-0 (3/1.2/PHB) 
ip-10-180-1-243:58:58 [0] NCCL INFO NET/0-0 :GPU/0-1e0 (3/1.2/PHB) CPU/0-ffffffffffffff (2/1.2/PHB) NET/0-0 (0/5000.0/LOC) 
ip-10-180-1-243:58:58 [0] NCCL INFO ncclTopoGetCpuAffinity: Affinity for GPU 0 is empty, ignoring. (GPU affinity =  ; CPU affinity = 0-3).
ip-10-180-1-243:58:58 [0] NCCL INFO Pattern 4, crossNic 0, nChannels 1, bw 1.200000/1.200000, type LOC/PHB, sameChannels 1
ip-10-180-1-243:58:58 [0] NCCL INFO  0 : NET/0-0 GPU/0-1e0 NET/0-0
ip-10-180-1-243:58:58 [0] NCCL INFO Pattern 3, crossNic 0, nChannels 1, bw 2.400000/1.200000, type LOC/PHB, sameChannels 1
ip-10-180-1-243:58:58 [0] NCCL INFO  0 : NET/0-0 GPU/0-1e0 NET/0-0
ip-10-180-1-243:58:58 [0] NCCL INFO Could not get speed from /sys/class/net/ens5/speed. Defaulting to 10 Gbps.
ip-10-180-1-243:58:58 [0] NCCL INFO comm 0x64391e518740 rank 0 nRanks 2 nNodes 2 localRanks 1 localRank 0 MNNVL 0
ip-10-180-1-243:58:58 [0] NCCL INFO Tree 0 : -1 -> 0 -> 1/-1/-1
ip-10-180-1-243:58:58 [0] NCCL INFO Tree 1 : 1 -> 0 -> -1/-1/-1
ip-10-180-1-243:58:58 [0] NCCL INFO Channel 00/02 : 0 1
ip-10-180-1-243:58:58 [0] NCCL INFO Channel 01/02 : 0 1
ip-10-180-1-243:58:58 [0] NCCL INFO Ring 00 : 1 -> 0 -> 1
ip-10-180-1-243:58:58 [0] NCCL INFO Ring 01 : 1 -> 0 -> 1
ip-10-180-1-243:58:58 [0] NCCL INFO Trees [0] 1/-1/-1->0->-1 [1] -1/-1/-1->0->1
ip-10-180-1-243:58:58 [0] NCCL INFO P2P Chunksize set to 131072
ip-10-180-1-243:58:58 [0] NCCL INFO Check P2P Type isAllDirectP2p 1 directMode 0 isAllCudaP2p 1
ip-10-180-1-243:58:181 [0] NCCL INFO [Proxy Service] Device 0 CPU core 1
ip-10-180-1-243:58:58 [0] NCCL INFO ncclP2pSchedule: group size used is 1
ip-10-180-1-243:58:182 [0] NCCL INFO [Proxy Service UDS] Device 0 CPU core 1
ip-10-180-1-243:58:58 [0] NCCL INFO threadThresholds 8/8/64 | 16/8/64 | 512 | 512
ip-10-180-1-243:58:58 [0] NCCL INFO 2 coll channels, 2 collnet channels, 0 nvls channels, 2 p2p channels, 1 p2p channels per peer
ip-10-180-1-243:58:58 [0] NCCL INFO Symmetric VA size=24GB
ip-10-180-1-243:58:58 [0] NCCL INFO Symmetric memory is not supported. cuMemEnable 1, globalGinSupport 0, globalNicFused 0 cuMemGdrSupport 1
ip-10-180-1-243:58:58 [0] NCCL INFO CC Off, workFifoBytes 1048576
ip-10-180-1-243:58:58 [0] NCCL INFO ncclCommInitRankConfig comm 0x64391e518740 rank 0 nranks 2 cudaDev 0 nvmlDev 0 busId 1e0 commId 0x50837265d2974693 - Init COMPLETE
ip-10-180-1-243:58:58 [0] NCCL INFO Init timings - ncclCommInitRankConfig: rank 0 nranks 2 total 0.17 (kernels 0.00, alloc 0.00, bootstrap 0.14, allgathers 0.02, topo 0.00, graphs 0.00, connections 0.00, rest 0.00)
ip-10-180-1-243:58:181 [0] NCCL INFO New proxy send connection 0 from local rank 0, transport 2
ip-10-180-1-243:58:183 [0] NCCL INFO [Proxy Progress] Device 0 CPU core 2
ip-10-180-1-243:58:58 [0] NCCL INFO Connected to proxy localRank 0 -> connection 0x794ca8005260
ip-10-180-1-243:58:181 [0] NCCL INFO Could not get speed from /sys/class/net/ens5/speed. Defaulting to 10 Gbps.
ip-10-180-1-243:58:58 [0] NCCL INFO Channel 01/1 : 0[0] -> 1[0] [send] via NET/Socket/0/Shared
ip-10-180-1-243:58:181 [0] NCCL INFO New proxy recv connection 1 from local rank 0, transport 2
ip-10-180-1-243:58:58 [0] NCCL INFO Connected to proxy localRank 0 -> connection 0x794ca80052e8
ip-10-180-1-243:58:181 [0] NCCL INFO Could not get speed from /sys/class/net/ens5/speed. Defaulting to 10 Gbps.
ip-10-180-1-243:58:181 [0] NCCL INFO NET/Socket: Using 2 threads and 8 sockets per thread
ip-10-180-1-243:58:58 [0] NCCL INFO Channel 01/1 : 1[0] -> 0[0] [receive] via NET/Socket/0/Shared
ip-10-180-1-243:58:58 [0] NCCL INFO Initialized NET plugin Socket
ip-10-180-1-243:58:58 [0] NCCL INFO Could not get speed from /sys/class/net/ens5/speed. Defaulting to 10 Gbps.
ip-10-180-1-243:58:58 [0] NCCL INFO Assigned NET plugin Socket to comm
ip-10-180-1-243:58:58 [0] NCCL INFO Failed to initialize any GIN plugin
ip-10-180-1-243:58:58 [0] NCCL INFO Using network Socket
ip-10-180-1-243:58:58 [0] NCCL INFO [Rank 0] ncclCommInitRankConfig comm 0x64391b967570 rank 0 nranks 2 cudaDev 0 nvmlDev 0 busId 1e0 commId 0x22cf2dabfdba329e - Init START
ip-10-180-1-243:58:58 [0] NCCL INFO Topology detection : could not read /sys/devices/pci0000:00/0000:00:1e.0/../max_link_speed, ignoring
ip-10-180-1-243:58:58 [0] NCCL INFO Topology detection : could not read /sys/devices/pci0000:00/0000:00:1e.0/../max_link_width, ignoring
ip-10-180-1-243:58:58 [0] NCCL INFO Topology detection : could not read /sys/devices/system/node/node-1/cpumap, ignoring
ip-10-180-1-243:58:58 [0] NCCL INFO TOPO/NET : Importing network plugins to topology
ip-10-180-1-243:58:58 [0] NCCL INFO Could not get speed from /sys/class/net/ens5/speed. Defaulting to 10 Gbps.
ip-10-180-1-243:58:58 [0] NCCL INFO Topology detection : could not read /sys/devices/pci0000:00/0000:00:05.0/../max_link_speed, ignoring
ip-10-180-1-243:58:58 [0] NCCL INFO Topology detection : could not read /sys/devices/pci0000:00/0000:00:05.0/../max_link_width, ignoring
ip-10-180-1-243:58:58 [0] NCCL INFO Topology detection : could not read /sys/devices/system/node/node-1/cpumap, ignoring
ip-10-180-1-243:58:58 [0] NCCL INFO NET/Socket : GPU Direct RDMA Disabled for HCA 0 'ens5'
ip-10-180-1-243:58:58 [0] NCCL INFO ncclTopoPopulateNics : Filled ens5 in topo with pciPath=/sys/devices/pci0000:00/0000:00:05.0 net=1 gin=(null) keep=1 coll=(null)
ip-10-180-1-243:58:58 [0] NCCL INFO KV Convert to int : could not find value of 'Unknown' in dictionary, falling back to 60
ip-10-180-1-243:58:58 [0] NCCL INFO === System : maxBw 1.2 totalBw 24.0 ===
ip-10-180-1-243:58:58 [0] NCCL INFO CPU/0-ffffffffffffff (1/2/-1)
ip-10-180-1-243:58:58 [0] NCCL INFO + PCI[24.0] - GPU/0-1e0 (0)
ip-10-180-1-243:58:58 [0] NCCL INFO + PCI[12.0] - NIC/0-50
ip-10-180-1-243:58:58 [0] NCCL INFO               + NET[1.2] - NET/0-0 (0/0/0/1.250000)
ip-10-180-1-243:58:58 [0] NCCL INFO ==========================================
ip-10-180-1-243:58:58 [0] NCCL INFO GPU/0-1e0 :GPU/0-1e0 (0/5000.0/LOC) CPU/0-ffffffffffffff (1/24.0/PHB) NET/0-0 (3/1.2/PHB) 
ip-10-180-1-243:58:58 [0] NCCL INFO NET/0-0 :GPU/0-1e0 (3/1.2/PHB) CPU/0-ffffffffffffff (2/1.2/PHB) NET/0-0 (0/5000.0/LOC) 
ip-10-180-1-243:58:58 [0] NCCL INFO ncclTopoGetCpuAffinity: Affinity for GPU 0 is empty, ignoring. (GPU affinity =  ; CPU affinity = 0-3).
ip-10-180-1-243:58:58 [0] NCCL INFO Pattern 4, crossNic 0, nChannels 1, bw 1.200000/1.200000, type LOC/PHB, sameChannels 1
ip-10-180-1-243:58:58 [0] NCCL INFO  0 : NET/0-0 GPU/0-1e0 NET/0-0
ip-10-180-1-243:58:58 [0] NCCL INFO Pattern 3, crossNic 0, nChannels 1, bw 2.400000/1.200000, type LOC/PHB, sameChannels 1
ip-10-180-1-243:58:58 [0] NCCL INFO  0 : NET/0-0 GPU/0-1e0 NET/0-0
ip-10-180-1-243:58:58 [0] NCCL INFO Could not get speed from /sys/class/net/ens5/speed. Defaulting to 10 Gbps.
ip-10-180-1-243:58:58 [0] NCCL INFO comm 0x64391b967570 rank 0 nRanks 2 nNodes 2 localRanks 1 localRank 0 MNNVL 0
ip-10-180-1-243:58:58 [0] NCCL INFO Tree 0 : -1 -> 0 -> 1/-1/-1
ip-10-180-1-243:58:58 [0] NCCL INFO Tree 1 : 1 -> 0 -> -1/-1/-1
ip-10-180-1-243:58:58 [0] NCCL INFO Channel 00/02 : 0 1
ip-10-180-1-243:58:58 [0] NCCL INFO Channel 01/02 : 0 1
ip-10-180-1-243:58:58 [0] NCCL INFO Ring 00 : 1 -> 0 -> 1
ip-10-180-1-243:58:58 [0] NCCL INFO Ring 01 : 1 -> 0 -> 1
ip-10-180-1-243:58:58 [0] NCCL INFO Trees [0] 1/-1/-1->0->-1 [1] -1/-1/-1->0->1
ip-10-180-1-243:58:58 [0] NCCL INFO P2P Chunksize set to 131072
ip-10-180-1-243:58:58 [0] NCCL INFO Check P2P Type isAllDirectP2p 1 directMode 0 isAllCudaP2p 1
ip-10-180-1-243:58:189 [0] NCCL INFO [Proxy Service] Device 0 CPU core 0
ip-10-180-1-243:58:58 [0] NCCL INFO ncclP2pSchedule: group size used is 1
ip-10-180-1-243:58:190 [0] NCCL INFO [Proxy Service UDS] Device 0 CPU core 3
ip-10-180-1-243:58:58 [0] NCCL INFO threadThresholds 8/8/64 | 16/8/64 | 512 | 512
ip-10-180-1-243:58:58 [0] NCCL INFO 2 coll channels, 2 collnet channels, 0 nvls channels, 2 p2p channels, 1 p2p channels per peer
ip-10-180-1-243:58:58 [0] NCCL INFO Symmetric VA size=24GB
ip-10-180-1-243:58:58 [0] NCCL INFO Symmetric memory is not supported. cuMemEnable 1, globalGinSupport 0, globalNicFused 0 cuMemGdrSupport 1
ip-10-180-1-243:58:58 [0] NCCL INFO CC Off, workFifoBytes 1048576
ip-10-180-1-243:58:58 [0] NCCL INFO ncclCommInitRankConfig comm 0x64391b967570 rank 0 nranks 2 cudaDev 0 nvmlDev 0 busId 1e0 commId 0x22cf2dabfdba329e - Init COMPLETE
ip-10-180-1-243:58:58 [0] NCCL INFO Init timings - ncclCommInitRankConfig: rank 0 nranks 2 total 1.02 (kernels 0.00, alloc 0.00, bootstrap 0.79, allgathers 0.22, topo 0.01, graphs 0.00, connections 0.00, rest 0.00)
ip-10-180-1-243:58:189 [0] NCCL INFO New proxy send connection 0 from local rank 0, transport 2
ip-10-180-1-243:58:191 [0] NCCL INFO [Proxy Progress] Device 0 CPU core 2
ip-10-180-1-243:58:58 [0] NCCL INFO Connected to proxy localRank 0 -> connection 0x794ce0007dc0
ip-10-180-1-243:58:189 [0] NCCL INFO Could not get speed from /sys/class/net/ens5/speed. Defaulting to 10 Gbps.
ip-10-180-1-243:58:58 [0] NCCL INFO Channel 01/1 : 0[0] -> 1[0] [send] via NET/Socket/0/Shared
ip-10-180-1-243:58:189 [0] NCCL INFO New proxy recv connection 1 from local rank 0, transport 2
ip-10-180-1-243:58:58 [0] NCCL INFO Connected to proxy localRank 0 -> connection 0x794ce0007e48
ip-10-180-1-243:58:189 [0] NCCL INFO Could not get speed from /sys/class/net/ens5/speed. Defaulting to 10 Gbps.
ip-10-180-1-243:58:189 [0] NCCL INFO NET/Socket: Using 2 threads and 8 sockets per thread
ip-10-180-1-243:58:58 [0] NCCL INFO Channel 01/1 : 1[0] -> 0[0] [receive] via NET/Socket/0/Shared
{"event": "outer_step_completed", "rank": 1, "completed_outer_steps": 50, "timestamp": "2026-09-14T14:59:20.650289+00:00"}
{"event": "outer_step_completed", "rank": 1, "completed_outer_steps": 75, "timestamp": "2026-09-14T15:03:15.248958+00:00"}
{"event": "outer_step_completed", "rank": 1, "completed_outer_steps": 100, "timestamp": "2026-09-14T15:06:33.630428+00:00"}
{"event": "outer_step_completed", "rank": 1, "completed_outer_steps": 125, "timestamp": "2026-09-14T15:09:33.141908+00:00"}
{"event": "outer_step_completed", "rank": 1, "completed_outer_steps": 150, "timestamp": "2026-09-14T15:12:30.569707+00:00"}
{"event": "outer_step_completed", "rank": 1, "completed_outer_steps": 175, "timestamp": "2026-09-14T15:15:30.273708+00:00"}
{"event": "outer_step_completed", "rank": 1, "completed_outer_steps": 200, "timestamp": "2026-09-14T15:18:38.062842+00:00"}
{"event": "outer_step_completed", "rank": 1, "completed_outer_steps": 225, "timestamp": "2026-09-14T15:21:48.251463+00:00"}
{"event": "outer_step_completed", "rank": 1, "completed_outer_steps": 250, "timestamp": "2026-09-14T15:24:52.948351+00:00"}
{"event": "outer_step_completed", "rank": 1, "completed_outer_steps": 275, "timestamp": "2026-09-14T15:27:45.426350+00:00"}
{"event": "outer_step_completed", "rank": 1, "completed_outer_steps": 300, "timestamp": "2026-09-14T15:30:38.197079+00:00"}
{"event": "outer_step_completed", "rank": 1, "completed_outer_steps": 325, "timestamp": "2026-09-14T15:33:31.090605+00:00"}
{"event": "outer_step_completed", "rank": 1, "completed_outer_steps": 350, "timestamp": "2026-09-14T15:36:32.239386+00:00"}
{"event": "outer_step_completed", "rank": 1, "completed_outer_steps": 375, "timestamp": "2026-09-14T15:39:36.404877+00:00"}
{"event": "outer_step_completed", "rank": 1, "completed_outer_steps": 400, "timestamp": "2026-09-14T15:42:39.736562+00:00"}
{"event": "outer_step_completed", "rank": 1, "completed_outer_steps": 425, "timestamp": "2026-09-14T15:45:39.944363+00:00"}
{"event": "outer_step_completed", "rank": 1, "completed_outer_steps": 450, "timestamp": "2026-09-14T15:48:29.708262+00:00"}
{"event": "outer_step_completed", "rank": 1, "completed_outer_steps": 475, "timestamp": "2026-09-14T15:51:26.532054+00:00"}
{"event": "outer_step_completed", "rank": 1, "completed_outer_steps": 500, "timestamp": "2026-09-14T15:54:18.975481+00:00"}
ip-10-180-1-243:58:58 [0] NCCL INFO comm 0x64391b967570 rank 0 nranks 2 cudaDev 0 busId 1e0 - Destroy COMPLETE
ip-10-180-1-243:58:58 [0] NCCL INFO comm 0x64391e518740 rank 0 nranks 2 cudaDev 0 busId 1e0 - Destroy COMPLETE
ip-10-180-1-243:58:58 [0] NCCL INFO comm 0x64391cb88fc0 rank 0 nranks 2 cudaDev 0 busId 1e0 - Destroy COMPLETE
ip-10-180-1-243:58:58 [0] NCCL INFO comm 0x64391894bc60 rank 0 nranks 2 cudaDev 0 busId 1e0 - Destroy COMPLETE
ip-10-180-1-243:58:58 [0] NCCL INFO comm 0x64391780f9f0 rank 1 nranks 16 cudaDev 0 busId 1e0 - Destroy COMPLETE
ip-10-180-1-243:58:58 [0] NCCL INFO comm 0x643918a9af00 rank 0 nranks 2 cudaDev 0 busId 1e0 - Destroy COMPLETE
ip-10-180-1-243:58:58 [0] NCCL INFO comm 0x643917b24fb0 rank 0 nranks 2 cudaDev 0 busId 1e0 - Destroy COMPLETE
ip-10-180-1-243:58:58 [0] NCCL INFO comm 0x643917ddf940 rank 0 nranks 2 cudaDev 0 busId 1e0 - Destroy COMPLETE
ip-10-180-1-243:58:58 [0] NCCL INFO comm 0x643917fd8210 rank 0 nranks 2 cudaDev 0 busId 1e0 - Destroy COMPLETE
ip-10-180-1-243:58:58 [0] NCCL INFO comm 0x6439184d4800 rank 1 nranks 2 cudaDev 0 busId 1e0 - Destroy COMPLETE
ip-10-180-1-243:58:58 [0] NCCL INFO comm 0x643918230d90 rank 0 nranks 2 cudaDev 0 busId 1e0 - Destroy COMPLETE
ip-10-180-1-243:58:58 [0] NCCL INFO comm 0x643918dfd8e0 rank 0 nranks 2 cudaDev 0 busId 1e0 - Destroy COMPLETE
ip-10-180-1-243:58:58 [0] NCCL INFO comm 0x6439185f95f0 rank 0 nranks 2 cudaDev 0 busId 1e0 - Destroy COMPLETE
ip-10-180-1-243:58:58 [0] NCCL INFO comm 0x6439187b7800 rank 0 nranks 2 cudaDev 0 busId 1e0 - Destroy COMPLETE
ip-10-180-1-243:58:58 [0] NCCL INFO comm 0x64391369a390 rank 0 nranks 2 cudaDev 0 busId 1e0 - Destroy COMPLETE
ip-10-180-1-243:58:58 [0] NCCL INFO comm 0x64391b825190 rank 0 nranks 2 cudaDev 0 busId 1e0 - Destroy COMPLETE
ip-10-180-1-243:58:58 [0] NCCL INFO ENV/Plugin: Closing env plugin ncclEnvDefault
