Warning: You are sending unauthenticated requests to the HF Hub. Please set a HF_TOKEN to enable higher rate limits and faster downloads.
Generating train split:   0%|          | 0/50000 [00:00<?, ? examples/s]Generating train split:   0%|          | 100/50000 [00:00<01:13, 679.57 examples/s]Generating train split:  57%|█████▋    | 28400/50000 [00:00<00:00, 134569.86 examples/s]Generating train split: 100%|██████████| 50000/50000 [00:00<00:00, 148961.32 examples/s]
Generating test split:   0%|          | 0/10000 [00:00<?, ? examples/s]Generating test split: 100%|██████████| 10000/10000 [00:00<00:00, 253880.20 examples/s]
[W914 14:40:22.943456875 Utils.hpp:166] Warning: Environment variable NCCL_BLOCKING_WAIT is deprecated; use TORCH_NCCL_BLOCKING_WAIT instead (function operator())
[W914 14:40:22.943478746 Utils.hpp:137] Warning: Environment variable NCCL_ASYNC_ERROR_HANDLING is deprecated; use TORCH_NCCL_ASYNC_ERROR_HANDLING instead (function operator())
[rank4]:[W914 14:40:27.244441822 ProcessGroupNCCL.cpp:4215] Warning: An unbatched P2P op (send/recv) was called on this ProcessGroup with size 16.  In lazy initialization mode, this will result in a new 2-rank NCCL communicator to be created. (function operator())
ip-10-182-1-33:56:56 [0] NCCL INFO ENV/Plugin: Could not find: libnccl-env.so
ip-10-182-1-33:56:56 [0] NCCL INFO NCCL_SOCKET_IFNAME set to ens5
ip-10-182-1-33:56:56 [0] NCCL INFO cudaDriverVersion 13020
ip-10-182-1-33:56:56 [0] NCCL INFO NCCL version 2.29.7+cuda13.2
ip-10-182-1-33:56:56 [0] NCCL INFO NCCL git version stable b81d6a5a3
ip-10-182-1-33:56:56 [0] NCCL INFO NET/Plugin: Could not find: libnccl-net.so
ip-10-182-1-33:56:56 [0] NCCL INFO transport/net_ib/init.cc:396 -> 3
ip-10-182-1-33:56:56 [0] NCCL INFO Failed to initialize NET plugin IB
ip-10-182-1-33:56:56 [0] NCCL INFO NET/Socket : Using [0]ens5:10.182.1.33<0>
ip-10-182-1-33:56:56 [0] NCCL INFO Initialized NET plugin Socket
ip-10-182-1-33:56:56 [0] NCCL INFO Could not get speed from /sys/class/net/ens5/speed. Defaulting to 10 Gbps.
ip-10-182-1-33:56:56 [0] NCCL INFO Assigned NET plugin Socket to comm
ip-10-182-1-33:56:56 [0] NCCL INFO GIN/Plugin: Could not find: libnccl-gin.so

[2026-09-14 14:40:27] ip-10-182-1-33:56:56 [0] misc/ibvwrap.cc:173 NCCL WARN lib wrapper not initialized.
ip-10-182-1-33:56:56 [0] NCCL INFO transport/net_ib/gdr.cc:56 -> 3
ip-10-182-1-33:56:56 [0] NCCL INFO Unable to use GIN: Peermem is not supported, nor DMA-BUF.
ip-10-182-1-33:56:56 [0] NCCL INFO Unable to use GIN: Peermem is not supported, nor DMA-BUF.
ip-10-182-1-33:56:56 [0] NCCL INFO Failed to initialize any GIN plugin
ip-10-182-1-33:56:56 [0] NCCL INFO Using network Socket
ip-10-182-1-33:56:56 [0] NCCL INFO [Rank 0] ncclCommInitRankConfig comm 0x61b2c4c367c0 rank 0 nranks 2 cudaDev 0 nvmlDev 0 busId 1e0 commId 0x4b7a7a8d806a99ca - Init START
ip-10-182-1-33:56:56 [0] NCCL INFO RAS client listening socket at 127.0.0.1<28028>
ip-10-182-1-33:56:56 [0] NCCL INFO Topology detection : could not read /sys/devices/pci0000:00/0000:00:1e.0/../max_link_speed, ignoring
ip-10-182-1-33:56:56 [0] NCCL INFO Topology detection : could not read /sys/devices/pci0000:00/0000:00:1e.0/../max_link_width, ignoring
ip-10-182-1-33:56:56 [0] NCCL INFO Topology detection : could not read /sys/devices/system/node/node-1/cpumap, ignoring
ip-10-182-1-33:56:56 [0] NCCL INFO TOPO/NET : Importing network plugins to topology
ip-10-182-1-33:56:56 [0] NCCL INFO Could not get speed from /sys/class/net/ens5/speed. Defaulting to 10 Gbps.
ip-10-182-1-33:56:56 [0] NCCL INFO Topology detection : could not read /sys/devices/pci0000:00/0000:00:05.0/../max_link_speed, ignoring
ip-10-182-1-33:56:56 [0] NCCL INFO Topology detection : could not read /sys/devices/pci0000:00/0000:00:05.0/../max_link_width, ignoring
ip-10-182-1-33:56:56 [0] NCCL INFO Topology detection : could not read /sys/devices/system/node/node-1/cpumap, ignoring
ip-10-182-1-33:56:56 [0] NCCL INFO NET/Socket : GPU Direct RDMA Disabled for HCA 0 'ens5'
ip-10-182-1-33:56:56 [0] NCCL INFO ncclTopoPopulateNics : Filled ens5 in topo with pciPath=/sys/devices/pci0000:00/0000:00:05.0 net=1 gin=(null) keep=1 coll=(null)
ip-10-182-1-33:56:56 [0] NCCL INFO KV Convert to int : could not find value of 'Unknown' in dictionary, falling back to 60
ip-10-182-1-33:56:56 [0] NCCL INFO === System : maxBw 1.2 totalBw 24.0 ===
ip-10-182-1-33:56:56 [0] NCCL INFO CPU/0-ffffffffffffff (1/2/-1)
ip-10-182-1-33:56:56 [0] NCCL INFO + PCI[24.0] - GPU/0-1e0 (0)
ip-10-182-1-33:56:56 [0] NCCL INFO + PCI[12.0] - NIC/0-50
ip-10-182-1-33:56:56 [0] NCCL INFO               + NET[1.2] - NET/0-0 (0/0/0/1.250000)
ip-10-182-1-33:56:56 [0] NCCL INFO ==========================================
ip-10-182-1-33:56:56 [0] NCCL INFO GPU/0-1e0 :GPU/0-1e0 (0/5000.0/LOC) CPU/0-ffffffffffffff (1/24.0/PHB) NET/0-0 (3/1.2/PHB) 
ip-10-182-1-33:56:56 [0] NCCL INFO NET/0-0 :GPU/0-1e0 (3/1.2/PHB) CPU/0-ffffffffffffff (2/1.2/PHB) NET/0-0 (0/5000.0/LOC) 
ip-10-182-1-33:56:56 [0] NCCL INFO ncclTopoGetCpuAffinity: Affinity for GPU 0 is empty, ignoring. (GPU affinity =  ; CPU affinity = 0-3).
ip-10-182-1-33:56:56 [0] NCCL INFO Pattern 4, crossNic 0, nChannels 1, bw 1.200000/1.200000, type LOC/PHB, sameChannels 1
ip-10-182-1-33:56:56 [0] NCCL INFO  0 : NET/0-0 GPU/0-1e0 NET/0-0
ip-10-182-1-33:56:56 [0] NCCL INFO Pattern 3, crossNic 0, nChannels 1, bw 2.400000/1.200000, type LOC/PHB, sameChannels 1
ip-10-182-1-33:56:56 [0] NCCL INFO  0 : NET/0-0 GPU/0-1e0 NET/0-0
ip-10-182-1-33:56:56 [0] NCCL INFO Could not get speed from /sys/class/net/ens5/speed. Defaulting to 10 Gbps.
ip-10-182-1-33:56:56 [0] NCCL INFO comm 0x61b2c4c367c0 rank 0 nRanks 2 nNodes 2 localRanks 1 localRank 0 MNNVL 0
ip-10-182-1-33:56:56 [0] NCCL INFO Tree 0 : -1 -> 0 -> 1/-1/-1
ip-10-182-1-33:56:56 [0] NCCL INFO Tree 1 : 1 -> 0 -> -1/-1/-1
ip-10-182-1-33:56:56 [0] NCCL INFO Channel 00/02 : 0 1
ip-10-182-1-33:56:56 [0] NCCL INFO Channel 01/02 : 0 1
ip-10-182-1-33:56:56 [0] NCCL INFO Ring 00 : 1 -> 0 -> 1
ip-10-182-1-33:56:56 [0] NCCL INFO Ring 01 : 1 -> 0 -> 1
ip-10-182-1-33:56:56 [0] NCCL INFO Trees [0] 1/-1/-1->0->-1 [1] -1/-1/-1->0->1
ip-10-182-1-33:56:56 [0] NCCL INFO P2P Chunksize set to 131072
ip-10-182-1-33:56:56 [0] NCCL INFO PROFILER/Plugin: Could not find: libnccl-profiler.so
ip-10-182-1-33:56:56 [0] NCCL INFO Check P2P Type isAllDirectP2p 1 directMode 0 isAllCudaP2p 1
ip-10-182-1-33:56:56 [0] NCCL INFO ncclP2pSchedule: group size used is 1
ip-10-182-1-33:56:99 [0] NCCL INFO [Proxy Service] Device 0 CPU core 0
ip-10-182-1-33:56:100 [0] NCCL INFO [Proxy Service UDS] Device 0 CPU core 0
ip-10-182-1-33:56:56 [0] NCCL INFO TUNER/Plugin: Could not find: libnccl-tuner.so
ip-10-182-1-33:56:56 [0] NCCL INFO threadThresholds 8/8/64 | 16/8/64 | 512 | 512
ip-10-182-1-33:56:56 [0] NCCL INFO 2 coll channels, 2 collnet channels, 0 nvls channels, 2 p2p channels, 1 p2p channels per peer
ip-10-182-1-33:56:56 [0] NCCL INFO Symmetric VA size=24GB
ip-10-182-1-33:56:56 [0] NCCL INFO Symmetric memory is not supported. cuMemEnable 1, globalGinSupport 0, globalNicFused 0 cuMemGdrSupport 1
ip-10-182-1-33:56:56 [0] NCCL INFO CC Off, workFifoBytes 1048576
ip-10-182-1-33:56:56 [0] NCCL INFO ncclCommInitRankConfig comm 0x61b2c4c367c0 rank 0 nranks 2 cudaDev 0 nvmlDev 0 busId 1e0 commId 0x4b7a7a8d806a99ca - Init COMPLETE
ip-10-182-1-33:56:56 [0] NCCL INFO Init timings - ncclCommInitRankConfig: rank 0 nranks 2 total 7.83 (kernels 0.17, alloc 0.02, bootstrap 7.21, allgathers 0.41, topo 0.00, graphs 0.00, connections 0.00, rest 0.00)
ip-10-182-1-33:56:99 [0] NCCL INFO New proxy send connection 0 from local rank 0, transport 2
ip-10-182-1-33:56:101 [0] NCCL INFO [Proxy Progress] Device 0 CPU core 3
ip-10-182-1-33:56:56 [0] NCCL INFO Connected to proxy localRank 0 -> connection 0x780d88004f70
ip-10-182-1-33:56:99 [0] NCCL INFO Could not get speed from /sys/class/net/ens5/speed. Defaulting to 10 Gbps.
ip-10-182-1-33:56:56 [0] NCCL INFO Channel 01/1 : 0[0] -> 1[0] [send] via NET/Socket/0/Shared
[rank4]:[W914 14:40:51.455951748 ProcessGroupNCCL.cpp:4215] Warning: An unbatched P2P op (send/recv) was called on this ProcessGroup with size 16.  In lazy initialization mode, this will result in a new 2-rank NCCL communicator to be created. (function operator())
ip-10-182-1-33:56:99 [0] NCCL INFO New proxy recv connection 1 from local rank 0, transport 2
ip-10-182-1-33:56:56 [0] NCCL INFO Connected to proxy localRank 0 -> connection 0x780d88004ff8
ip-10-182-1-33:56:99 [0] NCCL INFO Could not get speed from /sys/class/net/ens5/speed. Defaulting to 10 Gbps.
ip-10-182-1-33:56:99 [0] NCCL INFO NET/Socket: Using 2 threads and 8 sockets per thread
ip-10-182-1-33:56:56 [0] NCCL INFO Channel 01/1 : 1[0] -> 0[0] [receive] via NET/Socket/0/Shared
{"event": "outer_step_completed", "rank": 4, "completed_outer_steps": 1, "timestamp": "2026-09-14T14:41:04.908172+00:00"}
ip-10-182-1-33:56:56 [0] NCCL INFO Initialized NET plugin Socket
ip-10-182-1-33:56:56 [0] NCCL INFO Could not get speed from /sys/class/net/ens5/speed. Defaulting to 10 Gbps.
ip-10-182-1-33:56:56 [0] NCCL INFO Assigned NET plugin Socket to comm
ip-10-182-1-33:56:56 [0] NCCL INFO Failed to initialize any GIN plugin
ip-10-182-1-33:56:56 [0] NCCL INFO Using network Socket
ip-10-182-1-33:56:56 [0] NCCL INFO [Rank 4] ncclCommInitRankConfig comm 0x61b2c8daba20 rank 4 nranks 16 cudaDev 0 nvmlDev 0 busId 1e0 commId 0xbcac494dc69e8913 - Init START
ip-10-182-1-33:56:56 [0] NCCL INFO Topology detection : could not read /sys/devices/pci0000:00/0000:00:1e.0/../max_link_speed, ignoring
ip-10-182-1-33:56:56 [0] NCCL INFO Topology detection : could not read /sys/devices/pci0000:00/0000:00:1e.0/../max_link_width, ignoring
ip-10-182-1-33:56:56 [0] NCCL INFO Topology detection : could not read /sys/devices/system/node/node-1/cpumap, ignoring
ip-10-182-1-33:56:56 [0] NCCL INFO TOPO/NET : Importing network plugins to topology
ip-10-182-1-33:56:56 [0] NCCL INFO Could not get speed from /sys/class/net/ens5/speed. Defaulting to 10 Gbps.
ip-10-182-1-33:56:56 [0] NCCL INFO Topology detection : could not read /sys/devices/pci0000:00/0000:00:05.0/../max_link_speed, ignoring
ip-10-182-1-33:56:56 [0] NCCL INFO Topology detection : could not read /sys/devices/pci0000:00/0000:00:05.0/../max_link_width, ignoring
ip-10-182-1-33:56:56 [0] NCCL INFO Topology detection : could not read /sys/devices/system/node/node-1/cpumap, ignoring
ip-10-182-1-33:56:56 [0] NCCL INFO NET/Socket : GPU Direct RDMA Disabled for HCA 0 'ens5'
ip-10-182-1-33:56:56 [0] NCCL INFO ncclTopoPopulateNics : Filled ens5 in topo with pciPath=/sys/devices/pci0000:00/0000:00:05.0 net=1 gin=(null) keep=1 coll=(null)
ip-10-182-1-33:56:56 [0] NCCL INFO KV Convert to int : could not find value of 'Unknown' in dictionary, falling back to 60
ip-10-182-1-33:56:56 [0] NCCL INFO === System : maxBw 1.2 totalBw 24.0 ===
ip-10-182-1-33:56:56 [0] NCCL INFO CPU/0-ffffffffffffff (1/2/-1)
ip-10-182-1-33:56:56 [0] NCCL INFO + PCI[24.0] - GPU/0-1e0 (4)
ip-10-182-1-33:56:56 [0] NCCL INFO + PCI[12.0] - NIC/0-50
ip-10-182-1-33:56:56 [0] NCCL INFO               + NET[1.2] - NET/0-0 (0/0/0/1.250000)
ip-10-182-1-33:56:56 [0] NCCL INFO ==========================================
ip-10-182-1-33:56:56 [0] NCCL INFO GPU/0-1e0 :GPU/0-1e0 (0/5000.0/LOC) CPU/0-ffffffffffffff (1/24.0/PHB) NET/0-0 (3/1.2/PHB) 
ip-10-182-1-33:56:56 [0] NCCL INFO NET/0-0 :GPU/0-1e0 (3/1.2/PHB) CPU/0-ffffffffffffff (2/1.2/PHB) NET/0-0 (0/5000.0/LOC) 
ip-10-182-1-33:56:56 [0] NCCL INFO ncclTopoGetCpuAffinity: Affinity for GPU 0 is empty, ignoring. (GPU affinity =  ; CPU affinity = 0-3).
ip-10-182-1-33:56:56 [0] NCCL INFO Pattern 4, crossNic 0, nChannels 1, bw 1.200000/1.200000, type LOC/PHB, sameChannels 1
ip-10-182-1-33:56:56 [0] NCCL INFO  0 : NET/0-0 GPU/0-1e0 NET/0-0
ip-10-182-1-33:56:56 [0] NCCL INFO Pattern 3, crossNic 0, nChannels 1, bw 2.400000/1.200000, type LOC/PHB, sameChannels 1
ip-10-182-1-33:56:56 [0] NCCL INFO  0 : NET/0-0 GPU/0-1e0 NET/0-0
ip-10-182-1-33:56:56 [0] NCCL INFO Could not get speed from /sys/class/net/ens5/speed. Defaulting to 10 Gbps.
ip-10-182-1-33:56:56 [0] NCCL INFO comm 0x61b2c8daba20 rank 4 nRanks 16 nNodes 16 localRanks 1 localRank 0 MNNVL 0
ip-10-182-1-33:56:56 [0] NCCL INFO Tree 0 : 8 -> 4 -> 2/6/-1
ip-10-182-1-33:56:56 [0] NCCL INFO Tree 1 : 5 -> 4 -> -1/-1/-1
ip-10-182-1-33:56:56 [0] NCCL INFO Ring 00 : 3 -> 4 -> 5
ip-10-182-1-33:56:56 [0] NCCL INFO Ring 01 : 3 -> 4 -> 5
ip-10-182-1-33:56:56 [0] NCCL INFO Trees [0] 2/6/-1->4->8 [1] -1/-1/-1->4->5
ip-10-182-1-33:56:56 [0] NCCL INFO P2P Chunksize set to 131072
ip-10-182-1-33:56:56 [0] NCCL INFO Check P2P Type isAllDirectP2p 1 directMode 0 isAllCudaP2p 1
ip-10-182-1-33:56:56 [0] NCCL INFO ncclP2pSchedule: group size used is 1
ip-10-182-1-33:56:107 [0] NCCL INFO [Proxy Service UDS] Device 0 CPU core 3
ip-10-182-1-33:56:106 [0] NCCL INFO [Proxy Service] Device 0 CPU core 3
ip-10-182-1-33:56:56 [0] NCCL INFO threadThresholds 8/8/64 | 128/8/64 | 512 | 512
ip-10-182-1-33:56:56 [0] NCCL INFO 2 coll channels, 2 collnet channels, 0 nvls channels, 2 p2p channels, 1 p2p channels per peer
ip-10-182-1-33:56:56 [0] NCCL INFO Symmetric VA size=24GB
ip-10-182-1-33:56:56 [0] NCCL INFO Symmetric memory is not supported. cuMemEnable 1, globalGinSupport 0, globalNicFused 0 cuMemGdrSupport 1
ip-10-182-1-33:56:56 [0] NCCL INFO ncclCommInitRankConfig comm 0x61b2c8daba20 rank 4 nranks 16 cudaDev 0 nvmlDev 0 busId 1e0 commId 0xbcac494dc69e8913 - Init COMPLETE
ip-10-182-1-33:56:56 [0] NCCL INFO Init timings - ncclCommInitRankConfig: rank 4 nranks 16 total 29.54 (kernels 0.00, alloc 0.00, bootstrap 26.44, allgathers 3.10, topo 0.00, graphs 0.00, connections 0.00, rest 0.00)
ip-10-182-1-33:56:106 [0] NCCL INFO New proxy send connection 0 from local rank 0, transport 2
ip-10-182-1-33:56:108 [0] NCCL INFO [Proxy Progress] Device 0 CPU core 1
ip-10-182-1-33:56:56 [0] NCCL INFO Connected to proxy localRank 0 -> connection 0x780d54004f70
ip-10-182-1-33:56:106 [0] NCCL INFO Could not get speed from /sys/class/net/ens5/speed. Defaulting to 10 Gbps.
ip-10-182-1-33:56:56 [0] NCCL INFO Channel 01/0 : 4[0] -> 5[0] [send] via NET/Socket/0
ip-10-182-1-33:56:106 [0] NCCL INFO New proxy recv connection 1 from local rank 0, transport 2
ip-10-182-1-33:56:56 [0] NCCL INFO Connected to proxy localRank 0 -> connection 0x780d54004ff8
ip-10-182-1-33:56:106 [0] NCCL INFO Could not get speed from /sys/class/net/ens5/speed. Defaulting to 10 Gbps.
ip-10-182-1-33:56:106 [0] NCCL INFO NET/Socket: Using 2 threads and 8 sockets per thread
ip-10-182-1-33:56:56 [0] NCCL INFO Channel 00/0 : 2[0] -> 4[0] [receive] via NET/Socket/0
ip-10-182-1-33:56:106 [0] NCCL INFO New proxy send connection 2 from local rank 0, transport 2
ip-10-182-1-33:56:56 [0] NCCL INFO Connected to proxy localRank 0 -> connection 0x780d54005080
ip-10-182-1-33:56:106 [0] NCCL INFO Could not get speed from /sys/class/net/ens5/speed. Defaulting to 10 Gbps.
ip-10-182-1-33:56:56 [0] NCCL INFO Channel 00/0 : 4[0] -> 6[0] [send] via NET/Socket/0
ip-10-182-1-33:56:106 [0] NCCL INFO New proxy send connection 3 from local rank 0, transport 2
ip-10-182-1-33:56:56 [0] NCCL INFO Connected to proxy localRank 0 -> connection 0x780d54005108
ip-10-182-1-33:56:106 [0] NCCL INFO Could not get speed from /sys/class/net/ens5/speed. Defaulting to 10 Gbps.
ip-10-182-1-33:56:56 [0] NCCL INFO Channel 00/0 : 4[0] -> 8[0] [send] via NET/Socket/0
ip-10-182-1-33:56:106 [0] NCCL INFO New proxy recv connection 4 from local rank 0, transport 2
ip-10-182-1-33:56:56 [0] NCCL INFO Connected to proxy localRank 0 -> connection 0x780d54005190
ip-10-182-1-33:56:106 [0] NCCL INFO Could not get speed from /sys/class/net/ens5/speed. Defaulting to 10 Gbps.
ip-10-182-1-33:56:106 [0] NCCL INFO NET/Socket: Using 2 threads and 8 sockets per thread
ip-10-182-1-33:56:56 [0] NCCL INFO Channel 00/0 : 8[0] -> 4[0] [receive] via NET/Socket/0
ip-10-182-1-33:56:106 [0] NCCL INFO New proxy recv connection 5 from local rank 0, transport 2
ip-10-182-1-33:56:56 [0] NCCL INFO Connected to proxy localRank 0 -> connection 0x780d54005218
ip-10-182-1-33:56:106 [0] NCCL INFO Could not get speed from /sys/class/net/ens5/speed. Defaulting to 10 Gbps.
ip-10-182-1-33:56:106 [0] NCCL INFO NET/Socket: Using 2 threads and 8 sockets per thread
ip-10-182-1-33:56:56 [0] NCCL INFO Channel 00/0 : 6[0] -> 4[0] [receive] via NET/Socket/0
ip-10-182-1-33:56:106 [0] NCCL INFO New proxy send connection 6 from local rank 0, transport 2
ip-10-182-1-33:56:56 [0] NCCL INFO Connected to proxy localRank 0 -> connection 0x780d540052a0
ip-10-182-1-33:56:106 [0] NCCL INFO Could not get speed from /sys/class/net/ens5/speed. Defaulting to 10 Gbps.
ip-10-182-1-33:56:56 [0] NCCL INFO Channel 00/0 : 4[0] -> 2[0] [send] via NET/Socket/0
ip-10-182-1-33:56:106 [0] NCCL INFO New proxy recv connection 7 from local rank 0, transport 2
ip-10-182-1-33:56:56 [0] NCCL INFO Connected to proxy localRank 0 -> connection 0x780d54005328
ip-10-182-1-33:56:106 [0] NCCL INFO Could not get speed from /sys/class/net/ens5/speed. Defaulting to 10 Gbps.
ip-10-182-1-33:56:106 [0] NCCL INFO NET/Socket: Using 2 threads and 8 sockets per thread
ip-10-182-1-33:56:56 [0] NCCL INFO Channel 01/0 : 5[0] -> 4[0] [receive] via NET/Socket/0
ip-10-182-1-33:56:56 [0] NCCL INFO Connected all trees
ip-10-182-1-33:56:56 [0] NCCL INFO Initialized NET plugin Socket
ip-10-182-1-33:56:56 [0] NCCL INFO Could not get speed from /sys/class/net/ens5/speed. Defaulting to 10 Gbps.
ip-10-182-1-33:56:56 [0] NCCL INFO Assigned NET plugin Socket to comm
ip-10-182-1-33:56:56 [0] NCCL INFO Failed to initialize any GIN plugin
ip-10-182-1-33:56:56 [0] NCCL INFO Using network Socket
ip-10-182-1-33:56:56 [0] NCCL INFO [Rank 1] ncclCommInitRankConfig comm 0x61b2c9149d30 rank 1 nranks 2 cudaDev 0 nvmlDev 0 busId 1e0 commId 0xc521a738acfad6a2 - Init START
ip-10-182-1-33:56:56 [0] NCCL INFO Topology detection : could not read /sys/devices/pci0000:00/0000:00:1e.0/../max_link_speed, ignoring
ip-10-182-1-33:56:56 [0] NCCL INFO Topology detection : could not read /sys/devices/pci0000:00/0000:00:1e.0/../max_link_width, ignoring
ip-10-182-1-33:56:56 [0] NCCL INFO Topology detection : could not read /sys/devices/system/node/node-1/cpumap, ignoring
ip-10-182-1-33:56:56 [0] NCCL INFO TOPO/NET : Importing network plugins to topology
ip-10-182-1-33:56:56 [0] NCCL INFO Could not get speed from /sys/class/net/ens5/speed. Defaulting to 10 Gbps.
ip-10-182-1-33:56:56 [0] NCCL INFO Topology detection : could not read /sys/devices/pci0000:00/0000:00:05.0/../max_link_speed, ignoring
ip-10-182-1-33:56:56 [0] NCCL INFO Topology detection : could not read /sys/devices/pci0000:00/0000:00:05.0/../max_link_width, ignoring
ip-10-182-1-33:56:56 [0] NCCL INFO Topology detection : could not read /sys/devices/system/node/node-1/cpumap, ignoring
ip-10-182-1-33:56:56 [0] NCCL INFO NET/Socket : GPU Direct RDMA Disabled for HCA 0 'ens5'
ip-10-182-1-33:56:56 [0] NCCL INFO ncclTopoPopulateNics : Filled ens5 in topo with pciPath=/sys/devices/pci0000:00/0000:00:05.0 net=1 gin=(null) keep=1 coll=(null)
ip-10-182-1-33:56:56 [0] NCCL INFO KV Convert to int : could not find value of 'Unknown' in dictionary, falling back to 60
ip-10-182-1-33:56:56 [0] NCCL INFO === System : maxBw 1.2 totalBw 24.0 ===
ip-10-182-1-33:56:56 [0] NCCL INFO CPU/0-ffffffffffffff (1/2/-1)
ip-10-182-1-33:56:56 [0] NCCL INFO + PCI[24.0] - GPU/0-1e0 (1)
ip-10-182-1-33:56:56 [0] NCCL INFO + PCI[12.0] - NIC/0-50
ip-10-182-1-33:56:56 [0] NCCL INFO               + NET[1.2] - NET/0-0 (0/0/0/1.250000)
ip-10-182-1-33:56:56 [0] NCCL INFO ==========================================
ip-10-182-1-33:56:56 [0] NCCL INFO GPU/0-1e0 :GPU/0-1e0 (0/5000.0/LOC) CPU/0-ffffffffffffff (1/24.0/PHB) NET/0-0 (3/1.2/PHB) 
ip-10-182-1-33:56:56 [0] NCCL INFO NET/0-0 :GPU/0-1e0 (3/1.2/PHB) CPU/0-ffffffffffffff (2/1.2/PHB) NET/0-0 (0/5000.0/LOC) 
ip-10-182-1-33:56:56 [0] NCCL INFO ncclTopoGetCpuAffinity: Affinity for GPU 0 is empty, ignoring. (GPU affinity =  ; CPU affinity = 0-3).
ip-10-182-1-33:56:56 [0] NCCL INFO Pattern 4, crossNic 0, nChannels 1, bw 1.200000/1.200000, type LOC/PHB, sameChannels 1
ip-10-182-1-33:56:56 [0] NCCL INFO  0 : NET/0-0 GPU/0-1e0 NET/0-0
ip-10-182-1-33:56:56 [0] NCCL INFO Pattern 3, crossNic 0, nChannels 1, bw 2.400000/1.200000, type LOC/PHB, sameChannels 1
ip-10-182-1-33:56:56 [0] NCCL INFO  0 : NET/0-0 GPU/0-1e0 NET/0-0
ip-10-182-1-33:56:56 [0] NCCL INFO Could not get speed from /sys/class/net/ens5/speed. Defaulting to 10 Gbps.
ip-10-182-1-33:56:56 [0] NCCL INFO comm 0x61b2c9149d30 rank 1 nRanks 2 nNodes 2 localRanks 1 localRank 0 MNNVL 0
ip-10-182-1-33:56:56 [0] NCCL INFO Tree 0 : 0 -> 1 -> -1/-1/-1
ip-10-182-1-33:56:56 [0] NCCL INFO Tree 1 : -1 -> 1 -> 0/-1/-1
ip-10-182-1-33:56:56 [0] NCCL INFO Ring 00 : 0 -> 1 -> 0
ip-10-182-1-33:56:56 [0] NCCL INFO Ring 01 : 0 -> 1 -> 0
ip-10-182-1-33:56:56 [0] NCCL INFO Trees [0] -1/-1/-1->1->0 [1] 0/-1/-1->1->-1
ip-10-182-1-33:56:56 [0] NCCL INFO P2P Chunksize set to 131072
ip-10-182-1-33:56:56 [0] NCCL INFO Check P2P Type isAllDirectP2p 1 directMode 0 isAllCudaP2p 1
ip-10-182-1-33:56:56 [0] NCCL INFO ncclP2pSchedule: group size used is 1
ip-10-182-1-33:56:109 [0] NCCL INFO [Proxy Service] Device 0 CPU core 3
ip-10-182-1-33:56:110 [0] NCCL INFO [Proxy Service UDS] Device 0 CPU core 0
ip-10-182-1-33:56:56 [0] NCCL INFO threadThresholds 8/8/64 | 16/8/64 | 512 | 512
ip-10-182-1-33:56:56 [0] NCCL INFO 2 coll channels, 2 collnet channels, 0 nvls channels, 2 p2p channels, 1 p2p channels per peer
ip-10-182-1-33:56:56 [0] NCCL INFO Symmetric VA size=24GB
ip-10-182-1-33:56:56 [0] NCCL INFO Symmetric memory is not supported. cuMemEnable 1, globalGinSupport 0, globalNicFused 0 cuMemGdrSupport 1
ip-10-182-1-33:56:56 [0] NCCL INFO ncclCommInitRankConfig comm 0x61b2c9149d30 rank 1 nranks 2 cudaDev 0 nvmlDev 0 busId 1e0 commId 0xc521a738acfad6a2 - Init COMPLETE
ip-10-182-1-33:56:56 [0] NCCL INFO Init timings - ncclCommInitRankConfig: rank 1 nranks 2 total 0.35 (kernels 0.00, alloc 0.00, bootstrap 0.24, allgathers 0.10, topo 0.01, graphs 0.00, connections 0.00, rest 0.00)
ip-10-182-1-33:56:109 [0] NCCL INFO New proxy recv connection 0 from local rank 0, transport 2
ip-10-182-1-33:56:111 [0] NCCL INFO [Proxy Progress] Device 0 CPU core 1
ip-10-182-1-33:56:56 [0] NCCL INFO Connected to proxy localRank 0 -> connection 0x780d28004f70
ip-10-182-1-33:56:109 [0] NCCL INFO Could not get speed from /sys/class/net/ens5/speed. Defaulting to 10 Gbps.
ip-10-182-1-33:56:109 [0] NCCL INFO NET/Socket: Using 2 threads and 8 sockets per thread
ip-10-182-1-33:56:56 [0] NCCL INFO Channel 01/1 : 0[0] -> 1[0] [receive] via NET/Socket/0/Shared
ip-10-182-1-33:56:109 [0] NCCL INFO New proxy send connection 1 from local rank 0, transport 2
ip-10-182-1-33:56:56 [0] NCCL INFO Connected to proxy localRank 0 -> connection 0x780d28004ff8
ip-10-182-1-33:56:109 [0] NCCL INFO Could not get speed from /sys/class/net/ens5/speed. Defaulting to 10 Gbps.
ip-10-182-1-33:56:56 [0] NCCL INFO Channel 01/1 : 1[0] -> 0[0] [send] via NET/Socket/0/Shared
ip-10-182-1-33:56:56 [0] NCCL INFO Initialized NET plugin Socket
ip-10-182-1-33:56:56 [0] NCCL INFO Could not get speed from /sys/class/net/ens5/speed. Defaulting to 10 Gbps.
ip-10-182-1-33:56:56 [0] NCCL INFO Assigned NET plugin Socket to comm
ip-10-182-1-33:56:56 [0] NCCL INFO Failed to initialize any GIN plugin
ip-10-182-1-33:56:56 [0] NCCL INFO Using network Socket
ip-10-182-1-33:56:56 [0] NCCL INFO [Rank 0] ncclCommInitRankConfig comm 0x61b2c9313bf0 rank 0 nranks 2 cudaDev 0 nvmlDev 0 busId 1e0 commId 0x380318c509d0e39 - Init START
ip-10-182-1-33:56:56 [0] NCCL INFO Topology detection : could not read /sys/devices/pci0000:00/0000:00:1e.0/../max_link_speed, ignoring
ip-10-182-1-33:56:56 [0] NCCL INFO Topology detection : could not read /sys/devices/pci0000:00/0000:00:1e.0/../max_link_width, ignoring
ip-10-182-1-33:56:56 [0] NCCL INFO Topology detection : could not read /sys/devices/system/node/node-1/cpumap, ignoring
ip-10-182-1-33:56:56 [0] NCCL INFO TOPO/NET : Importing network plugins to topology
ip-10-182-1-33:56:56 [0] NCCL INFO Could not get speed from /sys/class/net/ens5/speed. Defaulting to 10 Gbps.
ip-10-182-1-33:56:56 [0] NCCL INFO Topology detection : could not read /sys/devices/pci0000:00/0000:00:05.0/../max_link_speed, ignoring
ip-10-182-1-33:56:56 [0] NCCL INFO Topology detection : could not read /sys/devices/pci0000:00/0000:00:05.0/../max_link_width, ignoring
ip-10-182-1-33:56:56 [0] NCCL INFO Topology detection : could not read /sys/devices/system/node/node-1/cpumap, ignoring
ip-10-182-1-33:56:56 [0] NCCL INFO NET/Socket : GPU Direct RDMA Disabled for HCA 0 'ens5'
ip-10-182-1-33:56:56 [0] NCCL INFO ncclTopoPopulateNics : Filled ens5 in topo with pciPath=/sys/devices/pci0000:00/0000:00:05.0 net=1 gin=(null) keep=1 coll=(null)
ip-10-182-1-33:56:56 [0] NCCL INFO KV Convert to int : could not find value of 'Unknown' in dictionary, falling back to 60
ip-10-182-1-33:56:56 [0] NCCL INFO === System : maxBw 1.2 totalBw 24.0 ===
ip-10-182-1-33:56:56 [0] NCCL INFO CPU/0-ffffffffffffff (1/2/-1)
ip-10-182-1-33:56:56 [0] NCCL INFO + PCI[24.0] - GPU/0-1e0 (0)
ip-10-182-1-33:56:56 [0] NCCL INFO + PCI[12.0] - NIC/0-50
ip-10-182-1-33:56:56 [0] NCCL INFO               + NET[1.2] - NET/0-0 (0/0/0/1.250000)
ip-10-182-1-33:56:56 [0] NCCL INFO ==========================================
ip-10-182-1-33:56:56 [0] NCCL INFO GPU/0-1e0 :GPU/0-1e0 (0/5000.0/LOC) CPU/0-ffffffffffffff (1/24.0/PHB) NET/0-0 (3/1.2/PHB) 
ip-10-182-1-33:56:56 [0] NCCL INFO NET/0-0 :GPU/0-1e0 (3/1.2/PHB) CPU/0-ffffffffffffff (2/1.2/PHB) NET/0-0 (0/5000.0/LOC) 
ip-10-182-1-33:56:56 [0] NCCL INFO ncclTopoGetCpuAffinity: Affinity for GPU 0 is empty, ignoring. (GPU affinity =  ; CPU affinity = 0-3).
ip-10-182-1-33:56:56 [0] NCCL INFO Pattern 4, crossNic 0, nChannels 1, bw 1.200000/1.200000, type LOC/PHB, sameChannels 1
ip-10-182-1-33:56:56 [0] NCCL INFO  0 : NET/0-0 GPU/0-1e0 NET/0-0
ip-10-182-1-33:56:56 [0] NCCL INFO Pattern 3, crossNic 0, nChannels 1, bw 2.400000/1.200000, type LOC/PHB, sameChannels 1
ip-10-182-1-33:56:56 [0] NCCL INFO  0 : NET/0-0 GPU/0-1e0 NET/0-0
ip-10-182-1-33:56:56 [0] NCCL INFO Could not get speed from /sys/class/net/ens5/speed. Defaulting to 10 Gbps.
ip-10-182-1-33:56:56 [0] NCCL INFO comm 0x61b2c9313bf0 rank 0 nRanks 2 nNodes 2 localRanks 1 localRank 0 MNNVL 0
ip-10-182-1-33:56:56 [0] NCCL INFO Tree 0 : -1 -> 0 -> 1/-1/-1
ip-10-182-1-33:56:56 [0] NCCL INFO Tree 1 : 1 -> 0 -> -1/-1/-1
ip-10-182-1-33:56:56 [0] NCCL INFO Channel 00/02 : 0 1
ip-10-182-1-33:56:56 [0] NCCL INFO Channel 01/02 : 0 1
ip-10-182-1-33:56:56 [0] NCCL INFO Ring 00 : 1 -> 0 -> 1
ip-10-182-1-33:56:56 [0] NCCL INFO Ring 01 : 1 -> 0 -> 1
ip-10-182-1-33:56:56 [0] NCCL INFO Trees [0] 1/-1/-1->0->-1 [1] -1/-1/-1->0->1
ip-10-182-1-33:56:56 [0] NCCL INFO P2P Chunksize set to 131072
ip-10-182-1-33:56:56 [0] NCCL INFO Check P2P Type isAllDirectP2p 1 directMode 0 isAllCudaP2p 1
ip-10-182-1-33:56:117 [0] NCCL INFO [Proxy Service] Device 0 CPU core 0
ip-10-182-1-33:56:56 [0] NCCL INFO ncclP2pSchedule: group size used is 1
ip-10-182-1-33:56:118 [0] NCCL INFO [Proxy Service UDS] Device 0 CPU core 3
ip-10-182-1-33:56:56 [0] NCCL INFO threadThresholds 8/8/64 | 16/8/64 | 512 | 512
ip-10-182-1-33:56:56 [0] NCCL INFO 2 coll channels, 2 collnet channels, 0 nvls channels, 2 p2p channels, 1 p2p channels per peer
ip-10-182-1-33:56:56 [0] NCCL INFO Symmetric VA size=24GB
ip-10-182-1-33:56:56 [0] NCCL INFO Symmetric memory is not supported. cuMemEnable 1, globalGinSupport 0, globalNicFused 0 cuMemGdrSupport 1
ip-10-182-1-33:56:56 [0] NCCL INFO CC Off, workFifoBytes 1048576
ip-10-182-1-33:56:56 [0] NCCL INFO ncclCommInitRankConfig comm 0x61b2c9313bf0 rank 0 nranks 2 cudaDev 0 nvmlDev 0 busId 1e0 commId 0x380318c509d0e39 - Init COMPLETE
ip-10-182-1-33:56:56 [0] NCCL INFO Init timings - ncclCommInitRankConfig: rank 0 nranks 2 total 1.35 (kernels 0.00, alloc 0.00, bootstrap 1.10, allgathers 0.24, topo 0.00, graphs 0.00, connections 0.00, rest 0.00)
ip-10-182-1-33:56:117 [0] NCCL INFO New proxy send connection 0 from local rank 0, transport 2
ip-10-182-1-33:56:119 [0] NCCL INFO [Proxy Progress] Device 0 CPU core 2
ip-10-182-1-33:56:56 [0] NCCL INFO Connected to proxy localRank 0 -> connection 0x780d14004f70
ip-10-182-1-33:56:117 [0] NCCL INFO Could not get speed from /sys/class/net/ens5/speed. Defaulting to 10 Gbps.
ip-10-182-1-33:56:56 [0] NCCL INFO Channel 01/1 : 0[0] -> 1[0] [send] via NET/Socket/0/Shared
ip-10-182-1-33:56:117 [0] NCCL INFO New proxy recv connection 1 from local rank 0, transport 2
ip-10-182-1-33:56:56 [0] NCCL INFO Connected to proxy localRank 0 -> connection 0x780d14004ff8
ip-10-182-1-33:56:117 [0] NCCL INFO Could not get speed from /sys/class/net/ens5/speed. Defaulting to 10 Gbps.
ip-10-182-1-33:56:117 [0] NCCL INFO NET/Socket: Using 2 threads and 8 sockets per thread
ip-10-182-1-33:56:56 [0] NCCL INFO Channel 01/1 : 1[0] -> 0[0] [receive] via NET/Socket/0/Shared
ip-10-182-1-33:56:56 [0] NCCL INFO Initialized NET plugin Socket
ip-10-182-1-33:56:56 [0] NCCL INFO Could not get speed from /sys/class/net/ens5/speed. Defaulting to 10 Gbps.
ip-10-182-1-33:56:56 [0] NCCL INFO Assigned NET plugin Socket to comm
ip-10-182-1-33:56:56 [0] NCCL INFO Failed to initialize any GIN plugin
ip-10-182-1-33:56:56 [0] NCCL INFO Using network Socket
ip-10-182-1-33:56:56 [0] NCCL INFO [Rank 0] ncclCommInitRankConfig comm 0x61b2cc5a1880 rank 0 nranks 2 cudaDev 0 nvmlDev 0 busId 1e0 commId 0x250aa08c37e3cc0b - Init START
ip-10-182-1-33:56:56 [0] NCCL INFO Topology detection : could not read /sys/devices/pci0000:00/0000:00:1e.0/../max_link_speed, ignoring
ip-10-182-1-33:56:56 [0] NCCL INFO Topology detection : could not read /sys/devices/pci0000:00/0000:00:1e.0/../max_link_width, ignoring
ip-10-182-1-33:56:56 [0] NCCL INFO Topology detection : could not read /sys/devices/system/node/node-1/cpumap, ignoring
ip-10-182-1-33:56:56 [0] NCCL INFO TOPO/NET : Importing network plugins to topology
ip-10-182-1-33:56:56 [0] NCCL INFO Could not get speed from /sys/class/net/ens5/speed. Defaulting to 10 Gbps.
ip-10-182-1-33:56:56 [0] NCCL INFO Topology detection : could not read /sys/devices/pci0000:00/0000:00:05.0/../max_link_speed, ignoring
ip-10-182-1-33:56:56 [0] NCCL INFO Topology detection : could not read /sys/devices/pci0000:00/0000:00:05.0/../max_link_width, ignoring
ip-10-182-1-33:56:56 [0] NCCL INFO Topology detection : could not read /sys/devices/system/node/node-1/cpumap, ignoring
ip-10-182-1-33:56:56 [0] NCCL INFO NET/Socket : GPU Direct RDMA Disabled for HCA 0 'ens5'
ip-10-182-1-33:56:56 [0] NCCL INFO ncclTopoPopulateNics : Filled ens5 in topo with pciPath=/sys/devices/pci0000:00/0000:00:05.0 net=1 gin=(null) keep=1 coll=(null)
ip-10-182-1-33:56:56 [0] NCCL INFO KV Convert to int : could not find value of 'Unknown' in dictionary, falling back to 60
ip-10-182-1-33:56:56 [0] NCCL INFO === System : maxBw 1.2 totalBw 24.0 ===
ip-10-182-1-33:56:56 [0] NCCL INFO CPU/0-ffffffffffffff (1/2/-1)
ip-10-182-1-33:56:56 [0] NCCL INFO + PCI[24.0] - GPU/0-1e0 (0)
ip-10-182-1-33:56:56 [0] NCCL INFO + PCI[12.0] - NIC/0-50
ip-10-182-1-33:56:56 [0] NCCL INFO               + NET[1.2] - NET/0-0 (0/0/0/1.250000)
ip-10-182-1-33:56:56 [0] NCCL INFO ==========================================
ip-10-182-1-33:56:56 [0] NCCL INFO GPU/0-1e0 :GPU/0-1e0 (0/5000.0/LOC) CPU/0-ffffffffffffff (1/24.0/PHB) NET/0-0 (3/1.2/PHB) 
ip-10-182-1-33:56:56 [0] NCCL INFO NET/0-0 :GPU/0-1e0 (3/1.2/PHB) CPU/0-ffffffffffffff (2/1.2/PHB) NET/0-0 (0/5000.0/LOC) 
ip-10-182-1-33:56:56 [0] NCCL INFO ncclTopoGetCpuAffinity: Affinity for GPU 0 is empty, ignoring. (GPU affinity =  ; CPU affinity = 0-3).
ip-10-182-1-33:56:56 [0] NCCL INFO Pattern 4, crossNic 0, nChannels 1, bw 1.200000/1.200000, type LOC/PHB, sameChannels 1
ip-10-182-1-33:56:56 [0] NCCL INFO  0 : NET/0-0 GPU/0-1e0 NET/0-0
ip-10-182-1-33:56:56 [0] NCCL INFO Pattern 3, crossNic 0, nChannels 1, bw 2.400000/1.200000, type LOC/PHB, sameChannels 1
ip-10-182-1-33:56:56 [0] NCCL INFO  0 : NET/0-0 GPU/0-1e0 NET/0-0
ip-10-182-1-33:56:56 [0] NCCL INFO Could not get speed from /sys/class/net/ens5/speed. Defaulting to 10 Gbps.
ip-10-182-1-33:56:56 [0] NCCL INFO comm 0x61b2cc5a1880 rank 0 nRanks 2 nNodes 2 localRanks 1 localRank 0 MNNVL 0
ip-10-182-1-33:56:56 [0] NCCL INFO Tree 0 : -1 -> 0 -> 1/-1/-1
ip-10-182-1-33:56:56 [0] NCCL INFO Tree 1 : 1 -> 0 -> -1/-1/-1
ip-10-182-1-33:56:56 [0] NCCL INFO Channel 00/02 : 0 1
ip-10-182-1-33:56:56 [0] NCCL INFO Channel 01/02 : 0 1
ip-10-182-1-33:56:56 [0] NCCL INFO Ring 00 : 1 -> 0 -> 1
ip-10-182-1-33:56:56 [0] NCCL INFO Ring 01 : 1 -> 0 -> 1
ip-10-182-1-33:56:56 [0] NCCL INFO Trees [0] 1/-1/-1->0->-1 [1] -1/-1/-1->0->1
ip-10-182-1-33:56:56 [0] NCCL INFO P2P Chunksize set to 131072
ip-10-182-1-33:56:56 [0] NCCL INFO Check P2P Type isAllDirectP2p 1 directMode 0 isAllCudaP2p 1
ip-10-182-1-33:56:125 [0] NCCL INFO [Proxy Service] Device 0 CPU core 1
ip-10-182-1-33:56:126 [0] NCCL INFO [Proxy Service UDS] Device 0 CPU core 3
ip-10-182-1-33:56:56 [0] NCCL INFO ncclP2pSchedule: group size used is 1
ip-10-182-1-33:56:56 [0] NCCL INFO threadThresholds 8/8/64 | 16/8/64 | 512 | 512
ip-10-182-1-33:56:56 [0] NCCL INFO 2 coll channels, 2 collnet channels, 0 nvls channels, 2 p2p channels, 1 p2p channels per peer
ip-10-182-1-33:56:56 [0] NCCL INFO Symmetric VA size=24GB
ip-10-182-1-33:56:56 [0] NCCL INFO Symmetric memory is not supported. cuMemEnable 1, globalGinSupport 0, globalNicFused 0 cuMemGdrSupport 1
ip-10-182-1-33:56:56 [0] NCCL INFO CC Off, workFifoBytes 1048576
ip-10-182-1-33:56:56 [0] NCCL INFO ncclCommInitRankConfig comm 0x61b2cc5a1880 rank 0 nranks 2 cudaDev 0 nvmlDev 0 busId 1e0 commId 0x250aa08c37e3cc0b - Init COMPLETE
ip-10-182-1-33:56:56 [0] NCCL INFO Init timings - ncclCommInitRankConfig: rank 0 nranks 2 total 0.85 (kernels 0.00, alloc 0.00, bootstrap 0.66, allgathers 0.18, topo 0.00, graphs 0.00, connections 0.00, rest 0.00)
ip-10-182-1-33:56:125 [0] NCCL INFO New proxy send connection 0 from local rank 0, transport 2
ip-10-182-1-33:56:127 [0] NCCL INFO [Proxy Progress] Device 0 CPU core 3
ip-10-182-1-33:56:56 [0] NCCL INFO Connected to proxy localRank 0 -> connection 0x780d040164b0
ip-10-182-1-33:56:125 [0] NCCL INFO Could not get speed from /sys/class/net/ens5/speed. Defaulting to 10 Gbps.
ip-10-182-1-33:56:56 [0] NCCL INFO Channel 01/1 : 0[0] -> 1[0] [send] via NET/Socket/0/Shared
ip-10-182-1-33:56:125 [0] NCCL INFO New proxy recv connection 1 from local rank 0, transport 2
ip-10-182-1-33:56:56 [0] NCCL INFO Connected to proxy localRank 0 -> connection 0x780d04016538
ip-10-182-1-33:56:125 [0] NCCL INFO Could not get speed from /sys/class/net/ens5/speed. Defaulting to 10 Gbps.
ip-10-182-1-33:56:125 [0] NCCL INFO NET/Socket: Using 2 threads and 8 sockets per thread
ip-10-182-1-33:56:56 [0] NCCL INFO Channel 01/1 : 1[0] -> 0[0] [receive] via NET/Socket/0/Shared
ip-10-182-1-33:56:56 [0] NCCL INFO Initialized NET plugin Socket
ip-10-182-1-33:56:56 [0] NCCL INFO Could not get speed from /sys/class/net/ens5/speed. Defaulting to 10 Gbps.
ip-10-182-1-33:56:56 [0] NCCL INFO Assigned NET plugin Socket to comm
ip-10-182-1-33:56:56 [0] NCCL INFO Failed to initialize any GIN plugin
ip-10-182-1-33:56:56 [0] NCCL INFO Using network Socket
ip-10-182-1-33:56:56 [0] NCCL INFO [Rank 1] ncclCommInitRankConfig comm 0x61b2cc7e7cd0 rank 1 nranks 2 cudaDev 0 nvmlDev 0 busId 1e0 commId 0x11451a05950a9689 - Init START
ip-10-182-1-33:56:56 [0] NCCL INFO Topology detection : could not read /sys/devices/pci0000:00/0000:00:1e.0/../max_link_speed, ignoring
ip-10-182-1-33:56:56 [0] NCCL INFO Topology detection : could not read /sys/devices/pci0000:00/0000:00:1e.0/../max_link_width, ignoring
ip-10-182-1-33:56:56 [0] NCCL INFO Topology detection : could not read /sys/devices/system/node/node-1/cpumap, ignoring
ip-10-182-1-33:56:56 [0] NCCL INFO TOPO/NET : Importing network plugins to topology
ip-10-182-1-33:56:56 [0] NCCL INFO Could not get speed from /sys/class/net/ens5/speed. Defaulting to 10 Gbps.
ip-10-182-1-33:56:56 [0] NCCL INFO Topology detection : could not read /sys/devices/pci0000:00/0000:00:05.0/../max_link_speed, ignoring
ip-10-182-1-33:56:56 [0] NCCL INFO Topology detection : could not read /sys/devices/pci0000:00/0000:00:05.0/../max_link_width, ignoring
ip-10-182-1-33:56:56 [0] NCCL INFO Topology detection : could not read /sys/devices/system/node/node-1/cpumap, ignoring
ip-10-182-1-33:56:56 [0] NCCL INFO NET/Socket : GPU Direct RDMA Disabled for HCA 0 'ens5'
ip-10-182-1-33:56:56 [0] NCCL INFO ncclTopoPopulateNics : Filled ens5 in topo with pciPath=/sys/devices/pci0000:00/0000:00:05.0 net=1 gin=(null) keep=1 coll=(null)
ip-10-182-1-33:56:56 [0] NCCL INFO KV Convert to int : could not find value of 'Unknown' in dictionary, falling back to 60
ip-10-182-1-33:56:56 [0] NCCL INFO === System : maxBw 1.2 totalBw 24.0 ===
ip-10-182-1-33:56:56 [0] NCCL INFO CPU/0-ffffffffffffff (1/2/-1)
ip-10-182-1-33:56:56 [0] NCCL INFO + PCI[24.0] - GPU/0-1e0 (1)
ip-10-182-1-33:56:56 [0] NCCL INFO + PCI[12.0] - NIC/0-50
ip-10-182-1-33:56:56 [0] NCCL INFO               + NET[1.2] - NET/0-0 (0/0/0/1.250000)
ip-10-182-1-33:56:56 [0] NCCL INFO ==========================================
ip-10-182-1-33:56:56 [0] NCCL INFO GPU/0-1e0 :GPU/0-1e0 (0/5000.0/LOC) CPU/0-ffffffffffffff (1/24.0/PHB) NET/0-0 (3/1.2/PHB) 
ip-10-182-1-33:56:56 [0] NCCL INFO NET/0-0 :GPU/0-1e0 (3/1.2/PHB) CPU/0-ffffffffffffff (2/1.2/PHB) NET/0-0 (0/5000.0/LOC) 
ip-10-182-1-33:56:56 [0] NCCL INFO ncclTopoGetCpuAffinity: Affinity for GPU 0 is empty, ignoring. (GPU affinity =  ; CPU affinity = 0-3).
ip-10-182-1-33:56:56 [0] NCCL INFO Pattern 4, crossNic 0, nChannels 1, bw 1.200000/1.200000, type LOC/PHB, sameChannels 1
ip-10-182-1-33:56:56 [0] NCCL INFO  0 : NET/0-0 GPU/0-1e0 NET/0-0
ip-10-182-1-33:56:56 [0] NCCL INFO Pattern 3, crossNic 0, nChannels 1, bw 2.400000/1.200000, type LOC/PHB, sameChannels 1
ip-10-182-1-33:56:56 [0] NCCL INFO  0 : NET/0-0 GPU/0-1e0 NET/0-0
ip-10-182-1-33:56:56 [0] NCCL INFO Could not get speed from /sys/class/net/ens5/speed. Defaulting to 10 Gbps.
ip-10-182-1-33:56:56 [0] NCCL INFO comm 0x61b2cc7e7cd0 rank 1 nRanks 2 nNodes 2 localRanks 1 localRank 0 MNNVL 0
ip-10-182-1-33:56:56 [0] NCCL INFO Tree 0 : 0 -> 1 -> -1/-1/-1
ip-10-182-1-33:56:56 [0] NCCL INFO Tree 1 : -1 -> 1 -> 0/-1/-1
ip-10-182-1-33:56:56 [0] NCCL INFO Ring 00 : 0 -> 1 -> 0
ip-10-182-1-33:56:56 [0] NCCL INFO Ring 01 : 0 -> 1 -> 0
ip-10-182-1-33:56:56 [0] NCCL INFO Trees [0] -1/-1/-1->1->0 [1] 0/-1/-1->1->-1
ip-10-182-1-33:56:56 [0] NCCL INFO P2P Chunksize set to 131072
ip-10-182-1-33:56:56 [0] NCCL INFO Check P2P Type isAllDirectP2p 1 directMode 0 isAllCudaP2p 1
ip-10-182-1-33:56:56 [0] NCCL INFO ncclP2pSchedule: group size used is 1
ip-10-182-1-33:56:132 [0] NCCL INFO [Proxy Service] Device 0 CPU core 1
ip-10-182-1-33:56:133 [0] NCCL INFO [Proxy Service UDS] Device 0 CPU core 1
ip-10-182-1-33:56:56 [0] NCCL INFO threadThresholds 8/8/64 | 16/8/64 | 512 | 512
ip-10-182-1-33:56:56 [0] NCCL INFO 2 coll channels, 2 collnet channels, 0 nvls channels, 2 p2p channels, 1 p2p channels per peer
ip-10-182-1-33:56:56 [0] NCCL INFO Symmetric VA size=24GB
ip-10-182-1-33:56:56 [0] NCCL INFO Symmetric memory is not supported. cuMemEnable 1, globalGinSupport 0, globalNicFused 0 cuMemGdrSupport 1
ip-10-182-1-33:56:56 [0] NCCL INFO ncclCommInitRankConfig comm 0x61b2cc7e7cd0 rank 1 nranks 2 cudaDev 0 nvmlDev 0 busId 1e0 commId 0x11451a05950a9689 - Init COMPLETE
ip-10-182-1-33:56:56 [0] NCCL INFO Init timings - ncclCommInitRankConfig: rank 1 nranks 2 total 0.35 (kernels 0.00, alloc 0.00, bootstrap 0.24, allgathers 0.10, topo 0.00, graphs 0.00, connections 0.00, rest 0.00)
ip-10-182-1-33:56:132 [0] NCCL INFO New proxy recv connection 0 from local rank 0, transport 2
ip-10-182-1-33:56:134 [0] NCCL INFO [Proxy Progress] Device 0 CPU core 2
ip-10-182-1-33:56:56 [0] NCCL INFO Connected to proxy localRank 0 -> connection 0x780d240164b0
ip-10-182-1-33:56:132 [0] NCCL INFO Could not get speed from /sys/class/net/ens5/speed. Defaulting to 10 Gbps.
ip-10-182-1-33:56:132 [0] NCCL INFO NET/Socket: Using 2 threads and 8 sockets per thread
ip-10-182-1-33:56:56 [0] NCCL INFO Channel 01/1 : 0[0] -> 1[0] [receive] via NET/Socket/0/Shared
ip-10-182-1-33:56:132 [0] NCCL INFO New proxy send connection 1 from local rank 0, transport 2
ip-10-182-1-33:56:56 [0] NCCL INFO Connected to proxy localRank 0 -> connection 0x780d24016538
ip-10-182-1-33:56:132 [0] NCCL INFO Could not get speed from /sys/class/net/ens5/speed. Defaulting to 10 Gbps.
ip-10-182-1-33:56:56 [0] NCCL INFO Channel 01/1 : 1[0] -> 0[0] [send] via NET/Socket/0/Shared
ip-10-182-1-33:56:56 [0] NCCL INFO Initialized NET plugin Socket
ip-10-182-1-33:56:56 [0] NCCL INFO Could not get speed from /sys/class/net/ens5/speed. Defaulting to 10 Gbps.
ip-10-182-1-33:56:56 [0] NCCL INFO Assigned NET plugin Socket to comm
ip-10-182-1-33:56:56 [0] NCCL INFO Failed to initialize any GIN plugin
ip-10-182-1-33:56:56 [0] NCCL INFO Using network Socket
ip-10-182-1-33:56:56 [0] NCCL INFO [Rank 0] ncclCommInitRankConfig comm 0x61b2cbda00d0 rank 0 nranks 2 cudaDev 0 nvmlDev 0 busId 1e0 commId 0xb74d0708160c9129 - Init START
ip-10-182-1-33:56:56 [0] NCCL INFO Topology detection : could not read /sys/devices/pci0000:00/0000:00:1e.0/../max_link_speed, ignoring
ip-10-182-1-33:56:56 [0] NCCL INFO Topology detection : could not read /sys/devices/pci0000:00/0000:00:1e.0/../max_link_width, ignoring
ip-10-182-1-33:56:56 [0] NCCL INFO Topology detection : could not read /sys/devices/system/node/node-1/cpumap, ignoring
ip-10-182-1-33:56:56 [0] NCCL INFO TOPO/NET : Importing network plugins to topology
ip-10-182-1-33:56:56 [0] NCCL INFO Could not get speed from /sys/class/net/ens5/speed. Defaulting to 10 Gbps.
ip-10-182-1-33:56:56 [0] NCCL INFO Topology detection : could not read /sys/devices/pci0000:00/0000:00:05.0/../max_link_speed, ignoring
ip-10-182-1-33:56:56 [0] NCCL INFO Topology detection : could not read /sys/devices/pci0000:00/0000:00:05.0/../max_link_width, ignoring
ip-10-182-1-33:56:56 [0] NCCL INFO Topology detection : could not read /sys/devices/system/node/node-1/cpumap, ignoring
ip-10-182-1-33:56:56 [0] NCCL INFO NET/Socket : GPU Direct RDMA Disabled for HCA 0 'ens5'
ip-10-182-1-33:56:56 [0] NCCL INFO ncclTopoPopulateNics : Filled ens5 in topo with pciPath=/sys/devices/pci0000:00/0000:00:05.0 net=1 gin=(null) keep=1 coll=(null)
ip-10-182-1-33:56:56 [0] NCCL INFO KV Convert to int : could not find value of 'Unknown' in dictionary, falling back to 60
ip-10-182-1-33:56:56 [0] NCCL INFO === System : maxBw 1.2 totalBw 24.0 ===
ip-10-182-1-33:56:56 [0] NCCL INFO CPU/0-ffffffffffffff (1/2/-1)
ip-10-182-1-33:56:56 [0] NCCL INFO + PCI[24.0] - GPU/0-1e0 (0)
ip-10-182-1-33:56:56 [0] NCCL INFO + PCI[12.0] - NIC/0-50
ip-10-182-1-33:56:56 [0] NCCL INFO               + NET[1.2] - NET/0-0 (0/0/0/1.250000)
ip-10-182-1-33:56:56 [0] NCCL INFO ==========================================
ip-10-182-1-33:56:56 [0] NCCL INFO GPU/0-1e0 :GPU/0-1e0 (0/5000.0/LOC) CPU/0-ffffffffffffff (1/24.0/PHB) NET/0-0 (3/1.2/PHB) 
ip-10-182-1-33:56:56 [0] NCCL INFO NET/0-0 :GPU/0-1e0 (3/1.2/PHB) CPU/0-ffffffffffffff (2/1.2/PHB) NET/0-0 (0/5000.0/LOC) 
ip-10-182-1-33:56:56 [0] NCCL INFO ncclTopoGetCpuAffinity: Affinity for GPU 0 is empty, ignoring. (GPU affinity =  ; CPU affinity = 0-3).
ip-10-182-1-33:56:56 [0] NCCL INFO Pattern 4, crossNic 0, nChannels 1, bw 1.200000/1.200000, type LOC/PHB, sameChannels 1
ip-10-182-1-33:56:56 [0] NCCL INFO  0 : NET/0-0 GPU/0-1e0 NET/0-0
ip-10-182-1-33:56:56 [0] NCCL INFO Pattern 3, crossNic 0, nChannels 1, bw 2.400000/1.200000, type LOC/PHB, sameChannels 1
ip-10-182-1-33:56:56 [0] NCCL INFO  0 : NET/0-0 GPU/0-1e0 NET/0-0
ip-10-182-1-33:56:56 [0] NCCL INFO Could not get speed from /sys/class/net/ens5/speed. Defaulting to 10 Gbps.
ip-10-182-1-33:56:56 [0] NCCL INFO comm 0x61b2cbda00d0 rank 0 nRanks 2 nNodes 2 localRanks 1 localRank 0 MNNVL 0
ip-10-182-1-33:56:56 [0] NCCL INFO Tree 0 : -1 -> 0 -> 1/-1/-1
ip-10-182-1-33:56:56 [0] NCCL INFO Tree 1 : 1 -> 0 -> -1/-1/-1
ip-10-182-1-33:56:56 [0] NCCL INFO Channel 00/02 : 0 1
ip-10-182-1-33:56:56 [0] NCCL INFO Channel 01/02 : 0 1
ip-10-182-1-33:56:56 [0] NCCL INFO Ring 00 : 1 -> 0 -> 1
ip-10-182-1-33:56:56 [0] NCCL INFO Ring 01 : 1 -> 0 -> 1
ip-10-182-1-33:56:56 [0] NCCL INFO Trees [0] 1/-1/-1->0->-1 [1] -1/-1/-1->0->1
ip-10-182-1-33:56:56 [0] NCCL INFO P2P Chunksize set to 131072
ip-10-182-1-33:56:56 [0] NCCL INFO Check P2P Type isAllDirectP2p 1 directMode 0 isAllCudaP2p 1
ip-10-182-1-33:56:140 [0] NCCL INFO [Proxy Service] Device 0 CPU core 0
ip-10-182-1-33:56:56 [0] NCCL INFO ncclP2pSchedule: group size used is 1
ip-10-182-1-33:56:141 [0] NCCL INFO [Proxy Service UDS] Device 0 CPU core 1
ip-10-182-1-33:56:56 [0] NCCL INFO threadThresholds 8/8/64 | 16/8/64 | 512 | 512
ip-10-182-1-33:56:56 [0] NCCL INFO 2 coll channels, 2 collnet channels, 0 nvls channels, 2 p2p channels, 1 p2p channels per peer
ip-10-182-1-33:56:56 [0] NCCL INFO Symmetric VA size=24GB
ip-10-182-1-33:56:56 [0] NCCL INFO Symmetric memory is not supported. cuMemEnable 1, globalGinSupport 0, globalNicFused 0 cuMemGdrSupport 1
ip-10-182-1-33:56:56 [0] NCCL INFO CC Off, workFifoBytes 1048576
ip-10-182-1-33:56:56 [0] NCCL INFO ncclCommInitRankConfig comm 0x61b2cbda00d0 rank 0 nranks 2 cudaDev 0 nvmlDev 0 busId 1e0 commId 0xb74d0708160c9129 - Init COMPLETE
ip-10-182-1-33:56:56 [0] NCCL INFO Init timings - ncclCommInitRankConfig: rank 0 nranks 2 total 1.24 (kernels 0.00, alloc 0.00, bootstrap 0.99, allgathers 0.24, topo 0.00, graphs 0.00, connections 0.00, rest 0.00)
ip-10-182-1-33:56:140 [0] NCCL INFO New proxy send connection 0 from local rank 0, transport 2
ip-10-182-1-33:56:142 [0] NCCL INFO [Proxy Progress] Device 0 CPU core 2
ip-10-182-1-33:56:56 [0] NCCL INFO Connected to proxy localRank 0 -> connection 0x780d4c009560
ip-10-182-1-33:56:140 [0] NCCL INFO Could not get speed from /sys/class/net/ens5/speed. Defaulting to 10 Gbps.
ip-10-182-1-33:56:56 [0] NCCL INFO Channel 01/1 : 0[0] -> 1[0] [send] via NET/Socket/0/Shared
ip-10-182-1-33:56:140 [0] NCCL INFO New proxy recv connection 1 from local rank 0, transport 2
ip-10-182-1-33:56:56 [0] NCCL INFO Connected to proxy localRank 0 -> connection 0x780d4c0095e8
ip-10-182-1-33:56:140 [0] NCCL INFO Could not get speed from /sys/class/net/ens5/speed. Defaulting to 10 Gbps.
ip-10-182-1-33:56:140 [0] NCCL INFO NET/Socket: Using 2 threads and 8 sockets per thread
ip-10-182-1-33:56:56 [0] NCCL INFO Channel 01/1 : 1[0] -> 0[0] [receive] via NET/Socket/0/Shared
ip-10-182-1-33:56:56 [0] NCCL INFO Initialized NET plugin Socket
ip-10-182-1-33:56:56 [0] NCCL INFO Could not get speed from /sys/class/net/ens5/speed. Defaulting to 10 Gbps.
ip-10-182-1-33:56:56 [0] NCCL INFO Assigned NET plugin Socket to comm
ip-10-182-1-33:56:56 [0] NCCL INFO Failed to initialize any GIN plugin
ip-10-182-1-33:56:56 [0] NCCL INFO Using network Socket
ip-10-182-1-33:56:56 [0] NCCL INFO [Rank 0] ncclCommInitRankConfig comm 0x61b2cf3f2fc0 rank 0 nranks 2 cudaDev 0 nvmlDev 0 busId 1e0 commId 0x1fb7e0928f88d161 - Init START
ip-10-182-1-33:56:56 [0] NCCL INFO Topology detection : could not read /sys/devices/pci0000:00/0000:00:1e.0/../max_link_speed, ignoring
ip-10-182-1-33:56:56 [0] NCCL INFO Topology detection : could not read /sys/devices/pci0000:00/0000:00:1e.0/../max_link_width, ignoring
ip-10-182-1-33:56:56 [0] NCCL INFO Topology detection : could not read /sys/devices/system/node/node-1/cpumap, ignoring
ip-10-182-1-33:56:56 [0] NCCL INFO TOPO/NET : Importing network plugins to topology
ip-10-182-1-33:56:56 [0] NCCL INFO Could not get speed from /sys/class/net/ens5/speed. Defaulting to 10 Gbps.
ip-10-182-1-33:56:56 [0] NCCL INFO Topology detection : could not read /sys/devices/pci0000:00/0000:00:05.0/../max_link_speed, ignoring
ip-10-182-1-33:56:56 [0] NCCL INFO Topology detection : could not read /sys/devices/pci0000:00/0000:00:05.0/../max_link_width, ignoring
ip-10-182-1-33:56:56 [0] NCCL INFO Topology detection : could not read /sys/devices/system/node/node-1/cpumap, ignoring
ip-10-182-1-33:56:56 [0] NCCL INFO NET/Socket : GPU Direct RDMA Disabled for HCA 0 'ens5'
ip-10-182-1-33:56:56 [0] NCCL INFO ncclTopoPopulateNics : Filled ens5 in topo with pciPath=/sys/devices/pci0000:00/0000:00:05.0 net=1 gin=(null) keep=1 coll=(null)
ip-10-182-1-33:56:56 [0] NCCL INFO KV Convert to int : could not find value of 'Unknown' in dictionary, falling back to 60
ip-10-182-1-33:56:56 [0] NCCL INFO === System : maxBw 1.2 totalBw 24.0 ===
ip-10-182-1-33:56:56 [0] NCCL INFO CPU/0-ffffffffffffff (1/2/-1)
ip-10-182-1-33:56:56 [0] NCCL INFO + PCI[24.0] - GPU/0-1e0 (0)
ip-10-182-1-33:56:56 [0] NCCL INFO + PCI[12.0] - NIC/0-50
ip-10-182-1-33:56:56 [0] NCCL INFO               + NET[1.2] - NET/0-0 (0/0/0/1.250000)
ip-10-182-1-33:56:56 [0] NCCL INFO ==========================================
ip-10-182-1-33:56:56 [0] NCCL INFO GPU/0-1e0 :GPU/0-1e0 (0/5000.0/LOC) CPU/0-ffffffffffffff (1/24.0/PHB) NET/0-0 (3/1.2/PHB) 
ip-10-182-1-33:56:56 [0] NCCL INFO NET/0-0 :GPU/0-1e0 (3/1.2/PHB) CPU/0-ffffffffffffff (2/1.2/PHB) NET/0-0 (0/5000.0/LOC) 
ip-10-182-1-33:56:56 [0] NCCL INFO ncclTopoGetCpuAffinity: Affinity for GPU 0 is empty, ignoring. (GPU affinity =  ; CPU affinity = 0-3).
ip-10-182-1-33:56:56 [0] NCCL INFO Pattern 4, crossNic 0, nChannels 1, bw 1.200000/1.200000, type LOC/PHB, sameChannels 1
ip-10-182-1-33:56:56 [0] NCCL INFO  0 : NET/0-0 GPU/0-1e0 NET/0-0
ip-10-182-1-33:56:56 [0] NCCL INFO Pattern 3, crossNic 0, nChannels 1, bw 2.400000/1.200000, type LOC/PHB, sameChannels 1
ip-10-182-1-33:56:56 [0] NCCL INFO  0 : NET/0-0 GPU/0-1e0 NET/0-0
ip-10-182-1-33:56:56 [0] NCCL INFO Could not get speed from /sys/class/net/ens5/speed. Defaulting to 10 Gbps.
ip-10-182-1-33:56:56 [0] NCCL INFO comm 0x61b2cf3f2fc0 rank 0 nRanks 2 nNodes 2 localRanks 1 localRank 0 MNNVL 0
ip-10-182-1-33:56:56 [0] NCCL INFO Tree 0 : -1 -> 0 -> 1/-1/-1
ip-10-182-1-33:56:56 [0] NCCL INFO Tree 1 : 1 -> 0 -> -1/-1/-1
ip-10-182-1-33:56:56 [0] NCCL INFO Channel 00/02 : 0 1
ip-10-182-1-33:56:56 [0] NCCL INFO Channel 01/02 : 0 1
ip-10-182-1-33:56:56 [0] NCCL INFO Ring 00 : 1 -> 0 -> 1
ip-10-182-1-33:56:56 [0] NCCL INFO Ring 01 : 1 -> 0 -> 1
ip-10-182-1-33:56:56 [0] NCCL INFO Trees [0] 1/-1/-1->0->-1 [1] -1/-1/-1->0->1
ip-10-182-1-33:56:56 [0] NCCL INFO P2P Chunksize set to 131072
ip-10-182-1-33:56:56 [0] NCCL INFO Check P2P Type isAllDirectP2p 1 directMode 0 isAllCudaP2p 1
ip-10-182-1-33:56:56 [0] NCCL INFO ncclP2pSchedule: group size used is 1
ip-10-182-1-33:56:148 [0] NCCL INFO [Proxy Service] Device 0 CPU core 3
ip-10-182-1-33:56:149 [0] NCCL INFO [Proxy Service UDS] Device 0 CPU core 0
ip-10-182-1-33:56:56 [0] NCCL INFO threadThresholds 8/8/64 | 16/8/64 | 512 | 512
ip-10-182-1-33:56:56 [0] NCCL INFO 2 coll channels, 2 collnet channels, 0 nvls channels, 2 p2p channels, 1 p2p channels per peer
ip-10-182-1-33:56:56 [0] NCCL INFO Symmetric VA size=24GB
ip-10-182-1-33:56:56 [0] NCCL INFO Symmetric memory is not supported. cuMemEnable 1, globalGinSupport 0, globalNicFused 0 cuMemGdrSupport 1
ip-10-182-1-33:56:56 [0] NCCL INFO CC Off, workFifoBytes 1048576
ip-10-182-1-33:56:56 [0] NCCL INFO ncclCommInitRankConfig comm 0x61b2cf3f2fc0 rank 0 nranks 2 cudaDev 0 nvmlDev 0 busId 1e0 commId 0x1fb7e0928f88d161 - Init COMPLETE
ip-10-182-1-33:56:56 [0] NCCL INFO Init timings - ncclCommInitRankConfig: rank 0 nranks 2 total 1.10 (kernels 0.00, alloc 0.00, bootstrap 0.85, allgathers 0.24, topo 0.00, graphs 0.00, connections 0.00, rest 0.00)
ip-10-182-1-33:56:148 [0] NCCL INFO New proxy send connection 0 from local rank 0, transport 2
ip-10-182-1-33:56:150 [0] NCCL INFO [Proxy Progress] Device 0 CPU core 1
ip-10-182-1-33:56:56 [0] NCCL INFO Connected to proxy localRank 0 -> connection 0x780d88020f80
ip-10-182-1-33:56:148 [0] NCCL INFO Could not get speed from /sys/class/net/ens5/speed. Defaulting to 10 Gbps.
ip-10-182-1-33:56:56 [0] NCCL INFO Channel 01/1 : 0[0] -> 1[0] [send] via NET/Socket/0/Shared
ip-10-182-1-33:56:148 [0] NCCL INFO New proxy recv connection 1 from local rank 0, transport 2
ip-10-182-1-33:56:56 [0] NCCL INFO Connected to proxy localRank 0 -> connection 0x780d88021008
ip-10-182-1-33:56:148 [0] NCCL INFO Could not get speed from /sys/class/net/ens5/speed. Defaulting to 10 Gbps.
ip-10-182-1-33:56:148 [0] NCCL INFO NET/Socket: Using 2 threads and 8 sockets per thread
ip-10-182-1-33:56:56 [0] NCCL INFO Channel 01/1 : 1[0] -> 0[0] [receive] via NET/Socket/0/Shared
ip-10-182-1-33:56:56 [0] NCCL INFO Initialized NET plugin Socket
ip-10-182-1-33:56:56 [0] NCCL INFO Could not get speed from /sys/class/net/ens5/speed. Defaulting to 10 Gbps.
ip-10-182-1-33:56:56 [0] NCCL INFO Assigned NET plugin Socket to comm
ip-10-182-1-33:56:56 [0] NCCL INFO Failed to initialize any GIN plugin
ip-10-182-1-33:56:56 [0] NCCL INFO Using network Socket
ip-10-182-1-33:56:56 [0] NCCL INFO [Rank 0] ncclCommInitRankConfig comm 0x61b2cf517db0 rank 0 nranks 2 cudaDev 0 nvmlDev 0 busId 1e0 commId 0xd8dd82b2775c37ca - Init START
ip-10-182-1-33:56:56 [0] NCCL INFO Topology detection : could not read /sys/devices/pci0000:00/0000:00:1e.0/../max_link_speed, ignoring
ip-10-182-1-33:56:56 [0] NCCL INFO Topology detection : could not read /sys/devices/pci0000:00/0000:00:1e.0/../max_link_width, ignoring
ip-10-182-1-33:56:56 [0] NCCL INFO Topology detection : could not read /sys/devices/system/node/node-1/cpumap, ignoring
ip-10-182-1-33:56:56 [0] NCCL INFO TOPO/NET : Importing network plugins to topology
ip-10-182-1-33:56:56 [0] NCCL INFO Could not get speed from /sys/class/net/ens5/speed. Defaulting to 10 Gbps.
ip-10-182-1-33:56:56 [0] NCCL INFO Topology detection : could not read /sys/devices/pci0000:00/0000:00:05.0/../max_link_speed, ignoring
ip-10-182-1-33:56:56 [0] NCCL INFO Topology detection : could not read /sys/devices/pci0000:00/0000:00:05.0/../max_link_width, ignoring
ip-10-182-1-33:56:56 [0] NCCL INFO Topology detection : could not read /sys/devices/system/node/node-1/cpumap, ignoring
ip-10-182-1-33:56:56 [0] NCCL INFO NET/Socket : GPU Direct RDMA Disabled for HCA 0 'ens5'
ip-10-182-1-33:56:56 [0] NCCL INFO ncclTopoPopulateNics : Filled ens5 in topo with pciPath=/sys/devices/pci0000:00/0000:00:05.0 net=1 gin=(null) keep=1 coll=(null)
ip-10-182-1-33:56:56 [0] NCCL INFO KV Convert to int : could not find value of 'Unknown' in dictionary, falling back to 60
ip-10-182-1-33:56:56 [0] NCCL INFO === System : maxBw 1.2 totalBw 24.0 ===
ip-10-182-1-33:56:56 [0] NCCL INFO CPU/0-ffffffffffffff (1/2/-1)
ip-10-182-1-33:56:56 [0] NCCL INFO + PCI[24.0] - GPU/0-1e0 (0)
ip-10-182-1-33:56:56 [0] NCCL INFO + PCI[12.0] - NIC/0-50
ip-10-182-1-33:56:56 [0] NCCL INFO               + NET[1.2] - NET/0-0 (0/0/0/1.250000)
ip-10-182-1-33:56:56 [0] NCCL INFO ==========================================
ip-10-182-1-33:56:56 [0] NCCL INFO GPU/0-1e0 :GPU/0-1e0 (0/5000.0/LOC) CPU/0-ffffffffffffff (1/24.0/PHB) NET/0-0 (3/1.2/PHB) 
ip-10-182-1-33:56:56 [0] NCCL INFO NET/0-0 :GPU/0-1e0 (3/1.2/PHB) CPU/0-ffffffffffffff (2/1.2/PHB) NET/0-0 (0/5000.0/LOC) 
ip-10-182-1-33:56:56 [0] NCCL INFO ncclTopoGetCpuAffinity: Affinity for GPU 0 is empty, ignoring. (GPU affinity =  ; CPU affinity = 0-3).
ip-10-182-1-33:56:56 [0] NCCL INFO Pattern 4, crossNic 0, nChannels 1, bw 1.200000/1.200000, type LOC/PHB, sameChannels 1
ip-10-182-1-33:56:56 [0] NCCL INFO  0 : NET/0-0 GPU/0-1e0 NET/0-0
ip-10-182-1-33:56:56 [0] NCCL INFO Pattern 3, crossNic 0, nChannels 1, bw 2.400000/1.200000, type LOC/PHB, sameChannels 1
ip-10-182-1-33:56:56 [0] NCCL INFO  0 : NET/0-0 GPU/0-1e0 NET/0-0
ip-10-182-1-33:56:56 [0] NCCL INFO Could not get speed from /sys/class/net/ens5/speed. Defaulting to 10 Gbps.
ip-10-182-1-33:56:56 [0] NCCL INFO comm 0x61b2cf517db0 rank 0 nRanks 2 nNodes 2 localRanks 1 localRank 0 MNNVL 0
ip-10-182-1-33:56:56 [0] NCCL INFO Tree 0 : -1 -> 0 -> 1/-1/-1
ip-10-182-1-33:56:56 [0] NCCL INFO Tree 1 : 1 -> 0 -> -1/-1/-1
ip-10-182-1-33:56:56 [0] NCCL INFO Channel 00/02 : 0 1
ip-10-182-1-33:56:56 [0] NCCL INFO Channel 01/02 : 0 1
ip-10-182-1-33:56:56 [0] NCCL INFO Ring 00 : 1 -> 0 -> 1
ip-10-182-1-33:56:56 [0] NCCL INFO Ring 01 : 1 -> 0 -> 1
ip-10-182-1-33:56:56 [0] NCCL INFO Trees [0] 1/-1/-1->0->-1 [1] -1/-1/-1->0->1
ip-10-182-1-33:56:56 [0] NCCL INFO P2P Chunksize set to 131072
ip-10-182-1-33:56:56 [0] NCCL INFO Check P2P Type isAllDirectP2p 1 directMode 0 isAllCudaP2p 1
ip-10-182-1-33:56:56 [0] NCCL INFO ncclP2pSchedule: group size used is 1
ip-10-182-1-33:56:156 [0] NCCL INFO [Proxy Service] Device 0 CPU core 1
ip-10-182-1-33:56:157 [0] NCCL INFO [Proxy Service UDS] Device 0 CPU core 2
ip-10-182-1-33:56:56 [0] NCCL INFO threadThresholds 8/8/64 | 16/8/64 | 512 | 512
ip-10-182-1-33:56:56 [0] NCCL INFO 2 coll channels, 2 collnet channels, 0 nvls channels, 2 p2p channels, 1 p2p channels per peer
ip-10-182-1-33:56:56 [0] NCCL INFO Symmetric VA size=24GB
ip-10-182-1-33:56:56 [0] NCCL INFO Symmetric memory is not supported. cuMemEnable 1, globalGinSupport 0, globalNicFused 0 cuMemGdrSupport 1
ip-10-182-1-33:56:56 [0] NCCL INFO CC Off, workFifoBytes 1048576
ip-10-182-1-33:56:56 [0] NCCL INFO ncclCommInitRankConfig comm 0x61b2cf517db0 rank 0 nranks 2 cudaDev 0 nvmlDev 0 busId 1e0 commId 0xd8dd82b2775c37ca - Init COMPLETE
ip-10-182-1-33:56:56 [0] NCCL INFO Init timings - ncclCommInitRankConfig: rank 0 nranks 2 total 1.03 (kernels 0.00, alloc 0.01, bootstrap 0.82, allgathers 0.19, topo 0.00, graphs 0.00, connections 0.00, rest 0.00)
ip-10-182-1-33:56:156 [0] NCCL INFO New proxy send connection 0 from local rank 0, transport 2
ip-10-182-1-33:56:158 [0] NCCL INFO [Proxy Progress] Device 0 CPU core 0
ip-10-182-1-33:56:56 [0] NCCL INFO Connected to proxy localRank 0 -> connection 0x780e2401c330
ip-10-182-1-33:56:156 [0] NCCL INFO Could not get speed from /sys/class/net/ens5/speed. Defaulting to 10 Gbps.
ip-10-182-1-33:56:56 [0] NCCL INFO Channel 01/1 : 0[0] -> 1[0] [send] via NET/Socket/0/Shared
ip-10-182-1-33:56:156 [0] NCCL INFO New proxy recv connection 1 from local rank 0, transport 2
ip-10-182-1-33:56:56 [0] NCCL INFO Connected to proxy localRank 0 -> connection 0x780e2401c3b8
ip-10-182-1-33:56:156 [0] NCCL INFO Could not get speed from /sys/class/net/ens5/speed. Defaulting to 10 Gbps.
ip-10-182-1-33:56:156 [0] NCCL INFO NET/Socket: Using 2 threads and 8 sockets per thread
ip-10-182-1-33:56:56 [0] NCCL INFO Channel 01/1 : 1[0] -> 0[0] [receive] via NET/Socket/0/Shared
ip-10-182-1-33:56:56 [0] NCCL INFO Initialized NET plugin Socket
ip-10-182-1-33:56:56 [0] NCCL INFO Could not get speed from /sys/class/net/ens5/speed. Defaulting to 10 Gbps.
ip-10-182-1-33:56:56 [0] NCCL INFO Assigned NET plugin Socket to comm
ip-10-182-1-33:56:56 [0] NCCL INFO Failed to initialize any GIN plugin
ip-10-182-1-33:56:56 [0] NCCL INFO Using network Socket
ip-10-182-1-33:56:56 [0] NCCL INFO [Rank 0] ncclCommInitRankConfig comm 0x61b2d213e000 rank 0 nranks 2 cudaDev 0 nvmlDev 0 busId 1e0 commId 0xc54a69ff5f5a158f - Init START
ip-10-182-1-33:56:56 [0] NCCL INFO Topology detection : could not read /sys/devices/pci0000:00/0000:00:1e.0/../max_link_speed, ignoring
ip-10-182-1-33:56:56 [0] NCCL INFO Topology detection : could not read /sys/devices/pci0000:00/0000:00:1e.0/../max_link_width, ignoring
ip-10-182-1-33:56:56 [0] NCCL INFO Topology detection : could not read /sys/devices/system/node/node-1/cpumap, ignoring
ip-10-182-1-33:56:56 [0] NCCL INFO TOPO/NET : Importing network plugins to topology
ip-10-182-1-33:56:56 [0] NCCL INFO Could not get speed from /sys/class/net/ens5/speed. Defaulting to 10 Gbps.
ip-10-182-1-33:56:56 [0] NCCL INFO Topology detection : could not read /sys/devices/pci0000:00/0000:00:05.0/../max_link_speed, ignoring
ip-10-182-1-33:56:56 [0] NCCL INFO Topology detection : could not read /sys/devices/pci0000:00/0000:00:05.0/../max_link_width, ignoring
ip-10-182-1-33:56:56 [0] NCCL INFO Topology detection : could not read /sys/devices/system/node/node-1/cpumap, ignoring
ip-10-182-1-33:56:56 [0] NCCL INFO NET/Socket : GPU Direct RDMA Disabled for HCA 0 'ens5'
ip-10-182-1-33:56:56 [0] NCCL INFO ncclTopoPopulateNics : Filled ens5 in topo with pciPath=/sys/devices/pci0000:00/0000:00:05.0 net=1 gin=(null) keep=1 coll=(null)
ip-10-182-1-33:56:56 [0] NCCL INFO KV Convert to int : could not find value of 'Unknown' in dictionary, falling back to 60
ip-10-182-1-33:56:56 [0] NCCL INFO === System : maxBw 1.2 totalBw 24.0 ===
ip-10-182-1-33:56:56 [0] NCCL INFO CPU/0-ffffffffffffff (1/2/-1)
ip-10-182-1-33:56:56 [0] NCCL INFO + PCI[24.0] - GPU/0-1e0 (0)
ip-10-182-1-33:56:56 [0] NCCL INFO + PCI[12.0] - NIC/0-50
ip-10-182-1-33:56:56 [0] NCCL INFO               + NET[1.2] - NET/0-0 (0/0/0/1.250000)
ip-10-182-1-33:56:56 [0] NCCL INFO ==========================================
ip-10-182-1-33:56:56 [0] NCCL INFO GPU/0-1e0 :GPU/0-1e0 (0/5000.0/LOC) CPU/0-ffffffffffffff (1/24.0/PHB) NET/0-0 (3/1.2/PHB) 
ip-10-182-1-33:56:56 [0] NCCL INFO NET/0-0 :GPU/0-1e0 (3/1.2/PHB) CPU/0-ffffffffffffff (2/1.2/PHB) NET/0-0 (0/5000.0/LOC) 
ip-10-182-1-33:56:56 [0] NCCL INFO ncclTopoGetCpuAffinity: Affinity for GPU 0 is empty, ignoring. (GPU affinity =  ; CPU affinity = 0-3).
ip-10-182-1-33:56:56 [0] NCCL INFO Pattern 4, crossNic 0, nChannels 1, bw 1.200000/1.200000, type LOC/PHB, sameChannels 1
ip-10-182-1-33:56:56 [0] NCCL INFO  0 : NET/0-0 GPU/0-1e0 NET/0-0
ip-10-182-1-33:56:56 [0] NCCL INFO Pattern 3, crossNic 0, nChannels 1, bw 2.400000/1.200000, type LOC/PHB, sameChannels 1
ip-10-182-1-33:56:56 [0] NCCL INFO  0 : NET/0-0 GPU/0-1e0 NET/0-0
ip-10-182-1-33:56:56 [0] NCCL INFO Could not get speed from /sys/class/net/ens5/speed. Defaulting to 10 Gbps.
ip-10-182-1-33:56:56 [0] NCCL INFO comm 0x61b2d213e000 rank 0 nRanks 2 nNodes 2 localRanks 1 localRank 0 MNNVL 0
ip-10-182-1-33:56:56 [0] NCCL INFO Tree 0 : -1 -> 0 -> 1/-1/-1
ip-10-182-1-33:56:56 [0] NCCL INFO Tree 1 : 1 -> 0 -> -1/-1/-1
ip-10-182-1-33:56:56 [0] NCCL INFO Channel 00/02 : 0 1
ip-10-182-1-33:56:56 [0] NCCL INFO Channel 01/02 : 0 1
ip-10-182-1-33:56:56 [0] NCCL INFO Ring 00 : 1 -> 0 -> 1
ip-10-182-1-33:56:56 [0] NCCL INFO Ring 01 : 1 -> 0 -> 1
ip-10-182-1-33:56:56 [0] NCCL INFO Trees [0] 1/-1/-1->0->-1 [1] -1/-1/-1->0->1
ip-10-182-1-33:56:56 [0] NCCL INFO P2P Chunksize set to 131072
ip-10-182-1-33:56:56 [0] NCCL INFO Check P2P Type isAllDirectP2p 1 directMode 0 isAllCudaP2p 1
ip-10-182-1-33:56:164 [0] NCCL INFO [Proxy Service] Device 0 CPU core 3
ip-10-182-1-33:56:56 [0] NCCL INFO ncclP2pSchedule: group size used is 1
ip-10-182-1-33:56:165 [0] NCCL INFO [Proxy Service UDS] Device 0 CPU core 0
ip-10-182-1-33:56:56 [0] NCCL INFO threadThresholds 8/8/64 | 16/8/64 | 512 | 512
ip-10-182-1-33:56:56 [0] NCCL INFO 2 coll channels, 2 collnet channels, 0 nvls channels, 2 p2p channels, 1 p2p channels per peer
ip-10-182-1-33:56:56 [0] NCCL INFO Symmetric VA size=24GB
ip-10-182-1-33:56:56 [0] NCCL INFO Symmetric memory is not supported. cuMemEnable 1, globalGinSupport 0, globalNicFused 0 cuMemGdrSupport 1
ip-10-182-1-33:56:56 [0] NCCL INFO CC Off, workFifoBytes 1048576
ip-10-182-1-33:56:56 [0] NCCL INFO ncclCommInitRankConfig comm 0x61b2d213e000 rank 0 nranks 2 cudaDev 0 nvmlDev 0 busId 1e0 commId 0xc54a69ff5f5a158f - Init COMPLETE
ip-10-182-1-33:56:56 [0] NCCL INFO Init timings - ncclCommInitRankConfig: rank 0 nranks 2 total 0.90 (kernels 0.00, alloc 0.00, bootstrap 0.71, allgathers 0.18, topo 0.00, graphs 0.00, connections 0.00, rest 0.00)
ip-10-182-1-33:56:164 [0] NCCL INFO New proxy send connection 0 from local rank 0, transport 2
ip-10-182-1-33:56:166 [0] NCCL INFO [Proxy Progress] Device 0 CPU core 1
ip-10-182-1-33:56:56 [0] NCCL INFO Connected to proxy localRank 0 -> connection 0x780e380090c0
ip-10-182-1-33:56:164 [0] NCCL INFO Could not get speed from /sys/class/net/ens5/speed. Defaulting to 10 Gbps.
ip-10-182-1-33:56:56 [0] NCCL INFO Channel 01/1 : 0[0] -> 1[0] [send] via NET/Socket/0/Shared
ip-10-182-1-33:56:164 [0] NCCL INFO New proxy recv connection 1 from local rank 0, transport 2
ip-10-182-1-33:56:56 [0] NCCL INFO Connected to proxy localRank 0 -> connection 0x780e38009148
ip-10-182-1-33:56:164 [0] NCCL INFO Could not get speed from /sys/class/net/ens5/speed. Defaulting to 10 Gbps.
ip-10-182-1-33:56:164 [0] NCCL INFO NET/Socket: Using 2 threads and 8 sockets per thread
ip-10-182-1-33:56:56 [0] NCCL INFO Channel 01/1 : 1[0] -> 0[0] [receive] via NET/Socket/0/Shared
ip-10-182-1-33:56:56 [0] NCCL INFO Initialized NET plugin Socket
ip-10-182-1-33:56:56 [0] NCCL INFO Could not get speed from /sys/class/net/ens5/speed. Defaulting to 10 Gbps.
ip-10-182-1-33:56:56 [0] NCCL INFO Assigned NET plugin Socket to comm
ip-10-182-1-33:56:56 [0] NCCL INFO Failed to initialize any GIN plugin
ip-10-182-1-33:56:56 [0] NCCL INFO Using network Socket
ip-10-182-1-33:56:56 [0] NCCL INFO [Rank 0] ncclCommInitRankConfig comm 0x61b2d1f46dc0 rank 0 nranks 2 cudaDev 0 nvmlDev 0 busId 1e0 commId 0xf6116ca2c1bf8ae6 - Init START
ip-10-182-1-33:56:56 [0] NCCL INFO Topology detection : could not read /sys/devices/pci0000:00/0000:00:1e.0/../max_link_speed, ignoring
ip-10-182-1-33:56:56 [0] NCCL INFO Topology detection : could not read /sys/devices/pci0000:00/0000:00:1e.0/../max_link_width, ignoring
ip-10-182-1-33:56:56 [0] NCCL INFO Topology detection : could not read /sys/devices/system/node/node-1/cpumap, ignoring
ip-10-182-1-33:56:56 [0] NCCL INFO TOPO/NET : Importing network plugins to topology
ip-10-182-1-33:56:56 [0] NCCL INFO Could not get speed from /sys/class/net/ens5/speed. Defaulting to 10 Gbps.
ip-10-182-1-33:56:56 [0] NCCL INFO Topology detection : could not read /sys/devices/pci0000:00/0000:00:05.0/../max_link_speed, ignoring
ip-10-182-1-33:56:56 [0] NCCL INFO Topology detection : could not read /sys/devices/pci0000:00/0000:00:05.0/../max_link_width, ignoring
ip-10-182-1-33:56:56 [0] NCCL INFO Topology detection : could not read /sys/devices/system/node/node-1/cpumap, ignoring
ip-10-182-1-33:56:56 [0] NCCL INFO NET/Socket : GPU Direct RDMA Disabled for HCA 0 'ens5'
ip-10-182-1-33:56:56 [0] NCCL INFO ncclTopoPopulateNics : Filled ens5 in topo with pciPath=/sys/devices/pci0000:00/0000:00:05.0 net=1 gin=(null) keep=1 coll=(null)
ip-10-182-1-33:56:56 [0] NCCL INFO KV Convert to int : could not find value of 'Unknown' in dictionary, falling back to 60
ip-10-182-1-33:56:56 [0] NCCL INFO === System : maxBw 1.2 totalBw 24.0 ===
ip-10-182-1-33:56:56 [0] NCCL INFO CPU/0-ffffffffffffff (1/2/-1)
ip-10-182-1-33:56:56 [0] NCCL INFO + PCI[24.0] - GPU/0-1e0 (0)
ip-10-182-1-33:56:56 [0] NCCL INFO + PCI[12.0] - NIC/0-50
ip-10-182-1-33:56:56 [0] NCCL INFO               + NET[1.2] - NET/0-0 (0/0/0/1.250000)
ip-10-182-1-33:56:56 [0] NCCL INFO ==========================================
ip-10-182-1-33:56:56 [0] NCCL INFO GPU/0-1e0 :GPU/0-1e0 (0/5000.0/LOC) CPU/0-ffffffffffffff (1/24.0/PHB) NET/0-0 (3/1.2/PHB) 
ip-10-182-1-33:56:56 [0] NCCL INFO NET/0-0 :GPU/0-1e0 (3/1.2/PHB) CPU/0-ffffffffffffff (2/1.2/PHB) NET/0-0 (0/5000.0/LOC) 
ip-10-182-1-33:56:56 [0] NCCL INFO ncclTopoGetCpuAffinity: Affinity for GPU 0 is empty, ignoring. (GPU affinity =  ; CPU affinity = 0-3).
ip-10-182-1-33:56:56 [0] NCCL INFO Pattern 4, crossNic 0, nChannels 1, bw 1.200000/1.200000, type LOC/PHB, sameChannels 1
ip-10-182-1-33:56:56 [0] NCCL INFO  0 : NET/0-0 GPU/0-1e0 NET/0-0
ip-10-182-1-33:56:56 [0] NCCL INFO Pattern 3, crossNic 0, nChannels 1, bw 2.400000/1.200000, type LOC/PHB, sameChannels 1
ip-10-182-1-33:56:56 [0] NCCL INFO  0 : NET/0-0 GPU/0-1e0 NET/0-0
ip-10-182-1-33:56:56 [0] NCCL INFO Could not get speed from /sys/class/net/ens5/speed. Defaulting to 10 Gbps.
ip-10-182-1-33:56:56 [0] NCCL INFO comm 0x61b2d1f46dc0 rank 0 nRanks 2 nNodes 2 localRanks 1 localRank 0 MNNVL 0
ip-10-182-1-33:56:56 [0] NCCL INFO Tree 0 : -1 -> 0 -> 1/-1/-1
ip-10-182-1-33:56:56 [0] NCCL INFO Tree 1 : 1 -> 0 -> -1/-1/-1
ip-10-182-1-33:56:56 [0] NCCL INFO Channel 00/02 : 0 1
ip-10-182-1-33:56:56 [0] NCCL INFO Channel 01/02 : 0 1
ip-10-182-1-33:56:56 [0] NCCL INFO Ring 00 : 1 -> 0 -> 1
ip-10-182-1-33:56:56 [0] NCCL INFO Ring 01 : 1 -> 0 -> 1
ip-10-182-1-33:56:56 [0] NCCL INFO Trees [0] 1/-1/-1->0->-1 [1] -1/-1/-1->0->1
ip-10-182-1-33:56:56 [0] NCCL INFO P2P Chunksize set to 131072
ip-10-182-1-33:56:56 [0] NCCL INFO Check P2P Type isAllDirectP2p 1 directMode 0 isAllCudaP2p 1
ip-10-182-1-33:56:172 [0] NCCL INFO [Proxy Service] Device 0 CPU core 3
ip-10-182-1-33:56:173 [0] NCCL INFO [Proxy Service UDS] Device 0 CPU core 2
ip-10-182-1-33:56:56 [0] NCCL INFO ncclP2pSchedule: group size used is 1
ip-10-182-1-33:56:56 [0] NCCL INFO threadThresholds 8/8/64 | 16/8/64 | 512 | 512
ip-10-182-1-33:56:56 [0] NCCL INFO 2 coll channels, 2 collnet channels, 0 nvls channels, 2 p2p channels, 1 p2p channels per peer
ip-10-182-1-33:56:56 [0] NCCL INFO Symmetric VA size=24GB
ip-10-182-1-33:56:56 [0] NCCL INFO Symmetric memory is not supported. cuMemEnable 1, globalGinSupport 0, globalNicFused 0 cuMemGdrSupport 1
ip-10-182-1-33:56:56 [0] NCCL INFO CC Off, workFifoBytes 1048576
ip-10-182-1-33:56:56 [0] NCCL INFO ncclCommInitRankConfig comm 0x61b2d1f46dc0 rank 0 nranks 2 cudaDev 0 nvmlDev 0 busId 1e0 commId 0xf6116ca2c1bf8ae6 - Init COMPLETE
ip-10-182-1-33:56:56 [0] NCCL INFO Init timings - ncclCommInitRankConfig: rank 0 nranks 2 total 1.32 (kernels 0.00, alloc 0.00, bootstrap 1.07, allgathers 0.24, topo 0.00, graphs 0.00, connections 0.00, rest 0.00)
ip-10-182-1-33:56:172 [0] NCCL INFO New proxy send connection 0 from local rank 0, transport 2
ip-10-182-1-33:56:174 [0] NCCL INFO [Proxy Progress] Device 0 CPU core 1
ip-10-182-1-33:56:56 [0] NCCL INFO Connected to proxy localRank 0 -> connection 0x780e48011580
ip-10-182-1-33:56:172 [0] NCCL INFO Could not get speed from /sys/class/net/ens5/speed. Defaulting to 10 Gbps.
ip-10-182-1-33:56:56 [0] NCCL INFO Channel 01/1 : 0[0] -> 1[0] [send] via NET/Socket/0/Shared
ip-10-182-1-33:56:172 [0] NCCL INFO New proxy recv connection 1 from local rank 0, transport 2
ip-10-182-1-33:56:56 [0] NCCL INFO Connected to proxy localRank 0 -> connection 0x780e48011608
ip-10-182-1-33:56:172 [0] NCCL INFO Could not get speed from /sys/class/net/ens5/speed. Defaulting to 10 Gbps.
ip-10-182-1-33:56:172 [0] NCCL INFO NET/Socket: Using 2 threads and 8 sockets per thread
ip-10-182-1-33:56:56 [0] NCCL INFO Channel 01/1 : 1[0] -> 0[0] [receive] via NET/Socket/0/Shared
ip-10-182-1-33:56:56 [0] NCCL INFO Initialized NET plugin Socket
ip-10-182-1-33:56:56 [0] NCCL INFO Could not get speed from /sys/class/net/ens5/speed. Defaulting to 10 Gbps.
ip-10-182-1-33:56:56 [0] NCCL INFO Assigned NET plugin Socket to comm
ip-10-182-1-33:56:56 [0] NCCL INFO Failed to initialize any GIN plugin
ip-10-182-1-33:56:56 [0] NCCL INFO Using network Socket
ip-10-182-1-33:56:56 [0] NCCL INFO [Rank 0] ncclCommInitRankConfig comm 0x61b2cbf78b20 rank 0 nranks 2 cudaDev 0 nvmlDev 0 busId 1e0 commId 0x17da30aabfd27532 - Init START
ip-10-182-1-33:56:56 [0] NCCL INFO Topology detection : could not read /sys/devices/pci0000:00/0000:00:1e.0/../max_link_speed, ignoring
ip-10-182-1-33:56:56 [0] NCCL INFO Topology detection : could not read /sys/devices/pci0000:00/0000:00:1e.0/../max_link_width, ignoring
ip-10-182-1-33:56:56 [0] NCCL INFO Topology detection : could not read /sys/devices/system/node/node-1/cpumap, ignoring
ip-10-182-1-33:56:56 [0] NCCL INFO TOPO/NET : Importing network plugins to topology
ip-10-182-1-33:56:56 [0] NCCL INFO Could not get speed from /sys/class/net/ens5/speed. Defaulting to 10 Gbps.
ip-10-182-1-33:56:56 [0] NCCL INFO Topology detection : could not read /sys/devices/pci0000:00/0000:00:05.0/../max_link_speed, ignoring
ip-10-182-1-33:56:56 [0] NCCL INFO Topology detection : could not read /sys/devices/pci0000:00/0000:00:05.0/../max_link_width, ignoring
ip-10-182-1-33:56:56 [0] NCCL INFO Topology detection : could not read /sys/devices/system/node/node-1/cpumap, ignoring
ip-10-182-1-33:56:56 [0] NCCL INFO NET/Socket : GPU Direct RDMA Disabled for HCA 0 'ens5'
ip-10-182-1-33:56:56 [0] NCCL INFO ncclTopoPopulateNics : Filled ens5 in topo with pciPath=/sys/devices/pci0000:00/0000:00:05.0 net=1 gin=(null) keep=1 coll=(null)
ip-10-182-1-33:56:56 [0] NCCL INFO KV Convert to int : could not find value of 'Unknown' in dictionary, falling back to 60
ip-10-182-1-33:56:56 [0] NCCL INFO === System : maxBw 1.2 totalBw 24.0 ===
ip-10-182-1-33:56:56 [0] NCCL INFO CPU/0-ffffffffffffff (1/2/-1)
ip-10-182-1-33:56:56 [0] NCCL INFO + PCI[24.0] - GPU/0-1e0 (0)
ip-10-182-1-33:56:56 [0] NCCL INFO + PCI[12.0] - NIC/0-50
ip-10-182-1-33:56:56 [0] NCCL INFO               + NET[1.2] - NET/0-0 (0/0/0/1.250000)
ip-10-182-1-33:56:56 [0] NCCL INFO ==========================================
ip-10-182-1-33:56:56 [0] NCCL INFO GPU/0-1e0 :GPU/0-1e0 (0/5000.0/LOC) CPU/0-ffffffffffffff (1/24.0/PHB) NET/0-0 (3/1.2/PHB) 
ip-10-182-1-33:56:56 [0] NCCL INFO NET/0-0 :GPU/0-1e0 (3/1.2/PHB) CPU/0-ffffffffffffff (2/1.2/PHB) NET/0-0 (0/5000.0/LOC) 
ip-10-182-1-33:56:56 [0] NCCL INFO ncclTopoGetCpuAffinity: Affinity for GPU 0 is empty, ignoring. (GPU affinity =  ; CPU affinity = 0-3).
ip-10-182-1-33:56:56 [0] NCCL INFO Pattern 4, crossNic 0, nChannels 1, bw 1.200000/1.200000, type LOC/PHB, sameChannels 1
ip-10-182-1-33:56:56 [0] NCCL INFO  0 : NET/0-0 GPU/0-1e0 NET/0-0
ip-10-182-1-33:56:56 [0] NCCL INFO Pattern 3, crossNic 0, nChannels 1, bw 2.400000/1.200000, type LOC/PHB, sameChannels 1
ip-10-182-1-33:56:56 [0] NCCL INFO  0 : NET/0-0 GPU/0-1e0 NET/0-0
ip-10-182-1-33:56:56 [0] NCCL INFO Could not get speed from /sys/class/net/ens5/speed. Defaulting to 10 Gbps.
ip-10-182-1-33:56:56 [0] NCCL INFO comm 0x61b2cbf78b20 rank 0 nRanks 2 nNodes 2 localRanks 1 localRank 0 MNNVL 0
ip-10-182-1-33:56:56 [0] NCCL INFO Tree 0 : -1 -> 0 -> 1/-1/-1
ip-10-182-1-33:56:56 [0] NCCL INFO Tree 1 : 1 -> 0 -> -1/-1/-1
ip-10-182-1-33:56:56 [0] NCCL INFO Channel 00/02 : 0 1
ip-10-182-1-33:56:56 [0] NCCL INFO Channel 01/02 : 0 1
ip-10-182-1-33:56:56 [0] NCCL INFO Ring 00 : 1 -> 0 -> 1
ip-10-182-1-33:56:56 [0] NCCL INFO Ring 01 : 1 -> 0 -> 1
ip-10-182-1-33:56:56 [0] NCCL INFO Trees [0] 1/-1/-1->0->-1 [1] -1/-1/-1->0->1
ip-10-182-1-33:56:56 [0] NCCL INFO P2P Chunksize set to 131072
ip-10-182-1-33:56:56 [0] NCCL INFO Check P2P Type isAllDirectP2p 1 directMode 0 isAllCudaP2p 1
ip-10-182-1-33:56:56 [0] NCCL INFO ncclP2pSchedule: group size used is 1
ip-10-182-1-33:56:180 [0] NCCL INFO [Proxy Service] Device 0 CPU core 1
ip-10-182-1-33:56:181 [0] NCCL INFO [Proxy Service UDS] Device 0 CPU core 0
ip-10-182-1-33:56:56 [0] NCCL INFO threadThresholds 8/8/64 | 16/8/64 | 512 | 512
ip-10-182-1-33:56:56 [0] NCCL INFO 2 coll channels, 2 collnet channels, 0 nvls channels, 2 p2p channels, 1 p2p channels per peer
ip-10-182-1-33:56:56 [0] NCCL INFO Symmetric VA size=24GB
ip-10-182-1-33:56:56 [0] NCCL INFO Symmetric memory is not supported. cuMemEnable 1, globalGinSupport 0, globalNicFused 0 cuMemGdrSupport 1
ip-10-182-1-33:56:56 [0] NCCL INFO CC Off, workFifoBytes 1048576
ip-10-182-1-33:56:56 [0] NCCL INFO ncclCommInitRankConfig comm 0x61b2cbf78b20 rank 0 nranks 2 cudaDev 0 nvmlDev 0 busId 1e0 commId 0x17da30aabfd27532 - Init COMPLETE
ip-10-182-1-33:56:56 [0] NCCL INFO Init timings - ncclCommInitRankConfig: rank 0 nranks 2 total 0.99 (kernels 0.00, alloc 0.00, bootstrap 0.80, allgathers 0.19, topo 0.00, graphs 0.00, connections 0.00, rest 0.00)
ip-10-182-1-33:56:180 [0] NCCL INFO New proxy send connection 0 from local rank 0, transport 2
ip-10-182-1-33:56:182 [0] NCCL INFO [Proxy Progress] Device 0 CPU core 2
ip-10-182-1-33:56:56 [0] NCCL INFO Connected to proxy localRank 0 -> connection 0x780e70005310
ip-10-182-1-33:56:180 [0] NCCL INFO Could not get speed from /sys/class/net/ens5/speed. Defaulting to 10 Gbps.
ip-10-182-1-33:56:56 [0] NCCL INFO Channel 01/1 : 0[0] -> 1[0] [send] via NET/Socket/0/Shared
ip-10-182-1-33:56:180 [0] NCCL INFO New proxy recv connection 1 from local rank 0, transport 2
ip-10-182-1-33:56:56 [0] NCCL INFO Connected to proxy localRank 0 -> connection 0x780e70005398
ip-10-182-1-33:56:180 [0] NCCL INFO Could not get speed from /sys/class/net/ens5/speed. Defaulting to 10 Gbps.
ip-10-182-1-33:56:180 [0] NCCL INFO NET/Socket: Using 2 threads and 8 sockets per thread
ip-10-182-1-33:56:56 [0] NCCL INFO Channel 01/1 : 1[0] -> 0[0] [receive] via NET/Socket/0/Shared
ip-10-182-1-33:56:56 [0] NCCL INFO Initialized NET plugin Socket
ip-10-182-1-33:56:56 [0] NCCL INFO Could not get speed from /sys/class/net/ens5/speed. Defaulting to 10 Gbps.
ip-10-182-1-33:56:56 [0] NCCL INFO Assigned NET plugin Socket to comm
ip-10-182-1-33:56:56 [0] NCCL INFO Failed to initialize any GIN plugin
ip-10-182-1-33:56:56 [0] NCCL INFO Using network Socket
ip-10-182-1-33:56:56 [0] NCCL INFO [Rank 1] ncclCommInitRankConfig comm 0x61b2cc3c2b00 rank 1 nranks 2 cudaDev 0 nvmlDev 0 busId 1e0 commId 0x58b8f352ed736b0 - Init START
ip-10-182-1-33:56:56 [0] NCCL INFO Topology detection : could not read /sys/devices/pci0000:00/0000:00:1e.0/../max_link_speed, ignoring
ip-10-182-1-33:56:56 [0] NCCL INFO Topology detection : could not read /sys/devices/pci0000:00/0000:00:1e.0/../max_link_width, ignoring
ip-10-182-1-33:56:56 [0] NCCL INFO Topology detection : could not read /sys/devices/system/node/node-1/cpumap, ignoring
ip-10-182-1-33:56:56 [0] NCCL INFO TOPO/NET : Importing network plugins to topology
ip-10-182-1-33:56:56 [0] NCCL INFO Could not get speed from /sys/class/net/ens5/speed. Defaulting to 10 Gbps.
ip-10-182-1-33:56:56 [0] NCCL INFO Topology detection : could not read /sys/devices/pci0000:00/0000:00:05.0/../max_link_speed, ignoring
ip-10-182-1-33:56:56 [0] NCCL INFO Topology detection : could not read /sys/devices/pci0000:00/0000:00:05.0/../max_link_width, ignoring
ip-10-182-1-33:56:56 [0] NCCL INFO Topology detection : could not read /sys/devices/system/node/node-1/cpumap, ignoring
ip-10-182-1-33:56:56 [0] NCCL INFO NET/Socket : GPU Direct RDMA Disabled for HCA 0 'ens5'
ip-10-182-1-33:56:56 [0] NCCL INFO ncclTopoPopulateNics : Filled ens5 in topo with pciPath=/sys/devices/pci0000:00/0000:00:05.0 net=1 gin=(null) keep=1 coll=(null)
ip-10-182-1-33:56:56 [0] NCCL INFO KV Convert to int : could not find value of 'Unknown' in dictionary, falling back to 60
ip-10-182-1-33:56:56 [0] NCCL INFO === System : maxBw 1.2 totalBw 24.0 ===
ip-10-182-1-33:56:56 [0] NCCL INFO CPU/0-ffffffffffffff (1/2/-1)
ip-10-182-1-33:56:56 [0] NCCL INFO + PCI[24.0] - GPU/0-1e0 (1)
ip-10-182-1-33:56:56 [0] NCCL INFO + PCI[12.0] - NIC/0-50
ip-10-182-1-33:56:56 [0] NCCL INFO               + NET[1.2] - NET/0-0 (0/0/0/1.250000)
ip-10-182-1-33:56:56 [0] NCCL INFO ==========================================
ip-10-182-1-33:56:56 [0] NCCL INFO GPU/0-1e0 :GPU/0-1e0 (0/5000.0/LOC) CPU/0-ffffffffffffff (1/24.0/PHB) NET/0-0 (3/1.2/PHB) 
ip-10-182-1-33:56:56 [0] NCCL INFO NET/0-0 :GPU/0-1e0 (3/1.2/PHB) CPU/0-ffffffffffffff (2/1.2/PHB) NET/0-0 (0/5000.0/LOC) 
ip-10-182-1-33:56:56 [0] NCCL INFO ncclTopoGetCpuAffinity: Affinity for GPU 0 is empty, ignoring. (GPU affinity =  ; CPU affinity = 0-3).
ip-10-182-1-33:56:56 [0] NCCL INFO Pattern 4, crossNic 0, nChannels 1, bw 1.200000/1.200000, type LOC/PHB, sameChannels 1
ip-10-182-1-33:56:56 [0] NCCL INFO  0 : NET/0-0 GPU/0-1e0 NET/0-0
ip-10-182-1-33:56:56 [0] NCCL INFO Pattern 3, crossNic 0, nChannels 1, bw 2.400000/1.200000, type LOC/PHB, sameChannels 1
ip-10-182-1-33:56:56 [0] NCCL INFO  0 : NET/0-0 GPU/0-1e0 NET/0-0
ip-10-182-1-33:56:56 [0] NCCL INFO Could not get speed from /sys/class/net/ens5/speed. Defaulting to 10 Gbps.
ip-10-182-1-33:56:56 [0] NCCL INFO comm 0x61b2cc3c2b00 rank 1 nRanks 2 nNodes 2 localRanks 1 localRank 0 MNNVL 0
ip-10-182-1-33:56:56 [0] NCCL INFO Tree 0 : 0 -> 1 -> -1/-1/-1
ip-10-182-1-33:56:56 [0] NCCL INFO Tree 1 : -1 -> 1 -> 0/-1/-1
ip-10-182-1-33:56:56 [0] NCCL INFO Ring 00 : 0 -> 1 -> 0
ip-10-182-1-33:56:56 [0] NCCL INFO Ring 01 : 0 -> 1 -> 0
ip-10-182-1-33:56:56 [0] NCCL INFO Trees [0] -1/-1/-1->1->0 [1] 0/-1/-1->1->-1
ip-10-182-1-33:56:56 [0] NCCL INFO P2P Chunksize set to 131072
ip-10-182-1-33:56:56 [0] NCCL INFO Check P2P Type isAllDirectP2p 1 directMode 0 isAllCudaP2p 1
ip-10-182-1-33:56:187 [0] NCCL INFO [Proxy Service] Device 0 CPU core 2
ip-10-182-1-33:56:56 [0] NCCL INFO ncclP2pSchedule: group size used is 1
ip-10-182-1-33:56:56 [0] NCCL INFO threadThresholds 8/8/64 | 16/8/64 | 512 | 512
ip-10-182-1-33:56:56 [0] NCCL INFO 2 coll channels, 2 collnet channels, 0 nvls channels, 2 p2p channels, 1 p2p channels per peer
ip-10-182-1-33:56:56 [0] NCCL INFO Symmetric VA size=24GB
ip-10-182-1-33:56:56 [0] NCCL INFO Symmetric memory is not supported. cuMemEnable 1, globalGinSupport 0, globalNicFused 0 cuMemGdrSupport 1
ip-10-182-1-33:56:188 [0] NCCL INFO [Proxy Service UDS] Device 0 CPU core 0
ip-10-182-1-33:56:56 [0] NCCL INFO ncclCommInitRankConfig comm 0x61b2cc3c2b00 rank 1 nranks 2 cudaDev 0 nvmlDev 0 busId 1e0 commId 0x58b8f352ed736b0 - Init COMPLETE
ip-10-182-1-33:56:56 [0] NCCL INFO Init timings - ncclCommInitRankConfig: rank 1 nranks 2 total 0.09 (kernels 0.00, alloc 0.00, bootstrap 0.06, allgathers 0.02, topo 0.00, graphs 0.00, connections 0.00, rest 0.00)
ip-10-182-1-33:56:187 [0] NCCL INFO New proxy recv connection 0 from local rank 0, transport 2
ip-10-182-1-33:56:189 [0] NCCL INFO [Proxy Progress] Device 0 CPU core 1
ip-10-182-1-33:56:56 [0] NCCL INFO Connected to proxy localRank 0 -> connection 0x780e90007dc0
ip-10-182-1-33:56:187 [0] NCCL INFO Could not get speed from /sys/class/net/ens5/speed. Defaulting to 10 Gbps.
ip-10-182-1-33:56:187 [0] NCCL INFO NET/Socket: Using 2 threads and 8 sockets per thread
ip-10-182-1-33:56:56 [0] NCCL INFO Channel 01/1 : 0[0] -> 1[0] [receive] via NET/Socket/0/Shared
ip-10-182-1-33:56:187 [0] NCCL INFO New proxy send connection 1 from local rank 0, transport 2
ip-10-182-1-33:56:56 [0] NCCL INFO Connected to proxy localRank 0 -> connection 0x780e90007e48
ip-10-182-1-33:56:187 [0] NCCL INFO Could not get speed from /sys/class/net/ens5/speed. Defaulting to 10 Gbps.
ip-10-182-1-33:56:56 [0] NCCL INFO Channel 01/1 : 1[0] -> 0[0] [send] via NET/Socket/0/Shared
ip-10-182-1-33:56:56 [0] NCCL INFO Initialized NET plugin Socket
ip-10-182-1-33:56:56 [0] NCCL INFO Could not get speed from /sys/class/net/ens5/speed. Defaulting to 10 Gbps.
ip-10-182-1-33:56:56 [0] NCCL INFO Assigned NET plugin Socket to comm
ip-10-182-1-33:56:56 [0] NCCL INFO Failed to initialize any GIN plugin
ip-10-182-1-33:56:56 [0] NCCL INFO Using network Socket
ip-10-182-1-33:56:56 [0] NCCL INFO [Rank 0] ncclCommInitRankConfig comm 0x61b2cc152560 rank 0 nranks 2 cudaDev 0 nvmlDev 0 busId 1e0 commId 0xb896583b04bdfc27 - Init START
ip-10-182-1-33:56:56 [0] NCCL INFO Topology detection : could not read /sys/devices/pci0000:00/0000:00:1e.0/../max_link_speed, ignoring
ip-10-182-1-33:56:56 [0] NCCL INFO Topology detection : could not read /sys/devices/pci0000:00/0000:00:1e.0/../max_link_width, ignoring
ip-10-182-1-33:56:56 [0] NCCL INFO Topology detection : could not read /sys/devices/system/node/node-1/cpumap, ignoring
ip-10-182-1-33:56:56 [0] NCCL INFO TOPO/NET : Importing network plugins to topology
ip-10-182-1-33:56:56 [0] NCCL INFO Could not get speed from /sys/class/net/ens5/speed. Defaulting to 10 Gbps.
ip-10-182-1-33:56:56 [0] NCCL INFO Topology detection : could not read /sys/devices/pci0000:00/0000:00:05.0/../max_link_speed, ignoring
ip-10-182-1-33:56:56 [0] NCCL INFO Topology detection : could not read /sys/devices/pci0000:00/0000:00:05.0/../max_link_width, ignoring
ip-10-182-1-33:56:56 [0] NCCL INFO Topology detection : could not read /sys/devices/system/node/node-1/cpumap, ignoring
ip-10-182-1-33:56:56 [0] NCCL INFO NET/Socket : GPU Direct RDMA Disabled for HCA 0 'ens5'
ip-10-182-1-33:56:56 [0] NCCL INFO ncclTopoPopulateNics : Filled ens5 in topo with pciPath=/sys/devices/pci0000:00/0000:00:05.0 net=1 gin=(null) keep=1 coll=(null)
ip-10-182-1-33:56:56 [0] NCCL INFO KV Convert to int : could not find value of 'Unknown' in dictionary, falling back to 60
ip-10-182-1-33:56:56 [0] NCCL INFO === System : maxBw 1.2 totalBw 24.0 ===
ip-10-182-1-33:56:56 [0] NCCL INFO CPU/0-ffffffffffffff (1/2/-1)
ip-10-182-1-33:56:56 [0] NCCL INFO + PCI[24.0] - GPU/0-1e0 (0)
ip-10-182-1-33:56:56 [0] NCCL INFO + PCI[12.0] - NIC/0-50
ip-10-182-1-33:56:56 [0] NCCL INFO               + NET[1.2] - NET/0-0 (0/0/0/1.250000)
ip-10-182-1-33:56:56 [0] NCCL INFO ==========================================
ip-10-182-1-33:56:56 [0] NCCL INFO GPU/0-1e0 :GPU/0-1e0 (0/5000.0/LOC) CPU/0-ffffffffffffff (1/24.0/PHB) NET/0-0 (3/1.2/PHB) 
ip-10-182-1-33:56:56 [0] NCCL INFO NET/0-0 :GPU/0-1e0 (3/1.2/PHB) CPU/0-ffffffffffffff (2/1.2/PHB) NET/0-0 (0/5000.0/LOC) 
ip-10-182-1-33:56:56 [0] NCCL INFO ncclTopoGetCpuAffinity: Affinity for GPU 0 is empty, ignoring. (GPU affinity =  ; CPU affinity = 0-3).
ip-10-182-1-33:56:56 [0] NCCL INFO Pattern 4, crossNic 0, nChannels 1, bw 1.200000/1.200000, type LOC/PHB, sameChannels 1
ip-10-182-1-33:56:56 [0] NCCL INFO  0 : NET/0-0 GPU/0-1e0 NET/0-0
ip-10-182-1-33:56:56 [0] NCCL INFO Pattern 3, crossNic 0, nChannels 1, bw 2.400000/1.200000, type LOC/PHB, sameChannels 1
ip-10-182-1-33:56:56 [0] NCCL INFO  0 : NET/0-0 GPU/0-1e0 NET/0-0
ip-10-182-1-33:56:56 [0] NCCL INFO Could not get speed from /sys/class/net/ens5/speed. Defaulting to 10 Gbps.
ip-10-182-1-33:56:56 [0] NCCL INFO comm 0x61b2cc152560 rank 0 nRanks 2 nNodes 2 localRanks 1 localRank 0 MNNVL 0
ip-10-182-1-33:56:56 [0] NCCL INFO Tree 0 : -1 -> 0 -> 1/-1/-1
ip-10-182-1-33:56:56 [0] NCCL INFO Tree 1 : 1 -> 0 -> -1/-1/-1
ip-10-182-1-33:56:56 [0] NCCL INFO Channel 00/02 : 0 1
ip-10-182-1-33:56:56 [0] NCCL INFO Channel 01/02 : 0 1
ip-10-182-1-33:56:56 [0] NCCL INFO Ring 00 : 1 -> 0 -> 1
ip-10-182-1-33:56:56 [0] NCCL INFO Ring 01 : 1 -> 0 -> 1
ip-10-182-1-33:56:56 [0] NCCL INFO Trees [0] 1/-1/-1->0->-1 [1] -1/-1/-1->0->1
ip-10-182-1-33:56:56 [0] NCCL INFO P2P Chunksize set to 131072
ip-10-182-1-33:56:56 [0] NCCL INFO Check P2P Type isAllDirectP2p 1 directMode 0 isAllCudaP2p 1
ip-10-182-1-33:56:56 [0] NCCL INFO ncclP2pSchedule: group size used is 1
ip-10-182-1-33:56:195 [0] NCCL INFO [Proxy Service] Device 0 CPU core 3
ip-10-182-1-33:56:196 [0] NCCL INFO [Proxy Service UDS] Device 0 CPU core 3
ip-10-182-1-33:56:56 [0] NCCL INFO threadThresholds 8/8/64 | 16/8/64 | 512 | 512
ip-10-182-1-33:56:56 [0] NCCL INFO 2 coll channels, 2 collnet channels, 0 nvls channels, 2 p2p channels, 1 p2p channels per peer
ip-10-182-1-33:56:56 [0] NCCL INFO Symmetric VA size=24GB
ip-10-182-1-33:56:56 [0] NCCL INFO Symmetric memory is not supported. cuMemEnable 1, globalGinSupport 0, globalNicFused 0 cuMemGdrSupport 1
ip-10-182-1-33:56:56 [0] NCCL INFO CC Off, workFifoBytes 1048576
ip-10-182-1-33:56:56 [0] NCCL INFO ncclCommInitRankConfig comm 0x61b2cc152560 rank 0 nranks 2 cudaDev 0 nvmlDev 0 busId 1e0 commId 0xb896583b04bdfc27 - Init COMPLETE
ip-10-182-1-33:56:56 [0] NCCL INFO Init timings - ncclCommInitRankConfig: rank 0 nranks 2 total 2.00 (kernels 0.00, alloc 0.00, bootstrap 1.57, allgathers 0.42, topo 0.00, graphs 0.00, connections 0.00, rest 0.00)
ip-10-182-1-33:56:195 [0] NCCL INFO New proxy send connection 0 from local rank 0, transport 2
ip-10-182-1-33:56:197 [0] NCCL INFO [Proxy Progress] Device 0 CPU core 0
ip-10-182-1-33:56:56 [0] NCCL INFO Connected to proxy localRank 0 -> connection 0x780d14032600
ip-10-182-1-33:56:195 [0] NCCL INFO Could not get speed from /sys/class/net/ens5/speed. Defaulting to 10 Gbps.
ip-10-182-1-33:56:56 [0] NCCL INFO Channel 01/1 : 0[0] -> 1[0] [send] via NET/Socket/0/Shared
ip-10-182-1-33:56:195 [0] NCCL INFO New proxy recv connection 1 from local rank 0, transport 2
ip-10-182-1-33:56:56 [0] NCCL INFO Connected to proxy localRank 0 -> connection 0x780d14032688
ip-10-182-1-33:56:195 [0] NCCL INFO Could not get speed from /sys/class/net/ens5/speed. Defaulting to 10 Gbps.
ip-10-182-1-33:56:195 [0] NCCL INFO NET/Socket: Using 2 threads and 8 sockets per thread
ip-10-182-1-33:56:56 [0] NCCL INFO Channel 01/1 : 1[0] -> 0[0] [receive] via NET/Socket/0/Shared
{"event": "outer_step_completed", "rank": 4, "completed_outer_steps": 25, "timestamp": "2026-09-14T14:52:14.884535+00:00"}
ip-10-182-1-33:56:56 [0] NCCL INFO Initialized NET plugin Socket
ip-10-182-1-33:56:56 [0] NCCL INFO Could not get speed from /sys/class/net/ens5/speed. Defaulting to 10 Gbps.
ip-10-182-1-33:56:56 [0] NCCL INFO Assigned NET plugin Socket to comm
ip-10-182-1-33:56:56 [0] NCCL INFO Failed to initialize any GIN plugin
ip-10-182-1-33:56:56 [0] NCCL INFO Using network Socket
ip-10-182-1-33:56:56 [0] NCCL INFO [Rank 1] ncclCommInitRankConfig comm 0x61b2d732b020 rank 1 nranks 2 cudaDev 0 nvmlDev 0 busId 1e0 commId 0xc8b7bafd8ab46870 - Init START
ip-10-182-1-33:56:56 [0] NCCL INFO Topology detection : could not read /sys/devices/pci0000:00/0000:00:1e.0/../max_link_speed, ignoring
ip-10-182-1-33:56:56 [0] NCCL INFO Topology detection : could not read /sys/devices/pci0000:00/0000:00:1e.0/../max_link_width, ignoring
ip-10-182-1-33:56:56 [0] NCCL INFO Topology detection : could not read /sys/devices/system/node/node-1/cpumap, ignoring
ip-10-182-1-33:56:56 [0] NCCL INFO TOPO/NET : Importing network plugins to topology
ip-10-182-1-33:56:56 [0] NCCL INFO Could not get speed from /sys/class/net/ens5/speed. Defaulting to 10 Gbps.
ip-10-182-1-33:56:56 [0] NCCL INFO Topology detection : could not read /sys/devices/pci0000:00/0000:00:05.0/../max_link_speed, ignoring
ip-10-182-1-33:56:56 [0] NCCL INFO Topology detection : could not read /sys/devices/pci0000:00/0000:00:05.0/../max_link_width, ignoring
ip-10-182-1-33:56:56 [0] NCCL INFO Topology detection : could not read /sys/devices/system/node/node-1/cpumap, ignoring
ip-10-182-1-33:56:56 [0] NCCL INFO NET/Socket : GPU Direct RDMA Disabled for HCA 0 'ens5'
ip-10-182-1-33:56:56 [0] NCCL INFO ncclTopoPopulateNics : Filled ens5 in topo with pciPath=/sys/devices/pci0000:00/0000:00:05.0 net=1 gin=(null) keep=1 coll=(null)
ip-10-182-1-33:56:56 [0] NCCL INFO KV Convert to int : could not find value of 'Unknown' in dictionary, falling back to 60
ip-10-182-1-33:56:56 [0] NCCL INFO === System : maxBw 1.2 totalBw 24.0 ===
ip-10-182-1-33:56:56 [0] NCCL INFO CPU/0-ffffffffffffff (1/2/-1)
ip-10-182-1-33:56:56 [0] NCCL INFO + PCI[24.0] - GPU/0-1e0 (1)
ip-10-182-1-33:56:56 [0] NCCL INFO + PCI[12.0] - NIC/0-50
ip-10-182-1-33:56:56 [0] NCCL INFO               + NET[1.2] - NET/0-0 (0/0/0/1.250000)
ip-10-182-1-33:56:56 [0] NCCL INFO ==========================================
ip-10-182-1-33:56:56 [0] NCCL INFO GPU/0-1e0 :GPU/0-1e0 (0/5000.0/LOC) CPU/0-ffffffffffffff (1/24.0/PHB) NET/0-0 (3/1.2/PHB) 
ip-10-182-1-33:56:56 [0] NCCL INFO NET/0-0 :GPU/0-1e0 (3/1.2/PHB) CPU/0-ffffffffffffff (2/1.2/PHB) NET/0-0 (0/5000.0/LOC) 
ip-10-182-1-33:56:56 [0] NCCL INFO ncclTopoGetCpuAffinity: Affinity for GPU 0 is empty, ignoring. (GPU affinity =  ; CPU affinity = 0-3).
ip-10-182-1-33:56:56 [0] NCCL INFO Pattern 4, crossNic 0, nChannels 1, bw 1.200000/1.200000, type LOC/PHB, sameChannels 1
ip-10-182-1-33:56:56 [0] NCCL INFO  0 : NET/0-0 GPU/0-1e0 NET/0-0
ip-10-182-1-33:56:56 [0] NCCL INFO Pattern 3, crossNic 0, nChannels 1, bw 2.400000/1.200000, type LOC/PHB, sameChannels 1
ip-10-182-1-33:56:56 [0] NCCL INFO  0 : NET/0-0 GPU/0-1e0 NET/0-0
ip-10-182-1-33:56:56 [0] NCCL INFO Could not get speed from /sys/class/net/ens5/speed. Defaulting to 10 Gbps.
ip-10-182-1-33:56:56 [0] NCCL INFO comm 0x61b2d732b020 rank 1 nRanks 2 nNodes 2 localRanks 1 localRank 0 MNNVL 0
ip-10-182-1-33:56:56 [0] NCCL INFO Tree 0 : 0 -> 1 -> -1/-1/-1
ip-10-182-1-33:56:56 [0] NCCL INFO Tree 1 : -1 -> 1 -> 0/-1/-1
ip-10-182-1-33:56:56 [0] NCCL INFO Ring 00 : 0 -> 1 -> 0
ip-10-182-1-33:56:56 [0] NCCL INFO Ring 01 : 0 -> 1 -> 0
ip-10-182-1-33:56:56 [0] NCCL INFO Trees [0] -1/-1/-1->1->0 [1] 0/-1/-1->1->-1
ip-10-182-1-33:56:56 [0] NCCL INFO P2P Chunksize set to 131072
ip-10-182-1-33:56:56 [0] NCCL INFO Check P2P Type isAllDirectP2p 1 directMode 0 isAllCudaP2p 1
ip-10-182-1-33:56:202 [0] NCCL INFO [Proxy Service] Device 0 CPU core 1
ip-10-182-1-33:56:56 [0] NCCL INFO ncclP2pSchedule: group size used is 1
ip-10-182-1-33:56:203 [0] NCCL INFO [Proxy Service UDS] Device 0 CPU core 3
ip-10-182-1-33:56:56 [0] NCCL INFO threadThresholds 8/8/64 | 16/8/64 | 512 | 512
ip-10-182-1-33:56:56 [0] NCCL INFO 2 coll channels, 2 collnet channels, 0 nvls channels, 2 p2p channels, 1 p2p channels per peer
ip-10-182-1-33:56:56 [0] NCCL INFO Symmetric VA size=24GB
ip-10-182-1-33:56:56 [0] NCCL INFO Symmetric memory is not supported. cuMemEnable 1, globalGinSupport 0, globalNicFused 0 cuMemGdrSupport 1
ip-10-182-1-33:56:56 [0] NCCL INFO ncclCommInitRankConfig comm 0x61b2d732b020 rank 1 nranks 2 cudaDev 0 nvmlDev 0 busId 1e0 commId 0xc8b7bafd8ab46870 - Init COMPLETE
ip-10-182-1-33:56:56 [0] NCCL INFO Init timings - ncclCommInitRankConfig: rank 1 nranks 2 total 0.10 (kernels 0.00, alloc 0.00, bootstrap 0.07, allgathers 0.03, topo 0.00, graphs 0.00, connections 0.00, rest 0.00)
ip-10-182-1-33:56:202 [0] NCCL INFO New proxy recv connection 0 from local rank 0, transport 2
ip-10-182-1-33:56:204 [0] NCCL INFO [Proxy Progress] Device 0 CPU core 0
ip-10-182-1-33:56:56 [0] NCCL INFO Connected to proxy localRank 0 -> connection 0x780d28032630
ip-10-182-1-33:56:202 [0] NCCL INFO Could not get speed from /sys/class/net/ens5/speed. Defaulting to 10 Gbps.
ip-10-182-1-33:56:202 [0] NCCL INFO NET/Socket: Using 2 threads and 8 sockets per thread
ip-10-182-1-33:56:56 [0] NCCL INFO Channel 01/1 : 0[0] -> 1[0] [receive] via NET/Socket/0/Shared
ip-10-182-1-33:56:202 [0] NCCL INFO New proxy send connection 1 from local rank 0, transport 2
ip-10-182-1-33:56:56 [0] NCCL INFO Connected to proxy localRank 0 -> connection 0x780d280326b8
ip-10-182-1-33:56:202 [0] NCCL INFO Could not get speed from /sys/class/net/ens5/speed. Defaulting to 10 Gbps.
ip-10-182-1-33:56:56 [0] NCCL INFO Channel 01/1 : 1[0] -> 0[0] [send] via NET/Socket/0/Shared
ip-10-182-1-33:56:56 [0] NCCL INFO Initialized NET plugin Socket
ip-10-182-1-33:56:56 [0] NCCL INFO Could not get speed from /sys/class/net/ens5/speed. Defaulting to 10 Gbps.
ip-10-182-1-33:56:56 [0] NCCL INFO Assigned NET plugin Socket to comm
ip-10-182-1-33:56:56 [0] NCCL INFO Failed to initialize any GIN plugin
ip-10-182-1-33:56:56 [0] NCCL INFO Using network Socket
ip-10-182-1-33:56:56 [0] NCCL INFO [Rank 0] ncclCommInitRankConfig comm 0x61b2de25ab00 rank 0 nranks 2 cudaDev 0 nvmlDev 0 busId 1e0 commId 0x100bce1c799178c2 - Init START
ip-10-182-1-33:56:56 [0] NCCL INFO Topology detection : could not read /sys/devices/pci0000:00/0000:00:1e.0/../max_link_speed, ignoring
ip-10-182-1-33:56:56 [0] NCCL INFO Topology detection : could not read /sys/devices/pci0000:00/0000:00:1e.0/../max_link_width, ignoring
ip-10-182-1-33:56:56 [0] NCCL INFO Topology detection : could not read /sys/devices/system/node/node-1/cpumap, ignoring
ip-10-182-1-33:56:56 [0] NCCL INFO TOPO/NET : Importing network plugins to topology
ip-10-182-1-33:56:56 [0] NCCL INFO Could not get speed from /sys/class/net/ens5/speed. Defaulting to 10 Gbps.
ip-10-182-1-33:56:56 [0] NCCL INFO Topology detection : could not read /sys/devices/pci0000:00/0000:00:05.0/../max_link_speed, ignoring
ip-10-182-1-33:56:56 [0] NCCL INFO Topology detection : could not read /sys/devices/pci0000:00/0000:00:05.0/../max_link_width, ignoring
ip-10-182-1-33:56:56 [0] NCCL INFO Topology detection : could not read /sys/devices/system/node/node-1/cpumap, ignoring
ip-10-182-1-33:56:56 [0] NCCL INFO NET/Socket : GPU Direct RDMA Disabled for HCA 0 'ens5'
ip-10-182-1-33:56:56 [0] NCCL INFO ncclTopoPopulateNics : Filled ens5 in topo with pciPath=/sys/devices/pci0000:00/0000:00:05.0 net=1 gin=(null) keep=1 coll=(null)
ip-10-182-1-33:56:56 [0] NCCL INFO KV Convert to int : could not find value of 'Unknown' in dictionary, falling back to 60
ip-10-182-1-33:56:56 [0] NCCL INFO === System : maxBw 1.2 totalBw 24.0 ===
ip-10-182-1-33:56:56 [0] NCCL INFO CPU/0-ffffffffffffff (1/2/-1)
ip-10-182-1-33:56:56 [0] NCCL INFO + PCI[24.0] - GPU/0-1e0 (0)
ip-10-182-1-33:56:56 [0] NCCL INFO + PCI[12.0] - NIC/0-50
ip-10-182-1-33:56:56 [0] NCCL INFO               + NET[1.2] - NET/0-0 (0/0/0/1.250000)
ip-10-182-1-33:56:56 [0] NCCL INFO ==========================================
ip-10-182-1-33:56:56 [0] NCCL INFO GPU/0-1e0 :GPU/0-1e0 (0/5000.0/LOC) CPU/0-ffffffffffffff (1/24.0/PHB) NET/0-0 (3/1.2/PHB) 
ip-10-182-1-33:56:56 [0] NCCL INFO NET/0-0 :GPU/0-1e0 (3/1.2/PHB) CPU/0-ffffffffffffff (2/1.2/PHB) NET/0-0 (0/5000.0/LOC) 
ip-10-182-1-33:56:56 [0] NCCL INFO ncclTopoGetCpuAffinity: Affinity for GPU 0 is empty, ignoring. (GPU affinity =  ; CPU affinity = 0-3).
ip-10-182-1-33:56:56 [0] NCCL INFO Pattern 4, crossNic 0, nChannels 1, bw 1.200000/1.200000, type LOC/PHB, sameChannels 1
ip-10-182-1-33:56:56 [0] NCCL INFO  0 : NET/0-0 GPU/0-1e0 NET/0-0
ip-10-182-1-33:56:56 [0] NCCL INFO Pattern 3, crossNic 0, nChannels 1, bw 2.400000/1.200000, type LOC/PHB, sameChannels 1
ip-10-182-1-33:56:56 [0] NCCL INFO  0 : NET/0-0 GPU/0-1e0 NET/0-0
ip-10-182-1-33:56:56 [0] NCCL INFO Could not get speed from /sys/class/net/ens5/speed. Defaulting to 10 Gbps.
ip-10-182-1-33:56:56 [0] NCCL INFO comm 0x61b2de25ab00 rank 0 nRanks 2 nNodes 2 localRanks 1 localRank 0 MNNVL 0
ip-10-182-1-33:56:56 [0] NCCL INFO Tree 0 : -1 -> 0 -> 1/-1/-1
ip-10-182-1-33:56:56 [0] NCCL INFO Tree 1 : 1 -> 0 -> -1/-1/-1
ip-10-182-1-33:56:56 [0] NCCL INFO Channel 00/02 : 0 1
ip-10-182-1-33:56:56 [0] NCCL INFO Channel 01/02 : 0 1
ip-10-182-1-33:56:56 [0] NCCL INFO Ring 00 : 1 -> 0 -> 1
ip-10-182-1-33:56:56 [0] NCCL INFO Ring 01 : 1 -> 0 -> 1
ip-10-182-1-33:56:56 [0] NCCL INFO Trees [0] 1/-1/-1->0->-1 [1] -1/-1/-1->0->1
ip-10-182-1-33:56:56 [0] NCCL INFO P2P Chunksize set to 131072
ip-10-182-1-33:56:56 [0] NCCL INFO Check P2P Type isAllDirectP2p 1 directMode 0 isAllCudaP2p 1
ip-10-182-1-33:56:210 [0] NCCL INFO [Proxy Service] Device 0 CPU core 3
ip-10-182-1-33:56:56 [0] NCCL INFO ncclP2pSchedule: group size used is 1
ip-10-182-1-33:56:211 [0] NCCL INFO [Proxy Service UDS] Device 0 CPU core 3
ip-10-182-1-33:56:56 [0] NCCL INFO threadThresholds 8/8/64 | 16/8/64 | 512 | 512
ip-10-182-1-33:56:56 [0] NCCL INFO 2 coll channels, 2 collnet channels, 0 nvls channels, 2 p2p channels, 1 p2p channels per peer
ip-10-182-1-33:56:56 [0] NCCL INFO Symmetric VA size=24GB
ip-10-182-1-33:56:56 [0] NCCL INFO Symmetric memory is not supported. cuMemEnable 1, globalGinSupport 0, globalNicFused 0 cuMemGdrSupport 1
ip-10-182-1-33:56:56 [0] NCCL INFO CC Off, workFifoBytes 1048576
ip-10-182-1-33:56:56 [0] NCCL INFO ncclCommInitRankConfig comm 0x61b2de25ab00 rank 0 nranks 2 cudaDev 0 nvmlDev 0 busId 1e0 commId 0x100bce1c799178c2 - Init COMPLETE
ip-10-182-1-33:56:56 [0] NCCL INFO Init timings - ncclCommInitRankConfig: rank 0 nranks 2 total 0.16 (kernels 0.00, alloc 0.00, bootstrap 0.15, allgathers 0.00, topo 0.00, graphs 0.00, connections 0.00, rest 0.00)
ip-10-182-1-33:56:210 [0] NCCL INFO New proxy send connection 0 from local rank 0, transport 2
ip-10-182-1-33:56:212 [0] NCCL INFO [Proxy Progress] Device 0 CPU core 1
ip-10-182-1-33:56:56 [0] NCCL INFO Connected to proxy localRank 0 -> connection 0x780d78027a50
ip-10-182-1-33:56:210 [0] NCCL INFO Could not get speed from /sys/class/net/ens5/speed. Defaulting to 10 Gbps.
ip-10-182-1-33:56:56 [0] NCCL INFO Channel 01/1 : 0[0] -> 1[0] [send] via NET/Socket/0/Shared
ip-10-182-1-33:56:210 [0] NCCL INFO New proxy recv connection 1 from local rank 0, transport 2
ip-10-182-1-33:56:56 [0] NCCL INFO Connected to proxy localRank 0 -> connection 0x780d78027ad8
ip-10-182-1-33:56:210 [0] NCCL INFO Could not get speed from /sys/class/net/ens5/speed. Defaulting to 10 Gbps.
ip-10-182-1-33:56:210 [0] NCCL INFO NET/Socket: Using 2 threads and 8 sockets per thread
ip-10-182-1-33:56:56 [0] NCCL INFO Channel 01/1 : 1[0] -> 0[0] [receive] via NET/Socket/0/Shared
{"event": "outer_step_completed", "rank": 4, "completed_outer_steps": 50, "timestamp": "2026-09-14T14:59:21.472876+00:00"}
{"event": "outer_step_completed", "rank": 4, "completed_outer_steps": 75, "timestamp": "2026-09-14T15:03:14.789868+00:00"}
{"event": "outer_step_completed", "rank": 4, "completed_outer_steps": 100, "timestamp": "2026-09-14T15:06:33.170487+00:00"}
{"event": "outer_step_completed", "rank": 4, "completed_outer_steps": 125, "timestamp": "2026-09-14T15:09:33.660399+00:00"}
{"event": "outer_step_completed", "rank": 4, "completed_outer_steps": 150, "timestamp": "2026-09-14T15:12:29.655773+00:00"}
{"event": "outer_step_completed", "rank": 4, "completed_outer_steps": 175, "timestamp": "2026-09-14T15:15:30.581797+00:00"}
{"event": "outer_step_completed", "rank": 4, "completed_outer_steps": 200, "timestamp": "2026-09-14T15:18:37.987562+00:00"}
{"event": "outer_step_completed", "rank": 4, "completed_outer_steps": 225, "timestamp": "2026-09-14T15:21:52.951546+00:00"}
{"event": "outer_step_completed", "rank": 4, "completed_outer_steps": 250, "timestamp": "2026-09-14T15:24:50.086604+00:00"}
{"event": "outer_step_completed", "rank": 4, "completed_outer_steps": 275, "timestamp": "2026-09-14T15:27:45.249263+00:00"}
{"event": "outer_step_completed", "rank": 4, "completed_outer_steps": 300, "timestamp": "2026-09-14T15:30:37.850489+00:00"}
{"event": "outer_step_completed", "rank": 4, "completed_outer_steps": 325, "timestamp": "2026-09-14T15:33:31.127041+00:00"}
{"event": "outer_step_completed", "rank": 4, "completed_outer_steps": 350, "timestamp": "2026-09-14T15:36:32.165786+00:00"}
{"event": "outer_step_completed", "rank": 4, "completed_outer_steps": 375, "timestamp": "2026-09-14T15:39:36.352791+00:00"}
{"event": "outer_step_completed", "rank": 4, "completed_outer_steps": 400, "timestamp": "2026-09-14T15:42:39.913648+00:00"}
{"event": "outer_step_completed", "rank": 4, "completed_outer_steps": 425, "timestamp": "2026-09-14T15:45:40.806967+00:00"}
{"event": "outer_step_completed", "rank": 4, "completed_outer_steps": 450, "timestamp": "2026-09-14T15:48:26.892494+00:00"}
{"event": "outer_step_completed", "rank": 4, "completed_outer_steps": 475, "timestamp": "2026-09-14T15:51:25.122288+00:00"}
{"event": "outer_step_completed", "rank": 4, "completed_outer_steps": 500, "timestamp": "2026-09-14T15:54:19.003409+00:00"}
ip-10-182-1-33:56:56 [0] NCCL INFO comm 0x61b2de25ab00 rank 0 nranks 2 cudaDev 0 busId 1e0 - Destroy COMPLETE
ip-10-182-1-33:56:56 [0] NCCL INFO comm 0x61b2d732b020 rank 1 nranks 2 cudaDev 0 busId 1e0 - Destroy COMPLETE
ip-10-182-1-33:56:56 [0] NCCL INFO comm 0x61b2cc152560 rank 0 nranks 2 cudaDev 0 busId 1e0 - Destroy COMPLETE
ip-10-182-1-33:56:56 [0] NCCL INFO comm 0x61b2c9149d30 rank 1 nranks 2 cudaDev 0 busId 1e0 - Destroy COMPLETE
ip-10-182-1-33:56:56 [0] NCCL INFO comm 0x61b2cc7e7cd0 rank 1 nranks 2 cudaDev 0 busId 1e0 - Destroy COMPLETE
ip-10-182-1-33:56:56 [0] NCCL INFO comm 0x61b2c8daba20 rank 4 nranks 16 cudaDev 0 busId 1e0 - Destroy COMPLETE
ip-10-182-1-33:56:56 [0] NCCL INFO comm 0x61b2cc3c2b00 rank 1 nranks 2 cudaDev 0 busId 1e0 - Destroy COMPLETE
ip-10-182-1-33:56:56 [0] NCCL INFO comm 0x61b2cc5a1880 rank 0 nranks 2 cudaDev 0 busId 1e0 - Destroy COMPLETE
ip-10-182-1-33:56:56 [0] NCCL INFO comm 0x61b2cbda00d0 rank 0 nranks 2 cudaDev 0 busId 1e0 - Destroy COMPLETE
ip-10-182-1-33:56:56 [0] NCCL INFO comm 0x61b2cf3f2fc0 rank 0 nranks 2 cudaDev 0 busId 1e0 - Destroy COMPLETE
ip-10-182-1-33:56:56 [0] NCCL INFO comm 0x61b2d213e000 rank 0 nranks 2 cudaDev 0 busId 1e0 - Destroy COMPLETE
ip-10-182-1-33:56:56 [0] NCCL INFO comm 0x61b2c9313bf0 rank 0 nranks 2 cudaDev 0 busId 1e0 - Destroy COMPLETE
ip-10-182-1-33:56:56 [0] NCCL INFO comm 0x61b2cf517db0 rank 0 nranks 2 cudaDev 0 busId 1e0 - Destroy COMPLETE
ip-10-182-1-33:56:56 [0] NCCL INFO comm 0x61b2c4c367c0 rank 0 nranks 2 cudaDev 0 busId 1e0 - Destroy COMPLETE
ip-10-182-1-33:56:56 [0] NCCL INFO comm 0x61b2d1f46dc0 rank 0 nranks 2 cudaDev 0 busId 1e0 - Destroy COMPLETE
ip-10-182-1-33:56:56 [0] NCCL INFO comm 0x61b2cbf78b20 rank 0 nranks 2 cudaDev 0 busId 1e0 - Destroy COMPLETE
ip-10-182-1-33:56:56 [0] NCCL INFO ENV/Plugin: Closing env plugin ncclEnvDefault
