Warning: You are sending unauthenticated requests to the HF Hub. Please set a HF_TOKEN to enable higher rate limits and faster downloads.
[W914 14:40:15.971648995 Utils.hpp:166] Warning: Environment variable NCCL_BLOCKING_WAIT is deprecated; use TORCH_NCCL_BLOCKING_WAIT instead (function operator())
[W914 14:40:15.971671586 Utils.hpp:137] Warning: Environment variable NCCL_ASYNC_ERROR_HANDLING is deprecated; use TORCH_NCCL_ASYNC_ERROR_HANDLING instead (function operator())
[rank0]:[W914 14:40:19.774302071 ProcessGroupNCCL.cpp:4215] Warning: An unbatched P2P op (send/recv) was called on this ProcessGroup with size 16.  In lazy initialization mode, this will result in a new 2-rank NCCL communicator to be created. (function operator())
ip-10-180-1-50:57:57 [0] NCCL INFO ENV/Plugin: Could not find: libnccl-env.so
ip-10-180-1-50:57:57 [0] NCCL INFO NCCL_SOCKET_IFNAME set to ens5
ip-10-180-1-50:57:57 [0] NCCL INFO cudaDriverVersion 13020
ip-10-180-1-50:57:57 [0] NCCL INFO NCCL version 2.29.7+cuda13.2
ip-10-180-1-50:57:57 [0] NCCL INFO NCCL git version stable b81d6a5a3
ip-10-180-1-50:57:57 [0] NCCL INFO NET/Plugin: Could not find: libnccl-net.so
ip-10-180-1-50:57:57 [0] NCCL INFO transport/net_ib/init.cc:396 -> 3
ip-10-180-1-50:57:57 [0] NCCL INFO Failed to initialize NET plugin IB
ip-10-180-1-50:57:57 [0] NCCL INFO NET/Socket : Using [0]ens5:10.180.1.50<0>
ip-10-180-1-50:57:57 [0] NCCL INFO Initialized NET plugin Socket
ip-10-180-1-50:57:57 [0] NCCL INFO Could not get speed from /sys/class/net/ens5/speed. Defaulting to 10 Gbps.
ip-10-180-1-50:57:57 [0] NCCL INFO Assigned NET plugin Socket to comm
ip-10-180-1-50:57:57 [0] NCCL INFO GIN/Plugin: Could not find: libnccl-gin.so

[2026-09-14 14:40:19] ip-10-180-1-50:57:57 [0] misc/ibvwrap.cc:173 NCCL WARN lib wrapper not initialized.
ip-10-180-1-50:57:57 [0] NCCL INFO transport/net_ib/gdr.cc:56 -> 3
ip-10-180-1-50:57:57 [0] NCCL INFO Unable to use GIN: Peermem is not supported, nor DMA-BUF.
ip-10-180-1-50:57:57 [0] NCCL INFO Unable to use GIN: Peermem is not supported, nor DMA-BUF.
ip-10-180-1-50:57:57 [0] NCCL INFO Failed to initialize any GIN plugin
ip-10-180-1-50:57:57 [0] NCCL INFO Using network Socket
ip-10-180-1-50:57:57 [0] NCCL INFO [Rank 0] ncclCommInitRankConfig comm 0x5e733abd7210 rank 0 nranks 2 cudaDev 0 nvmlDev 0 busId 1e0 commId 0x8df7f965f86c40ae - Init START
ip-10-180-1-50:57:57 [0] NCCL INFO RAS client listening socket at 127.0.0.1<28028>
ip-10-180-1-50:57:57 [0] NCCL INFO Topology detection : could not read /sys/devices/pci0000:00/0000:00:1e.0/../max_link_speed, ignoring
ip-10-180-1-50:57:57 [0] NCCL INFO Topology detection : could not read /sys/devices/pci0000:00/0000:00:1e.0/../max_link_width, ignoring
ip-10-180-1-50:57:57 [0] NCCL INFO Topology detection : could not read /sys/devices/system/node/node-1/cpumap, ignoring
ip-10-180-1-50:57:57 [0] NCCL INFO TOPO/NET : Importing network plugins to topology
ip-10-180-1-50:57:57 [0] NCCL INFO Could not get speed from /sys/class/net/ens5/speed. Defaulting to 10 Gbps.
ip-10-180-1-50:57:57 [0] NCCL INFO Topology detection : could not read /sys/devices/pci0000:00/0000:00:05.0/../max_link_speed, ignoring
ip-10-180-1-50:57:57 [0] NCCL INFO Topology detection : could not read /sys/devices/pci0000:00/0000:00:05.0/../max_link_width, ignoring
ip-10-180-1-50:57:57 [0] NCCL INFO Topology detection : could not read /sys/devices/system/node/node-1/cpumap, ignoring
ip-10-180-1-50:57:57 [0] NCCL INFO NET/Socket : GPU Direct RDMA Disabled for HCA 0 'ens5'
ip-10-180-1-50:57:57 [0] NCCL INFO ncclTopoPopulateNics : Filled ens5 in topo with pciPath=/sys/devices/pci0000:00/0000:00:05.0 net=1 gin=(null) keep=1 coll=(null)
ip-10-180-1-50:57:57 [0] NCCL INFO KV Convert to int : could not find value of 'Unknown' in dictionary, falling back to 60
ip-10-180-1-50:57:57 [0] NCCL INFO === System : maxBw 1.2 totalBw 24.0 ===
ip-10-180-1-50:57:57 [0] NCCL INFO CPU/0-ffffffffffffff (1/2/-1)
ip-10-180-1-50:57:57 [0] NCCL INFO + PCI[24.0] - GPU/0-1e0 (0)
ip-10-180-1-50:57:57 [0] NCCL INFO + PCI[12.0] - NIC/0-50
ip-10-180-1-50:57:57 [0] NCCL INFO               + NET[1.2] - NET/0-0 (0/0/0/1.250000)
ip-10-180-1-50:57:57 [0] NCCL INFO ==========================================
ip-10-180-1-50:57:57 [0] NCCL INFO GPU/0-1e0 :GPU/0-1e0 (0/5000.0/LOC) CPU/0-ffffffffffffff (1/24.0/PHB) NET/0-0 (3/1.2/PHB) 
ip-10-180-1-50:57:57 [0] NCCL INFO NET/0-0 :GPU/0-1e0 (3/1.2/PHB) CPU/0-ffffffffffffff (2/1.2/PHB) NET/0-0 (0/5000.0/LOC) 
ip-10-180-1-50:57:57 [0] NCCL INFO ncclTopoGetCpuAffinity: Affinity for GPU 0 is empty, ignoring. (GPU affinity =  ; CPU affinity = 0-3).
ip-10-180-1-50:57:57 [0] NCCL INFO Pattern 4, crossNic 0, nChannels 1, bw 1.200000/1.200000, type LOC/PHB, sameChannels 1
ip-10-180-1-50:57:57 [0] NCCL INFO  0 : NET/0-0 GPU/0-1e0 NET/0-0
ip-10-180-1-50:57:57 [0] NCCL INFO Pattern 3, crossNic 0, nChannels 1, bw 2.400000/1.200000, type LOC/PHB, sameChannels 1
ip-10-180-1-50:57:57 [0] NCCL INFO  0 : NET/0-0 GPU/0-1e0 NET/0-0
ip-10-180-1-50:57:57 [0] NCCL INFO Could not get speed from /sys/class/net/ens5/speed. Defaulting to 10 Gbps.
ip-10-180-1-50:57:57 [0] NCCL INFO comm 0x5e733abd7210 rank 0 nRanks 2 nNodes 2 localRanks 1 localRank 0 MNNVL 0
ip-10-180-1-50:57:57 [0] NCCL INFO Tree 0 : -1 -> 0 -> 1/-1/-1
ip-10-180-1-50:57:57 [0] NCCL INFO Tree 1 : 1 -> 0 -> -1/-1/-1
ip-10-180-1-50:57:57 [0] NCCL INFO Channel 00/02 : 0 1
ip-10-180-1-50:57:57 [0] NCCL INFO Channel 01/02 : 0 1
ip-10-180-1-50:57:57 [0] NCCL INFO Ring 00 : 1 -> 0 -> 1
ip-10-180-1-50:57:57 [0] NCCL INFO Ring 01 : 1 -> 0 -> 1
ip-10-180-1-50:57:57 [0] NCCL INFO Trees [0] 1/-1/-1->0->-1 [1] -1/-1/-1->0->1
ip-10-180-1-50:57:57 [0] NCCL INFO P2P Chunksize set to 131072
ip-10-180-1-50:57:57 [0] NCCL INFO PROFILER/Plugin: Could not find: libnccl-profiler.so
ip-10-180-1-50:57:57 [0] NCCL INFO Check P2P Type isAllDirectP2p 1 directMode 0 isAllCudaP2p 1
ip-10-180-1-50:57:74 [0] NCCL INFO [Proxy Service] Device 0 CPU core 3
ip-10-180-1-50:57:57 [0] NCCL INFO ncclP2pSchedule: group size used is 1
ip-10-180-1-50:57:75 [0] NCCL INFO [Proxy Service UDS] Device 0 CPU core 0
ip-10-180-1-50:57:57 [0] NCCL INFO TUNER/Plugin: Could not find: libnccl-tuner.so
ip-10-180-1-50:57:57 [0] NCCL INFO threadThresholds 8/8/64 | 16/8/64 | 512 | 512
ip-10-180-1-50:57:57 [0] NCCL INFO 2 coll channels, 2 collnet channels, 0 nvls channels, 2 p2p channels, 1 p2p channels per peer
ip-10-180-1-50:57:57 [0] NCCL INFO Symmetric VA size=24GB
ip-10-180-1-50:57:57 [0] NCCL INFO Symmetric memory is not supported. cuMemEnable 1, globalGinSupport 0, globalNicFused 0 cuMemGdrSupport 1
ip-10-180-1-50:57:57 [0] NCCL INFO CC Off, workFifoBytes 1048576
ip-10-180-1-50:57:57 [0] NCCL INFO ncclCommInitRankConfig comm 0x5e733abd7210 rank 0 nranks 2 cudaDev 0 nvmlDev 0 busId 1e0 commId 0x8df7f965f86c40ae - Init COMPLETE
ip-10-180-1-50:57:57 [0] NCCL INFO Init timings - ncclCommInitRankConfig: rank 0 nranks 2 total 10.55 (kernels 0.15, alloc 0.02, bootstrap 10.20, allgathers 0.18, topo 0.00, graphs 0.00, connections 0.00, rest 0.00)
ip-10-180-1-50:57:74 [0] NCCL INFO New proxy send connection 0 from local rank 0, transport 2
ip-10-180-1-50:57:76 [0] NCCL INFO [Proxy Progress] Device 0 CPU core 1
ip-10-180-1-50:57:57 [0] NCCL INFO Connected to proxy localRank 0 -> connection 0x7be404004fa0
ip-10-180-1-50:57:74 [0] NCCL INFO Could not get speed from /sys/class/net/ens5/speed. Defaulting to 10 Gbps.
ip-10-180-1-50:57:57 [0] NCCL INFO Channel 01/1 : 0[0] -> 1[0] [send] via NET/Socket/0/Shared
[rank0]:[W914 14:40:34.615432796 ProcessGroupNCCL.cpp:4215] Warning: An unbatched P2P op (send/recv) was called on this ProcessGroup with size 16.  In lazy initialization mode, this will result in a new 2-rank NCCL communicator to be created. (function operator())
ip-10-180-1-50:57:74 [0] NCCL INFO New proxy recv connection 1 from local rank 0, transport 2
ip-10-180-1-50:57:57 [0] NCCL INFO Connected to proxy localRank 0 -> connection 0x7be404005028
ip-10-180-1-50:57:74 [0] NCCL INFO Could not get speed from /sys/class/net/ens5/speed. Defaulting to 10 Gbps.
ip-10-180-1-50:57:74 [0] NCCL INFO NET/Socket: Using 2 threads and 8 sockets per thread
ip-10-180-1-50:57:57 [0] NCCL INFO Channel 01/1 : 1[0] -> 0[0] [receive] via NET/Socket/0/Shared
{"event": "outer_step_completed", "rank": 0, "completed_outer_steps": 1, "timestamp": "2026-09-14T14:40:40.612867+00:00"}
/workspace/dromeus/.venv/lib/python3.12/site-packages/torch/distributed/c10d_logger.py:83: UserWarning: barrier(): using the device under current context. You can specify `device_id` in `init_process_group` to mute this warning.
  return func(*args, **kwargs)
ip-10-180-1-50:57:57 [0] NCCL INFO Initialized NET plugin Socket
ip-10-180-1-50:57:57 [0] NCCL INFO Could not get speed from /sys/class/net/ens5/speed. Defaulting to 10 Gbps.
ip-10-180-1-50:57:57 [0] NCCL INFO Assigned NET plugin Socket to comm
ip-10-180-1-50:57:57 [0] NCCL INFO Failed to initialize any GIN plugin
ip-10-180-1-50:57:57 [0] NCCL INFO Using network Socket
ip-10-180-1-50:57:57 [0] NCCL INFO [Rank 0] ncclCommInitRankConfig comm 0x5e733ed4e8b0 rank 0 nranks 16 cudaDev 0 nvmlDev 0 busId 1e0 commId 0xbcac494dc69e8913 - Init START
ip-10-180-1-50:57:57 [0] NCCL INFO Topology detection : could not read /sys/devices/pci0000:00/0000:00:1e.0/../max_link_speed, ignoring
ip-10-180-1-50:57:57 [0] NCCL INFO Topology detection : could not read /sys/devices/pci0000:00/0000:00:1e.0/../max_link_width, ignoring
ip-10-180-1-50:57:57 [0] NCCL INFO Topology detection : could not read /sys/devices/system/node/node-1/cpumap, ignoring
ip-10-180-1-50:57:57 [0] NCCL INFO TOPO/NET : Importing network plugins to topology
ip-10-180-1-50:57:57 [0] NCCL INFO Could not get speed from /sys/class/net/ens5/speed. Defaulting to 10 Gbps.
ip-10-180-1-50:57:57 [0] NCCL INFO Topology detection : could not read /sys/devices/pci0000:00/0000:00:05.0/../max_link_speed, ignoring
ip-10-180-1-50:57:57 [0] NCCL INFO Topology detection : could not read /sys/devices/pci0000:00/0000:00:05.0/../max_link_width, ignoring
ip-10-180-1-50:57:57 [0] NCCL INFO Topology detection : could not read /sys/devices/system/node/node-1/cpumap, ignoring
ip-10-180-1-50:57:57 [0] NCCL INFO NET/Socket : GPU Direct RDMA Disabled for HCA 0 'ens5'
ip-10-180-1-50:57:57 [0] NCCL INFO ncclTopoPopulateNics : Filled ens5 in topo with pciPath=/sys/devices/pci0000:00/0000:00:05.0 net=1 gin=(null) keep=1 coll=(null)
ip-10-180-1-50:57:57 [0] NCCL INFO KV Convert to int : could not find value of 'Unknown' in dictionary, falling back to 60
ip-10-180-1-50:57:57 [0] NCCL INFO === System : maxBw 1.2 totalBw 24.0 ===
ip-10-180-1-50:57:57 [0] NCCL INFO CPU/0-ffffffffffffff (1/2/-1)
ip-10-180-1-50:57:57 [0] NCCL INFO + PCI[24.0] - GPU/0-1e0 (0)
ip-10-180-1-50:57:57 [0] NCCL INFO + PCI[12.0] - NIC/0-50
ip-10-180-1-50:57:57 [0] NCCL INFO               + NET[1.2] - NET/0-0 (0/0/0/1.250000)
ip-10-180-1-50:57:57 [0] NCCL INFO ==========================================
ip-10-180-1-50:57:57 [0] NCCL INFO GPU/0-1e0 :GPU/0-1e0 (0/5000.0/LOC) CPU/0-ffffffffffffff (1/24.0/PHB) NET/0-0 (3/1.2/PHB) 
ip-10-180-1-50:57:57 [0] NCCL INFO NET/0-0 :GPU/0-1e0 (3/1.2/PHB) CPU/0-ffffffffffffff (2/1.2/PHB) NET/0-0 (0/5000.0/LOC) 
ip-10-180-1-50:57:57 [0] NCCL INFO ncclTopoGetCpuAffinity: Affinity for GPU 0 is empty, ignoring. (GPU affinity =  ; CPU affinity = 0-3).
ip-10-180-1-50:57:57 [0] NCCL INFO Pattern 4, crossNic 0, nChannels 1, bw 1.200000/1.200000, type LOC/PHB, sameChannels 1
ip-10-180-1-50:57:57 [0] NCCL INFO  0 : NET/0-0 GPU/0-1e0 NET/0-0
ip-10-180-1-50:57:57 [0] NCCL INFO Pattern 3, crossNic 0, nChannels 1, bw 2.400000/1.200000, type LOC/PHB, sameChannels 1
ip-10-180-1-50:57:57 [0] NCCL INFO  0 : NET/0-0 GPU/0-1e0 NET/0-0
ip-10-180-1-50:57:57 [0] NCCL INFO Could not get speed from /sys/class/net/ens5/speed. Defaulting to 10 Gbps.
ip-10-180-1-50:57:57 [0] NCCL INFO comm 0x5e733ed4e8b0 rank 0 nRanks 16 nNodes 16 localRanks 1 localRank 0 MNNVL 0
ip-10-180-1-50:57:57 [0] NCCL INFO Tree 0 : -1 -> 0 -> 8/-1/-1
ip-10-180-1-50:57:57 [0] NCCL INFO Tree 1 : 1 -> 0 -> -1/-1/-1
ip-10-180-1-50:57:57 [0] NCCL INFO Channel 00/02 :  0  1  2  3  4  5  6  7  8  9 10 11 12 13 14 15
ip-10-180-1-50:57:57 [0] NCCL INFO Channel 01/02 :  0  1  2  3  4  5  6  7  8  9 10 11 12 13 14 15
ip-10-180-1-50:57:57 [0] NCCL INFO Ring 00 : 15 -> 0 -> 1
ip-10-180-1-50:57:57 [0] NCCL INFO Ring 01 : 15 -> 0 -> 1
ip-10-180-1-50:57:57 [0] NCCL INFO Trees [0] 8/-1/-1->0->-1 [1] -1/-1/-1->0->1
ip-10-180-1-50:57:57 [0] NCCL INFO P2P Chunksize set to 131072
ip-10-180-1-50:57:57 [0] NCCL INFO Check P2P Type isAllDirectP2p 1 directMode 0 isAllCudaP2p 1
ip-10-180-1-50:57:82 [0] NCCL INFO [Proxy Service] Device 0 CPU core 3
ip-10-180-1-50:57:57 [0] NCCL INFO ncclP2pSchedule: group size used is 1
ip-10-180-1-50:57:83 [0] NCCL INFO [Proxy Service UDS] Device 0 CPU core 3
ip-10-180-1-50:57:57 [0] NCCL INFO threadThresholds 8/8/64 | 128/8/64 | 512 | 512
ip-10-180-1-50:57:57 [0] NCCL INFO 2 coll channels, 2 collnet channels, 0 nvls channels, 2 p2p channels, 1 p2p channels per peer
ip-10-180-1-50:57:57 [0] NCCL INFO Symmetric VA size=24GB
ip-10-180-1-50:57:57 [0] NCCL INFO Symmetric memory is not supported. cuMemEnable 1, globalGinSupport 0, globalNicFused 0 cuMemGdrSupport 1
ip-10-180-1-50:57:57 [0] NCCL INFO CC Off, workFifoBytes 1048576
ip-10-180-1-50:57:57 [0] NCCL INFO ncclCommInitRankConfig comm 0x5e733ed4e8b0 rank 0 nranks 16 cudaDev 0 nvmlDev 0 busId 1e0 commId 0xbcac494dc69e8913 - Init COMPLETE
ip-10-180-1-50:57:57 [0] NCCL INFO Init timings - ncclCommInitRankConfig: rank 0 nranks 16 total 54.25 (kernels 0.00, alloc 0.00, bootstrap 51.15, allgathers 3.10, topo 0.00, graphs 0.00, connections 0.00, rest 0.00)
ip-10-180-1-50:57:82 [0] NCCL INFO New proxy send connection 0 from local rank 0, transport 2
ip-10-180-1-50:57:84 [0] NCCL INFO [Proxy Progress] Device 0 CPU core 1
ip-10-180-1-50:57:57 [0] NCCL INFO Connected to proxy localRank 0 -> connection 0x7be3d8004f70
ip-10-180-1-50:57:82 [0] NCCL INFO Could not get speed from /sys/class/net/ens5/speed. Defaulting to 10 Gbps.
ip-10-180-1-50:57:57 [0] NCCL INFO Channel 01/0 : 0[0] -> 1[0] [send] via NET/Socket/0
ip-10-180-1-50:57:82 [0] NCCL INFO New proxy recv connection 1 from local rank 0, transport 2
ip-10-180-1-50:57:57 [0] NCCL INFO Connected to proxy localRank 0 -> connection 0x7be3d8004ff8
ip-10-180-1-50:57:82 [0] NCCL INFO Could not get speed from /sys/class/net/ens5/speed. Defaulting to 10 Gbps.
ip-10-180-1-50:57:82 [0] NCCL INFO NET/Socket: Using 2 threads and 8 sockets per thread
ip-10-180-1-50:57:57 [0] NCCL INFO Channel 00/0 : 8[0] -> 0[0] [receive] via NET/Socket/0
ip-10-180-1-50:57:82 [0] NCCL INFO New proxy send connection 2 from local rank 0, transport 2
ip-10-180-1-50:57:57 [0] NCCL INFO Connected to proxy localRank 0 -> connection 0x7be3d8005080
ip-10-180-1-50:57:82 [0] NCCL INFO Could not get speed from /sys/class/net/ens5/speed. Defaulting to 10 Gbps.
ip-10-180-1-50:57:57 [0] NCCL INFO Channel 00/0 : 0[0] -> 8[0] [send] via NET/Socket/0
ip-10-180-1-50:57:82 [0] NCCL INFO New proxy recv connection 3 from local rank 0, transport 2
ip-10-180-1-50:57:57 [0] NCCL INFO Connected to proxy localRank 0 -> connection 0x7be3d8005108
ip-10-180-1-50:57:82 [0] NCCL INFO Could not get speed from /sys/class/net/ens5/speed. Defaulting to 10 Gbps.
ip-10-180-1-50:57:82 [0] NCCL INFO NET/Socket: Using 2 threads and 8 sockets per thread
ip-10-180-1-50:57:57 [0] NCCL INFO Channel 01/0 : 1[0] -> 0[0] [receive] via NET/Socket/0
ip-10-180-1-50:57:57 [0] NCCL INFO Connected all trees
ip-10-180-1-50:57:57 [0] NCCL INFO Initialized NET plugin Socket
ip-10-180-1-50:57:57 [0] NCCL INFO Could not get speed from /sys/class/net/ens5/speed. Defaulting to 10 Gbps.
ip-10-180-1-50:57:57 [0] NCCL INFO Assigned NET plugin Socket to comm
ip-10-180-1-50:57:57 [0] NCCL INFO Failed to initialize any GIN plugin
ip-10-180-1-50:57:57 [0] NCCL INFO Using network Socket
ip-10-180-1-50:57:57 [0] NCCL INFO [Rank 0] ncclCommInitRankConfig comm 0x5e73422fbb80 rank 0 nranks 2 cudaDev 0 nvmlDev 0 busId 1e0 commId 0x4659ae3050848d14 - Init START
ip-10-180-1-50:57:57 [0] NCCL INFO Topology detection : could not read /sys/devices/pci0000:00/0000:00:1e.0/../max_link_speed, ignoring
ip-10-180-1-50:57:57 [0] NCCL INFO Topology detection : could not read /sys/devices/pci0000:00/0000:00:1e.0/../max_link_width, ignoring
ip-10-180-1-50:57:57 [0] NCCL INFO Topology detection : could not read /sys/devices/system/node/node-1/cpumap, ignoring
ip-10-180-1-50:57:57 [0] NCCL INFO TOPO/NET : Importing network plugins to topology
ip-10-180-1-50:57:57 [0] NCCL INFO Could not get speed from /sys/class/net/ens5/speed. Defaulting to 10 Gbps.
ip-10-180-1-50:57:57 [0] NCCL INFO Topology detection : could not read /sys/devices/pci0000:00/0000:00:05.0/../max_link_speed, ignoring
ip-10-180-1-50:57:57 [0] NCCL INFO Topology detection : could not read /sys/devices/pci0000:00/0000:00:05.0/../max_link_width, ignoring
ip-10-180-1-50:57:57 [0] NCCL INFO Topology detection : could not read /sys/devices/system/node/node-1/cpumap, ignoring
ip-10-180-1-50:57:57 [0] NCCL INFO NET/Socket : GPU Direct RDMA Disabled for HCA 0 'ens5'
ip-10-180-1-50:57:57 [0] NCCL INFO ncclTopoPopulateNics : Filled ens5 in topo with pciPath=/sys/devices/pci0000:00/0000:00:05.0 net=1 gin=(null) keep=1 coll=(null)
ip-10-180-1-50:57:57 [0] NCCL INFO KV Convert to int : could not find value of 'Unknown' in dictionary, falling back to 60
ip-10-180-1-50:57:57 [0] NCCL INFO === System : maxBw 1.2 totalBw 24.0 ===
ip-10-180-1-50:57:57 [0] NCCL INFO CPU/0-ffffffffffffff (1/2/-1)
ip-10-180-1-50:57:57 [0] NCCL INFO + PCI[24.0] - GPU/0-1e0 (0)
ip-10-180-1-50:57:57 [0] NCCL INFO + PCI[12.0] - NIC/0-50
ip-10-180-1-50:57:57 [0] NCCL INFO               + NET[1.2] - NET/0-0 (0/0/0/1.250000)
ip-10-180-1-50:57:57 [0] NCCL INFO ==========================================
ip-10-180-1-50:57:57 [0] NCCL INFO GPU/0-1e0 :GPU/0-1e0 (0/5000.0/LOC) CPU/0-ffffffffffffff (1/24.0/PHB) NET/0-0 (3/1.2/PHB) 
ip-10-180-1-50:57:57 [0] NCCL INFO NET/0-0 :GPU/0-1e0 (3/1.2/PHB) CPU/0-ffffffffffffff (2/1.2/PHB) NET/0-0 (0/5000.0/LOC) 
ip-10-180-1-50:57:57 [0] NCCL INFO ncclTopoGetCpuAffinity: Affinity for GPU 0 is empty, ignoring. (GPU affinity =  ; CPU affinity = 0-3).
ip-10-180-1-50:57:57 [0] NCCL INFO Pattern 4, crossNic 0, nChannels 1, bw 1.200000/1.200000, type LOC/PHB, sameChannels 1
ip-10-180-1-50:57:57 [0] NCCL INFO  0 : NET/0-0 GPU/0-1e0 NET/0-0
ip-10-180-1-50:57:57 [0] NCCL INFO Pattern 3, crossNic 0, nChannels 1, bw 2.400000/1.200000, type LOC/PHB, sameChannels 1
ip-10-180-1-50:57:57 [0] NCCL INFO  0 : NET/0-0 GPU/0-1e0 NET/0-0
ip-10-180-1-50:57:57 [0] NCCL INFO Could not get speed from /sys/class/net/ens5/speed. Defaulting to 10 Gbps.
ip-10-180-1-50:57:57 [0] NCCL INFO comm 0x5e73422fbb80 rank 0 nRanks 2 nNodes 2 localRanks 1 localRank 0 MNNVL 0
ip-10-180-1-50:57:57 [0] NCCL INFO Tree 0 : -1 -> 0 -> 1/-1/-1
ip-10-180-1-50:57:57 [0] NCCL INFO Tree 1 : 1 -> 0 -> -1/-1/-1
ip-10-180-1-50:57:57 [0] NCCL INFO Channel 00/02 : 0 1
ip-10-180-1-50:57:57 [0] NCCL INFO Channel 01/02 : 0 1
ip-10-180-1-50:57:57 [0] NCCL INFO Ring 00 : 1 -> 0 -> 1
ip-10-180-1-50:57:57 [0] NCCL INFO Ring 01 : 1 -> 0 -> 1
ip-10-180-1-50:57:57 [0] NCCL INFO Trees [0] 1/-1/-1->0->-1 [1] -1/-1/-1->0->1
ip-10-180-1-50:57:57 [0] NCCL INFO P2P Chunksize set to 131072
ip-10-180-1-50:57:57 [0] NCCL INFO Check P2P Type isAllDirectP2p 1 directMode 0 isAllCudaP2p 1
ip-10-180-1-50:57:57 [0] NCCL INFO ncclP2pSchedule: group size used is 1
ip-10-180-1-50:57:86 [0] NCCL INFO [Proxy Service] Device 0 CPU core 0
ip-10-180-1-50:57:87 [0] NCCL INFO [Proxy Service UDS] Device 0 CPU core 1
ip-10-180-1-50:57:57 [0] NCCL INFO threadThresholds 8/8/64 | 16/8/64 | 512 | 512
ip-10-180-1-50:57:57 [0] NCCL INFO 2 coll channels, 2 collnet channels, 0 nvls channels, 2 p2p channels, 1 p2p channels per peer
ip-10-180-1-50:57:57 [0] NCCL INFO Symmetric VA size=24GB
ip-10-180-1-50:57:57 [0] NCCL INFO Symmetric memory is not supported. cuMemEnable 1, globalGinSupport 0, globalNicFused 0 cuMemGdrSupport 1
ip-10-180-1-50:57:57 [0] NCCL INFO CC Off, workFifoBytes 1048576
ip-10-180-1-50:57:57 [0] NCCL INFO ncclCommInitRankConfig comm 0x5e73422fbb80 rank 0 nranks 2 cudaDev 0 nvmlDev 0 busId 1e0 commId 0x4659ae3050848d14 - Init COMPLETE
ip-10-180-1-50:57:57 [0] NCCL INFO Init timings - ncclCommInitRankConfig: rank 0 nranks 2 total 1.21 (kernels 0.00, alloc 0.00, bootstrap 0.98, allgathers 0.23, topo 0.00, graphs 0.00, connections 0.00, rest 0.00)
ip-10-180-1-50:57:86 [0] NCCL INFO New proxy send connection 0 from local rank 0, transport 2
ip-10-180-1-50:57:88 [0] NCCL INFO [Proxy Progress] Device 0 CPU core 2
ip-10-180-1-50:57:57 [0] NCCL INFO Connected to proxy localRank 0 -> connection 0x7be3a8004f70
ip-10-180-1-50:57:86 [0] NCCL INFO Could not get speed from /sys/class/net/ens5/speed. Defaulting to 10 Gbps.
ip-10-180-1-50:57:57 [0] NCCL INFO Channel 01/1 : 0[0] -> 1[0] [send] via NET/Socket/0/Shared
ip-10-180-1-50:57:86 [0] NCCL INFO New proxy recv connection 1 from local rank 0, transport 2
ip-10-180-1-50:57:57 [0] NCCL INFO Connected to proxy localRank 0 -> connection 0x7be3a8004ff8
ip-10-180-1-50:57:86 [0] NCCL INFO Could not get speed from /sys/class/net/ens5/speed. Defaulting to 10 Gbps.
ip-10-180-1-50:57:86 [0] NCCL INFO NET/Socket: Using 2 threads and 8 sockets per thread
ip-10-180-1-50:57:57 [0] NCCL INFO Channel 01/1 : 1[0] -> 0[0] [receive] via NET/Socket/0/Shared
ip-10-180-1-50:57:57 [0] NCCL INFO Initialized NET plugin Socket
ip-10-180-1-50:57:57 [0] NCCL INFO Could not get speed from /sys/class/net/ens5/speed. Defaulting to 10 Gbps.
ip-10-180-1-50:57:57 [0] NCCL INFO Assigned NET plugin Socket to comm
ip-10-180-1-50:57:57 [0] NCCL INFO Failed to initialize any GIN plugin
ip-10-180-1-50:57:57 [0] NCCL INFO Using network Socket
ip-10-180-1-50:57:57 [0] NCCL INFO [Rank 0] ncclCommInitRankConfig comm 0x5e734253b790 rank 0 nranks 2 cudaDev 0 nvmlDev 0 busId 1e0 commId 0xece7a05924af23dc - Init START
ip-10-180-1-50:57:57 [0] NCCL INFO Topology detection : could not read /sys/devices/pci0000:00/0000:00:1e.0/../max_link_speed, ignoring
ip-10-180-1-50:57:57 [0] NCCL INFO Topology detection : could not read /sys/devices/pci0000:00/0000:00:1e.0/../max_link_width, ignoring
ip-10-180-1-50:57:57 [0] NCCL INFO Topology detection : could not read /sys/devices/system/node/node-1/cpumap, ignoring
ip-10-180-1-50:57:57 [0] NCCL INFO TOPO/NET : Importing network plugins to topology
ip-10-180-1-50:57:57 [0] NCCL INFO Could not get speed from /sys/class/net/ens5/speed. Defaulting to 10 Gbps.
ip-10-180-1-50:57:57 [0] NCCL INFO Topology detection : could not read /sys/devices/pci0000:00/0000:00:05.0/../max_link_speed, ignoring
ip-10-180-1-50:57:57 [0] NCCL INFO Topology detection : could not read /sys/devices/pci0000:00/0000:00:05.0/../max_link_width, ignoring
ip-10-180-1-50:57:57 [0] NCCL INFO Topology detection : could not read /sys/devices/system/node/node-1/cpumap, ignoring
ip-10-180-1-50:57:57 [0] NCCL INFO NET/Socket : GPU Direct RDMA Disabled for HCA 0 'ens5'
ip-10-180-1-50:57:57 [0] NCCL INFO ncclTopoPopulateNics : Filled ens5 in topo with pciPath=/sys/devices/pci0000:00/0000:00:05.0 net=1 gin=(null) keep=1 coll=(null)
ip-10-180-1-50:57:57 [0] NCCL INFO KV Convert to int : could not find value of 'Unknown' in dictionary, falling back to 60
ip-10-180-1-50:57:57 [0] NCCL INFO === System : maxBw 1.2 totalBw 24.0 ===
ip-10-180-1-50:57:57 [0] NCCL INFO CPU/0-ffffffffffffff (1/2/-1)
ip-10-180-1-50:57:57 [0] NCCL INFO + PCI[24.0] - GPU/0-1e0 (0)
ip-10-180-1-50:57:57 [0] NCCL INFO + PCI[12.0] - NIC/0-50
ip-10-180-1-50:57:57 [0] NCCL INFO               + NET[1.2] - NET/0-0 (0/0/0/1.250000)
ip-10-180-1-50:57:57 [0] NCCL INFO ==========================================
ip-10-180-1-50:57:57 [0] NCCL INFO GPU/0-1e0 :GPU/0-1e0 (0/5000.0/LOC) CPU/0-ffffffffffffff (1/24.0/PHB) NET/0-0 (3/1.2/PHB) 
ip-10-180-1-50:57:57 [0] NCCL INFO NET/0-0 :GPU/0-1e0 (3/1.2/PHB) CPU/0-ffffffffffffff (2/1.2/PHB) NET/0-0 (0/5000.0/LOC) 
ip-10-180-1-50:57:57 [0] NCCL INFO ncclTopoGetCpuAffinity: Affinity for GPU 0 is empty, ignoring. (GPU affinity =  ; CPU affinity = 0-3).
ip-10-180-1-50:57:57 [0] NCCL INFO Pattern 4, crossNic 0, nChannels 1, bw 1.200000/1.200000, type LOC/PHB, sameChannels 1
ip-10-180-1-50:57:57 [0] NCCL INFO  0 : NET/0-0 GPU/0-1e0 NET/0-0
ip-10-180-1-50:57:57 [0] NCCL INFO Pattern 3, crossNic 0, nChannels 1, bw 2.400000/1.200000, type LOC/PHB, sameChannels 1
ip-10-180-1-50:57:57 [0] NCCL INFO  0 : NET/0-0 GPU/0-1e0 NET/0-0
ip-10-180-1-50:57:57 [0] NCCL INFO Could not get speed from /sys/class/net/ens5/speed. Defaulting to 10 Gbps.
ip-10-180-1-50:57:57 [0] NCCL INFO comm 0x5e734253b790 rank 0 nRanks 2 nNodes 2 localRanks 1 localRank 0 MNNVL 0
ip-10-180-1-50:57:57 [0] NCCL INFO Tree 0 : -1 -> 0 -> 1/-1/-1
ip-10-180-1-50:57:57 [0] NCCL INFO Tree 1 : 1 -> 0 -> -1/-1/-1
ip-10-180-1-50:57:57 [0] NCCL INFO Channel 00/02 : 0 1
ip-10-180-1-50:57:57 [0] NCCL INFO Channel 01/02 : 0 1
ip-10-180-1-50:57:57 [0] NCCL INFO Ring 00 : 1 -> 0 -> 1
ip-10-180-1-50:57:57 [0] NCCL INFO Ring 01 : 1 -> 0 -> 1
ip-10-180-1-50:57:57 [0] NCCL INFO Trees [0] 1/-1/-1->0->-1 [1] -1/-1/-1->0->1
ip-10-180-1-50:57:57 [0] NCCL INFO P2P Chunksize set to 131072
ip-10-180-1-50:57:57 [0] NCCL INFO Check P2P Type isAllDirectP2p 1 directMode 0 isAllCudaP2p 1
ip-10-180-1-50:57:94 [0] NCCL INFO [Proxy Service] Device 0 CPU core 2
ip-10-180-1-50:57:57 [0] NCCL INFO ncclP2pSchedule: group size used is 1
ip-10-180-1-50:57:95 [0] NCCL INFO [Proxy Service UDS] Device 0 CPU core 0
ip-10-180-1-50:57:57 [0] NCCL INFO threadThresholds 8/8/64 | 16/8/64 | 512 | 512
ip-10-180-1-50:57:57 [0] NCCL INFO 2 coll channels, 2 collnet channels, 0 nvls channels, 2 p2p channels, 1 p2p channels per peer
ip-10-180-1-50:57:57 [0] NCCL INFO Symmetric VA size=24GB
ip-10-180-1-50:57:57 [0] NCCL INFO Symmetric memory is not supported. cuMemEnable 1, globalGinSupport 0, globalNicFused 0 cuMemGdrSupport 1
ip-10-180-1-50:57:57 [0] NCCL INFO CC Off, workFifoBytes 1048576
ip-10-180-1-50:57:57 [0] NCCL INFO ncclCommInitRankConfig comm 0x5e734253b790 rank 0 nranks 2 cudaDev 0 nvmlDev 0 busId 1e0 commId 0xece7a05924af23dc - Init COMPLETE
ip-10-180-1-50:57:57 [0] NCCL INFO Init timings - ncclCommInitRankConfig: rank 0 nranks 2 total 1.01 (kernels 0.00, alloc 0.00, bootstrap 0.84, allgathers 0.16, topo 0.00, graphs 0.00, connections 0.00, rest 0.00)
ip-10-180-1-50:57:94 [0] NCCL INFO New proxy send connection 0 from local rank 0, transport 2
ip-10-180-1-50:57:96 [0] NCCL INFO [Proxy Progress] Device 0 CPU core 0
ip-10-180-1-50:57:57 [0] NCCL INFO Connected to proxy localRank 0 -> connection 0x7be38c004f70
ip-10-180-1-50:57:94 [0] NCCL INFO Could not get speed from /sys/class/net/ens5/speed. Defaulting to 10 Gbps.
ip-10-180-1-50:57:57 [0] NCCL INFO Channel 01/1 : 0[0] -> 1[0] [send] via NET/Socket/0/Shared
ip-10-180-1-50:57:94 [0] NCCL INFO New proxy recv connection 1 from local rank 0, transport 2
ip-10-180-1-50:57:57 [0] NCCL INFO Connected to proxy localRank 0 -> connection 0x7be38c004ff8
ip-10-180-1-50:57:94 [0] NCCL INFO Could not get speed from /sys/class/net/ens5/speed. Defaulting to 10 Gbps.
ip-10-180-1-50:57:94 [0] NCCL INFO NET/Socket: Using 2 threads and 8 sockets per thread
ip-10-180-1-50:57:57 [0] NCCL INFO Channel 01/1 : 1[0] -> 0[0] [receive] via NET/Socket/0/Shared
ip-10-180-1-50:57:57 [0] NCCL INFO Initialized NET plugin Socket
ip-10-180-1-50:57:57 [0] NCCL INFO Could not get speed from /sys/class/net/ens5/speed. Defaulting to 10 Gbps.
ip-10-180-1-50:57:57 [0] NCCL INFO Assigned NET plugin Socket to comm
ip-10-180-1-50:57:57 [0] NCCL INFO Failed to initialize any GIN plugin
ip-10-180-1-50:57:57 [0] NCCL INFO Using network Socket
ip-10-180-1-50:57:57 [0] NCCL INFO [Rank 0] ncclCommInitRankConfig comm 0x5e73419e73c0 rank 0 nranks 2 cudaDev 0 nvmlDev 0 busId 1e0 commId 0x3ff0dd04f05465a7 - Init START
ip-10-180-1-50:57:57 [0] NCCL INFO Topology detection : could not read /sys/devices/pci0000:00/0000:00:1e.0/../max_link_speed, ignoring
ip-10-180-1-50:57:57 [0] NCCL INFO Topology detection : could not read /sys/devices/pci0000:00/0000:00:1e.0/../max_link_width, ignoring
ip-10-180-1-50:57:57 [0] NCCL INFO Topology detection : could not read /sys/devices/system/node/node-1/cpumap, ignoring
ip-10-180-1-50:57:57 [0] NCCL INFO TOPO/NET : Importing network plugins to topology
ip-10-180-1-50:57:57 [0] NCCL INFO Could not get speed from /sys/class/net/ens5/speed. Defaulting to 10 Gbps.
ip-10-180-1-50:57:57 [0] NCCL INFO Topology detection : could not read /sys/devices/pci0000:00/0000:00:05.0/../max_link_speed, ignoring
ip-10-180-1-50:57:57 [0] NCCL INFO Topology detection : could not read /sys/devices/pci0000:00/0000:00:05.0/../max_link_width, ignoring
ip-10-180-1-50:57:57 [0] NCCL INFO Topology detection : could not read /sys/devices/system/node/node-1/cpumap, ignoring
ip-10-180-1-50:57:57 [0] NCCL INFO NET/Socket : GPU Direct RDMA Disabled for HCA 0 'ens5'
ip-10-180-1-50:57:57 [0] NCCL INFO ncclTopoPopulateNics : Filled ens5 in topo with pciPath=/sys/devices/pci0000:00/0000:00:05.0 net=1 gin=(null) keep=1 coll=(null)
ip-10-180-1-50:57:57 [0] NCCL INFO KV Convert to int : could not find value of 'Unknown' in dictionary, falling back to 60
ip-10-180-1-50:57:57 [0] NCCL INFO === System : maxBw 1.2 totalBw 24.0 ===
ip-10-180-1-50:57:57 [0] NCCL INFO CPU/0-ffffffffffffff (1/2/-1)
ip-10-180-1-50:57:57 [0] NCCL INFO + PCI[24.0] - GPU/0-1e0 (0)
ip-10-180-1-50:57:57 [0] NCCL INFO + PCI[12.0] - NIC/0-50
ip-10-180-1-50:57:57 [0] NCCL INFO               + NET[1.2] - NET/0-0 (0/0/0/1.250000)
ip-10-180-1-50:57:57 [0] NCCL INFO ==========================================
ip-10-180-1-50:57:57 [0] NCCL INFO GPU/0-1e0 :GPU/0-1e0 (0/5000.0/LOC) CPU/0-ffffffffffffff (1/24.0/PHB) NET/0-0 (3/1.2/PHB) 
ip-10-180-1-50:57:57 [0] NCCL INFO NET/0-0 :GPU/0-1e0 (3/1.2/PHB) CPU/0-ffffffffffffff (2/1.2/PHB) NET/0-0 (0/5000.0/LOC) 
ip-10-180-1-50:57:57 [0] NCCL INFO ncclTopoGetCpuAffinity: Affinity for GPU 0 is empty, ignoring. (GPU affinity =  ; CPU affinity = 0-3).
ip-10-180-1-50:57:57 [0] NCCL INFO Pattern 4, crossNic 0, nChannels 1, bw 1.200000/1.200000, type LOC/PHB, sameChannels 1
ip-10-180-1-50:57:57 [0] NCCL INFO  0 : NET/0-0 GPU/0-1e0 NET/0-0
ip-10-180-1-50:57:57 [0] NCCL INFO Pattern 3, crossNic 0, nChannels 1, bw 2.400000/1.200000, type LOC/PHB, sameChannels 1
ip-10-180-1-50:57:57 [0] NCCL INFO  0 : NET/0-0 GPU/0-1e0 NET/0-0
ip-10-180-1-50:57:57 [0] NCCL INFO Could not get speed from /sys/class/net/ens5/speed. Defaulting to 10 Gbps.
ip-10-180-1-50:57:57 [0] NCCL INFO comm 0x5e73419e73c0 rank 0 nRanks 2 nNodes 2 localRanks 1 localRank 0 MNNVL 0
ip-10-180-1-50:57:57 [0] NCCL INFO Tree 0 : -1 -> 0 -> 1/-1/-1
ip-10-180-1-50:57:57 [0] NCCL INFO Tree 1 : 1 -> 0 -> -1/-1/-1
ip-10-180-1-50:57:57 [0] NCCL INFO Channel 00/02 : 0 1
ip-10-180-1-50:57:57 [0] NCCL INFO Channel 01/02 : 0 1
ip-10-180-1-50:57:57 [0] NCCL INFO Ring 00 : 1 -> 0 -> 1
ip-10-180-1-50:57:57 [0] NCCL INFO Ring 01 : 1 -> 0 -> 1
ip-10-180-1-50:57:57 [0] NCCL INFO Trees [0] 1/-1/-1->0->-1 [1] -1/-1/-1->0->1
ip-10-180-1-50:57:57 [0] NCCL INFO P2P Chunksize set to 131072
ip-10-180-1-50:57:57 [0] NCCL INFO Check P2P Type isAllDirectP2p 1 directMode 0 isAllCudaP2p 1
ip-10-180-1-50:57:102 [0] NCCL INFO [Proxy Service] Device 0 CPU core 3
ip-10-180-1-50:57:57 [0] NCCL INFO ncclP2pSchedule: group size used is 1
ip-10-180-1-50:57:103 [0] NCCL INFO [Proxy Service UDS] Device 0 CPU core 3
ip-10-180-1-50:57:57 [0] NCCL INFO threadThresholds 8/8/64 | 16/8/64 | 512 | 512
ip-10-180-1-50:57:57 [0] NCCL INFO 2 coll channels, 2 collnet channels, 0 nvls channels, 2 p2p channels, 1 p2p channels per peer
ip-10-180-1-50:57:57 [0] NCCL INFO Symmetric VA size=24GB
ip-10-180-1-50:57:57 [0] NCCL INFO Symmetric memory is not supported. cuMemEnable 1, globalGinSupport 0, globalNicFused 0 cuMemGdrSupport 1
ip-10-180-1-50:57:57 [0] NCCL INFO CC Off, workFifoBytes 1048576
ip-10-180-1-50:57:57 [0] NCCL INFO ncclCommInitRankConfig comm 0x5e73419e73c0 rank 0 nranks 2 cudaDev 0 nvmlDev 0 busId 1e0 commId 0x3ff0dd04f05465a7 - Init COMPLETE
ip-10-180-1-50:57:57 [0] NCCL INFO Init timings - ncclCommInitRankConfig: rank 0 nranks 2 total 1.85 (kernels 0.00, alloc 0.00, bootstrap 1.47, allgathers 0.37, topo 0.00, graphs 0.00, connections 0.00, rest 0.00)
ip-10-180-1-50:57:102 [0] NCCL INFO New proxy send connection 0 from local rank 0, transport 2
ip-10-180-1-50:57:104 [0] NCCL INFO [Proxy Progress] Device 0 CPU core 0
ip-10-180-1-50:57:57 [0] NCCL INFO Connected to proxy localRank 0 -> connection 0x7be374004f70
ip-10-180-1-50:57:102 [0] NCCL INFO Could not get speed from /sys/class/net/ens5/speed. Defaulting to 10 Gbps.
ip-10-180-1-50:57:57 [0] NCCL INFO Channel 01/1 : 0[0] -> 1[0] [send] via NET/Socket/0/Shared
ip-10-180-1-50:57:102 [0] NCCL INFO New proxy recv connection 1 from local rank 0, transport 2
ip-10-180-1-50:57:57 [0] NCCL INFO Connected to proxy localRank 0 -> connection 0x7be374004ff8
ip-10-180-1-50:57:102 [0] NCCL INFO Could not get speed from /sys/class/net/ens5/speed. Defaulting to 10 Gbps.
ip-10-180-1-50:57:102 [0] NCCL INFO NET/Socket: Using 2 threads and 8 sockets per thread
ip-10-180-1-50:57:57 [0] NCCL INFO Channel 01/1 : 1[0] -> 0[0] [receive] via NET/Socket/0/Shared
ip-10-180-1-50:57:57 [0] NCCL INFO Initialized NET plugin Socket
ip-10-180-1-50:57:57 [0] NCCL INFO Could not get speed from /sys/class/net/ens5/speed. Defaulting to 10 Gbps.
ip-10-180-1-50:57:57 [0] NCCL INFO Assigned NET plugin Socket to comm
ip-10-180-1-50:57:57 [0] NCCL INFO Failed to initialize any GIN plugin
ip-10-180-1-50:57:57 [0] NCCL INFO Using network Socket
ip-10-180-1-50:57:57 [0] NCCL INFO [Rank 0] ncclCommInitRankConfig comm 0x5e7341c7c260 rank 0 nranks 2 cudaDev 0 nvmlDev 0 busId 1e0 commId 0x3a8be972a1deca3a - Init START
ip-10-180-1-50:57:57 [0] NCCL INFO Topology detection : could not read /sys/devices/pci0000:00/0000:00:1e.0/../max_link_speed, ignoring
ip-10-180-1-50:57:57 [0] NCCL INFO Topology detection : could not read /sys/devices/pci0000:00/0000:00:1e.0/../max_link_width, ignoring
ip-10-180-1-50:57:57 [0] NCCL INFO Topology detection : could not read /sys/devices/system/node/node-1/cpumap, ignoring
ip-10-180-1-50:57:57 [0] NCCL INFO TOPO/NET : Importing network plugins to topology
ip-10-180-1-50:57:57 [0] NCCL INFO Could not get speed from /sys/class/net/ens5/speed. Defaulting to 10 Gbps.
ip-10-180-1-50:57:57 [0] NCCL INFO Topology detection : could not read /sys/devices/pci0000:00/0000:00:05.0/../max_link_speed, ignoring
ip-10-180-1-50:57:57 [0] NCCL INFO Topology detection : could not read /sys/devices/pci0000:00/0000:00:05.0/../max_link_width, ignoring
ip-10-180-1-50:57:57 [0] NCCL INFO Topology detection : could not read /sys/devices/system/node/node-1/cpumap, ignoring
ip-10-180-1-50:57:57 [0] NCCL INFO NET/Socket : GPU Direct RDMA Disabled for HCA 0 'ens5'
ip-10-180-1-50:57:57 [0] NCCL INFO ncclTopoPopulateNics : Filled ens5 in topo with pciPath=/sys/devices/pci0000:00/0000:00:05.0 net=1 gin=(null) keep=1 coll=(null)
ip-10-180-1-50:57:57 [0] NCCL INFO KV Convert to int : could not find value of 'Unknown' in dictionary, falling back to 60
ip-10-180-1-50:57:57 [0] NCCL INFO === System : maxBw 1.2 totalBw 24.0 ===
ip-10-180-1-50:57:57 [0] NCCL INFO CPU/0-ffffffffffffff (1/2/-1)
ip-10-180-1-50:57:57 [0] NCCL INFO + PCI[24.0] - GPU/0-1e0 (0)
ip-10-180-1-50:57:57 [0] NCCL INFO + PCI[12.0] - NIC/0-50
ip-10-180-1-50:57:57 [0] NCCL INFO               + NET[1.2] - NET/0-0 (0/0/0/1.250000)
ip-10-180-1-50:57:57 [0] NCCL INFO ==========================================
ip-10-180-1-50:57:57 [0] NCCL INFO GPU/0-1e0 :GPU/0-1e0 (0/5000.0/LOC) CPU/0-ffffffffffffff (1/24.0/PHB) NET/0-0 (3/1.2/PHB) 
ip-10-180-1-50:57:57 [0] NCCL INFO NET/0-0 :GPU/0-1e0 (3/1.2/PHB) CPU/0-ffffffffffffff (2/1.2/PHB) NET/0-0 (0/5000.0/LOC) 
ip-10-180-1-50:57:57 [0] NCCL INFO ncclTopoGetCpuAffinity: Affinity for GPU 0 is empty, ignoring. (GPU affinity =  ; CPU affinity = 0-3).
ip-10-180-1-50:57:57 [0] NCCL INFO Pattern 4, crossNic 0, nChannels 1, bw 1.200000/1.200000, type LOC/PHB, sameChannels 1
ip-10-180-1-50:57:57 [0] NCCL INFO  0 : NET/0-0 GPU/0-1e0 NET/0-0
ip-10-180-1-50:57:57 [0] NCCL INFO Pattern 3, crossNic 0, nChannels 1, bw 2.400000/1.200000, type LOC/PHB, sameChannels 1
ip-10-180-1-50:57:57 [0] NCCL INFO  0 : NET/0-0 GPU/0-1e0 NET/0-0
ip-10-180-1-50:57:57 [0] NCCL INFO Could not get speed from /sys/class/net/ens5/speed. Defaulting to 10 Gbps.
ip-10-180-1-50:57:57 [0] NCCL INFO comm 0x5e7341c7c260 rank 0 nRanks 2 nNodes 2 localRanks 1 localRank 0 MNNVL 0
ip-10-180-1-50:57:57 [0] NCCL INFO Tree 0 : -1 -> 0 -> 1/-1/-1
ip-10-180-1-50:57:57 [0] NCCL INFO Tree 1 : 1 -> 0 -> -1/-1/-1
ip-10-180-1-50:57:57 [0] NCCL INFO Channel 00/02 : 0 1
ip-10-180-1-50:57:57 [0] NCCL INFO Channel 01/02 : 0 1
ip-10-180-1-50:57:57 [0] NCCL INFO Ring 00 : 1 -> 0 -> 1
ip-10-180-1-50:57:57 [0] NCCL INFO Ring 01 : 1 -> 0 -> 1
ip-10-180-1-50:57:57 [0] NCCL INFO Trees [0] 1/-1/-1->0->-1 [1] -1/-1/-1->0->1
ip-10-180-1-50:57:57 [0] NCCL INFO P2P Chunksize set to 131072
ip-10-180-1-50:57:57 [0] NCCL INFO Check P2P Type isAllDirectP2p 1 directMode 0 isAllCudaP2p 1
ip-10-180-1-50:57:110 [0] NCCL INFO [Proxy Service] Device 0 CPU core 1
ip-10-180-1-50:57:57 [0] NCCL INFO ncclP2pSchedule: group size used is 1
ip-10-180-1-50:57:111 [0] NCCL INFO [Proxy Service UDS] Device 0 CPU core 1
ip-10-180-1-50:57:57 [0] NCCL INFO threadThresholds 8/8/64 | 16/8/64 | 512 | 512
ip-10-180-1-50:57:57 [0] NCCL INFO 2 coll channels, 2 collnet channels, 0 nvls channels, 2 p2p channels, 1 p2p channels per peer
ip-10-180-1-50:57:57 [0] NCCL INFO Symmetric VA size=24GB
ip-10-180-1-50:57:57 [0] NCCL INFO Symmetric memory is not supported. cuMemEnable 1, globalGinSupport 0, globalNicFused 0 cuMemGdrSupport 1
ip-10-180-1-50:57:57 [0] NCCL INFO CC Off, workFifoBytes 1048576
ip-10-180-1-50:57:57 [0] NCCL INFO ncclCommInitRankConfig comm 0x5e7341c7c260 rank 0 nranks 2 cudaDev 0 nvmlDev 0 busId 1e0 commId 0x3a8be972a1deca3a - Init COMPLETE
ip-10-180-1-50:57:57 [0] NCCL INFO Init timings - ncclCommInitRankConfig: rank 0 nranks 2 total 0.80 (kernels 0.00, alloc 0.00, bootstrap 0.68, allgathers 0.11, topo 0.00, graphs 0.00, connections 0.00, rest 0.00)
ip-10-180-1-50:57:110 [0] NCCL INFO New proxy send connection 0 from local rank 0, transport 2
ip-10-180-1-50:57:112 [0] NCCL INFO [Proxy Progress] Device 0 CPU core 3
ip-10-180-1-50:57:57 [0] NCCL INFO Connected to proxy localRank 0 -> connection 0x7be358004f70
ip-10-180-1-50:57:110 [0] NCCL INFO Could not get speed from /sys/class/net/ens5/speed. Defaulting to 10 Gbps.
ip-10-180-1-50:57:57 [0] NCCL INFO Channel 01/1 : 0[0] -> 1[0] [send] via NET/Socket/0/Shared
ip-10-180-1-50:57:110 [0] NCCL INFO New proxy recv connection 1 from local rank 0, transport 2
ip-10-180-1-50:57:57 [0] NCCL INFO Connected to proxy localRank 0 -> connection 0x7be358004ff8
ip-10-180-1-50:57:110 [0] NCCL INFO Could not get speed from /sys/class/net/ens5/speed. Defaulting to 10 Gbps.
ip-10-180-1-50:57:110 [0] NCCL INFO NET/Socket: Using 2 threads and 8 sockets per thread
ip-10-180-1-50:57:57 [0] NCCL INFO Channel 01/1 : 1[0] -> 0[0] [receive] via NET/Socket/0/Shared
ip-10-180-1-50:57:57 [0] NCCL INFO Initialized NET plugin Socket
ip-10-180-1-50:57:57 [0] NCCL INFO Could not get speed from /sys/class/net/ens5/speed. Defaulting to 10 Gbps.
ip-10-180-1-50:57:57 [0] NCCL INFO Assigned NET plugin Socket to comm
ip-10-180-1-50:57:57 [0] NCCL INFO Failed to initialize any GIN plugin
ip-10-180-1-50:57:57 [0] NCCL INFO Using network Socket
ip-10-180-1-50:57:57 [0] NCCL INFO [Rank 0] ncclCommInitRankConfig comm 0x5e73420dfb00 rank 0 nranks 2 cudaDev 0 nvmlDev 0 busId 1e0 commId 0x5c4753c699fbfe29 - Init START
ip-10-180-1-50:57:57 [0] NCCL INFO Topology detection : could not read /sys/devices/pci0000:00/0000:00:1e.0/../max_link_speed, ignoring
ip-10-180-1-50:57:57 [0] NCCL INFO Topology detection : could not read /sys/devices/pci0000:00/0000:00:1e.0/../max_link_width, ignoring
ip-10-180-1-50:57:57 [0] NCCL INFO Topology detection : could not read /sys/devices/system/node/node-1/cpumap, ignoring
ip-10-180-1-50:57:57 [0] NCCL INFO TOPO/NET : Importing network plugins to topology
ip-10-180-1-50:57:57 [0] NCCL INFO Could not get speed from /sys/class/net/ens5/speed. Defaulting to 10 Gbps.
ip-10-180-1-50:57:57 [0] NCCL INFO Topology detection : could not read /sys/devices/pci0000:00/0000:00:05.0/../max_link_speed, ignoring
ip-10-180-1-50:57:57 [0] NCCL INFO Topology detection : could not read /sys/devices/pci0000:00/0000:00:05.0/../max_link_width, ignoring
ip-10-180-1-50:57:57 [0] NCCL INFO Topology detection : could not read /sys/devices/system/node/node-1/cpumap, ignoring
ip-10-180-1-50:57:57 [0] NCCL INFO NET/Socket : GPU Direct RDMA Disabled for HCA 0 'ens5'
ip-10-180-1-50:57:57 [0] NCCL INFO ncclTopoPopulateNics : Filled ens5 in topo with pciPath=/sys/devices/pci0000:00/0000:00:05.0 net=1 gin=(null) keep=1 coll=(null)
ip-10-180-1-50:57:57 [0] NCCL INFO KV Convert to int : could not find value of 'Unknown' in dictionary, falling back to 60
ip-10-180-1-50:57:57 [0] NCCL INFO === System : maxBw 1.2 totalBw 24.0 ===
ip-10-180-1-50:57:57 [0] NCCL INFO CPU/0-ffffffffffffff (1/2/-1)
ip-10-180-1-50:57:57 [0] NCCL INFO + PCI[24.0] - GPU/0-1e0 (0)
ip-10-180-1-50:57:57 [0] NCCL INFO + PCI[12.0] - NIC/0-50
ip-10-180-1-50:57:57 [0] NCCL INFO               + NET[1.2] - NET/0-0 (0/0/0/1.250000)
ip-10-180-1-50:57:57 [0] NCCL INFO ==========================================
ip-10-180-1-50:57:57 [0] NCCL INFO GPU/0-1e0 :GPU/0-1e0 (0/5000.0/LOC) CPU/0-ffffffffffffff (1/24.0/PHB) NET/0-0 (3/1.2/PHB) 
ip-10-180-1-50:57:57 [0] NCCL INFO NET/0-0 :GPU/0-1e0 (3/1.2/PHB) CPU/0-ffffffffffffff (2/1.2/PHB) NET/0-0 (0/5000.0/LOC) 
ip-10-180-1-50:57:57 [0] NCCL INFO ncclTopoGetCpuAffinity: Affinity for GPU 0 is empty, ignoring. (GPU affinity =  ; CPU affinity = 0-3).
ip-10-180-1-50:57:57 [0] NCCL INFO Pattern 4, crossNic 0, nChannels 1, bw 1.200000/1.200000, type LOC/PHB, sameChannels 1
ip-10-180-1-50:57:57 [0] NCCL INFO  0 : NET/0-0 GPU/0-1e0 NET/0-0
ip-10-180-1-50:57:57 [0] NCCL INFO Pattern 3, crossNic 0, nChannels 1, bw 2.400000/1.200000, type LOC/PHB, sameChannels 1
ip-10-180-1-50:57:57 [0] NCCL INFO  0 : NET/0-0 GPU/0-1e0 NET/0-0
ip-10-180-1-50:57:57 [0] NCCL INFO Could not get speed from /sys/class/net/ens5/speed. Defaulting to 10 Gbps.
ip-10-180-1-50:57:57 [0] NCCL INFO comm 0x5e73420dfb00 rank 0 nRanks 2 nNodes 2 localRanks 1 localRank 0 MNNVL 0
ip-10-180-1-50:57:57 [0] NCCL INFO Tree 0 : -1 -> 0 -> 1/-1/-1
ip-10-180-1-50:57:57 [0] NCCL INFO Tree 1 : 1 -> 0 -> -1/-1/-1
ip-10-180-1-50:57:57 [0] NCCL INFO Channel 00/02 : 0 1
ip-10-180-1-50:57:57 [0] NCCL INFO Channel 01/02 : 0 1
ip-10-180-1-50:57:57 [0] NCCL INFO Ring 00 : 1 -> 0 -> 1
ip-10-180-1-50:57:57 [0] NCCL INFO Ring 01 : 1 -> 0 -> 1
ip-10-180-1-50:57:57 [0] NCCL INFO Trees [0] 1/-1/-1->0->-1 [1] -1/-1/-1->0->1
ip-10-180-1-50:57:57 [0] NCCL INFO P2P Chunksize set to 131072
ip-10-180-1-50:57:57 [0] NCCL INFO Check P2P Type isAllDirectP2p 1 directMode 0 isAllCudaP2p 1
ip-10-180-1-50:57:57 [0] NCCL INFO ncclP2pSchedule: group size used is 1
ip-10-180-1-50:57:118 [0] NCCL INFO [Proxy Service] Device 0 CPU core 1
ip-10-180-1-50:57:119 [0] NCCL INFO [Proxy Service UDS] Device 0 CPU core 0
ip-10-180-1-50:57:57 [0] NCCL INFO threadThresholds 8/8/64 | 16/8/64 | 512 | 512
ip-10-180-1-50:57:57 [0] NCCL INFO 2 coll channels, 2 collnet channels, 0 nvls channels, 2 p2p channels, 1 p2p channels per peer
ip-10-180-1-50:57:57 [0] NCCL INFO Symmetric VA size=24GB
ip-10-180-1-50:57:57 [0] NCCL INFO Symmetric memory is not supported. cuMemEnable 1, globalGinSupport 0, globalNicFused 0 cuMemGdrSupport 1
ip-10-180-1-50:57:57 [0] NCCL INFO CC Off, workFifoBytes 1048576
ip-10-180-1-50:57:57 [0] NCCL INFO ncclCommInitRankConfig comm 0x5e73420dfb00 rank 0 nranks 2 cudaDev 0 nvmlDev 0 busId 1e0 commId 0x5c4753c699fbfe29 - Init COMPLETE
ip-10-180-1-50:57:57 [0] NCCL INFO Init timings - ncclCommInitRankConfig: rank 0 nranks 2 total 0.96 (kernels 0.00, alloc 0.00, bootstrap 0.79, allgathers 0.17, topo 0.00, graphs 0.00, connections 0.00, rest 0.00)
ip-10-180-1-50:57:118 [0] NCCL INFO New proxy send connection 0 from local rank 0, transport 2
ip-10-180-1-50:57:120 [0] NCCL INFO [Proxy Progress] Device 0 CPU core 2
ip-10-180-1-50:57:57 [0] NCCL INFO Connected to proxy localRank 0 -> connection 0x7be340004f70
ip-10-180-1-50:57:118 [0] NCCL INFO Could not get speed from /sys/class/net/ens5/speed. Defaulting to 10 Gbps.
ip-10-180-1-50:57:57 [0] NCCL INFO Channel 01/1 : 0[0] -> 1[0] [send] via NET/Socket/0/Shared
ip-10-180-1-50:57:118 [0] NCCL INFO New proxy recv connection 1 from local rank 0, transport 2
ip-10-180-1-50:57:57 [0] NCCL INFO Connected to proxy localRank 0 -> connection 0x7be340004ff8
ip-10-180-1-50:57:118 [0] NCCL INFO Could not get speed from /sys/class/net/ens5/speed. Defaulting to 10 Gbps.
ip-10-180-1-50:57:118 [0] NCCL INFO NET/Socket: Using 2 threads and 8 sockets per thread
ip-10-180-1-50:57:57 [0] NCCL INFO Channel 01/1 : 1[0] -> 0[0] [receive] via NET/Socket/0/Shared
ip-10-180-1-50:57:57 [0] NCCL INFO Initialized NET plugin Socket
ip-10-180-1-50:57:57 [0] NCCL INFO Could not get speed from /sys/class/net/ens5/speed. Defaulting to 10 Gbps.
ip-10-180-1-50:57:57 [0] NCCL INFO Assigned NET plugin Socket to comm
ip-10-180-1-50:57:57 [0] NCCL INFO Failed to initialize any GIN plugin
ip-10-180-1-50:57:57 [0] NCCL INFO Using network Socket
ip-10-180-1-50:57:57 [0] NCCL INFO [Rank 0] ncclCommInitRankConfig comm 0x5e7341dd78e0 rank 0 nranks 2 cudaDev 0 nvmlDev 0 busId 1e0 commId 0xb246e16bb82c889d - Init START
ip-10-180-1-50:57:57 [0] NCCL INFO Topology detection : could not read /sys/devices/pci0000:00/0000:00:1e.0/../max_link_speed, ignoring
ip-10-180-1-50:57:57 [0] NCCL INFO Topology detection : could not read /sys/devices/pci0000:00/0000:00:1e.0/../max_link_width, ignoring
ip-10-180-1-50:57:57 [0] NCCL INFO Topology detection : could not read /sys/devices/system/node/node-1/cpumap, ignoring
ip-10-180-1-50:57:57 [0] NCCL INFO TOPO/NET : Importing network plugins to topology
ip-10-180-1-50:57:57 [0] NCCL INFO Could not get speed from /sys/class/net/ens5/speed. Defaulting to 10 Gbps.
ip-10-180-1-50:57:57 [0] NCCL INFO Topology detection : could not read /sys/devices/pci0000:00/0000:00:05.0/../max_link_speed, ignoring
ip-10-180-1-50:57:57 [0] NCCL INFO Topology detection : could not read /sys/devices/pci0000:00/0000:00:05.0/../max_link_width, ignoring
ip-10-180-1-50:57:57 [0] NCCL INFO Topology detection : could not read /sys/devices/system/node/node-1/cpumap, ignoring
ip-10-180-1-50:57:57 [0] NCCL INFO NET/Socket : GPU Direct RDMA Disabled for HCA 0 'ens5'
ip-10-180-1-50:57:57 [0] NCCL INFO ncclTopoPopulateNics : Filled ens5 in topo with pciPath=/sys/devices/pci0000:00/0000:00:05.0 net=1 gin=(null) keep=1 coll=(null)
ip-10-180-1-50:57:57 [0] NCCL INFO KV Convert to int : could not find value of 'Unknown' in dictionary, falling back to 60
ip-10-180-1-50:57:57 [0] NCCL INFO === System : maxBw 1.2 totalBw 24.0 ===
ip-10-180-1-50:57:57 [0] NCCL INFO CPU/0-ffffffffffffff (1/2/-1)
ip-10-180-1-50:57:57 [0] NCCL INFO + PCI[24.0] - GPU/0-1e0 (0)
ip-10-180-1-50:57:57 [0] NCCL INFO + PCI[12.0] - NIC/0-50
ip-10-180-1-50:57:57 [0] NCCL INFO               + NET[1.2] - NET/0-0 (0/0/0/1.250000)
ip-10-180-1-50:57:57 [0] NCCL INFO ==========================================
ip-10-180-1-50:57:57 [0] NCCL INFO GPU/0-1e0 :GPU/0-1e0 (0/5000.0/LOC) CPU/0-ffffffffffffff (1/24.0/PHB) NET/0-0 (3/1.2/PHB) 
ip-10-180-1-50:57:57 [0] NCCL INFO NET/0-0 :GPU/0-1e0 (3/1.2/PHB) CPU/0-ffffffffffffff (2/1.2/PHB) NET/0-0 (0/5000.0/LOC) 
ip-10-180-1-50:57:57 [0] NCCL INFO ncclTopoGetCpuAffinity: Affinity for GPU 0 is empty, ignoring. (GPU affinity =  ; CPU affinity = 0-3).
ip-10-180-1-50:57:57 [0] NCCL INFO Pattern 4, crossNic 0, nChannels 1, bw 1.200000/1.200000, type LOC/PHB, sameChannels 1
ip-10-180-1-50:57:57 [0] NCCL INFO  0 : NET/0-0 GPU/0-1e0 NET/0-0
ip-10-180-1-50:57:57 [0] NCCL INFO Pattern 3, crossNic 0, nChannels 1, bw 2.400000/1.200000, type LOC/PHB, sameChannels 1
ip-10-180-1-50:57:57 [0] NCCL INFO  0 : NET/0-0 GPU/0-1e0 NET/0-0
ip-10-180-1-50:57:57 [0] NCCL INFO Could not get speed from /sys/class/net/ens5/speed. Defaulting to 10 Gbps.
ip-10-180-1-50:57:57 [0] NCCL INFO comm 0x5e7341dd78e0 rank 0 nRanks 2 nNodes 2 localRanks 1 localRank 0 MNNVL 0
ip-10-180-1-50:57:57 [0] NCCL INFO Tree 0 : -1 -> 0 -> 1/-1/-1
ip-10-180-1-50:57:57 [0] NCCL INFO Tree 1 : 1 -> 0 -> -1/-1/-1
ip-10-180-1-50:57:57 [0] NCCL INFO Channel 00/02 : 0 1
ip-10-180-1-50:57:57 [0] NCCL INFO Channel 01/02 : 0 1
ip-10-180-1-50:57:57 [0] NCCL INFO Ring 00 : 1 -> 0 -> 1
ip-10-180-1-50:57:57 [0] NCCL INFO Ring 01 : 1 -> 0 -> 1
ip-10-180-1-50:57:57 [0] NCCL INFO Trees [0] 1/-1/-1->0->-1 [1] -1/-1/-1->0->1
ip-10-180-1-50:57:57 [0] NCCL INFO P2P Chunksize set to 131072
ip-10-180-1-50:57:57 [0] NCCL INFO Check P2P Type isAllDirectP2p 1 directMode 0 isAllCudaP2p 1
ip-10-180-1-50:57:57 [0] NCCL INFO ncclP2pSchedule: group size used is 1
ip-10-180-1-50:57:127 [0] NCCL INFO [Proxy Service UDS] Device 0 CPU core 1
ip-10-180-1-50:57:126 [0] NCCL INFO [Proxy Service] Device 0 CPU core 1
ip-10-180-1-50:57:57 [0] NCCL INFO threadThresholds 8/8/64 | 16/8/64 | 512 | 512
ip-10-180-1-50:57:57 [0] NCCL INFO 2 coll channels, 2 collnet channels, 0 nvls channels, 2 p2p channels, 1 p2p channels per peer
ip-10-180-1-50:57:57 [0] NCCL INFO Symmetric VA size=24GB
ip-10-180-1-50:57:57 [0] NCCL INFO Symmetric memory is not supported. cuMemEnable 1, globalGinSupport 0, globalNicFused 0 cuMemGdrSupport 1
ip-10-180-1-50:57:57 [0] NCCL INFO CC Off, workFifoBytes 1048576
ip-10-180-1-50:57:57 [0] NCCL INFO ncclCommInitRankConfig comm 0x5e7341dd78e0 rank 0 nranks 2 cudaDev 0 nvmlDev 0 busId 1e0 commId 0xb246e16bb82c889d - Init COMPLETE
ip-10-180-1-50:57:57 [0] NCCL INFO Init timings - ncclCommInitRankConfig: rank 0 nranks 2 total 1.13 (kernels 0.00, alloc 0.00, bootstrap 0.95, allgathers 0.18, topo 0.00, graphs 0.00, connections 0.00, rest 0.00)
ip-10-180-1-50:57:126 [0] NCCL INFO New proxy send connection 0 from local rank 0, transport 2
ip-10-180-1-50:57:128 [0] NCCL INFO [Proxy Progress] Device 0 CPU core 2
ip-10-180-1-50:57:57 [0] NCCL INFO Connected to proxy localRank 0 -> connection 0x7be324004f70
ip-10-180-1-50:57:126 [0] NCCL INFO Could not get speed from /sys/class/net/ens5/speed. Defaulting to 10 Gbps.
ip-10-180-1-50:57:57 [0] NCCL INFO Channel 01/1 : 0[0] -> 1[0] [send] via NET/Socket/0/Shared
ip-10-180-1-50:57:126 [0] NCCL INFO New proxy recv connection 1 from local rank 0, transport 2
ip-10-180-1-50:57:57 [0] NCCL INFO Connected to proxy localRank 0 -> connection 0x7be324004ff8
ip-10-180-1-50:57:126 [0] NCCL INFO Could not get speed from /sys/class/net/ens5/speed. Defaulting to 10 Gbps.
ip-10-180-1-50:57:126 [0] NCCL INFO NET/Socket: Using 2 threads and 8 sockets per thread
ip-10-180-1-50:57:57 [0] NCCL INFO Channel 01/1 : 1[0] -> 0[0] [receive] via NET/Socket/0/Shared
ip-10-180-1-50:57:57 [0] NCCL INFO Initialized NET plugin Socket
ip-10-180-1-50:57:57 [0] NCCL INFO Could not get speed from /sys/class/net/ens5/speed. Defaulting to 10 Gbps.
ip-10-180-1-50:57:57 [0] NCCL INFO Assigned NET plugin Socket to comm
ip-10-180-1-50:57:57 [0] NCCL INFO Failed to initialize any GIN plugin
ip-10-180-1-50:57:57 [0] NCCL INFO Using network Socket
ip-10-180-1-50:57:57 [0] NCCL INFO [Rank 0] ncclCommInitRankConfig comm 0x5e7342660580 rank 0 nranks 2 cudaDev 0 nvmlDev 0 busId 1e0 commId 0x383b16a6e003bf19 - Init START
ip-10-180-1-50:57:57 [0] NCCL INFO Topology detection : could not read /sys/devices/pci0000:00/0000:00:1e.0/../max_link_speed, ignoring
ip-10-180-1-50:57:57 [0] NCCL INFO Topology detection : could not read /sys/devices/pci0000:00/0000:00:1e.0/../max_link_width, ignoring
ip-10-180-1-50:57:57 [0] NCCL INFO Topology detection : could not read /sys/devices/system/node/node-1/cpumap, ignoring
ip-10-180-1-50:57:57 [0] NCCL INFO TOPO/NET : Importing network plugins to topology
ip-10-180-1-50:57:57 [0] NCCL INFO Could not get speed from /sys/class/net/ens5/speed. Defaulting to 10 Gbps.
ip-10-180-1-50:57:57 [0] NCCL INFO Topology detection : could not read /sys/devices/pci0000:00/0000:00:05.0/../max_link_speed, ignoring
ip-10-180-1-50:57:57 [0] NCCL INFO Topology detection : could not read /sys/devices/pci0000:00/0000:00:05.0/../max_link_width, ignoring
ip-10-180-1-50:57:57 [0] NCCL INFO Topology detection : could not read /sys/devices/system/node/node-1/cpumap, ignoring
ip-10-180-1-50:57:57 [0] NCCL INFO NET/Socket : GPU Direct RDMA Disabled for HCA 0 'ens5'
ip-10-180-1-50:57:57 [0] NCCL INFO ncclTopoPopulateNics : Filled ens5 in topo with pciPath=/sys/devices/pci0000:00/0000:00:05.0 net=1 gin=(null) keep=1 coll=(null)
ip-10-180-1-50:57:57 [0] NCCL INFO KV Convert to int : could not find value of 'Unknown' in dictionary, falling back to 60
ip-10-180-1-50:57:57 [0] NCCL INFO === System : maxBw 1.2 totalBw 24.0 ===
ip-10-180-1-50:57:57 [0] NCCL INFO CPU/0-ffffffffffffff (1/2/-1)
ip-10-180-1-50:57:57 [0] NCCL INFO + PCI[24.0] - GPU/0-1e0 (0)
ip-10-180-1-50:57:57 [0] NCCL INFO + PCI[12.0] - NIC/0-50
ip-10-180-1-50:57:57 [0] NCCL INFO               + NET[1.2] - NET/0-0 (0/0/0/1.250000)
ip-10-180-1-50:57:57 [0] NCCL INFO ==========================================
ip-10-180-1-50:57:57 [0] NCCL INFO GPU/0-1e0 :GPU/0-1e0 (0/5000.0/LOC) CPU/0-ffffffffffffff (1/24.0/PHB) NET/0-0 (3/1.2/PHB) 
ip-10-180-1-50:57:57 [0] NCCL INFO NET/0-0 :GPU/0-1e0 (3/1.2/PHB) CPU/0-ffffffffffffff (2/1.2/PHB) NET/0-0 (0/5000.0/LOC) 
ip-10-180-1-50:57:57 [0] NCCL INFO ncclTopoGetCpuAffinity: Affinity for GPU 0 is empty, ignoring. (GPU affinity =  ; CPU affinity = 0-3).
ip-10-180-1-50:57:57 [0] NCCL INFO Pattern 4, crossNic 0, nChannels 1, bw 1.200000/1.200000, type LOC/PHB, sameChannels 1
ip-10-180-1-50:57:57 [0] NCCL INFO  0 : NET/0-0 GPU/0-1e0 NET/0-0
ip-10-180-1-50:57:57 [0] NCCL INFO Pattern 3, crossNic 0, nChannels 1, bw 2.400000/1.200000, type LOC/PHB, sameChannels 1
ip-10-180-1-50:57:57 [0] NCCL INFO  0 : NET/0-0 GPU/0-1e0 NET/0-0
ip-10-180-1-50:57:57 [0] NCCL INFO Could not get speed from /sys/class/net/ens5/speed. Defaulting to 10 Gbps.
ip-10-180-1-50:57:57 [0] NCCL INFO comm 0x5e7342660580 rank 0 nRanks 2 nNodes 2 localRanks 1 localRank 0 MNNVL 0
ip-10-180-1-50:57:57 [0] NCCL INFO Tree 0 : -1 -> 0 -> 1/-1/-1
ip-10-180-1-50:57:57 [0] NCCL INFO Tree 1 : 1 -> 0 -> -1/-1/-1
ip-10-180-1-50:57:57 [0] NCCL INFO Channel 00/02 : 0 1
ip-10-180-1-50:57:57 [0] NCCL INFO Channel 01/02 : 0 1
ip-10-180-1-50:57:57 [0] NCCL INFO Ring 00 : 1 -> 0 -> 1
ip-10-180-1-50:57:57 [0] NCCL INFO Ring 01 : 1 -> 0 -> 1
ip-10-180-1-50:57:57 [0] NCCL INFO Trees [0] 1/-1/-1->0->-1 [1] -1/-1/-1->0->1
ip-10-180-1-50:57:57 [0] NCCL INFO P2P Chunksize set to 131072
ip-10-180-1-50:57:57 [0] NCCL INFO Check P2P Type isAllDirectP2p 1 directMode 0 isAllCudaP2p 1
ip-10-180-1-50:57:134 [0] NCCL INFO [Proxy Service] Device 0 CPU core 3
ip-10-180-1-50:57:135 [0] NCCL INFO [Proxy Service UDS] Device 0 CPU core 2
ip-10-180-1-50:57:57 [0] NCCL INFO ncclP2pSchedule: group size used is 1
ip-10-180-1-50:57:57 [0] NCCL INFO threadThresholds 8/8/64 | 16/8/64 | 512 | 512
ip-10-180-1-50:57:57 [0] NCCL INFO 2 coll channels, 2 collnet channels, 0 nvls channels, 2 p2p channels, 1 p2p channels per peer
ip-10-180-1-50:57:57 [0] NCCL INFO Symmetric VA size=24GB
ip-10-180-1-50:57:57 [0] NCCL INFO Symmetric memory is not supported. cuMemEnable 1, globalGinSupport 0, globalNicFused 0 cuMemGdrSupport 1
ip-10-180-1-50:57:57 [0] NCCL INFO CC Off, workFifoBytes 1048576
ip-10-180-1-50:57:57 [0] NCCL INFO ncclCommInitRankConfig comm 0x5e7342660580 rank 0 nranks 2 cudaDev 0 nvmlDev 0 busId 1e0 commId 0x383b16a6e003bf19 - Init COMPLETE
ip-10-180-1-50:57:57 [0] NCCL INFO Init timings - ncclCommInitRankConfig: rank 0 nranks 2 total 0.26 (kernels 0.00, alloc 0.00, bootstrap 0.26, allgathers 0.00, topo 0.00, graphs 0.00, connections 0.00, rest 0.00)
ip-10-180-1-50:57:134 [0] NCCL INFO New proxy send connection 0 from local rank 0, transport 2
ip-10-180-1-50:57:136 [0] NCCL INFO [Proxy Progress] Device 0 CPU core 2
ip-10-180-1-50:57:57 [0] NCCL INFO Connected to proxy localRank 0 -> connection 0x7be338009560
ip-10-180-1-50:57:134 [0] NCCL INFO Could not get speed from /sys/class/net/ens5/speed. Defaulting to 10 Gbps.
ip-10-180-1-50:57:57 [0] NCCL INFO Channel 01/1 : 0[0] -> 1[0] [send] via NET/Socket/0/Shared
ip-10-180-1-50:57:134 [0] NCCL INFO New proxy recv connection 1 from local rank 0, transport 2
ip-10-180-1-50:57:57 [0] NCCL INFO Connected to proxy localRank 0 -> connection 0x7be3380095e8
ip-10-180-1-50:57:134 [0] NCCL INFO Could not get speed from /sys/class/net/ens5/speed. Defaulting to 10 Gbps.
ip-10-180-1-50:57:134 [0] NCCL INFO NET/Socket: Using 2 threads and 8 sockets per thread
ip-10-180-1-50:57:57 [0] NCCL INFO Channel 01/1 : 1[0] -> 0[0] [receive] via NET/Socket/0/Shared
ip-10-180-1-50:57:57 [0] NCCL INFO Initialized NET plugin Socket
ip-10-180-1-50:57:57 [0] NCCL INFO Could not get speed from /sys/class/net/ens5/speed. Defaulting to 10 Gbps.
ip-10-180-1-50:57:57 [0] NCCL INFO Assigned NET plugin Socket to comm
ip-10-180-1-50:57:57 [0] NCCL INFO Failed to initialize any GIN plugin
ip-10-180-1-50:57:57 [0] NCCL INFO Using network Socket
ip-10-180-1-50:57:57 [0] NCCL INFO [Rank 0] ncclCommInitRankConfig comm 0x5e7342785370 rank 0 nranks 2 cudaDev 0 nvmlDev 0 busId 1e0 commId 0xd7d517537a7de344 - Init START
ip-10-180-1-50:57:57 [0] NCCL INFO Topology detection : could not read /sys/devices/pci0000:00/0000:00:1e.0/../max_link_speed, ignoring
ip-10-180-1-50:57:57 [0] NCCL INFO Topology detection : could not read /sys/devices/pci0000:00/0000:00:1e.0/../max_link_width, ignoring
ip-10-180-1-50:57:57 [0] NCCL INFO Topology detection : could not read /sys/devices/system/node/node-1/cpumap, ignoring
ip-10-180-1-50:57:57 [0] NCCL INFO TOPO/NET : Importing network plugins to topology
ip-10-180-1-50:57:57 [0] NCCL INFO Could not get speed from /sys/class/net/ens5/speed. Defaulting to 10 Gbps.
ip-10-180-1-50:57:57 [0] NCCL INFO Topology detection : could not read /sys/devices/pci0000:00/0000:00:05.0/../max_link_speed, ignoring
ip-10-180-1-50:57:57 [0] NCCL INFO Topology detection : could not read /sys/devices/pci0000:00/0000:00:05.0/../max_link_width, ignoring
ip-10-180-1-50:57:57 [0] NCCL INFO Topology detection : could not read /sys/devices/system/node/node-1/cpumap, ignoring
ip-10-180-1-50:57:57 [0] NCCL INFO NET/Socket : GPU Direct RDMA Disabled for HCA 0 'ens5'
ip-10-180-1-50:57:57 [0] NCCL INFO ncclTopoPopulateNics : Filled ens5 in topo with pciPath=/sys/devices/pci0000:00/0000:00:05.0 net=1 gin=(null) keep=1 coll=(null)
ip-10-180-1-50:57:57 [0] NCCL INFO KV Convert to int : could not find value of 'Unknown' in dictionary, falling back to 60
ip-10-180-1-50:57:57 [0] NCCL INFO === System : maxBw 1.2 totalBw 24.0 ===
ip-10-180-1-50:57:57 [0] NCCL INFO CPU/0-ffffffffffffff (1/2/-1)
ip-10-180-1-50:57:57 [0] NCCL INFO + PCI[24.0] - GPU/0-1e0 (0)
ip-10-180-1-50:57:57 [0] NCCL INFO + PCI[12.0] - NIC/0-50
ip-10-180-1-50:57:57 [0] NCCL INFO               + NET[1.2] - NET/0-0 (0/0/0/1.250000)
ip-10-180-1-50:57:57 [0] NCCL INFO ==========================================
ip-10-180-1-50:57:57 [0] NCCL INFO GPU/0-1e0 :GPU/0-1e0 (0/5000.0/LOC) CPU/0-ffffffffffffff (1/24.0/PHB) NET/0-0 (3/1.2/PHB) 
ip-10-180-1-50:57:57 [0] NCCL INFO NET/0-0 :GPU/0-1e0 (3/1.2/PHB) CPU/0-ffffffffffffff (2/1.2/PHB) NET/0-0 (0/5000.0/LOC) 
ip-10-180-1-50:57:57 [0] NCCL INFO ncclTopoGetCpuAffinity: Affinity for GPU 0 is empty, ignoring. (GPU affinity =  ; CPU affinity = 0-3).
ip-10-180-1-50:57:57 [0] NCCL INFO Pattern 4, crossNic 0, nChannels 1, bw 1.200000/1.200000, type LOC/PHB, sameChannels 1
ip-10-180-1-50:57:57 [0] NCCL INFO  0 : NET/0-0 GPU/0-1e0 NET/0-0
ip-10-180-1-50:57:57 [0] NCCL INFO Pattern 3, crossNic 0, nChannels 1, bw 2.400000/1.200000, type LOC/PHB, sameChannels 1
ip-10-180-1-50:57:57 [0] NCCL INFO  0 : NET/0-0 GPU/0-1e0 NET/0-0
ip-10-180-1-50:57:57 [0] NCCL INFO Could not get speed from /sys/class/net/ens5/speed. Defaulting to 10 Gbps.
ip-10-180-1-50:57:57 [0] NCCL INFO comm 0x5e7342785370 rank 0 nRanks 2 nNodes 2 localRanks 1 localRank 0 MNNVL 0
ip-10-180-1-50:57:57 [0] NCCL INFO Tree 0 : -1 -> 0 -> 1/-1/-1
ip-10-180-1-50:57:57 [0] NCCL INFO Tree 1 : 1 -> 0 -> -1/-1/-1
ip-10-180-1-50:57:57 [0] NCCL INFO Channel 00/02 : 0 1
ip-10-180-1-50:57:57 [0] NCCL INFO Channel 01/02 : 0 1
ip-10-180-1-50:57:57 [0] NCCL INFO Ring 00 : 1 -> 0 -> 1
ip-10-180-1-50:57:57 [0] NCCL INFO Ring 01 : 1 -> 0 -> 1
ip-10-180-1-50:57:57 [0] NCCL INFO Trees [0] 1/-1/-1->0->-1 [1] -1/-1/-1->0->1
ip-10-180-1-50:57:57 [0] NCCL INFO P2P Chunksize set to 131072
ip-10-180-1-50:57:57 [0] NCCL INFO Check P2P Type isAllDirectP2p 1 directMode 0 isAllCudaP2p 1
ip-10-180-1-50:57:142 [0] NCCL INFO [Proxy Service] Device 0 CPU core 3
ip-10-180-1-50:57:57 [0] NCCL INFO ncclP2pSchedule: group size used is 1
ip-10-180-1-50:57:143 [0] NCCL INFO [Proxy Service UDS] Device 0 CPU core 3
ip-10-180-1-50:57:57 [0] NCCL INFO threadThresholds 8/8/64 | 16/8/64 | 512 | 512
ip-10-180-1-50:57:57 [0] NCCL INFO 2 coll channels, 2 collnet channels, 0 nvls channels, 2 p2p channels, 1 p2p channels per peer
ip-10-180-1-50:57:57 [0] NCCL INFO Symmetric VA size=24GB
ip-10-180-1-50:57:57 [0] NCCL INFO Symmetric memory is not supported. cuMemEnable 1, globalGinSupport 0, globalNicFused 0 cuMemGdrSupport 1
ip-10-180-1-50:57:57 [0] NCCL INFO CC Off, workFifoBytes 1048576
ip-10-180-1-50:57:57 [0] NCCL INFO ncclCommInitRankConfig comm 0x5e7342785370 rank 0 nranks 2 cudaDev 0 nvmlDev 0 busId 1e0 commId 0xd7d517537a7de344 - Init COMPLETE
ip-10-180-1-50:57:57 [0] NCCL INFO Init timings - ncclCommInitRankConfig: rank 0 nranks 2 total 1.46 (kernels 0.00, alloc 0.00, bootstrap 1.23, allgathers 0.23, topo 0.00, graphs 0.00, connections 0.00, rest 0.00)
ip-10-180-1-50:57:142 [0] NCCL INFO New proxy send connection 0 from local rank 0, transport 2
ip-10-180-1-50:57:144 [0] NCCL INFO [Proxy Progress] Device 0 CPU core 1
ip-10-180-1-50:57:57 [0] NCCL INFO Connected to proxy localRank 0 -> connection 0x7be358021110
ip-10-180-1-50:57:142 [0] NCCL INFO Could not get speed from /sys/class/net/ens5/speed. Defaulting to 10 Gbps.
ip-10-180-1-50:57:57 [0] NCCL INFO Channel 01/1 : 0[0] -> 1[0] [send] via NET/Socket/0/Shared
ip-10-180-1-50:57:142 [0] NCCL INFO New proxy recv connection 1 from local rank 0, transport 2
ip-10-180-1-50:57:57 [0] NCCL INFO Connected to proxy localRank 0 -> connection 0x7be358021198
ip-10-180-1-50:57:142 [0] NCCL INFO Could not get speed from /sys/class/net/ens5/speed. Defaulting to 10 Gbps.
ip-10-180-1-50:57:142 [0] NCCL INFO NET/Socket: Using 2 threads and 8 sockets per thread
ip-10-180-1-50:57:57 [0] NCCL INFO Channel 01/1 : 1[0] -> 0[0] [receive] via NET/Socket/0/Shared
ip-10-180-1-50:57:57 [0] NCCL INFO Initialized NET plugin Socket
ip-10-180-1-50:57:57 [0] NCCL INFO Could not get speed from /sys/class/net/ens5/speed. Defaulting to 10 Gbps.
ip-10-180-1-50:57:57 [0] NCCL INFO Assigned NET plugin Socket to comm
ip-10-180-1-50:57:57 [0] NCCL INFO Failed to initialize any GIN plugin
ip-10-180-1-50:57:57 [0] NCCL INFO Using network Socket
ip-10-180-1-50:57:57 [0] NCCL INFO [Rank 0] ncclCommInitRankConfig comm 0x5e7346e83f80 rank 0 nranks 2 cudaDev 0 nvmlDev 0 busId 1e0 commId 0x6a3a048aae119bf - Init START
ip-10-180-1-50:57:57 [0] NCCL INFO Topology detection : could not read /sys/devices/pci0000:00/0000:00:1e.0/../max_link_speed, ignoring
ip-10-180-1-50:57:57 [0] NCCL INFO Topology detection : could not read /sys/devices/pci0000:00/0000:00:1e.0/../max_link_width, ignoring
ip-10-180-1-50:57:57 [0] NCCL INFO Topology detection : could not read /sys/devices/system/node/node-1/cpumap, ignoring
ip-10-180-1-50:57:57 [0] NCCL INFO TOPO/NET : Importing network plugins to topology
ip-10-180-1-50:57:57 [0] NCCL INFO Could not get speed from /sys/class/net/ens5/speed. Defaulting to 10 Gbps.
ip-10-180-1-50:57:57 [0] NCCL INFO Topology detection : could not read /sys/devices/pci0000:00/0000:00:05.0/../max_link_speed, ignoring
ip-10-180-1-50:57:57 [0] NCCL INFO Topology detection : could not read /sys/devices/pci0000:00/0000:00:05.0/../max_link_width, ignoring
ip-10-180-1-50:57:57 [0] NCCL INFO Topology detection : could not read /sys/devices/system/node/node-1/cpumap, ignoring
ip-10-180-1-50:57:57 [0] NCCL INFO NET/Socket : GPU Direct RDMA Disabled for HCA 0 'ens5'
ip-10-180-1-50:57:57 [0] NCCL INFO ncclTopoPopulateNics : Filled ens5 in topo with pciPath=/sys/devices/pci0000:00/0000:00:05.0 net=1 gin=(null) keep=1 coll=(null)
ip-10-180-1-50:57:57 [0] NCCL INFO KV Convert to int : could not find value of 'Unknown' in dictionary, falling back to 60
ip-10-180-1-50:57:57 [0] NCCL INFO === System : maxBw 1.2 totalBw 24.0 ===
ip-10-180-1-50:57:57 [0] NCCL INFO CPU/0-ffffffffffffff (1/2/-1)
ip-10-180-1-50:57:57 [0] NCCL INFO + PCI[24.0] - GPU/0-1e0 (0)
ip-10-180-1-50:57:57 [0] NCCL INFO + PCI[12.0] - NIC/0-50
ip-10-180-1-50:57:57 [0] NCCL INFO               + NET[1.2] - NET/0-0 (0/0/0/1.250000)
ip-10-180-1-50:57:57 [0] NCCL INFO ==========================================
ip-10-180-1-50:57:57 [0] NCCL INFO GPU/0-1e0 :GPU/0-1e0 (0/5000.0/LOC) CPU/0-ffffffffffffff (1/24.0/PHB) NET/0-0 (3/1.2/PHB) 
ip-10-180-1-50:57:57 [0] NCCL INFO NET/0-0 :GPU/0-1e0 (3/1.2/PHB) CPU/0-ffffffffffffff (2/1.2/PHB) NET/0-0 (0/5000.0/LOC) 
ip-10-180-1-50:57:57 [0] NCCL INFO ncclTopoGetCpuAffinity: Affinity for GPU 0 is empty, ignoring. (GPU affinity =  ; CPU affinity = 0-3).
ip-10-180-1-50:57:57 [0] NCCL INFO Pattern 4, crossNic 0, nChannels 1, bw 1.200000/1.200000, type LOC/PHB, sameChannels 1
ip-10-180-1-50:57:57 [0] NCCL INFO  0 : NET/0-0 GPU/0-1e0 NET/0-0
ip-10-180-1-50:57:57 [0] NCCL INFO Pattern 3, crossNic 0, nChannels 1, bw 2.400000/1.200000, type LOC/PHB, sameChannels 1
ip-10-180-1-50:57:57 [0] NCCL INFO  0 : NET/0-0 GPU/0-1e0 NET/0-0
ip-10-180-1-50:57:57 [0] NCCL INFO Could not get speed from /sys/class/net/ens5/speed. Defaulting to 10 Gbps.
ip-10-180-1-50:57:57 [0] NCCL INFO comm 0x5e7346e83f80 rank 0 nRanks 2 nNodes 2 localRanks 1 localRank 0 MNNVL 0
ip-10-180-1-50:57:57 [0] NCCL INFO Tree 0 : -1 -> 0 -> 1/-1/-1
ip-10-180-1-50:57:57 [0] NCCL INFO Tree 1 : 1 -> 0 -> -1/-1/-1
ip-10-180-1-50:57:57 [0] NCCL INFO Channel 00/02 : 0 1
ip-10-180-1-50:57:57 [0] NCCL INFO Channel 01/02 : 0 1
ip-10-180-1-50:57:57 [0] NCCL INFO Ring 00 : 1 -> 0 -> 1
ip-10-180-1-50:57:57 [0] NCCL INFO Ring 01 : 1 -> 0 -> 1
ip-10-180-1-50:57:57 [0] NCCL INFO Trees [0] 1/-1/-1->0->-1 [1] -1/-1/-1->0->1
ip-10-180-1-50:57:57 [0] NCCL INFO P2P Chunksize set to 131072
ip-10-180-1-50:57:57 [0] NCCL INFO Check P2P Type isAllDirectP2p 1 directMode 0 isAllCudaP2p 1
ip-10-180-1-50:57:150 [0] NCCL INFO [Proxy Service] Device 0 CPU core 2
ip-10-180-1-50:57:57 [0] NCCL INFO ncclP2pSchedule: group size used is 1
ip-10-180-1-50:57:151 [0] NCCL INFO [Proxy Service UDS] Device 0 CPU core 2
ip-10-180-1-50:57:57 [0] NCCL INFO threadThresholds 8/8/64 | 16/8/64 | 512 | 512
ip-10-180-1-50:57:57 [0] NCCL INFO 2 coll channels, 2 collnet channels, 0 nvls channels, 2 p2p channels, 1 p2p channels per peer
ip-10-180-1-50:57:57 [0] NCCL INFO Symmetric VA size=24GB
ip-10-180-1-50:57:57 [0] NCCL INFO Symmetric memory is not supported. cuMemEnable 1, globalGinSupport 0, globalNicFused 0 cuMemGdrSupport 1
ip-10-180-1-50:57:57 [0] NCCL INFO CC Off, workFifoBytes 1048576
ip-10-180-1-50:57:57 [0] NCCL INFO ncclCommInitRankConfig comm 0x5e7346e83f80 rank 0 nranks 2 cudaDev 0 nvmlDev 0 busId 1e0 commId 0x6a3a048aae119bf - Init COMPLETE
ip-10-180-1-50:57:57 [0] NCCL INFO Init timings - ncclCommInitRankConfig: rank 0 nranks 2 total 0.40 (kernels 0.00, alloc 0.00, bootstrap 0.37, allgathers 0.02, topo 0.00, graphs 0.00, connections 0.00, rest 0.00)
ip-10-180-1-50:57:150 [0] NCCL INFO New proxy send connection 0 from local rank 0, transport 2
ip-10-180-1-50:57:152 [0] NCCL INFO [Proxy Progress] Device 0 CPU core 0
ip-10-180-1-50:57:57 [0] NCCL INFO Connected to proxy localRank 0 -> connection 0x7be380016470
ip-10-180-1-50:57:150 [0] NCCL INFO Could not get speed from /sys/class/net/ens5/speed. Defaulting to 10 Gbps.
ip-10-180-1-50:57:57 [0] NCCL INFO Channel 01/1 : 0[0] -> 1[0] [send] via NET/Socket/0/Shared
ip-10-180-1-50:57:150 [0] NCCL INFO New proxy recv connection 1 from local rank 0, transport 2
ip-10-180-1-50:57:57 [0] NCCL INFO Connected to proxy localRank 0 -> connection 0x7be3800164f8
ip-10-180-1-50:57:150 [0] NCCL INFO Could not get speed from /sys/class/net/ens5/speed. Defaulting to 10 Gbps.
ip-10-180-1-50:57:150 [0] NCCL INFO NET/Socket: Using 2 threads and 8 sockets per thread
ip-10-180-1-50:57:57 [0] NCCL INFO Channel 01/1 : 1[0] -> 0[0] [receive] via NET/Socket/0/Shared
ip-10-180-1-50:57:57 [0] NCCL INFO Initialized NET plugin Socket
ip-10-180-1-50:57:57 [0] NCCL INFO Could not get speed from /sys/class/net/ens5/speed. Defaulting to 10 Gbps.
ip-10-180-1-50:57:57 [0] NCCL INFO Assigned NET plugin Socket to comm
ip-10-180-1-50:57:57 [0] NCCL INFO Failed to initialize any GIN plugin
ip-10-180-1-50:57:57 [0] NCCL INFO Using network Socket
ip-10-180-1-50:57:57 [0] NCCL INFO [Rank 0] ncclCommInitRankConfig comm 0x5e734706b1c0 rank 0 nranks 2 cudaDev 0 nvmlDev 0 busId 1e0 commId 0xfdaa40deabfda494 - Init START
ip-10-180-1-50:57:57 [0] NCCL INFO Topology detection : could not read /sys/devices/pci0000:00/0000:00:1e.0/../max_link_speed, ignoring
ip-10-180-1-50:57:57 [0] NCCL INFO Topology detection : could not read /sys/devices/pci0000:00/0000:00:1e.0/../max_link_width, ignoring
ip-10-180-1-50:57:57 [0] NCCL INFO Topology detection : could not read /sys/devices/system/node/node-1/cpumap, ignoring
ip-10-180-1-50:57:57 [0] NCCL INFO TOPO/NET : Importing network plugins to topology
ip-10-180-1-50:57:57 [0] NCCL INFO Could not get speed from /sys/class/net/ens5/speed. Defaulting to 10 Gbps.
ip-10-180-1-50:57:57 [0] NCCL INFO Topology detection : could not read /sys/devices/pci0000:00/0000:00:05.0/../max_link_speed, ignoring
ip-10-180-1-50:57:57 [0] NCCL INFO Topology detection : could not read /sys/devices/pci0000:00/0000:00:05.0/../max_link_width, ignoring
ip-10-180-1-50:57:57 [0] NCCL INFO Topology detection : could not read /sys/devices/system/node/node-1/cpumap, ignoring
ip-10-180-1-50:57:57 [0] NCCL INFO NET/Socket : GPU Direct RDMA Disabled for HCA 0 'ens5'
ip-10-180-1-50:57:57 [0] NCCL INFO ncclTopoPopulateNics : Filled ens5 in topo with pciPath=/sys/devices/pci0000:00/0000:00:05.0 net=1 gin=(null) keep=1 coll=(null)
ip-10-180-1-50:57:57 [0] NCCL INFO KV Convert to int : could not find value of 'Unknown' in dictionary, falling back to 60
ip-10-180-1-50:57:57 [0] NCCL INFO === System : maxBw 1.2 totalBw 24.0 ===
ip-10-180-1-50:57:57 [0] NCCL INFO CPU/0-ffffffffffffff (1/2/-1)
ip-10-180-1-50:57:57 [0] NCCL INFO + PCI[24.0] - GPU/0-1e0 (0)
ip-10-180-1-50:57:57 [0] NCCL INFO + PCI[12.0] - NIC/0-50
ip-10-180-1-50:57:57 [0] NCCL INFO               + NET[1.2] - NET/0-0 (0/0/0/1.250000)
ip-10-180-1-50:57:57 [0] NCCL INFO ==========================================
ip-10-180-1-50:57:57 [0] NCCL INFO GPU/0-1e0 :GPU/0-1e0 (0/5000.0/LOC) CPU/0-ffffffffffffff (1/24.0/PHB) NET/0-0 (3/1.2/PHB) 
ip-10-180-1-50:57:57 [0] NCCL INFO NET/0-0 :GPU/0-1e0 (3/1.2/PHB) CPU/0-ffffffffffffff (2/1.2/PHB) NET/0-0 (0/5000.0/LOC) 
ip-10-180-1-50:57:57 [0] NCCL INFO ncclTopoGetCpuAffinity: Affinity for GPU 0 is empty, ignoring. (GPU affinity =  ; CPU affinity = 0-3).
ip-10-180-1-50:57:57 [0] NCCL INFO Pattern 4, crossNic 0, nChannels 1, bw 1.200000/1.200000, type LOC/PHB, sameChannels 1
ip-10-180-1-50:57:57 [0] NCCL INFO  0 : NET/0-0 GPU/0-1e0 NET/0-0
ip-10-180-1-50:57:57 [0] NCCL INFO Pattern 3, crossNic 0, nChannels 1, bw 2.400000/1.200000, type LOC/PHB, sameChannels 1
ip-10-180-1-50:57:57 [0] NCCL INFO  0 : NET/0-0 GPU/0-1e0 NET/0-0
ip-10-180-1-50:57:57 [0] NCCL INFO Could not get speed from /sys/class/net/ens5/speed. Defaulting to 10 Gbps.
ip-10-180-1-50:57:57 [0] NCCL INFO comm 0x5e734706b1c0 rank 0 nRanks 2 nNodes 2 localRanks 1 localRank 0 MNNVL 0
ip-10-180-1-50:57:57 [0] NCCL INFO Tree 0 : -1 -> 0 -> 1/-1/-1
ip-10-180-1-50:57:57 [0] NCCL INFO Tree 1 : 1 -> 0 -> -1/-1/-1
ip-10-180-1-50:57:57 [0] NCCL INFO Channel 00/02 : 0 1
ip-10-180-1-50:57:57 [0] NCCL INFO Channel 01/02 : 0 1
ip-10-180-1-50:57:57 [0] NCCL INFO Ring 00 : 1 -> 0 -> 1
ip-10-180-1-50:57:57 [0] NCCL INFO Ring 01 : 1 -> 0 -> 1
ip-10-180-1-50:57:57 [0] NCCL INFO Trees [0] 1/-1/-1->0->-1 [1] -1/-1/-1->0->1
ip-10-180-1-50:57:57 [0] NCCL INFO P2P Chunksize set to 131072
ip-10-180-1-50:57:57 [0] NCCL INFO Check P2P Type isAllDirectP2p 1 directMode 0 isAllCudaP2p 1
ip-10-180-1-50:57:57 [0] NCCL INFO ncclP2pSchedule: group size used is 1
ip-10-180-1-50:57:158 [0] NCCL INFO [Proxy Service] Device 0 CPU core 0
ip-10-180-1-50:57:159 [0] NCCL INFO [Proxy Service UDS] Device 0 CPU core 2
ip-10-180-1-50:57:57 [0] NCCL INFO threadThresholds 8/8/64 | 16/8/64 | 512 | 512
ip-10-180-1-50:57:57 [0] NCCL INFO 2 coll channels, 2 collnet channels, 0 nvls channels, 2 p2p channels, 1 p2p channels per peer
ip-10-180-1-50:57:57 [0] NCCL INFO Symmetric VA size=24GB
ip-10-180-1-50:57:57 [0] NCCL INFO Symmetric memory is not supported. cuMemEnable 1, globalGinSupport 0, globalNicFused 0 cuMemGdrSupport 1
ip-10-180-1-50:57:57 [0] NCCL INFO CC Off, workFifoBytes 1048576
ip-10-180-1-50:57:57 [0] NCCL INFO ncclCommInitRankConfig comm 0x5e734706b1c0 rank 0 nranks 2 cudaDev 0 nvmlDev 0 busId 1e0 commId 0xfdaa40deabfda494 - Init COMPLETE
ip-10-180-1-50:57:57 [0] NCCL INFO Init timings - ncclCommInitRankConfig: rank 0 nranks 2 total 1.42 (kernels 0.00, alloc 0.00, bootstrap 1.20, allgathers 0.22, topo 0.00, graphs 0.00, connections 0.00, rest 0.00)
ip-10-180-1-50:57:158 [0] NCCL INFO New proxy send connection 0 from local rank 0, transport 2
ip-10-180-1-50:57:160 [0] NCCL INFO [Proxy Progress] Device 0 CPU core 2
ip-10-180-1-50:57:57 [0] NCCL INFO Connected to proxy localRank 0 -> connection 0x7be3a0009560
ip-10-180-1-50:57:158 [0] NCCL INFO Could not get speed from /sys/class/net/ens5/speed. Defaulting to 10 Gbps.
ip-10-180-1-50:57:57 [0] NCCL INFO Channel 01/1 : 0[0] -> 1[0] [send] via NET/Socket/0/Shared
ip-10-180-1-50:57:158 [0] NCCL INFO New proxy recv connection 1 from local rank 0, transport 2
ip-10-180-1-50:57:57 [0] NCCL INFO Connected to proxy localRank 0 -> connection 0x7be3a00095e8
ip-10-180-1-50:57:158 [0] NCCL INFO Could not get speed from /sys/class/net/ens5/speed. Defaulting to 10 Gbps.
ip-10-180-1-50:57:158 [0] NCCL INFO NET/Socket: Using 2 threads and 8 sockets per thread
ip-10-180-1-50:57:57 [0] NCCL INFO Channel 01/1 : 1[0] -> 0[0] [receive] via NET/Socket/0/Shared
{"event": "outer_step_completed", "rank": 0, "completed_outer_steps": 25, "timestamp": "2026-09-14T14:52:14.463401+00:00"}
ip-10-180-1-50:57:57 [0] NCCL INFO Initialized NET plugin Socket
ip-10-180-1-50:57:57 [0] NCCL INFO Could not get speed from /sys/class/net/ens5/speed. Defaulting to 10 Gbps.
ip-10-180-1-50:57:57 [0] NCCL INFO Assigned NET plugin Socket to comm
ip-10-180-1-50:57:57 [0] NCCL INFO Failed to initialize any GIN plugin
ip-10-180-1-50:57:57 [0] NCCL INFO Using network Socket
ip-10-180-1-50:57:57 [0] NCCL INFO [Rank 0] ncclCommInitRankConfig comm 0x5e73428aa160 rank 0 nranks 2 cudaDev 0 nvmlDev 0 busId 1e0 commId 0x50cea8b3053a2bc9 - Init START
ip-10-180-1-50:57:57 [0] NCCL INFO Topology detection : could not read /sys/devices/pci0000:00/0000:00:1e.0/../max_link_speed, ignoring
ip-10-180-1-50:57:57 [0] NCCL INFO Topology detection : could not read /sys/devices/pci0000:00/0000:00:1e.0/../max_link_width, ignoring
ip-10-180-1-50:57:57 [0] NCCL INFO Topology detection : could not read /sys/devices/system/node/node-1/cpumap, ignoring
ip-10-180-1-50:57:57 [0] NCCL INFO TOPO/NET : Importing network plugins to topology
ip-10-180-1-50:57:57 [0] NCCL INFO Could not get speed from /sys/class/net/ens5/speed. Defaulting to 10 Gbps.
ip-10-180-1-50:57:57 [0] NCCL INFO Topology detection : could not read /sys/devices/pci0000:00/0000:00:05.0/../max_link_speed, ignoring
ip-10-180-1-50:57:57 [0] NCCL INFO Topology detection : could not read /sys/devices/pci0000:00/0000:00:05.0/../max_link_width, ignoring
ip-10-180-1-50:57:57 [0] NCCL INFO Topology detection : could not read /sys/devices/system/node/node-1/cpumap, ignoring
ip-10-180-1-50:57:57 [0] NCCL INFO NET/Socket : GPU Direct RDMA Disabled for HCA 0 'ens5'
ip-10-180-1-50:57:57 [0] NCCL INFO ncclTopoPopulateNics : Filled ens5 in topo with pciPath=/sys/devices/pci0000:00/0000:00:05.0 net=1 gin=(null) keep=1 coll=(null)
ip-10-180-1-50:57:57 [0] NCCL INFO KV Convert to int : could not find value of 'Unknown' in dictionary, falling back to 60
ip-10-180-1-50:57:57 [0] NCCL INFO === System : maxBw 1.2 totalBw 24.0 ===
ip-10-180-1-50:57:57 [0] NCCL INFO CPU/0-ffffffffffffff (1/2/-1)
ip-10-180-1-50:57:57 [0] NCCL INFO + PCI[24.0] - GPU/0-1e0 (0)
ip-10-180-1-50:57:57 [0] NCCL INFO + PCI[12.0] - NIC/0-50
ip-10-180-1-50:57:57 [0] NCCL INFO               + NET[1.2] - NET/0-0 (0/0/0/1.250000)
ip-10-180-1-50:57:57 [0] NCCL INFO ==========================================
ip-10-180-1-50:57:57 [0] NCCL INFO GPU/0-1e0 :GPU/0-1e0 (0/5000.0/LOC) CPU/0-ffffffffffffff (1/24.0/PHB) NET/0-0 (3/1.2/PHB) 
ip-10-180-1-50:57:57 [0] NCCL INFO NET/0-0 :GPU/0-1e0 (3/1.2/PHB) CPU/0-ffffffffffffff (2/1.2/PHB) NET/0-0 (0/5000.0/LOC) 
ip-10-180-1-50:57:57 [0] NCCL INFO ncclTopoGetCpuAffinity: Affinity for GPU 0 is empty, ignoring. (GPU affinity =  ; CPU affinity = 0-3).
ip-10-180-1-50:57:57 [0] NCCL INFO Pattern 4, crossNic 0, nChannels 1, bw 1.200000/1.200000, type LOC/PHB, sameChannels 1
ip-10-180-1-50:57:57 [0] NCCL INFO  0 : NET/0-0 GPU/0-1e0 NET/0-0
ip-10-180-1-50:57:57 [0] NCCL INFO Pattern 3, crossNic 0, nChannels 1, bw 2.400000/1.200000, type LOC/PHB, sameChannels 1
ip-10-180-1-50:57:57 [0] NCCL INFO  0 : NET/0-0 GPU/0-1e0 NET/0-0
ip-10-180-1-50:57:57 [0] NCCL INFO Could not get speed from /sys/class/net/ens5/speed. Defaulting to 10 Gbps.
ip-10-180-1-50:57:57 [0] NCCL INFO comm 0x5e73428aa160 rank 0 nRanks 2 nNodes 2 localRanks 1 localRank 0 MNNVL 0
ip-10-180-1-50:57:57 [0] NCCL INFO Tree 0 : -1 -> 0 -> 1/-1/-1
ip-10-180-1-50:57:57 [0] NCCL INFO Tree 1 : 1 -> 0 -> -1/-1/-1
ip-10-180-1-50:57:57 [0] NCCL INFO Channel 00/02 : 0 1
ip-10-180-1-50:57:57 [0] NCCL INFO Channel 01/02 : 0 1
ip-10-180-1-50:57:57 [0] NCCL INFO Ring 00 : 1 -> 0 -> 1
ip-10-180-1-50:57:57 [0] NCCL INFO Ring 01 : 1 -> 0 -> 1
ip-10-180-1-50:57:57 [0] NCCL INFO Trees [0] 1/-1/-1->0->-1 [1] -1/-1/-1->0->1
ip-10-180-1-50:57:57 [0] NCCL INFO P2P Chunksize set to 131072
ip-10-180-1-50:57:57 [0] NCCL INFO Check P2P Type isAllDirectP2p 1 directMode 0 isAllCudaP2p 1
ip-10-180-1-50:57:57 [0] NCCL INFO ncclP2pSchedule: group size used is 1
ip-10-180-1-50:57:167 [0] NCCL INFO [Proxy Service UDS] Device 0 CPU core 3
ip-10-180-1-50:57:166 [0] NCCL INFO [Proxy Service] Device 0 CPU core 0
ip-10-180-1-50:57:57 [0] NCCL INFO threadThresholds 8/8/64 | 16/8/64 | 512 | 512
ip-10-180-1-50:57:57 [0] NCCL INFO 2 coll channels, 2 collnet channels, 0 nvls channels, 2 p2p channels, 1 p2p channels per peer
ip-10-180-1-50:57:57 [0] NCCL INFO Symmetric VA size=24GB
ip-10-180-1-50:57:57 [0] NCCL INFO Symmetric memory is not supported. cuMemEnable 1, globalGinSupport 0, globalNicFused 0 cuMemGdrSupport 1
ip-10-180-1-50:57:57 [0] NCCL INFO CC Off, workFifoBytes 1048576
ip-10-180-1-50:57:57 [0] NCCL INFO ncclCommInitRankConfig comm 0x5e73428aa160 rank 0 nranks 2 cudaDev 0 nvmlDev 0 busId 1e0 commId 0x50cea8b3053a2bc9 - Init COMPLETE
ip-10-180-1-50:57:57 [0] NCCL INFO Init timings - ncclCommInitRankConfig: rank 0 nranks 2 total 1.34 (kernels 0.00, alloc 0.00, bootstrap 1.11, allgathers 0.23, topo 0.00, graphs 0.00, connections 0.00, rest 0.00)
ip-10-180-1-50:57:166 [0] NCCL INFO New proxy send connection 0 from local rank 0, transport 2
ip-10-180-1-50:57:168 [0] NCCL INFO [Proxy Progress] Device 0 CPU core 2
ip-10-180-1-50:57:57 [0] NCCL INFO Connected to proxy localRank 0 -> connection 0x7be3d8032c20
ip-10-180-1-50:57:166 [0] NCCL INFO Could not get speed from /sys/class/net/ens5/speed. Defaulting to 10 Gbps.
ip-10-180-1-50:57:57 [0] NCCL INFO Channel 01/1 : 0[0] -> 1[0] [send] via NET/Socket/0/Shared
ip-10-180-1-50:57:166 [0] NCCL INFO New proxy recv connection 1 from local rank 0, transport 2
ip-10-180-1-50:57:57 [0] NCCL INFO Connected to proxy localRank 0 -> connection 0x7be3d8032ca8
ip-10-180-1-50:57:166 [0] NCCL INFO Could not get speed from /sys/class/net/ens5/speed. Defaulting to 10 Gbps.
ip-10-180-1-50:57:166 [0] NCCL INFO NET/Socket: Using 2 threads and 8 sockets per thread
ip-10-180-1-50:57:57 [0] NCCL INFO Channel 01/1 : 1[0] -> 0[0] [receive] via NET/Socket/0/Shared
ip-10-180-1-50:57:57 [0] NCCL INFO Initialized NET plugin Socket
ip-10-180-1-50:57:57 [0] NCCL INFO Could not get speed from /sys/class/net/ens5/speed. Defaulting to 10 Gbps.
ip-10-180-1-50:57:57 [0] NCCL INFO Assigned NET plugin Socket to comm
ip-10-180-1-50:57:57 [0] NCCL INFO Failed to initialize any GIN plugin
ip-10-180-1-50:57:57 [0] NCCL INFO Using network Socket
ip-10-180-1-50:57:57 [0] NCCL INFO [Rank 0] ncclCommInitRankConfig comm 0x5e7349709440 rank 0 nranks 2 cudaDev 0 nvmlDev 0 busId 1e0 commId 0xc8b7bafd8ab46870 - Init START
ip-10-180-1-50:57:57 [0] NCCL INFO Topology detection : could not read /sys/devices/pci0000:00/0000:00:1e.0/../max_link_speed, ignoring
ip-10-180-1-50:57:57 [0] NCCL INFO Topology detection : could not read /sys/devices/pci0000:00/0000:00:1e.0/../max_link_width, ignoring
ip-10-180-1-50:57:57 [0] NCCL INFO Topology detection : could not read /sys/devices/system/node/node-1/cpumap, ignoring
ip-10-180-1-50:57:57 [0] NCCL INFO TOPO/NET : Importing network plugins to topology
ip-10-180-1-50:57:57 [0] NCCL INFO Could not get speed from /sys/class/net/ens5/speed. Defaulting to 10 Gbps.
ip-10-180-1-50:57:57 [0] NCCL INFO Topology detection : could not read /sys/devices/pci0000:00/0000:00:05.0/../max_link_speed, ignoring
ip-10-180-1-50:57:57 [0] NCCL INFO Topology detection : could not read /sys/devices/pci0000:00/0000:00:05.0/../max_link_width, ignoring
ip-10-180-1-50:57:57 [0] NCCL INFO Topology detection : could not read /sys/devices/system/node/node-1/cpumap, ignoring
ip-10-180-1-50:57:57 [0] NCCL INFO NET/Socket : GPU Direct RDMA Disabled for HCA 0 'ens5'
ip-10-180-1-50:57:57 [0] NCCL INFO ncclTopoPopulateNics : Filled ens5 in topo with pciPath=/sys/devices/pci0000:00/0000:00:05.0 net=1 gin=(null) keep=1 coll=(null)
ip-10-180-1-50:57:57 [0] NCCL INFO KV Convert to int : could not find value of 'Unknown' in dictionary, falling back to 60
ip-10-180-1-50:57:57 [0] NCCL INFO === System : maxBw 1.2 totalBw 24.0 ===
ip-10-180-1-50:57:57 [0] NCCL INFO CPU/0-ffffffffffffff (1/2/-1)
ip-10-180-1-50:57:57 [0] NCCL INFO + PCI[24.0] - GPU/0-1e0 (0)
ip-10-180-1-50:57:57 [0] NCCL INFO + PCI[12.0] - NIC/0-50
ip-10-180-1-50:57:57 [0] NCCL INFO               + NET[1.2] - NET/0-0 (0/0/0/1.250000)
ip-10-180-1-50:57:57 [0] NCCL INFO ==========================================
ip-10-180-1-50:57:57 [0] NCCL INFO GPU/0-1e0 :GPU/0-1e0 (0/5000.0/LOC) CPU/0-ffffffffffffff (1/24.0/PHB) NET/0-0 (3/1.2/PHB) 
ip-10-180-1-50:57:57 [0] NCCL INFO NET/0-0 :GPU/0-1e0 (3/1.2/PHB) CPU/0-ffffffffffffff (2/1.2/PHB) NET/0-0 (0/5000.0/LOC) 
ip-10-180-1-50:57:57 [0] NCCL INFO ncclTopoGetCpuAffinity: Affinity for GPU 0 is empty, ignoring. (GPU affinity =  ; CPU affinity = 0-3).
ip-10-180-1-50:57:57 [0] NCCL INFO Pattern 4, crossNic 0, nChannels 1, bw 1.200000/1.200000, type LOC/PHB, sameChannels 1
ip-10-180-1-50:57:57 [0] NCCL INFO  0 : NET/0-0 GPU/0-1e0 NET/0-0
ip-10-180-1-50:57:57 [0] NCCL INFO Pattern 3, crossNic 0, nChannels 1, bw 2.400000/1.200000, type LOC/PHB, sameChannels 1
ip-10-180-1-50:57:57 [0] NCCL INFO  0 : NET/0-0 GPU/0-1e0 NET/0-0
ip-10-180-1-50:57:57 [0] NCCL INFO Could not get speed from /sys/class/net/ens5/speed. Defaulting to 10 Gbps.
ip-10-180-1-50:57:57 [0] NCCL INFO comm 0x5e7349709440 rank 0 nRanks 2 nNodes 2 localRanks 1 localRank 0 MNNVL 0
ip-10-180-1-50:57:57 [0] NCCL INFO Tree 0 : -1 -> 0 -> 1/-1/-1
ip-10-180-1-50:57:57 [0] NCCL INFO Tree 1 : 1 -> 0 -> -1/-1/-1
ip-10-180-1-50:57:57 [0] NCCL INFO Channel 00/02 : 0 1
ip-10-180-1-50:57:57 [0] NCCL INFO Channel 01/02 : 0 1
ip-10-180-1-50:57:57 [0] NCCL INFO Ring 00 : 1 -> 0 -> 1
ip-10-180-1-50:57:57 [0] NCCL INFO Ring 01 : 1 -> 0 -> 1
ip-10-180-1-50:57:57 [0] NCCL INFO Trees [0] 1/-1/-1->0->-1 [1] -1/-1/-1->0->1
ip-10-180-1-50:57:57 [0] NCCL INFO P2P Chunksize set to 131072
ip-10-180-1-50:57:57 [0] NCCL INFO Check P2P Type isAllDirectP2p 1 directMode 0 isAllCudaP2p 1
ip-10-180-1-50:57:174 [0] NCCL INFO [Proxy Service] Device 0 CPU core 0
ip-10-180-1-50:57:175 [0] NCCL INFO [Proxy Service UDS] Device 0 CPU core 3
ip-10-180-1-50:57:57 [0] NCCL INFO ncclP2pSchedule: group size used is 1
ip-10-180-1-50:57:57 [0] NCCL INFO threadThresholds 8/8/64 | 16/8/64 | 512 | 512
ip-10-180-1-50:57:57 [0] NCCL INFO 2 coll channels, 2 collnet channels, 0 nvls channels, 2 p2p channels, 1 p2p channels per peer
ip-10-180-1-50:57:57 [0] NCCL INFO Symmetric VA size=24GB
ip-10-180-1-50:57:57 [0] NCCL INFO Symmetric memory is not supported. cuMemEnable 1, globalGinSupport 0, globalNicFused 0 cuMemGdrSupport 1
ip-10-180-1-50:57:57 [0] NCCL INFO CC Off, workFifoBytes 1048576
ip-10-180-1-50:57:57 [0] NCCL INFO ncclCommInitRankConfig comm 0x5e7349709440 rank 0 nranks 2 cudaDev 0 nvmlDev 0 busId 1e0 commId 0xc8b7bafd8ab46870 - Init COMPLETE
ip-10-180-1-50:57:57 [0] NCCL INFO Init timings - ncclCommInitRankConfig: rank 0 nranks 2 total 0.31 (kernels 0.00, alloc 0.00, bootstrap 0.28, allgathers 0.03, topo 0.00, graphs 0.00, connections 0.00, rest 0.00)
ip-10-180-1-50:57:174 [0] NCCL INFO New proxy send connection 0 from local rank 0, transport 2
ip-10-180-1-50:57:176 [0] NCCL INFO [Proxy Progress] Device 0 CPU core 2
ip-10-180-1-50:57:57 [0] NCCL INFO Connected to proxy localRank 0 -> connection 0x7be40c006850
ip-10-180-1-50:57:174 [0] NCCL INFO Could not get speed from /sys/class/net/ens5/speed. Defaulting to 10 Gbps.
ip-10-180-1-50:57:57 [0] NCCL INFO Channel 01/1 : 0[0] -> 1[0] [send] via NET/Socket/0/Shared
ip-10-180-1-50:57:174 [0] NCCL INFO New proxy recv connection 1 from local rank 0, transport 2
ip-10-180-1-50:57:57 [0] NCCL INFO Connected to proxy localRank 0 -> connection 0x7be40c0068d8
ip-10-180-1-50:57:174 [0] NCCL INFO Could not get speed from /sys/class/net/ens5/speed. Defaulting to 10 Gbps.
ip-10-180-1-50:57:174 [0] NCCL INFO NET/Socket: Using 2 threads and 8 sockets per thread
ip-10-180-1-50:57:57 [0] NCCL INFO Channel 01/1 : 1[0] -> 0[0] [receive] via NET/Socket/0/Shared
ip-10-180-1-50:57:57 [0] NCCL INFO Initialized NET plugin Socket
ip-10-180-1-50:57:57 [0] NCCL INFO Could not get speed from /sys/class/net/ens5/speed. Defaulting to 10 Gbps.
ip-10-180-1-50:57:57 [0] NCCL INFO Assigned NET plugin Socket to comm
ip-10-180-1-50:57:57 [0] NCCL INFO Failed to initialize any GIN plugin
ip-10-180-1-50:57:57 [0] NCCL INFO Using network Socket
ip-10-180-1-50:57:57 [0] NCCL INFO [Rank 0] ncclCommInitRankConfig comm 0x5e7349960b00 rank 0 nranks 2 cudaDev 0 nvmlDev 0 busId 1e0 commId 0x656efaf6b759ee3f - Init START
ip-10-180-1-50:57:57 [0] NCCL INFO Topology detection : could not read /sys/devices/pci0000:00/0000:00:1e.0/../max_link_speed, ignoring
ip-10-180-1-50:57:57 [0] NCCL INFO Topology detection : could not read /sys/devices/pci0000:00/0000:00:1e.0/../max_link_width, ignoring
ip-10-180-1-50:57:57 [0] NCCL INFO Topology detection : could not read /sys/devices/system/node/node-1/cpumap, ignoring
ip-10-180-1-50:57:57 [0] NCCL INFO TOPO/NET : Importing network plugins to topology
ip-10-180-1-50:57:57 [0] NCCL INFO Could not get speed from /sys/class/net/ens5/speed. Defaulting to 10 Gbps.
ip-10-180-1-50:57:57 [0] NCCL INFO Topology detection : could not read /sys/devices/pci0000:00/0000:00:05.0/../max_link_speed, ignoring
ip-10-180-1-50:57:57 [0] NCCL INFO Topology detection : could not read /sys/devices/pci0000:00/0000:00:05.0/../max_link_width, ignoring
ip-10-180-1-50:57:57 [0] NCCL INFO Topology detection : could not read /sys/devices/system/node/node-1/cpumap, ignoring
ip-10-180-1-50:57:57 [0] NCCL INFO NET/Socket : GPU Direct RDMA Disabled for HCA 0 'ens5'
ip-10-180-1-50:57:57 [0] NCCL INFO ncclTopoPopulateNics : Filled ens5 in topo with pciPath=/sys/devices/pci0000:00/0000:00:05.0 net=1 gin=(null) keep=1 coll=(null)
ip-10-180-1-50:57:57 [0] NCCL INFO KV Convert to int : could not find value of 'Unknown' in dictionary, falling back to 60
ip-10-180-1-50:57:57 [0] NCCL INFO === System : maxBw 1.2 totalBw 24.0 ===
ip-10-180-1-50:57:57 [0] NCCL INFO CPU/0-ffffffffffffff (1/2/-1)
ip-10-180-1-50:57:57 [0] NCCL INFO + PCI[24.0] - GPU/0-1e0 (0)
ip-10-180-1-50:57:57 [0] NCCL INFO + PCI[12.0] - NIC/0-50
ip-10-180-1-50:57:57 [0] NCCL INFO               + NET[1.2] - NET/0-0 (0/0/0/1.250000)
ip-10-180-1-50:57:57 [0] NCCL INFO ==========================================
ip-10-180-1-50:57:57 [0] NCCL INFO GPU/0-1e0 :GPU/0-1e0 (0/5000.0/LOC) CPU/0-ffffffffffffff (1/24.0/PHB) NET/0-0 (3/1.2/PHB) 
ip-10-180-1-50:57:57 [0] NCCL INFO NET/0-0 :GPU/0-1e0 (3/1.2/PHB) CPU/0-ffffffffffffff (2/1.2/PHB) NET/0-0 (0/5000.0/LOC) 
ip-10-180-1-50:57:57 [0] NCCL INFO ncclTopoGetCpuAffinity: Affinity for GPU 0 is empty, ignoring. (GPU affinity =  ; CPU affinity = 0-3).
ip-10-180-1-50:57:57 [0] NCCL INFO Pattern 4, crossNic 0, nChannels 1, bw 1.200000/1.200000, type LOC/PHB, sameChannels 1
ip-10-180-1-50:57:57 [0] NCCL INFO  0 : NET/0-0 GPU/0-1e0 NET/0-0
ip-10-180-1-50:57:57 [0] NCCL INFO Pattern 3, crossNic 0, nChannels 1, bw 2.400000/1.200000, type LOC/PHB, sameChannels 1
ip-10-180-1-50:57:57 [0] NCCL INFO  0 : NET/0-0 GPU/0-1e0 NET/0-0
ip-10-180-1-50:57:57 [0] NCCL INFO Could not get speed from /sys/class/net/ens5/speed. Defaulting to 10 Gbps.
ip-10-180-1-50:57:57 [0] NCCL INFO comm 0x5e7349960b00 rank 0 nRanks 2 nNodes 2 localRanks 1 localRank 0 MNNVL 0
ip-10-180-1-50:57:57 [0] NCCL INFO Tree 0 : -1 -> 0 -> 1/-1/-1
ip-10-180-1-50:57:57 [0] NCCL INFO Tree 1 : 1 -> 0 -> -1/-1/-1
ip-10-180-1-50:57:57 [0] NCCL INFO Channel 00/02 : 0 1
ip-10-180-1-50:57:57 [0] NCCL INFO Channel 01/02 : 0 1
ip-10-180-1-50:57:57 [0] NCCL INFO Ring 00 : 1 -> 0 -> 1
ip-10-180-1-50:57:57 [0] NCCL INFO Ring 01 : 1 -> 0 -> 1
ip-10-180-1-50:57:57 [0] NCCL INFO Trees [0] 1/-1/-1->0->-1 [1] -1/-1/-1->0->1
ip-10-180-1-50:57:57 [0] NCCL INFO P2P Chunksize set to 131072
ip-10-180-1-50:57:57 [0] NCCL INFO Check P2P Type isAllDirectP2p 1 directMode 0 isAllCudaP2p 1
ip-10-180-1-50:57:182 [0] NCCL INFO [Proxy Service] Device 0 CPU core 3
ip-10-180-1-50:57:183 [0] NCCL INFO [Proxy Service UDS] Device 0 CPU core 3
ip-10-180-1-50:57:57 [0] NCCL INFO ncclP2pSchedule: group size used is 1
ip-10-180-1-50:57:57 [0] NCCL INFO threadThresholds 8/8/64 | 16/8/64 | 512 | 512
ip-10-180-1-50:57:57 [0] NCCL INFO 2 coll channels, 2 collnet channels, 0 nvls channels, 2 p2p channels, 1 p2p channels per peer
ip-10-180-1-50:57:57 [0] NCCL INFO Symmetric VA size=24GB
ip-10-180-1-50:57:57 [0] NCCL INFO Symmetric memory is not supported. cuMemEnable 1, globalGinSupport 0, globalNicFused 0 cuMemGdrSupport 1
ip-10-180-1-50:57:57 [0] NCCL INFO CC Off, workFifoBytes 1048576
ip-10-180-1-50:57:57 [0] NCCL INFO ncclCommInitRankConfig comm 0x5e7349960b00 rank 0 nranks 2 cudaDev 0 nvmlDev 0 busId 1e0 commId 0x656efaf6b759ee3f - Init COMPLETE
ip-10-180-1-50:57:57 [0] NCCL INFO Init timings - ncclCommInitRankConfig: rank 0 nranks 2 total 0.78 (kernels 0.00, alloc 0.00, bootstrap 0.67, allgathers 0.11, topo 0.00, graphs 0.00, connections 0.00, rest 0.00)
ip-10-180-1-50:57:182 [0] NCCL INFO New proxy send connection 0 from local rank 0, transport 2
ip-10-180-1-50:57:184 [0] NCCL INFO [Proxy Progress] Device 0 CPU core 1
ip-10-180-1-50:57:57 [0] NCCL INFO Connected to proxy localRank 0 -> connection 0x7be4b0005260
ip-10-180-1-50:57:182 [0] NCCL INFO Could not get speed from /sys/class/net/ens5/speed. Defaulting to 10 Gbps.
ip-10-180-1-50:57:57 [0] NCCL INFO Channel 01/1 : 0[0] -> 1[0] [send] via NET/Socket/0/Shared
ip-10-180-1-50:57:182 [0] NCCL INFO New proxy recv connection 1 from local rank 0, transport 2
ip-10-180-1-50:57:57 [0] NCCL INFO Connected to proxy localRank 0 -> connection 0x7be4b00052e8
ip-10-180-1-50:57:182 [0] NCCL INFO Could not get speed from /sys/class/net/ens5/speed. Defaulting to 10 Gbps.
ip-10-180-1-50:57:182 [0] NCCL INFO NET/Socket: Using 2 threads and 8 sockets per thread
ip-10-180-1-50:57:57 [0] NCCL INFO Channel 01/1 : 1[0] -> 0[0] [receive] via NET/Socket/0/Shared
ip-10-180-1-50:57:57 [0] NCCL INFO Initialized NET plugin Socket
ip-10-180-1-50:57:57 [0] NCCL INFO Could not get speed from /sys/class/net/ens5/speed. Defaulting to 10 Gbps.
ip-10-180-1-50:57:57 [0] NCCL INFO Assigned NET plugin Socket to comm
ip-10-180-1-50:57:57 [0] NCCL INFO Failed to initialize any GIN plugin
ip-10-180-1-50:57:57 [0] NCCL INFO Using network Socket
ip-10-180-1-50:57:57 [0] NCCL INFO [Rank 0] ncclCommInitRankConfig comm 0x5e7349b271c0 rank 0 nranks 2 cudaDev 0 nvmlDev 0 busId 1e0 commId 0xb7b99cf5c8244d7f - Init START
ip-10-180-1-50:57:57 [0] NCCL INFO Topology detection : could not read /sys/devices/pci0000:00/0000:00:1e.0/../max_link_speed, ignoring
ip-10-180-1-50:57:57 [0] NCCL INFO Topology detection : could not read /sys/devices/pci0000:00/0000:00:1e.0/../max_link_width, ignoring
ip-10-180-1-50:57:57 [0] NCCL INFO Topology detection : could not read /sys/devices/system/node/node-1/cpumap, ignoring
ip-10-180-1-50:57:57 [0] NCCL INFO TOPO/NET : Importing network plugins to topology
ip-10-180-1-50:57:57 [0] NCCL INFO Could not get speed from /sys/class/net/ens5/speed. Defaulting to 10 Gbps.
ip-10-180-1-50:57:57 [0] NCCL INFO Topology detection : could not read /sys/devices/pci0000:00/0000:00:05.0/../max_link_speed, ignoring
ip-10-180-1-50:57:57 [0] NCCL INFO Topology detection : could not read /sys/devices/pci0000:00/0000:00:05.0/../max_link_width, ignoring
ip-10-180-1-50:57:57 [0] NCCL INFO Topology detection : could not read /sys/devices/system/node/node-1/cpumap, ignoring
ip-10-180-1-50:57:57 [0] NCCL INFO NET/Socket : GPU Direct RDMA Disabled for HCA 0 'ens5'
ip-10-180-1-50:57:57 [0] NCCL INFO ncclTopoPopulateNics : Filled ens5 in topo with pciPath=/sys/devices/pci0000:00/0000:00:05.0 net=1 gin=(null) keep=1 coll=(null)
ip-10-180-1-50:57:57 [0] NCCL INFO KV Convert to int : could not find value of 'Unknown' in dictionary, falling back to 60
ip-10-180-1-50:57:57 [0] NCCL INFO === System : maxBw 1.2 totalBw 24.0 ===
ip-10-180-1-50:57:57 [0] NCCL INFO CPU/0-ffffffffffffff (1/2/-1)
ip-10-180-1-50:57:57 [0] NCCL INFO + PCI[24.0] - GPU/0-1e0 (0)
ip-10-180-1-50:57:57 [0] NCCL INFO + PCI[12.0] - NIC/0-50
ip-10-180-1-50:57:57 [0] NCCL INFO               + NET[1.2] - NET/0-0 (0/0/0/1.250000)
ip-10-180-1-50:57:57 [0] NCCL INFO ==========================================
ip-10-180-1-50:57:57 [0] NCCL INFO GPU/0-1e0 :GPU/0-1e0 (0/5000.0/LOC) CPU/0-ffffffffffffff (1/24.0/PHB) NET/0-0 (3/1.2/PHB) 
ip-10-180-1-50:57:57 [0] NCCL INFO NET/0-0 :GPU/0-1e0 (3/1.2/PHB) CPU/0-ffffffffffffff (2/1.2/PHB) NET/0-0 (0/5000.0/LOC) 
ip-10-180-1-50:57:57 [0] NCCL INFO ncclTopoGetCpuAffinity: Affinity for GPU 0 is empty, ignoring. (GPU affinity =  ; CPU affinity = 0-3).
ip-10-180-1-50:57:57 [0] NCCL INFO Pattern 4, crossNic 0, nChannels 1, bw 1.200000/1.200000, type LOC/PHB, sameChannels 1
ip-10-180-1-50:57:57 [0] NCCL INFO  0 : NET/0-0 GPU/0-1e0 NET/0-0
ip-10-180-1-50:57:57 [0] NCCL INFO Pattern 3, crossNic 0, nChannels 1, bw 2.400000/1.200000, type LOC/PHB, sameChannels 1
ip-10-180-1-50:57:57 [0] NCCL INFO  0 : NET/0-0 GPU/0-1e0 NET/0-0
ip-10-180-1-50:57:57 [0] NCCL INFO Could not get speed from /sys/class/net/ens5/speed. Defaulting to 10 Gbps.
ip-10-180-1-50:57:57 [0] NCCL INFO comm 0x5e7349b271c0 rank 0 nRanks 2 nNodes 2 localRanks 1 localRank 0 MNNVL 0
ip-10-180-1-50:57:57 [0] NCCL INFO Tree 0 : -1 -> 0 -> 1/-1/-1
ip-10-180-1-50:57:57 [0] NCCL INFO Tree 1 : 1 -> 0 -> -1/-1/-1
ip-10-180-1-50:57:57 [0] NCCL INFO Channel 00/02 : 0 1
ip-10-180-1-50:57:57 [0] NCCL INFO Channel 01/02 : 0 1
ip-10-180-1-50:57:57 [0] NCCL INFO Ring 00 : 1 -> 0 -> 1
ip-10-180-1-50:57:57 [0] NCCL INFO Ring 01 : 1 -> 0 -> 1
ip-10-180-1-50:57:57 [0] NCCL INFO Trees [0] 1/-1/-1->0->-1 [1] -1/-1/-1->0->1
ip-10-180-1-50:57:57 [0] NCCL INFO P2P Chunksize set to 131072
ip-10-180-1-50:57:57 [0] NCCL INFO Check P2P Type isAllDirectP2p 1 directMode 0 isAllCudaP2p 1
ip-10-180-1-50:57:190 [0] NCCL INFO [Proxy Service] Device 0 CPU core 0
ip-10-180-1-50:57:191 [0] NCCL INFO [Proxy Service UDS] Device 0 CPU core 2
ip-10-180-1-50:57:57 [0] NCCL INFO ncclP2pSchedule: group size used is 1
ip-10-180-1-50:57:57 [0] NCCL INFO threadThresholds 8/8/64 | 16/8/64 | 512 | 512
ip-10-180-1-50:57:57 [0] NCCL INFO 2 coll channels, 2 collnet channels, 0 nvls channels, 2 p2p channels, 1 p2p channels per peer
ip-10-180-1-50:57:57 [0] NCCL INFO Symmetric VA size=24GB
ip-10-180-1-50:57:57 [0] NCCL INFO Symmetric memory is not supported. cuMemEnable 1, globalGinSupport 0, globalNicFused 0 cuMemGdrSupport 1
ip-10-180-1-50:57:57 [0] NCCL INFO CC Off, workFifoBytes 1048576
ip-10-180-1-50:57:57 [0] NCCL INFO ncclCommInitRankConfig comm 0x5e7349b271c0 rank 0 nranks 2 cudaDev 0 nvmlDev 0 busId 1e0 commId 0xb7b99cf5c8244d7f - Init COMPLETE
ip-10-180-1-50:57:57 [0] NCCL INFO Init timings - ncclCommInitRankConfig: rank 0 nranks 2 total 2.05 (kernels 0.00, alloc 0.00, bootstrap 1.67, allgathers 0.37, topo 0.00, graphs 0.00, connections 0.00, rest 0.00)
ip-10-180-1-50:57:190 [0] NCCL INFO New proxy send connection 0 from local rank 0, transport 2
ip-10-180-1-50:57:192 [0] NCCL INFO [Proxy Progress] Device 0 CPU core 3
ip-10-180-1-50:57:57 [0] NCCL INFO Connected to proxy localRank 0 -> connection 0x7be4e8007dc0
ip-10-180-1-50:57:190 [0] NCCL INFO Could not get speed from /sys/class/net/ens5/speed. Defaulting to 10 Gbps.
ip-10-180-1-50:57:57 [0] NCCL INFO Channel 01/1 : 0[0] -> 1[0] [send] via NET/Socket/0/Shared
ip-10-180-1-50:57:190 [0] NCCL INFO New proxy recv connection 1 from local rank 0, transport 2
ip-10-180-1-50:57:57 [0] NCCL INFO Connected to proxy localRank 0 -> connection 0x7be4e8007e48
ip-10-180-1-50:57:190 [0] NCCL INFO Could not get speed from /sys/class/net/ens5/speed. Defaulting to 10 Gbps.
ip-10-180-1-50:57:190 [0] NCCL INFO NET/Socket: Using 2 threads and 8 sockets per thread
ip-10-180-1-50:57:57 [0] NCCL INFO Channel 01/1 : 1[0] -> 0[0] [receive] via NET/Socket/0/Shared
{"event": "outer_step_completed", "rank": 0, "completed_outer_steps": 50, "timestamp": "2026-09-14T14:59:20.661624+00:00"}
{"event": "outer_step_completed", "rank": 0, "completed_outer_steps": 75, "timestamp": "2026-09-14T15:03:14.183857+00:00"}
{"event": "outer_step_completed", "rank": 0, "completed_outer_steps": 100, "timestamp": "2026-09-14T15:06:33.498617+00:00"}
{"event": "outer_step_completed", "rank": 0, "completed_outer_steps": 125, "timestamp": "2026-09-14T15:09:31.596736+00:00"}
{"event": "outer_step_completed", "rank": 0, "completed_outer_steps": 150, "timestamp": "2026-09-14T15:12:30.301452+00:00"}
{"event": "outer_step_completed", "rank": 0, "completed_outer_steps": 175, "timestamp": "2026-09-14T15:15:34.117656+00:00"}
{"event": "outer_step_completed", "rank": 0, "completed_outer_steps": 200, "timestamp": "2026-09-14T15:18:40.447621+00:00"}
{"event": "outer_step_completed", "rank": 0, "completed_outer_steps": 225, "timestamp": "2026-09-14T15:21:48.268576+00:00"}
{"event": "outer_step_completed", "rank": 0, "completed_outer_steps": 250, "timestamp": "2026-09-14T15:24:49.657411+00:00"}
{"event": "outer_step_completed", "rank": 0, "completed_outer_steps": 275, "timestamp": "2026-09-14T15:27:45.307830+00:00"}
{"event": "outer_step_completed", "rank": 0, "completed_outer_steps": 300, "timestamp": "2026-09-14T15:30:37.150429+00:00"}
{"event": "outer_step_completed", "rank": 0, "completed_outer_steps": 325, "timestamp": "2026-09-14T15:33:30.475168+00:00"}
{"event": "outer_step_completed", "rank": 0, "completed_outer_steps": 350, "timestamp": "2026-09-14T15:36:37.629309+00:00"}
{"event": "outer_step_completed", "rank": 0, "completed_outer_steps": 375, "timestamp": "2026-09-14T15:39:36.810440+00:00"}
{"event": "outer_step_completed", "rank": 0, "completed_outer_steps": 400, "timestamp": "2026-09-14T15:42:39.264662+00:00"}
{"event": "outer_step_completed", "rank": 0, "completed_outer_steps": 425, "timestamp": "2026-09-14T15:45:39.959821+00:00"}
{"event": "outer_step_completed", "rank": 0, "completed_outer_steps": 450, "timestamp": "2026-09-14T15:48:26.656372+00:00"}
{"event": "outer_step_completed", "rank": 0, "completed_outer_steps": 475, "timestamp": "2026-09-14T15:51:24.475644+00:00"}
{"event": "outer_step_completed", "rank": 0, "completed_outer_steps": 500, "timestamp": "2026-09-14T15:54:18.998497+00:00"}
ip-10-180-1-50:57:57 [0] NCCL INFO comm 0x5e7349b271c0 rank 0 nranks 2 cudaDev 0 busId 1e0 - Destroy COMPLETE
ip-10-180-1-50:57:57 [0] NCCL INFO comm 0x5e7349960b00 rank 0 nranks 2 cudaDev 0 busId 1e0 - Destroy COMPLETE
ip-10-180-1-50:57:57 [0] NCCL INFO comm 0x5e7349709440 rank 0 nranks 2 cudaDev 0 busId 1e0 - Destroy COMPLETE
ip-10-180-1-50:57:57 [0] NCCL INFO comm 0x5e733abd7210 rank 0 nranks 2 cudaDev 0 busId 1e0 - Destroy COMPLETE
ip-10-180-1-50:57:57 [0] NCCL INFO comm 0x5e733ed4e8b0 rank 0 nranks 16 cudaDev 0 busId 1e0 - Destroy COMPLETE
ip-10-180-1-50:57:57 [0] NCCL INFO comm 0x5e734253b790 rank 0 nranks 2 cudaDev 0 busId 1e0 - Destroy COMPLETE
ip-10-180-1-50:57:57 [0] NCCL INFO comm 0x5e73420dfb00 rank 0 nranks 2 cudaDev 0 busId 1e0 - Destroy COMPLETE
ip-10-180-1-50:57:57 [0] NCCL INFO comm 0x5e73419e73c0 rank 0 nranks 2 cudaDev 0 busId 1e0 - Destroy COMPLETE
ip-10-180-1-50:57:57 [0] NCCL INFO comm 0x5e7341c7c260 rank 0 nranks 2 cudaDev 0 busId 1e0 - Destroy COMPLETE
ip-10-180-1-50:57:57 [0] NCCL INFO comm 0x5e73422fbb80 rank 0 nranks 2 cudaDev 0 busId 1e0 - Destroy COMPLETE
ip-10-180-1-50:57:57 [0] NCCL INFO comm 0x5e7342785370 rank 0 nranks 2 cudaDev 0 busId 1e0 - Destroy COMPLETE
ip-10-180-1-50:57:57 [0] NCCL INFO comm 0x5e7341dd78e0 rank 0 nranks 2 cudaDev 0 busId 1e0 - Destroy COMPLETE
ip-10-180-1-50:57:57 [0] NCCL INFO comm 0x5e7346e83f80 rank 0 nranks 2 cudaDev 0 busId 1e0 - Destroy COMPLETE
ip-10-180-1-50:57:57 [0] NCCL INFO comm 0x5e73428aa160 rank 0 nranks 2 cudaDev 0 busId 1e0 - Destroy COMPLETE
ip-10-180-1-50:57:57 [0] NCCL INFO comm 0x5e7342660580 rank 0 nranks 2 cudaDev 0 busId 1e0 - Destroy COMPLETE
ip-10-180-1-50:57:57 [0] NCCL INFO comm 0x5e734706b1c0 rank 0 nranks 2 cudaDev 0 busId 1e0 - Destroy COMPLETE
ip-10-180-1-50:57:57 [0] NCCL INFO ENV/Plugin: Closing env plugin ncclEnvDefault
