Warning: You are sending unauthenticated requests to the HF Hub. Please set a HF_TOKEN to enable higher rate limits and faster downloads.
Generating train split:   0%|          | 0/50000 [00:00<?, ? examples/s]Generating train split:   0%|          | 100/50000 [00:00<01:50, 452.41 examples/s]Generating train split:  57%|█████▋    | 28400/50000 [00:00<00:00, 106491.43 examples/s]Generating train split: 100%|██████████| 50000/50000 [00:00<00:00, 120525.56 examples/s]
Generating test split:   0%|          | 0/10000 [00:00<?, ? examples/s]Generating test split: 100%|██████████| 10000/10000 [00:00<00:00, 247346.50 examples/s]
[W914 14:40:29.172931747 Utils.hpp:166] Warning: Environment variable NCCL_BLOCKING_WAIT is deprecated; use TORCH_NCCL_BLOCKING_WAIT instead (function operator())
[W914 14:40:29.172954027 Utils.hpp:137] Warning: Environment variable NCCL_ASYNC_ERROR_HANDLING is deprecated; use TORCH_NCCL_ASYNC_ERROR_HANDLING instead (function operator())
[rank14]:[W914 14:40:33.649030656 ProcessGroupNCCL.cpp:4215] Warning: An unbatched P2P op (send/recv) was called on this ProcessGroup with size 16.  In lazy initialization mode, this will result in a new 2-rank NCCL communicator to be created. (function operator())
ip-10-187-1-30:56:56 [0] NCCL INFO ENV/Plugin: Could not find: libnccl-env.so
ip-10-187-1-30:56:56 [0] NCCL INFO cudaDriverVersion 13020
ip-10-187-1-30:56:56 [0] NCCL INFO NCCL_SOCKET_IFNAME set to ens5
ip-10-187-1-30:56:56 [0] NCCL INFO NCCL version 2.29.7+cuda13.2
ip-10-187-1-30:56:56 [0] NCCL INFO NCCL git version stable b81d6a5a3
ip-10-187-1-30:56:56 [0] NCCL INFO NET/Plugin: Could not find: libnccl-net.so
ip-10-187-1-30:56:56 [0] NCCL INFO transport/net_ib/init.cc:396 -> 3
ip-10-187-1-30:56:56 [0] NCCL INFO Failed to initialize NET plugin IB
ip-10-187-1-30:56:56 [0] NCCL INFO NET/Socket : Using [0]ens5:10.187.1.30<0>
ip-10-187-1-30:56:56 [0] NCCL INFO Initialized NET plugin Socket
ip-10-187-1-30:56:56 [0] NCCL INFO Could not get speed from /sys/class/net/ens5/speed. Defaulting to 10 Gbps.
ip-10-187-1-30:56:56 [0] NCCL INFO Assigned NET plugin Socket to comm
ip-10-187-1-30:56:56 [0] NCCL INFO GIN/Plugin: Could not find: libnccl-gin.so

[2026-09-14 14:40:33] ip-10-187-1-30:56:56 [0] misc/ibvwrap.cc:173 NCCL WARN lib wrapper not initialized.
ip-10-187-1-30:56:56 [0] NCCL INFO transport/net_ib/gdr.cc:56 -> 3
ip-10-187-1-30:56:56 [0] NCCL INFO Unable to use GIN: Peermem is not supported, nor DMA-BUF.
ip-10-187-1-30:56:56 [0] NCCL INFO Unable to use GIN: Peermem is not supported, nor DMA-BUF.
ip-10-187-1-30:56:56 [0] NCCL INFO Failed to initialize any GIN plugin
ip-10-187-1-30:56:56 [0] NCCL INFO Using network Socket
ip-10-187-1-30:56:56 [0] NCCL INFO [Rank 1] ncclCommInitRankConfig comm 0x5a168a0b6f70 rank 1 nranks 2 cudaDev 0 nvmlDev 0 busId 1e0 commId 0x84aa19305aa992ba - Init START
ip-10-187-1-30:56:56 [0] NCCL INFO RAS client listening socket at 127.0.0.1<28028>
ip-10-187-1-30:56:56 [0] NCCL INFO Topology detection : could not read /sys/devices/pci0000:00/0000:00:1e.0/../max_link_speed, ignoring
ip-10-187-1-30:56:56 [0] NCCL INFO Topology detection : could not read /sys/devices/pci0000:00/0000:00:1e.0/../max_link_width, ignoring
ip-10-187-1-30:56:56 [0] NCCL INFO Topology detection : could not read /sys/devices/system/node/node-1/cpumap, ignoring
ip-10-187-1-30:56:56 [0] NCCL INFO TOPO/NET : Importing network plugins to topology
ip-10-187-1-30:56:56 [0] NCCL INFO Could not get speed from /sys/class/net/ens5/speed. Defaulting to 10 Gbps.
ip-10-187-1-30:56:56 [0] NCCL INFO Topology detection : could not read /sys/devices/pci0000:00/0000:00:05.0/../max_link_speed, ignoring
ip-10-187-1-30:56:56 [0] NCCL INFO Topology detection : could not read /sys/devices/pci0000:00/0000:00:05.0/../max_link_width, ignoring
ip-10-187-1-30:56:56 [0] NCCL INFO Topology detection : could not read /sys/devices/system/node/node-1/cpumap, ignoring
ip-10-187-1-30:56:56 [0] NCCL INFO NET/Socket : GPU Direct RDMA Disabled for HCA 0 'ens5'
ip-10-187-1-30:56:56 [0] NCCL INFO ncclTopoPopulateNics : Filled ens5 in topo with pciPath=/sys/devices/pci0000:00/0000:00:05.0 net=1 gin=(null) keep=1 coll=(null)
ip-10-187-1-30:56:56 [0] NCCL INFO KV Convert to int : could not find value of 'Unknown' in dictionary, falling back to 60
ip-10-187-1-30:56:56 [0] NCCL INFO === System : maxBw 1.2 totalBw 24.0 ===
ip-10-187-1-30:56:56 [0] NCCL INFO CPU/0-ffffffffffffff (1/2/-1)
ip-10-187-1-30:56:56 [0] NCCL INFO + PCI[24.0] - GPU/0-1e0 (1)
ip-10-187-1-30:56:56 [0] NCCL INFO + PCI[12.0] - NIC/0-50
ip-10-187-1-30:56:56 [0] NCCL INFO               + NET[1.2] - NET/0-0 (0/0/0/1.250000)
ip-10-187-1-30:56:56 [0] NCCL INFO ==========================================
ip-10-187-1-30:56:56 [0] NCCL INFO GPU/0-1e0 :GPU/0-1e0 (0/5000.0/LOC) CPU/0-ffffffffffffff (1/24.0/PHB) NET/0-0 (3/1.2/PHB) 
ip-10-187-1-30:56:56 [0] NCCL INFO NET/0-0 :GPU/0-1e0 (3/1.2/PHB) CPU/0-ffffffffffffff (2/1.2/PHB) NET/0-0 (0/5000.0/LOC) 
ip-10-187-1-30:56:56 [0] NCCL INFO ncclTopoGetCpuAffinity: Affinity for GPU 0 is empty, ignoring. (GPU affinity =  ; CPU affinity = 0-3).
ip-10-187-1-30:56:56 [0] NCCL INFO Pattern 4, crossNic 0, nChannels 1, bw 1.200000/1.200000, type LOC/PHB, sameChannels 1
ip-10-187-1-30:56:56 [0] NCCL INFO  0 : NET/0-0 GPU/0-1e0 NET/0-0
ip-10-187-1-30:56:56 [0] NCCL INFO Pattern 3, crossNic 0, nChannels 1, bw 2.400000/1.200000, type LOC/PHB, sameChannels 1
ip-10-187-1-30:56:56 [0] NCCL INFO  0 : NET/0-0 GPU/0-1e0 NET/0-0
ip-10-187-1-30:56:56 [0] NCCL INFO Could not get speed from /sys/class/net/ens5/speed. Defaulting to 10 Gbps.
ip-10-187-1-30:56:56 [0] NCCL INFO comm 0x5a168a0b6f70 rank 1 nRanks 2 nNodes 2 localRanks 1 localRank 0 MNNVL 0
ip-10-187-1-30:56:56 [0] NCCL INFO Tree 0 : 0 -> 1 -> -1/-1/-1
ip-10-187-1-30:56:56 [0] NCCL INFO Tree 1 : -1 -> 1 -> 0/-1/-1
ip-10-187-1-30:56:56 [0] NCCL INFO Ring 00 : 0 -> 1 -> 0
ip-10-187-1-30:56:56 [0] NCCL INFO Ring 01 : 0 -> 1 -> 0
ip-10-187-1-30:56:56 [0] NCCL INFO Trees [0] -1/-1/-1->1->0 [1] 0/-1/-1->1->-1
ip-10-187-1-30:56:56 [0] NCCL INFO P2P Chunksize set to 131072
ip-10-187-1-30:56:56 [0] NCCL INFO PROFILER/Plugin: Could not find: libnccl-profiler.so
ip-10-187-1-30:56:56 [0] NCCL INFO Check P2P Type isAllDirectP2p 1 directMode 0 isAllCudaP2p 1
ip-10-187-1-30:56:56 [0] NCCL INFO ncclP2pSchedule: group size used is 1
ip-10-187-1-30:56:101 [0] NCCL INFO [Proxy Service UDS] Device 0 CPU core 2
ip-10-187-1-30:56:100 [0] NCCL INFO [Proxy Service] Device 0 CPU core 0
ip-10-187-1-30:56:56 [0] NCCL INFO TUNER/Plugin: Could not find: libnccl-tuner.so
ip-10-187-1-30:56:56 [0] NCCL INFO threadThresholds 8/8/64 | 16/8/64 | 512 | 512
ip-10-187-1-30:56:56 [0] NCCL INFO 2 coll channels, 2 collnet channels, 0 nvls channels, 2 p2p channels, 1 p2p channels per peer
ip-10-187-1-30:56:56 [0] NCCL INFO Symmetric VA size=24GB
ip-10-187-1-30:56:56 [0] NCCL INFO Symmetric memory is not supported. cuMemEnable 1, globalGinSupport 0, globalNicFused 0 cuMemGdrSupport 1
ip-10-187-1-30:56:56 [0] NCCL INFO ncclCommInitRankConfig comm 0x5a168a0b6f70 rank 1 nranks 2 cudaDev 0 nvmlDev 0 busId 1e0 commId 0x84aa19305aa992ba - Init COMPLETE
ip-10-187-1-30:56:56 [0] NCCL INFO Init timings - ncclCommInitRankConfig: rank 1 nranks 2 total 1.76 (kernels 0.18, alloc 0.02, bootstrap 1.11, allgathers 0.44, topo 0.00, graphs 0.00, connections 0.00, rest 0.00)
ip-10-187-1-30:56:100 [0] NCCL INFO New proxy recv connection 0 from local rank 0, transport 2
ip-10-187-1-30:56:102 [0] NCCL INFO [Proxy Progress] Device 0 CPU core 2
ip-10-187-1-30:56:56 [0] NCCL INFO Connected to proxy localRank 0 -> connection 0x7f788c004fa0
ip-10-187-1-30:56:100 [0] NCCL INFO Could not get speed from /sys/class/net/ens5/speed. Defaulting to 10 Gbps.
ip-10-187-1-30:56:100 [0] NCCL INFO NET/Socket: Using 2 threads and 8 sockets per thread
ip-10-187-1-30:56:56 [0] NCCL INFO Channel 01/1 : 0[0] -> 1[0] [receive] via NET/Socket/0/Shared
[rank14]:[W914 14:40:49.507391270 ProcessGroupNCCL.cpp:4215] Warning: An unbatched P2P op (send/recv) was called on this ProcessGroup with size 16.  In lazy initialization mode, this will result in a new 2-rank NCCL communicator to be created. (function operator())
ip-10-187-1-30:56:100 [0] NCCL INFO New proxy send connection 1 from local rank 0, transport 2
ip-10-187-1-30:56:56 [0] NCCL INFO Connected to proxy localRank 0 -> connection 0x7f788c005028
ip-10-187-1-30:56:100 [0] NCCL INFO Could not get speed from /sys/class/net/ens5/speed. Defaulting to 10 Gbps.
ip-10-187-1-30:56:56 [0] NCCL INFO Channel 01/1 : 1[0] -> 0[0] [send] via NET/Socket/0/Shared
{"event": "outer_step_completed", "rank": 14, "completed_outer_steps": 1, "timestamp": "2026-09-14T14:41:01.725484+00:00"}
ip-10-187-1-30:56:56 [0] NCCL INFO Initialized NET plugin Socket
ip-10-187-1-30:56:56 [0] NCCL INFO Could not get speed from /sys/class/net/ens5/speed. Defaulting to 10 Gbps.
ip-10-187-1-30:56:56 [0] NCCL INFO Assigned NET plugin Socket to comm
ip-10-187-1-30:56:56 [0] NCCL INFO Failed to initialize any GIN plugin
ip-10-187-1-30:56:56 [0] NCCL INFO Using network Socket
ip-10-187-1-30:56:56 [0] NCCL INFO [Rank 14] ncclCommInitRankConfig comm 0x5a168e22e8d0 rank 14 nranks 16 cudaDev 0 nvmlDev 0 busId 1e0 commId 0xbcac494dc69e8913 - Init START
ip-10-187-1-30:56:56 [0] NCCL INFO Topology detection : could not read /sys/devices/pci0000:00/0000:00:1e.0/../max_link_speed, ignoring
ip-10-187-1-30:56:56 [0] NCCL INFO Topology detection : could not read /sys/devices/pci0000:00/0000:00:1e.0/../max_link_width, ignoring
ip-10-187-1-30:56:56 [0] NCCL INFO Topology detection : could not read /sys/devices/system/node/node-1/cpumap, ignoring
ip-10-187-1-30:56:56 [0] NCCL INFO TOPO/NET : Importing network plugins to topology
ip-10-187-1-30:56:56 [0] NCCL INFO Could not get speed from /sys/class/net/ens5/speed. Defaulting to 10 Gbps.
ip-10-187-1-30:56:56 [0] NCCL INFO Topology detection : could not read /sys/devices/pci0000:00/0000:00:05.0/../max_link_speed, ignoring
ip-10-187-1-30:56:56 [0] NCCL INFO Topology detection : could not read /sys/devices/pci0000:00/0000:00:05.0/../max_link_width, ignoring
ip-10-187-1-30:56:56 [0] NCCL INFO Topology detection : could not read /sys/devices/system/node/node-1/cpumap, ignoring
ip-10-187-1-30:56:56 [0] NCCL INFO NET/Socket : GPU Direct RDMA Disabled for HCA 0 'ens5'
ip-10-187-1-30:56:56 [0] NCCL INFO ncclTopoPopulateNics : Filled ens5 in topo with pciPath=/sys/devices/pci0000:00/0000:00:05.0 net=1 gin=(null) keep=1 coll=(null)
ip-10-187-1-30:56:56 [0] NCCL INFO KV Convert to int : could not find value of 'Unknown' in dictionary, falling back to 60
ip-10-187-1-30:56:56 [0] NCCL INFO === System : maxBw 1.2 totalBw 24.0 ===
ip-10-187-1-30:56:56 [0] NCCL INFO CPU/0-ffffffffffffff (1/2/-1)
ip-10-187-1-30:56:56 [0] NCCL INFO + PCI[24.0] - GPU/0-1e0 (14)
ip-10-187-1-30:56:56 [0] NCCL INFO + PCI[12.0] - NIC/0-50
ip-10-187-1-30:56:56 [0] NCCL INFO               + NET[1.2] - NET/0-0 (0/0/0/1.250000)
ip-10-187-1-30:56:56 [0] NCCL INFO ==========================================
ip-10-187-1-30:56:56 [0] NCCL INFO GPU/0-1e0 :GPU/0-1e0 (0/5000.0/LOC) CPU/0-ffffffffffffff (1/24.0/PHB) NET/0-0 (3/1.2/PHB) 
ip-10-187-1-30:56:56 [0] NCCL INFO NET/0-0 :GPU/0-1e0 (3/1.2/PHB) CPU/0-ffffffffffffff (2/1.2/PHB) NET/0-0 (0/5000.0/LOC) 
ip-10-187-1-30:56:56 [0] NCCL INFO ncclTopoGetCpuAffinity: Affinity for GPU 0 is empty, ignoring. (GPU affinity =  ; CPU affinity = 0-3).
ip-10-187-1-30:56:56 [0] NCCL INFO Pattern 4, crossNic 0, nChannels 1, bw 1.200000/1.200000, type LOC/PHB, sameChannels 1
ip-10-187-1-30:56:56 [0] NCCL INFO  0 : NET/0-0 GPU/0-1e0 NET/0-0
ip-10-187-1-30:56:56 [0] NCCL INFO Pattern 3, crossNic 0, nChannels 1, bw 2.400000/1.200000, type LOC/PHB, sameChannels 1
ip-10-187-1-30:56:56 [0] NCCL INFO  0 : NET/0-0 GPU/0-1e0 NET/0-0
ip-10-187-1-30:56:56 [0] NCCL INFO Could not get speed from /sys/class/net/ens5/speed. Defaulting to 10 Gbps.
ip-10-187-1-30:56:56 [0] NCCL INFO comm 0x5a168e22e8d0 rank 14 nRanks 16 nNodes 16 localRanks 1 localRank 0 MNNVL 0
ip-10-187-1-30:56:56 [0] NCCL INFO Tree 0 : 12 -> 14 -> 13/15/-1
ip-10-187-1-30:56:56 [0] NCCL INFO Tree 1 : 13 -> 14 -> -1/-1/-1
ip-10-187-1-30:56:56 [0] NCCL INFO Ring 00 : 13 -> 14 -> 15
ip-10-187-1-30:56:56 [0] NCCL INFO Ring 01 : 13 -> 14 -> 15
ip-10-187-1-30:56:56 [0] NCCL INFO Trees [0] 13/15/-1->14->12 [1] -1/-1/-1->14->13
ip-10-187-1-30:56:56 [0] NCCL INFO P2P Chunksize set to 131072
ip-10-187-1-30:56:56 [0] NCCL INFO Check P2P Type isAllDirectP2p 1 directMode 0 isAllCudaP2p 1
ip-10-187-1-30:56:56 [0] NCCL INFO ncclP2pSchedule: group size used is 1
ip-10-187-1-30:56:108 [0] NCCL INFO [Proxy Service UDS] Device 0 CPU core 1
ip-10-187-1-30:56:107 [0] NCCL INFO [Proxy Service] Device 0 CPU core 1
ip-10-187-1-30:56:56 [0] NCCL INFO threadThresholds 8/8/64 | 128/8/64 | 512 | 512
ip-10-187-1-30:56:56 [0] NCCL INFO 2 coll channels, 2 collnet channels, 0 nvls channels, 2 p2p channels, 1 p2p channels per peer
ip-10-187-1-30:56:56 [0] NCCL INFO Symmetric VA size=24GB
ip-10-187-1-30:56:56 [0] NCCL INFO Symmetric memory is not supported. cuMemEnable 1, globalGinSupport 0, globalNicFused 0 cuMemGdrSupport 1
ip-10-187-1-30:56:56 [0] NCCL INFO ncclCommInitRankConfig comm 0x5a168e22e8d0 rank 14 nranks 16 cudaDev 0 nvmlDev 0 busId 1e0 commId 0xbcac494dc69e8913 - Init COMPLETE
ip-10-187-1-30:56:56 [0] NCCL INFO Init timings - ncclCommInitRankConfig: rank 14 nranks 16 total 32.86 (kernels 0.00, alloc 0.00, bootstrap 29.75, allgathers 3.10, topo 0.00, graphs 0.00, connections 0.00, rest 0.00)
ip-10-187-1-30:56:107 [0] NCCL INFO New proxy recv connection 0 from local rank 0, transport 2
ip-10-187-1-30:56:109 [0] NCCL INFO [Proxy Progress] Device 0 CPU core 2
ip-10-187-1-30:56:56 [0] NCCL INFO Connected to proxy localRank 0 -> connection 0x7f7858004f70
ip-10-187-1-30:56:107 [0] NCCL INFO Could not get speed from /sys/class/net/ens5/speed. Defaulting to 10 Gbps.
ip-10-187-1-30:56:107 [0] NCCL INFO NET/Socket: Using 2 threads and 8 sockets per thread
ip-10-187-1-30:56:56 [0] NCCL INFO Channel 00/0 : 13[0] -> 14[0] [receive] via NET/Socket/0
ip-10-187-1-30:56:107 [0] NCCL INFO New proxy recv connection 1 from local rank 0, transport 2
ip-10-187-1-30:56:56 [0] NCCL INFO Connected to proxy localRank 0 -> connection 0x7f7858004ff8
ip-10-187-1-30:56:107 [0] NCCL INFO Could not get speed from /sys/class/net/ens5/speed. Defaulting to 10 Gbps.
ip-10-187-1-30:56:107 [0] NCCL INFO NET/Socket: Using 2 threads and 8 sockets per thread
ip-10-187-1-30:56:56 [0] NCCL INFO Channel 01/0 : 13[0] -> 14[0] [receive] via NET/Socket/0
ip-10-187-1-30:56:107 [0] NCCL INFO New proxy send connection 2 from local rank 0, transport 2
ip-10-187-1-30:56:56 [0] NCCL INFO Connected to proxy localRank 0 -> connection 0x7f7858005080
ip-10-187-1-30:56:107 [0] NCCL INFO Could not get speed from /sys/class/net/ens5/speed. Defaulting to 10 Gbps.
ip-10-187-1-30:56:56 [0] NCCL INFO Channel 00/0 : 14[0] -> 15[0] [send] via NET/Socket/0
ip-10-187-1-30:56:107 [0] NCCL INFO New proxy recv connection 3 from local rank 0, transport 2
ip-10-187-1-30:56:56 [0] NCCL INFO Connected to proxy localRank 0 -> connection 0x7f7858005108
ip-10-187-1-30:56:107 [0] NCCL INFO Could not get speed from /sys/class/net/ens5/speed. Defaulting to 10 Gbps.
ip-10-187-1-30:56:107 [0] NCCL INFO NET/Socket: Using 2 threads and 8 sockets per thread
ip-10-187-1-30:56:56 [0] NCCL INFO Channel 00/0 : 12[0] -> 14[0] [receive] via NET/Socket/0
ip-10-187-1-30:56:107 [0] NCCL INFO New proxy send connection 4 from local rank 0, transport 2
ip-10-187-1-30:56:56 [0] NCCL INFO Connected to proxy localRank 0 -> connection 0x7f7858005190
ip-10-187-1-30:56:107 [0] NCCL INFO Could not get speed from /sys/class/net/ens5/speed. Defaulting to 10 Gbps.
ip-10-187-1-30:56:56 [0] NCCL INFO Channel 00/0 : 14[0] -> 12[0] [send] via NET/Socket/0
ip-10-187-1-30:56:107 [0] NCCL INFO New proxy recv connection 5 from local rank 0, transport 2
ip-10-187-1-30:56:56 [0] NCCL INFO Connected to proxy localRank 0 -> connection 0x7f7858005218
ip-10-187-1-30:56:107 [0] NCCL INFO Could not get speed from /sys/class/net/ens5/speed. Defaulting to 10 Gbps.
ip-10-187-1-30:56:107 [0] NCCL INFO NET/Socket: Using 2 threads and 8 sockets per thread
ip-10-187-1-30:56:56 [0] NCCL INFO Channel 00/0 : 15[0] -> 14[0] [receive] via NET/Socket/0
ip-10-187-1-30:56:107 [0] NCCL INFO New proxy send connection 6 from local rank 0, transport 2
ip-10-187-1-30:56:56 [0] NCCL INFO Connected to proxy localRank 0 -> connection 0x7f78580052a0
ip-10-187-1-30:56:107 [0] NCCL INFO Could not get speed from /sys/class/net/ens5/speed. Defaulting to 10 Gbps.
ip-10-187-1-30:56:56 [0] NCCL INFO Channel 00/0 : 14[0] -> 13[0] [send] via NET/Socket/0
ip-10-187-1-30:56:107 [0] NCCL INFO New proxy send connection 7 from local rank 0, transport 2
ip-10-187-1-30:56:56 [0] NCCL INFO Connected to proxy localRank 0 -> connection 0x7f7858005328
ip-10-187-1-30:56:107 [0] NCCL INFO Could not get speed from /sys/class/net/ens5/speed. Defaulting to 10 Gbps.
ip-10-187-1-30:56:56 [0] NCCL INFO Channel 01/0 : 14[0] -> 13[0] [send] via NET/Socket/0
ip-10-187-1-30:56:56 [0] NCCL INFO Connected all trees
ip-10-187-1-30:56:56 [0] NCCL INFO Initialized NET plugin Socket
ip-10-187-1-30:56:56 [0] NCCL INFO Could not get speed from /sys/class/net/ens5/speed. Defaulting to 10 Gbps.
ip-10-187-1-30:56:56 [0] NCCL INFO Assigned NET plugin Socket to comm
ip-10-187-1-30:56:56 [0] NCCL INFO Failed to initialize any GIN plugin
ip-10-187-1-30:56:56 [0] NCCL INFO Using network Socket
ip-10-187-1-30:56:56 [0] NCCL INFO [Rank 1] ncclCommInitRankConfig comm 0x5a168e5bbd80 rank 1 nranks 2 cudaDev 0 nvmlDev 0 busId 1e0 commId 0x2834f9017a64a33f - Init START
ip-10-187-1-30:56:56 [0] NCCL INFO Topology detection : could not read /sys/devices/pci0000:00/0000:00:1e.0/../max_link_speed, ignoring
ip-10-187-1-30:56:56 [0] NCCL INFO Topology detection : could not read /sys/devices/pci0000:00/0000:00:1e.0/../max_link_width, ignoring
ip-10-187-1-30:56:56 [0] NCCL INFO Topology detection : could not read /sys/devices/system/node/node-1/cpumap, ignoring
ip-10-187-1-30:56:56 [0] NCCL INFO TOPO/NET : Importing network plugins to topology
ip-10-187-1-30:56:56 [0] NCCL INFO Could not get speed from /sys/class/net/ens5/speed. Defaulting to 10 Gbps.
ip-10-187-1-30:56:56 [0] NCCL INFO Topology detection : could not read /sys/devices/pci0000:00/0000:00:05.0/../max_link_speed, ignoring
ip-10-187-1-30:56:56 [0] NCCL INFO Topology detection : could not read /sys/devices/pci0000:00/0000:00:05.0/../max_link_width, ignoring
ip-10-187-1-30:56:56 [0] NCCL INFO Topology detection : could not read /sys/devices/system/node/node-1/cpumap, ignoring
ip-10-187-1-30:56:56 [0] NCCL INFO NET/Socket : GPU Direct RDMA Disabled for HCA 0 'ens5'
ip-10-187-1-30:56:56 [0] NCCL INFO ncclTopoPopulateNics : Filled ens5 in topo with pciPath=/sys/devices/pci0000:00/0000:00:05.0 net=1 gin=(null) keep=1 coll=(null)
ip-10-187-1-30:56:56 [0] NCCL INFO KV Convert to int : could not find value of 'Unknown' in dictionary, falling back to 60
ip-10-187-1-30:56:56 [0] NCCL INFO === System : maxBw 1.2 totalBw 24.0 ===
ip-10-187-1-30:56:56 [0] NCCL INFO CPU/0-ffffffffffffff (1/2/-1)
ip-10-187-1-30:56:56 [0] NCCL INFO + PCI[24.0] - GPU/0-1e0 (1)
ip-10-187-1-30:56:56 [0] NCCL INFO + PCI[12.0] - NIC/0-50
ip-10-187-1-30:56:56 [0] NCCL INFO               + NET[1.2] - NET/0-0 (0/0/0/1.250000)
ip-10-187-1-30:56:56 [0] NCCL INFO ==========================================
ip-10-187-1-30:56:56 [0] NCCL INFO GPU/0-1e0 :GPU/0-1e0 (0/5000.0/LOC) CPU/0-ffffffffffffff (1/24.0/PHB) NET/0-0 (3/1.2/PHB) 
ip-10-187-1-30:56:56 [0] NCCL INFO NET/0-0 :GPU/0-1e0 (3/1.2/PHB) CPU/0-ffffffffffffff (2/1.2/PHB) NET/0-0 (0/5000.0/LOC) 
ip-10-187-1-30:56:56 [0] NCCL INFO ncclTopoGetCpuAffinity: Affinity for GPU 0 is empty, ignoring. (GPU affinity =  ; CPU affinity = 0-3).
ip-10-187-1-30:56:56 [0] NCCL INFO Pattern 4, crossNic 0, nChannels 1, bw 1.200000/1.200000, type LOC/PHB, sameChannels 1
ip-10-187-1-30:56:56 [0] NCCL INFO  0 : NET/0-0 GPU/0-1e0 NET/0-0
ip-10-187-1-30:56:56 [0] NCCL INFO Pattern 3, crossNic 0, nChannels 1, bw 2.400000/1.200000, type LOC/PHB, sameChannels 1
ip-10-187-1-30:56:56 [0] NCCL INFO  0 : NET/0-0 GPU/0-1e0 NET/0-0
ip-10-187-1-30:56:56 [0] NCCL INFO Could not get speed from /sys/class/net/ens5/speed. Defaulting to 10 Gbps.
ip-10-187-1-30:56:56 [0] NCCL INFO comm 0x5a168e5bbd80 rank 1 nRanks 2 nNodes 2 localRanks 1 localRank 0 MNNVL 0
ip-10-187-1-30:56:56 [0] NCCL INFO Tree 0 : 0 -> 1 -> -1/-1/-1
ip-10-187-1-30:56:56 [0] NCCL INFO Tree 1 : -1 -> 1 -> 0/-1/-1
ip-10-187-1-30:56:56 [0] NCCL INFO Ring 00 : 0 -> 1 -> 0
ip-10-187-1-30:56:56 [0] NCCL INFO Ring 01 : 0 -> 1 -> 0
ip-10-187-1-30:56:56 [0] NCCL INFO Trees [0] -1/-1/-1->1->0 [1] 0/-1/-1->1->-1
ip-10-187-1-30:56:56 [0] NCCL INFO P2P Chunksize set to 131072
ip-10-187-1-30:56:56 [0] NCCL INFO Check P2P Type isAllDirectP2p 1 directMode 0 isAllCudaP2p 1
ip-10-187-1-30:56:56 [0] NCCL INFO ncclP2pSchedule: group size used is 1
ip-10-187-1-30:56:110 [0] NCCL INFO [Proxy Service] Device 0 CPU core 1
ip-10-187-1-30:56:111 [0] NCCL INFO [Proxy Service UDS] Device 0 CPU core 1
ip-10-187-1-30:56:56 [0] NCCL INFO threadThresholds 8/8/64 | 16/8/64 | 512 | 512
ip-10-187-1-30:56:56 [0] NCCL INFO 2 coll channels, 2 collnet channels, 0 nvls channels, 2 p2p channels, 1 p2p channels per peer
ip-10-187-1-30:56:56 [0] NCCL INFO Symmetric VA size=24GB
ip-10-187-1-30:56:56 [0] NCCL INFO Symmetric memory is not supported. cuMemEnable 1, globalGinSupport 0, globalNicFused 0 cuMemGdrSupport 1
ip-10-187-1-30:56:56 [0] NCCL INFO ncclCommInitRankConfig comm 0x5a168e5bbd80 rank 1 nranks 2 cudaDev 0 nvmlDev 0 busId 1e0 commId 0x2834f9017a64a33f - Init COMPLETE
ip-10-187-1-30:56:56 [0] NCCL INFO Init timings - ncclCommInitRankConfig: rank 1 nranks 2 total 1.37 (kernels 0.00, alloc 0.00, bootstrap 0.97, allgathers 0.40, topo 0.00, graphs 0.00, connections 0.00, rest 0.00)
ip-10-187-1-30:56:110 [0] NCCL INFO New proxy recv connection 0 from local rank 0, transport 2
ip-10-187-1-30:56:112 [0] NCCL INFO [Proxy Progress] Device 0 CPU core 2
ip-10-187-1-30:56:56 [0] NCCL INFO Connected to proxy localRank 0 -> connection 0x7f782c004f70
ip-10-187-1-30:56:110 [0] NCCL INFO Could not get speed from /sys/class/net/ens5/speed. Defaulting to 10 Gbps.
ip-10-187-1-30:56:110 [0] NCCL INFO NET/Socket: Using 2 threads and 8 sockets per thread
ip-10-187-1-30:56:56 [0] NCCL INFO Channel 01/1 : 0[0] -> 1[0] [receive] via NET/Socket/0/Shared
ip-10-187-1-30:56:110 [0] NCCL INFO New proxy send connection 1 from local rank 0, transport 2
ip-10-187-1-30:56:56 [0] NCCL INFO Connected to proxy localRank 0 -> connection 0x7f782c004ff8
ip-10-187-1-30:56:110 [0] NCCL INFO Could not get speed from /sys/class/net/ens5/speed. Defaulting to 10 Gbps.
ip-10-187-1-30:56:56 [0] NCCL INFO Channel 01/1 : 1[0] -> 0[0] [send] via NET/Socket/0/Shared
ip-10-187-1-30:56:56 [0] NCCL INFO Initialized NET plugin Socket
ip-10-187-1-30:56:56 [0] NCCL INFO Could not get speed from /sys/class/net/ens5/speed. Defaulting to 10 Gbps.
ip-10-187-1-30:56:56 [0] NCCL INFO Assigned NET plugin Socket to comm
ip-10-187-1-30:56:56 [0] NCCL INFO Failed to initialize any GIN plugin
ip-10-187-1-30:56:56 [0] NCCL INFO Using network Socket
ip-10-187-1-30:56:56 [0] NCCL INFO [Rank 1] ncclCommInitRankConfig comm 0x5a168e6e0b70 rank 1 nranks 2 cudaDev 0 nvmlDev 0 busId 1e0 commId 0x970c573554f05848 - Init START
ip-10-187-1-30:56:56 [0] NCCL INFO Topology detection : could not read /sys/devices/pci0000:00/0000:00:1e.0/../max_link_speed, ignoring
ip-10-187-1-30:56:56 [0] NCCL INFO Topology detection : could not read /sys/devices/pci0000:00/0000:00:1e.0/../max_link_width, ignoring
ip-10-187-1-30:56:56 [0] NCCL INFO Topology detection : could not read /sys/devices/system/node/node-1/cpumap, ignoring
ip-10-187-1-30:56:56 [0] NCCL INFO TOPO/NET : Importing network plugins to topology
ip-10-187-1-30:56:56 [0] NCCL INFO Could not get speed from /sys/class/net/ens5/speed. Defaulting to 10 Gbps.
ip-10-187-1-30:56:56 [0] NCCL INFO Topology detection : could not read /sys/devices/pci0000:00/0000:00:05.0/../max_link_speed, ignoring
ip-10-187-1-30:56:56 [0] NCCL INFO Topology detection : could not read /sys/devices/pci0000:00/0000:00:05.0/../max_link_width, ignoring
ip-10-187-1-30:56:56 [0] NCCL INFO Topology detection : could not read /sys/devices/system/node/node-1/cpumap, ignoring
ip-10-187-1-30:56:56 [0] NCCL INFO NET/Socket : GPU Direct RDMA Disabled for HCA 0 'ens5'
ip-10-187-1-30:56:56 [0] NCCL INFO ncclTopoPopulateNics : Filled ens5 in topo with pciPath=/sys/devices/pci0000:00/0000:00:05.0 net=1 gin=(null) keep=1 coll=(null)
ip-10-187-1-30:56:56 [0] NCCL INFO KV Convert to int : could not find value of 'Unknown' in dictionary, falling back to 60
ip-10-187-1-30:56:56 [0] NCCL INFO === System : maxBw 1.2 totalBw 24.0 ===
ip-10-187-1-30:56:56 [0] NCCL INFO CPU/0-ffffffffffffff (1/2/-1)
ip-10-187-1-30:56:56 [0] NCCL INFO + PCI[24.0] - GPU/0-1e0 (1)
ip-10-187-1-30:56:56 [0] NCCL INFO + PCI[12.0] - NIC/0-50
ip-10-187-1-30:56:56 [0] NCCL INFO               + NET[1.2] - NET/0-0 (0/0/0/1.250000)
ip-10-187-1-30:56:56 [0] NCCL INFO ==========================================
ip-10-187-1-30:56:56 [0] NCCL INFO GPU/0-1e0 :GPU/0-1e0 (0/5000.0/LOC) CPU/0-ffffffffffffff (1/24.0/PHB) NET/0-0 (3/1.2/PHB) 
ip-10-187-1-30:56:56 [0] NCCL INFO NET/0-0 :GPU/0-1e0 (3/1.2/PHB) CPU/0-ffffffffffffff (2/1.2/PHB) NET/0-0 (0/5000.0/LOC) 
ip-10-187-1-30:56:56 [0] NCCL INFO ncclTopoGetCpuAffinity: Affinity for GPU 0 is empty, ignoring. (GPU affinity =  ; CPU affinity = 0-3).
ip-10-187-1-30:56:56 [0] NCCL INFO Pattern 4, crossNic 0, nChannels 1, bw 1.200000/1.200000, type LOC/PHB, sameChannels 1
ip-10-187-1-30:56:56 [0] NCCL INFO  0 : NET/0-0 GPU/0-1e0 NET/0-0
ip-10-187-1-30:56:56 [0] NCCL INFO Pattern 3, crossNic 0, nChannels 1, bw 2.400000/1.200000, type LOC/PHB, sameChannels 1
ip-10-187-1-30:56:56 [0] NCCL INFO  0 : NET/0-0 GPU/0-1e0 NET/0-0
ip-10-187-1-30:56:56 [0] NCCL INFO Could not get speed from /sys/class/net/ens5/speed. Defaulting to 10 Gbps.
ip-10-187-1-30:56:56 [0] NCCL INFO comm 0x5a168e6e0b70 rank 1 nRanks 2 nNodes 2 localRanks 1 localRank 0 MNNVL 0
ip-10-187-1-30:56:56 [0] NCCL INFO Tree 0 : 0 -> 1 -> -1/-1/-1
ip-10-187-1-30:56:56 [0] NCCL INFO Tree 1 : -1 -> 1 -> 0/-1/-1
ip-10-187-1-30:56:56 [0] NCCL INFO Ring 00 : 0 -> 1 -> 0
ip-10-187-1-30:56:56 [0] NCCL INFO Ring 01 : 0 -> 1 -> 0
ip-10-187-1-30:56:56 [0] NCCL INFO Trees [0] -1/-1/-1->1->0 [1] 0/-1/-1->1->-1
ip-10-187-1-30:56:56 [0] NCCL INFO P2P Chunksize set to 131072
ip-10-187-1-30:56:56 [0] NCCL INFO Check P2P Type isAllDirectP2p 1 directMode 0 isAllCudaP2p 1
ip-10-187-1-30:56:56 [0] NCCL INFO ncclP2pSchedule: group size used is 1
ip-10-187-1-30:56:117 [0] NCCL INFO [Proxy Service] Device 0 CPU core 1
ip-10-187-1-30:56:118 [0] NCCL INFO [Proxy Service UDS] Device 0 CPU core 1
ip-10-187-1-30:56:56 [0] NCCL INFO threadThresholds 8/8/64 | 16/8/64 | 512 | 512
ip-10-187-1-30:56:56 [0] NCCL INFO 2 coll channels, 2 collnet channels, 0 nvls channels, 2 p2p channels, 1 p2p channels per peer
ip-10-187-1-30:56:56 [0] NCCL INFO Symmetric VA size=24GB
ip-10-187-1-30:56:56 [0] NCCL INFO Symmetric memory is not supported. cuMemEnable 1, globalGinSupport 0, globalNicFused 0 cuMemGdrSupport 1
ip-10-187-1-30:56:56 [0] NCCL INFO ncclCommInitRankConfig comm 0x5a168e6e0b70 rank 1 nranks 2 cudaDev 0 nvmlDev 0 busId 1e0 commId 0x970c573554f05848 - Init COMPLETE
ip-10-187-1-30:56:56 [0] NCCL INFO Init timings - ncclCommInitRankConfig: rank 1 nranks 2 total 1.55 (kernels 0.00, alloc 0.00, bootstrap 1.10, allgathers 0.44, topo 0.00, graphs 0.00, connections 0.00, rest 0.00)
ip-10-187-1-30:56:117 [0] NCCL INFO New proxy recv connection 0 from local rank 0, transport 2
ip-10-187-1-30:56:119 [0] NCCL INFO [Proxy Progress] Device 0 CPU core 2
ip-10-187-1-30:56:56 [0] NCCL INFO Connected to proxy localRank 0 -> connection 0x7f7818004f70
ip-10-187-1-30:56:117 [0] NCCL INFO Could not get speed from /sys/class/net/ens5/speed. Defaulting to 10 Gbps.
ip-10-187-1-30:56:117 [0] NCCL INFO NET/Socket: Using 2 threads and 8 sockets per thread
ip-10-187-1-30:56:56 [0] NCCL INFO Channel 01/1 : 0[0] -> 1[0] [receive] via NET/Socket/0/Shared
ip-10-187-1-30:56:117 [0] NCCL INFO New proxy send connection 1 from local rank 0, transport 2
ip-10-187-1-30:56:56 [0] NCCL INFO Connected to proxy localRank 0 -> connection 0x7f7818004ff8
ip-10-187-1-30:56:117 [0] NCCL INFO Could not get speed from /sys/class/net/ens5/speed. Defaulting to 10 Gbps.
ip-10-187-1-30:56:56 [0] NCCL INFO Channel 01/1 : 1[0] -> 0[0] [send] via NET/Socket/0/Shared
ip-10-187-1-30:56:56 [0] NCCL INFO Initialized NET plugin Socket
ip-10-187-1-30:56:56 [0] NCCL INFO Could not get speed from /sys/class/net/ens5/speed. Defaulting to 10 Gbps.
ip-10-187-1-30:56:56 [0] NCCL INFO Assigned NET plugin Socket to comm
ip-10-187-1-30:56:56 [0] NCCL INFO Failed to initialize any GIN plugin
ip-10-187-1-30:56:56 [0] NCCL INFO Using network Socket
ip-10-187-1-30:56:56 [0] NCCL INFO [Rank 1] ncclCommInitRankConfig comm 0x5a168ed8f770 rank 1 nranks 2 cudaDev 0 nvmlDev 0 busId 1e0 commId 0xbe0e7e6eaddc46b6 - Init START
ip-10-187-1-30:56:56 [0] NCCL INFO Topology detection : could not read /sys/devices/pci0000:00/0000:00:1e.0/../max_link_speed, ignoring
ip-10-187-1-30:56:56 [0] NCCL INFO Topology detection : could not read /sys/devices/pci0000:00/0000:00:1e.0/../max_link_width, ignoring
ip-10-187-1-30:56:56 [0] NCCL INFO Topology detection : could not read /sys/devices/system/node/node-1/cpumap, ignoring
ip-10-187-1-30:56:56 [0] NCCL INFO TOPO/NET : Importing network plugins to topology
ip-10-187-1-30:56:56 [0] NCCL INFO Could not get speed from /sys/class/net/ens5/speed. Defaulting to 10 Gbps.
ip-10-187-1-30:56:56 [0] NCCL INFO Topology detection : could not read /sys/devices/pci0000:00/0000:00:05.0/../max_link_speed, ignoring
ip-10-187-1-30:56:56 [0] NCCL INFO Topology detection : could not read /sys/devices/pci0000:00/0000:00:05.0/../max_link_width, ignoring
ip-10-187-1-30:56:56 [0] NCCL INFO Topology detection : could not read /sys/devices/system/node/node-1/cpumap, ignoring
ip-10-187-1-30:56:56 [0] NCCL INFO NET/Socket : GPU Direct RDMA Disabled for HCA 0 'ens5'
ip-10-187-1-30:56:56 [0] NCCL INFO ncclTopoPopulateNics : Filled ens5 in topo with pciPath=/sys/devices/pci0000:00/0000:00:05.0 net=1 gin=(null) keep=1 coll=(null)
ip-10-187-1-30:56:56 [0] NCCL INFO KV Convert to int : could not find value of 'Unknown' in dictionary, falling back to 60
ip-10-187-1-30:56:56 [0] NCCL INFO === System : maxBw 1.2 totalBw 24.0 ===
ip-10-187-1-30:56:56 [0] NCCL INFO CPU/0-ffffffffffffff (1/2/-1)
ip-10-187-1-30:56:56 [0] NCCL INFO + PCI[24.0] - GPU/0-1e0 (1)
ip-10-187-1-30:56:56 [0] NCCL INFO + PCI[12.0] - NIC/0-50
ip-10-187-1-30:56:56 [0] NCCL INFO               + NET[1.2] - NET/0-0 (0/0/0/1.250000)
ip-10-187-1-30:56:56 [0] NCCL INFO ==========================================
ip-10-187-1-30:56:56 [0] NCCL INFO GPU/0-1e0 :GPU/0-1e0 (0/5000.0/LOC) CPU/0-ffffffffffffff (1/24.0/PHB) NET/0-0 (3/1.2/PHB) 
ip-10-187-1-30:56:56 [0] NCCL INFO NET/0-0 :GPU/0-1e0 (3/1.2/PHB) CPU/0-ffffffffffffff (2/1.2/PHB) NET/0-0 (0/5000.0/LOC) 
ip-10-187-1-30:56:56 [0] NCCL INFO ncclTopoGetCpuAffinity: Affinity for GPU 0 is empty, ignoring. (GPU affinity =  ; CPU affinity = 0-3).
ip-10-187-1-30:56:56 [0] NCCL INFO Pattern 4, crossNic 0, nChannels 1, bw 1.200000/1.200000, type LOC/PHB, sameChannels 1
ip-10-187-1-30:56:56 [0] NCCL INFO  0 : NET/0-0 GPU/0-1e0 NET/0-0
ip-10-187-1-30:56:56 [0] NCCL INFO Pattern 3, crossNic 0, nChannels 1, bw 2.400000/1.200000, type LOC/PHB, sameChannels 1
ip-10-187-1-30:56:56 [0] NCCL INFO  0 : NET/0-0 GPU/0-1e0 NET/0-0
ip-10-187-1-30:56:56 [0] NCCL INFO Could not get speed from /sys/class/net/ens5/speed. Defaulting to 10 Gbps.
ip-10-187-1-30:56:56 [0] NCCL INFO comm 0x5a168ed8f770 rank 1 nRanks 2 nNodes 2 localRanks 1 localRank 0 MNNVL 0
ip-10-187-1-30:56:56 [0] NCCL INFO Tree 0 : 0 -> 1 -> -1/-1/-1
ip-10-187-1-30:56:56 [0] NCCL INFO Tree 1 : -1 -> 1 -> 0/-1/-1
ip-10-187-1-30:56:56 [0] NCCL INFO Ring 00 : 0 -> 1 -> 0
ip-10-187-1-30:56:56 [0] NCCL INFO Ring 01 : 0 -> 1 -> 0
ip-10-187-1-30:56:56 [0] NCCL INFO Trees [0] -1/-1/-1->1->0 [1] 0/-1/-1->1->-1
ip-10-187-1-30:56:56 [0] NCCL INFO P2P Chunksize set to 131072
ip-10-187-1-30:56:56 [0] NCCL INFO Check P2P Type isAllDirectP2p 1 directMode 0 isAllCudaP2p 1
ip-10-187-1-30:56:124 [0] NCCL INFO [Proxy Service] Device 0 CPU core 2
ip-10-187-1-30:56:125 [0] NCCL INFO [Proxy Service UDS] Device 0 CPU core 3
ip-10-187-1-30:56:56 [0] NCCL INFO ncclP2pSchedule: group size used is 1
ip-10-187-1-30:56:56 [0] NCCL INFO threadThresholds 8/8/64 | 16/8/64 | 512 | 512
ip-10-187-1-30:56:56 [0] NCCL INFO 2 coll channels, 2 collnet channels, 0 nvls channels, 2 p2p channels, 1 p2p channels per peer
ip-10-187-1-30:56:56 [0] NCCL INFO Symmetric VA size=24GB
ip-10-187-1-30:56:56 [0] NCCL INFO Symmetric memory is not supported. cuMemEnable 1, globalGinSupport 0, globalNicFused 0 cuMemGdrSupport 1
ip-10-187-1-30:56:56 [0] NCCL INFO ncclCommInitRankConfig comm 0x5a168ed8f770 rank 1 nranks 2 cudaDev 0 nvmlDev 0 busId 1e0 commId 0xbe0e7e6eaddc46b6 - Init COMPLETE
ip-10-187-1-30:56:56 [0] NCCL INFO Init timings - ncclCommInitRankConfig: rank 1 nranks 2 total 1.21 (kernels 0.00, alloc 0.00, bootstrap 0.86, allgathers 0.34, topo 0.00, graphs 0.00, connections 0.00, rest 0.00)
ip-10-187-1-30:56:124 [0] NCCL INFO New proxy recv connection 0 from local rank 0, transport 2
ip-10-187-1-30:56:126 [0] NCCL INFO [Proxy Progress] Device 0 CPU core 0
ip-10-187-1-30:56:56 [0] NCCL INFO Connected to proxy localRank 0 -> connection 0x5a168e87ffe0
ip-10-187-1-30:56:124 [0] NCCL INFO Could not get speed from /sys/class/net/ens5/speed. Defaulting to 10 Gbps.
ip-10-187-1-30:56:124 [0] NCCL INFO NET/Socket: Using 2 threads and 8 sockets per thread
ip-10-187-1-30:56:56 [0] NCCL INFO Channel 01/1 : 0[0] -> 1[0] [receive] via NET/Socket/0/Shared
ip-10-187-1-30:56:124 [0] NCCL INFO New proxy send connection 1 from local rank 0, transport 2
ip-10-187-1-30:56:56 [0] NCCL INFO Connected to proxy localRank 0 -> connection 0x5a168e880068
ip-10-187-1-30:56:124 [0] NCCL INFO Could not get speed from /sys/class/net/ens5/speed. Defaulting to 10 Gbps.
ip-10-187-1-30:56:56 [0] NCCL INFO Channel 01/1 : 1[0] -> 0[0] [send] via NET/Socket/0/Shared
ip-10-187-1-30:56:56 [0] NCCL INFO Initialized NET plugin Socket
ip-10-187-1-30:56:56 [0] NCCL INFO Could not get speed from /sys/class/net/ens5/speed. Defaulting to 10 Gbps.
ip-10-187-1-30:56:56 [0] NCCL INFO Assigned NET plugin Socket to comm
ip-10-187-1-30:56:56 [0] NCCL INFO Failed to initialize any GIN plugin
ip-10-187-1-30:56:56 [0] NCCL INFO Using network Socket
ip-10-187-1-30:56:56 [0] NCCL INFO [Rank 1] ncclCommInitRankConfig comm 0x5a168e8cda40 rank 1 nranks 2 cudaDev 0 nvmlDev 0 busId 1e0 commId 0x8c82b9f55986c754 - Init START
ip-10-187-1-30:56:56 [0] NCCL INFO Topology detection : could not read /sys/devices/pci0000:00/0000:00:1e.0/../max_link_speed, ignoring
ip-10-187-1-30:56:56 [0] NCCL INFO Topology detection : could not read /sys/devices/pci0000:00/0000:00:1e.0/../max_link_width, ignoring
ip-10-187-1-30:56:56 [0] NCCL INFO Topology detection : could not read /sys/devices/system/node/node-1/cpumap, ignoring
ip-10-187-1-30:56:56 [0] NCCL INFO TOPO/NET : Importing network plugins to topology
ip-10-187-1-30:56:56 [0] NCCL INFO Could not get speed from /sys/class/net/ens5/speed. Defaulting to 10 Gbps.
ip-10-187-1-30:56:56 [0] NCCL INFO Topology detection : could not read /sys/devices/pci0000:00/0000:00:05.0/../max_link_speed, ignoring
ip-10-187-1-30:56:56 [0] NCCL INFO Topology detection : could not read /sys/devices/pci0000:00/0000:00:05.0/../max_link_width, ignoring
ip-10-187-1-30:56:56 [0] NCCL INFO Topology detection : could not read /sys/devices/system/node/node-1/cpumap, ignoring
ip-10-187-1-30:56:56 [0] NCCL INFO NET/Socket : GPU Direct RDMA Disabled for HCA 0 'ens5'
ip-10-187-1-30:56:56 [0] NCCL INFO ncclTopoPopulateNics : Filled ens5 in topo with pciPath=/sys/devices/pci0000:00/0000:00:05.0 net=1 gin=(null) keep=1 coll=(null)
ip-10-187-1-30:56:56 [0] NCCL INFO KV Convert to int : could not find value of 'Unknown' in dictionary, falling back to 60
ip-10-187-1-30:56:56 [0] NCCL INFO === System : maxBw 1.2 totalBw 24.0 ===
ip-10-187-1-30:56:56 [0] NCCL INFO CPU/0-ffffffffffffff (1/2/-1)
ip-10-187-1-30:56:56 [0] NCCL INFO + PCI[24.0] - GPU/0-1e0 (1)
ip-10-187-1-30:56:56 [0] NCCL INFO + PCI[12.0] - NIC/0-50
ip-10-187-1-30:56:56 [0] NCCL INFO               + NET[1.2] - NET/0-0 (0/0/0/1.250000)
ip-10-187-1-30:56:56 [0] NCCL INFO ==========================================
ip-10-187-1-30:56:56 [0] NCCL INFO GPU/0-1e0 :GPU/0-1e0 (0/5000.0/LOC) CPU/0-ffffffffffffff (1/24.0/PHB) NET/0-0 (3/1.2/PHB) 
ip-10-187-1-30:56:56 [0] NCCL INFO NET/0-0 :GPU/0-1e0 (3/1.2/PHB) CPU/0-ffffffffffffff (2/1.2/PHB) NET/0-0 (0/5000.0/LOC) 
ip-10-187-1-30:56:56 [0] NCCL INFO ncclTopoGetCpuAffinity: Affinity for GPU 0 is empty, ignoring. (GPU affinity =  ; CPU affinity = 0-3).
ip-10-187-1-30:56:56 [0] NCCL INFO Pattern 4, crossNic 0, nChannels 1, bw 1.200000/1.200000, type LOC/PHB, sameChannels 1
ip-10-187-1-30:56:56 [0] NCCL INFO  0 : NET/0-0 GPU/0-1e0 NET/0-0
ip-10-187-1-30:56:56 [0] NCCL INFO Pattern 3, crossNic 0, nChannels 1, bw 2.400000/1.200000, type LOC/PHB, sameChannels 1
ip-10-187-1-30:56:56 [0] NCCL INFO  0 : NET/0-0 GPU/0-1e0 NET/0-0
ip-10-187-1-30:56:56 [0] NCCL INFO Could not get speed from /sys/class/net/ens5/speed. Defaulting to 10 Gbps.
ip-10-187-1-30:56:56 [0] NCCL INFO comm 0x5a168e8cda40 rank 1 nRanks 2 nNodes 2 localRanks 1 localRank 0 MNNVL 0
ip-10-187-1-30:56:56 [0] NCCL INFO Tree 0 : 0 -> 1 -> -1/-1/-1
ip-10-187-1-30:56:56 [0] NCCL INFO Tree 1 : -1 -> 1 -> 0/-1/-1
ip-10-187-1-30:56:56 [0] NCCL INFO Ring 00 : 0 -> 1 -> 0
ip-10-187-1-30:56:56 [0] NCCL INFO Ring 01 : 0 -> 1 -> 0
ip-10-187-1-30:56:56 [0] NCCL INFO Trees [0] -1/-1/-1->1->0 [1] 0/-1/-1->1->-1
ip-10-187-1-30:56:56 [0] NCCL INFO P2P Chunksize set to 131072
ip-10-187-1-30:56:56 [0] NCCL INFO Check P2P Type isAllDirectP2p 1 directMode 0 isAllCudaP2p 1
ip-10-187-1-30:56:131 [0] NCCL INFO [Proxy Service] Device 0 CPU core 0
ip-10-187-1-30:56:56 [0] NCCL INFO ncclP2pSchedule: group size used is 1
ip-10-187-1-30:56:132 [0] NCCL INFO [Proxy Service UDS] Device 0 CPU core 0
ip-10-187-1-30:56:56 [0] NCCL INFO threadThresholds 8/8/64 | 16/8/64 | 512 | 512
ip-10-187-1-30:56:56 [0] NCCL INFO 2 coll channels, 2 collnet channels, 0 nvls channels, 2 p2p channels, 1 p2p channels per peer
ip-10-187-1-30:56:56 [0] NCCL INFO Symmetric VA size=24GB
ip-10-187-1-30:56:56 [0] NCCL INFO Symmetric memory is not supported. cuMemEnable 1, globalGinSupport 0, globalNicFused 0 cuMemGdrSupport 1
ip-10-187-1-30:56:56 [0] NCCL INFO ncclCommInitRankConfig comm 0x5a168e8cda40 rank 1 nranks 2 cudaDev 0 nvmlDev 0 busId 1e0 commId 0x8c82b9f55986c754 - Init COMPLETE
ip-10-187-1-30:56:56 [0] NCCL INFO Init timings - ncclCommInitRankConfig: rank 1 nranks 2 total 0.79 (kernels 0.00, alloc 0.00, bootstrap 0.56, allgathers 0.23, topo 0.00, graphs 0.00, connections 0.00, rest 0.00)
ip-10-187-1-30:56:131 [0] NCCL INFO New proxy recv connection 0 from local rank 0, transport 2
ip-10-187-1-30:56:133 [0] NCCL INFO [Proxy Progress] Device 0 CPU core 3
ip-10-187-1-30:56:56 [0] NCCL INFO Connected to proxy localRank 0 -> connection 0x7f78180210e0
ip-10-187-1-30:56:131 [0] NCCL INFO Could not get speed from /sys/class/net/ens5/speed. Defaulting to 10 Gbps.
ip-10-187-1-30:56:131 [0] NCCL INFO NET/Socket: Using 2 threads and 8 sockets per thread
ip-10-187-1-30:56:56 [0] NCCL INFO Channel 01/1 : 0[0] -> 1[0] [receive] via NET/Socket/0/Shared
ip-10-187-1-30:56:131 [0] NCCL INFO New proxy send connection 1 from local rank 0, transport 2
ip-10-187-1-30:56:56 [0] NCCL INFO Connected to proxy localRank 0 -> connection 0x7f7818021168
ip-10-187-1-30:56:131 [0] NCCL INFO Could not get speed from /sys/class/net/ens5/speed. Defaulting to 10 Gbps.
ip-10-187-1-30:56:56 [0] NCCL INFO Channel 01/1 : 1[0] -> 0[0] [send] via NET/Socket/0/Shared
ip-10-187-1-30:56:56 [0] NCCL INFO Initialized NET plugin Socket
ip-10-187-1-30:56:56 [0] NCCL INFO Could not get speed from /sys/class/net/ens5/speed. Defaulting to 10 Gbps.
ip-10-187-1-30:56:56 [0] NCCL INFO Assigned NET plugin Socket to comm
ip-10-187-1-30:56:56 [0] NCCL INFO Failed to initialize any GIN plugin
ip-10-187-1-30:56:56 [0] NCCL INFO Using network Socket
ip-10-187-1-30:56:56 [0] NCCL INFO [Rank 1] ncclCommInitRankConfig comm 0x5a168eb52b90 rank 1 nranks 2 cudaDev 0 nvmlDev 0 busId 1e0 commId 0xb74d0708160c9129 - Init START
ip-10-187-1-30:56:56 [0] NCCL INFO Topology detection : could not read /sys/devices/pci0000:00/0000:00:1e.0/../max_link_speed, ignoring
ip-10-187-1-30:56:56 [0] NCCL INFO Topology detection : could not read /sys/devices/pci0000:00/0000:00:1e.0/../max_link_width, ignoring
ip-10-187-1-30:56:56 [0] NCCL INFO Topology detection : could not read /sys/devices/system/node/node-1/cpumap, ignoring
ip-10-187-1-30:56:56 [0] NCCL INFO TOPO/NET : Importing network plugins to topology
ip-10-187-1-30:56:56 [0] NCCL INFO Could not get speed from /sys/class/net/ens5/speed. Defaulting to 10 Gbps.
ip-10-187-1-30:56:56 [0] NCCL INFO Topology detection : could not read /sys/devices/pci0000:00/0000:00:05.0/../max_link_speed, ignoring
ip-10-187-1-30:56:56 [0] NCCL INFO Topology detection : could not read /sys/devices/pci0000:00/0000:00:05.0/../max_link_width, ignoring
ip-10-187-1-30:56:56 [0] NCCL INFO Topology detection : could not read /sys/devices/system/node/node-1/cpumap, ignoring
ip-10-187-1-30:56:56 [0] NCCL INFO NET/Socket : GPU Direct RDMA Disabled for HCA 0 'ens5'
ip-10-187-1-30:56:56 [0] NCCL INFO ncclTopoPopulateNics : Filled ens5 in topo with pciPath=/sys/devices/pci0000:00/0000:00:05.0 net=1 gin=(null) keep=1 coll=(null)
ip-10-187-1-30:56:56 [0] NCCL INFO KV Convert to int : could not find value of 'Unknown' in dictionary, falling back to 60
ip-10-187-1-30:56:56 [0] NCCL INFO === System : maxBw 1.2 totalBw 24.0 ===
ip-10-187-1-30:56:56 [0] NCCL INFO CPU/0-ffffffffffffff (1/2/-1)
ip-10-187-1-30:56:56 [0] NCCL INFO + PCI[24.0] - GPU/0-1e0 (1)
ip-10-187-1-30:56:56 [0] NCCL INFO + PCI[12.0] - NIC/0-50
ip-10-187-1-30:56:56 [0] NCCL INFO               + NET[1.2] - NET/0-0 (0/0/0/1.250000)
ip-10-187-1-30:56:56 [0] NCCL INFO ==========================================
ip-10-187-1-30:56:56 [0] NCCL INFO GPU/0-1e0 :GPU/0-1e0 (0/5000.0/LOC) CPU/0-ffffffffffffff (1/24.0/PHB) NET/0-0 (3/1.2/PHB) 
ip-10-187-1-30:56:56 [0] NCCL INFO NET/0-0 :GPU/0-1e0 (3/1.2/PHB) CPU/0-ffffffffffffff (2/1.2/PHB) NET/0-0 (0/5000.0/LOC) 
ip-10-187-1-30:56:56 [0] NCCL INFO ncclTopoGetCpuAffinity: Affinity for GPU 0 is empty, ignoring. (GPU affinity =  ; CPU affinity = 0-3).
ip-10-187-1-30:56:56 [0] NCCL INFO Pattern 4, crossNic 0, nChannels 1, bw 1.200000/1.200000, type LOC/PHB, sameChannels 1
ip-10-187-1-30:56:56 [0] NCCL INFO  0 : NET/0-0 GPU/0-1e0 NET/0-0
ip-10-187-1-30:56:56 [0] NCCL INFO Pattern 3, crossNic 0, nChannels 1, bw 2.400000/1.200000, type LOC/PHB, sameChannels 1
ip-10-187-1-30:56:56 [0] NCCL INFO  0 : NET/0-0 GPU/0-1e0 NET/0-0
ip-10-187-1-30:56:56 [0] NCCL INFO Could not get speed from /sys/class/net/ens5/speed. Defaulting to 10 Gbps.
ip-10-187-1-30:56:56 [0] NCCL INFO comm 0x5a168eb52b90 rank 1 nRanks 2 nNodes 2 localRanks 1 localRank 0 MNNVL 0
ip-10-187-1-30:56:56 [0] NCCL INFO Tree 0 : 0 -> 1 -> -1/-1/-1
ip-10-187-1-30:56:56 [0] NCCL INFO Tree 1 : -1 -> 1 -> 0/-1/-1
ip-10-187-1-30:56:56 [0] NCCL INFO Ring 00 : 0 -> 1 -> 0
ip-10-187-1-30:56:56 [0] NCCL INFO Ring 01 : 0 -> 1 -> 0
ip-10-187-1-30:56:56 [0] NCCL INFO Trees [0] -1/-1/-1->1->0 [1] 0/-1/-1->1->-1
ip-10-187-1-30:56:56 [0] NCCL INFO P2P Chunksize set to 131072
ip-10-187-1-30:56:56 [0] NCCL INFO Check P2P Type isAllDirectP2p 1 directMode 0 isAllCudaP2p 1
ip-10-187-1-30:56:138 [0] NCCL INFO [Proxy Service] Device 0 CPU core 0
ip-10-187-1-30:56:139 [0] NCCL INFO [Proxy Service UDS] Device 0 CPU core 2
ip-10-187-1-30:56:56 [0] NCCL INFO ncclP2pSchedule: group size used is 1
ip-10-187-1-30:56:56 [0] NCCL INFO threadThresholds 8/8/64 | 16/8/64 | 512 | 512
ip-10-187-1-30:56:56 [0] NCCL INFO 2 coll channels, 2 collnet channels, 0 nvls channels, 2 p2p channels, 1 p2p channels per peer
ip-10-187-1-30:56:56 [0] NCCL INFO Symmetric VA size=24GB
ip-10-187-1-30:56:56 [0] NCCL INFO Symmetric memory is not supported. cuMemEnable 1, globalGinSupport 0, globalNicFused 0 cuMemGdrSupport 1
ip-10-187-1-30:56:56 [0] NCCL INFO ncclCommInitRankConfig comm 0x5a168eb52b90 rank 1 nranks 2 cudaDev 0 nvmlDev 0 busId 1e0 commId 0xb74d0708160c9129 - Init COMPLETE
ip-10-187-1-30:56:56 [0] NCCL INFO Init timings - ncclCommInitRankConfig: rank 1 nranks 2 total 0.85 (kernels 0.00, alloc 0.00, bootstrap 0.60, allgathers 0.24, topo 0.00, graphs 0.00, connections 0.00, rest 0.00)
ip-10-187-1-30:56:138 [0] NCCL INFO New proxy recv connection 0 from local rank 0, transport 2
ip-10-187-1-30:56:140 [0] NCCL INFO [Proxy Progress] Device 0 CPU core 2
ip-10-187-1-30:56:56 [0] NCCL INFO Connected to proxy localRank 0 -> connection 0x7f782c0210e0
ip-10-187-1-30:56:138 [0] NCCL INFO Could not get speed from /sys/class/net/ens5/speed. Defaulting to 10 Gbps.
ip-10-187-1-30:56:138 [0] NCCL INFO NET/Socket: Using 2 threads and 8 sockets per thread
ip-10-187-1-30:56:56 [0] NCCL INFO Channel 01/1 : 0[0] -> 1[0] [receive] via NET/Socket/0/Shared
ip-10-187-1-30:56:138 [0] NCCL INFO New proxy send connection 1 from local rank 0, transport 2
ip-10-187-1-30:56:56 [0] NCCL INFO Connected to proxy localRank 0 -> connection 0x7f782c021168
ip-10-187-1-30:56:138 [0] NCCL INFO Could not get speed from /sys/class/net/ens5/speed. Defaulting to 10 Gbps.
ip-10-187-1-30:56:56 [0] NCCL INFO Channel 01/1 : 1[0] -> 0[0] [send] via NET/Socket/0/Shared
ip-10-187-1-30:56:56 [0] NCCL INFO Initialized NET plugin Socket
ip-10-187-1-30:56:56 [0] NCCL INFO Could not get speed from /sys/class/net/ens5/speed. Defaulting to 10 Gbps.
ip-10-187-1-30:56:56 [0] NCCL INFO Assigned NET plugin Socket to comm
ip-10-187-1-30:56:56 [0] NCCL INFO Failed to initialize any GIN plugin
ip-10-187-1-30:56:56 [0] NCCL INFO Using network Socket
ip-10-187-1-30:56:56 [0] NCCL INFO [Rank 1] ncclCommInitRankConfig comm 0x5a16918dffd0 rank 1 nranks 2 cudaDev 0 nvmlDev 0 busId 1e0 commId 0x122da2068b7ff960 - Init START
ip-10-187-1-30:56:56 [0] NCCL INFO Topology detection : could not read /sys/devices/pci0000:00/0000:00:1e.0/../max_link_speed, ignoring
ip-10-187-1-30:56:56 [0] NCCL INFO Topology detection : could not read /sys/devices/pci0000:00/0000:00:1e.0/../max_link_width, ignoring
ip-10-187-1-30:56:56 [0] NCCL INFO Topology detection : could not read /sys/devices/system/node/node-1/cpumap, ignoring
ip-10-187-1-30:56:56 [0] NCCL INFO TOPO/NET : Importing network plugins to topology
ip-10-187-1-30:56:56 [0] NCCL INFO Could not get speed from /sys/class/net/ens5/speed. Defaulting to 10 Gbps.
ip-10-187-1-30:56:56 [0] NCCL INFO Topology detection : could not read /sys/devices/pci0000:00/0000:00:05.0/../max_link_speed, ignoring
ip-10-187-1-30:56:56 [0] NCCL INFO Topology detection : could not read /sys/devices/pci0000:00/0000:00:05.0/../max_link_width, ignoring
ip-10-187-1-30:56:56 [0] NCCL INFO Topology detection : could not read /sys/devices/system/node/node-1/cpumap, ignoring
ip-10-187-1-30:56:56 [0] NCCL INFO NET/Socket : GPU Direct RDMA Disabled for HCA 0 'ens5'
ip-10-187-1-30:56:56 [0] NCCL INFO ncclTopoPopulateNics : Filled ens5 in topo with pciPath=/sys/devices/pci0000:00/0000:00:05.0 net=1 gin=(null) keep=1 coll=(null)
ip-10-187-1-30:56:56 [0] NCCL INFO KV Convert to int : could not find value of 'Unknown' in dictionary, falling back to 60
ip-10-187-1-30:56:56 [0] NCCL INFO === System : maxBw 1.2 totalBw 24.0 ===
ip-10-187-1-30:56:56 [0] NCCL INFO CPU/0-ffffffffffffff (1/2/-1)
ip-10-187-1-30:56:56 [0] NCCL INFO + PCI[24.0] - GPU/0-1e0 (1)
ip-10-187-1-30:56:56 [0] NCCL INFO + PCI[12.0] - NIC/0-50
ip-10-187-1-30:56:56 [0] NCCL INFO               + NET[1.2] - NET/0-0 (0/0/0/1.250000)
ip-10-187-1-30:56:56 [0] NCCL INFO ==========================================
ip-10-187-1-30:56:56 [0] NCCL INFO GPU/0-1e0 :GPU/0-1e0 (0/5000.0/LOC) CPU/0-ffffffffffffff (1/24.0/PHB) NET/0-0 (3/1.2/PHB) 
ip-10-187-1-30:56:56 [0] NCCL INFO NET/0-0 :GPU/0-1e0 (3/1.2/PHB) CPU/0-ffffffffffffff (2/1.2/PHB) NET/0-0 (0/5000.0/LOC) 
ip-10-187-1-30:56:56 [0] NCCL INFO ncclTopoGetCpuAffinity: Affinity for GPU 0 is empty, ignoring. (GPU affinity =  ; CPU affinity = 0-3).
ip-10-187-1-30:56:56 [0] NCCL INFO Pattern 4, crossNic 0, nChannels 1, bw 1.200000/1.200000, type LOC/PHB, sameChannels 1
ip-10-187-1-30:56:56 [0] NCCL INFO  0 : NET/0-0 GPU/0-1e0 NET/0-0
ip-10-187-1-30:56:56 [0] NCCL INFO Pattern 3, crossNic 0, nChannels 1, bw 2.400000/1.200000, type LOC/PHB, sameChannels 1
ip-10-187-1-30:56:56 [0] NCCL INFO  0 : NET/0-0 GPU/0-1e0 NET/0-0
ip-10-187-1-30:56:56 [0] NCCL INFO Could not get speed from /sys/class/net/ens5/speed. Defaulting to 10 Gbps.
ip-10-187-1-30:56:56 [0] NCCL INFO comm 0x5a16918dffd0 rank 1 nRanks 2 nNodes 2 localRanks 1 localRank 0 MNNVL 0
ip-10-187-1-30:56:56 [0] NCCL INFO Tree 0 : 0 -> 1 -> -1/-1/-1
ip-10-187-1-30:56:56 [0] NCCL INFO Tree 1 : -1 -> 1 -> 0/-1/-1
ip-10-187-1-30:56:56 [0] NCCL INFO Ring 00 : 0 -> 1 -> 0
ip-10-187-1-30:56:56 [0] NCCL INFO Ring 01 : 0 -> 1 -> 0
ip-10-187-1-30:56:56 [0] NCCL INFO Trees [0] -1/-1/-1->1->0 [1] 0/-1/-1->1->-1
ip-10-187-1-30:56:56 [0] NCCL INFO P2P Chunksize set to 131072
ip-10-187-1-30:56:56 [0] NCCL INFO Check P2P Type isAllDirectP2p 1 directMode 0 isAllCudaP2p 1
ip-10-187-1-30:56:56 [0] NCCL INFO ncclP2pSchedule: group size used is 1
ip-10-187-1-30:56:146 [0] NCCL INFO [Proxy Service UDS] Device 0 CPU core 0
ip-10-187-1-30:56:145 [0] NCCL INFO [Proxy Service] Device 0 CPU core 1
ip-10-187-1-30:56:56 [0] NCCL INFO threadThresholds 8/8/64 | 16/8/64 | 512 | 512
ip-10-187-1-30:56:56 [0] NCCL INFO 2 coll channels, 2 collnet channels, 0 nvls channels, 2 p2p channels, 1 p2p channels per peer
ip-10-187-1-30:56:56 [0] NCCL INFO Symmetric VA size=24GB
ip-10-187-1-30:56:56 [0] NCCL INFO Symmetric memory is not supported. cuMemEnable 1, globalGinSupport 0, globalNicFused 0 cuMemGdrSupport 1
ip-10-187-1-30:56:56 [0] NCCL INFO ncclCommInitRankConfig comm 0x5a16918dffd0 rank 1 nranks 2 cudaDev 0 nvmlDev 0 busId 1e0 commId 0x122da2068b7ff960 - Init COMPLETE
ip-10-187-1-30:56:56 [0] NCCL INFO Init timings - ncclCommInitRankConfig: rank 1 nranks 2 total 0.86 (kernels 0.00, alloc 0.00, bootstrap 0.61, allgathers 0.24, topo 0.00, graphs 0.00, connections 0.00, rest 0.00)
ip-10-187-1-30:56:145 [0] NCCL INFO New proxy recv connection 0 from local rank 0, transport 2
ip-10-187-1-30:56:147 [0] NCCL INFO [Proxy Progress] Device 0 CPU core 2
ip-10-187-1-30:56:56 [0] NCCL INFO Connected to proxy localRank 0 -> connection 0x7f7850009560
ip-10-187-1-30:56:145 [0] NCCL INFO Could not get speed from /sys/class/net/ens5/speed. Defaulting to 10 Gbps.
ip-10-187-1-30:56:145 [0] NCCL INFO NET/Socket: Using 2 threads and 8 sockets per thread
ip-10-187-1-30:56:56 [0] NCCL INFO Channel 01/1 : 0[0] -> 1[0] [receive] via NET/Socket/0/Shared
ip-10-187-1-30:56:145 [0] NCCL INFO New proxy send connection 1 from local rank 0, transport 2
ip-10-187-1-30:56:56 [0] NCCL INFO Connected to proxy localRank 0 -> connection 0x7f78500095e8
ip-10-187-1-30:56:145 [0] NCCL INFO Could not get speed from /sys/class/net/ens5/speed. Defaulting to 10 Gbps.
ip-10-187-1-30:56:56 [0] NCCL INFO Channel 01/1 : 1[0] -> 0[0] [send] via NET/Socket/0/Shared
ip-10-187-1-30:56:56 [0] NCCL INFO Initialized NET plugin Socket
ip-10-187-1-30:56:56 [0] NCCL INFO Could not get speed from /sys/class/net/ens5/speed. Defaulting to 10 Gbps.
ip-10-187-1-30:56:56 [0] NCCL INFO Assigned NET plugin Socket to comm
ip-10-187-1-30:56:56 [0] NCCL INFO Failed to initialize any GIN plugin
ip-10-187-1-30:56:56 [0] NCCL INFO Using network Socket
ip-10-187-1-30:56:56 [0] NCCL INFO [Rank 1] ncclCommInitRankConfig comm 0x5a1697a98a00 rank 1 nranks 2 cudaDev 0 nvmlDev 0 busId 1e0 commId 0xa1a2daf144bf2062 - Init START
ip-10-187-1-30:56:56 [0] NCCL INFO Topology detection : could not read /sys/devices/pci0000:00/0000:00:1e.0/../max_link_speed, ignoring
ip-10-187-1-30:56:56 [0] NCCL INFO Topology detection : could not read /sys/devices/pci0000:00/0000:00:1e.0/../max_link_width, ignoring
ip-10-187-1-30:56:56 [0] NCCL INFO Topology detection : could not read /sys/devices/system/node/node-1/cpumap, ignoring
ip-10-187-1-30:56:56 [0] NCCL INFO TOPO/NET : Importing network plugins to topology
ip-10-187-1-30:56:56 [0] NCCL INFO Could not get speed from /sys/class/net/ens5/speed. Defaulting to 10 Gbps.
ip-10-187-1-30:56:56 [0] NCCL INFO Topology detection : could not read /sys/devices/pci0000:00/0000:00:05.0/../max_link_speed, ignoring
ip-10-187-1-30:56:56 [0] NCCL INFO Topology detection : could not read /sys/devices/pci0000:00/0000:00:05.0/../max_link_width, ignoring
ip-10-187-1-30:56:56 [0] NCCL INFO Topology detection : could not read /sys/devices/system/node/node-1/cpumap, ignoring
ip-10-187-1-30:56:56 [0] NCCL INFO NET/Socket : GPU Direct RDMA Disabled for HCA 0 'ens5'
ip-10-187-1-30:56:56 [0] NCCL INFO ncclTopoPopulateNics : Filled ens5 in topo with pciPath=/sys/devices/pci0000:00/0000:00:05.0 net=1 gin=(null) keep=1 coll=(null)
ip-10-187-1-30:56:56 [0] NCCL INFO KV Convert to int : could not find value of 'Unknown' in dictionary, falling back to 60
ip-10-187-1-30:56:56 [0] NCCL INFO === System : maxBw 1.2 totalBw 24.0 ===
ip-10-187-1-30:56:56 [0] NCCL INFO CPU/0-ffffffffffffff (1/2/-1)
ip-10-187-1-30:56:56 [0] NCCL INFO + PCI[24.0] - GPU/0-1e0 (1)
ip-10-187-1-30:56:56 [0] NCCL INFO + PCI[12.0] - NIC/0-50
ip-10-187-1-30:56:56 [0] NCCL INFO               + NET[1.2] - NET/0-0 (0/0/0/1.250000)
ip-10-187-1-30:56:56 [0] NCCL INFO ==========================================
ip-10-187-1-30:56:56 [0] NCCL INFO GPU/0-1e0 :GPU/0-1e0 (0/5000.0/LOC) CPU/0-ffffffffffffff (1/24.0/PHB) NET/0-0 (3/1.2/PHB) 
ip-10-187-1-30:56:56 [0] NCCL INFO NET/0-0 :GPU/0-1e0 (3/1.2/PHB) CPU/0-ffffffffffffff (2/1.2/PHB) NET/0-0 (0/5000.0/LOC) 
ip-10-187-1-30:56:56 [0] NCCL INFO ncclTopoGetCpuAffinity: Affinity for GPU 0 is empty, ignoring. (GPU affinity =  ; CPU affinity = 0-3).
ip-10-187-1-30:56:56 [0] NCCL INFO Pattern 4, crossNic 0, nChannels 1, bw 1.200000/1.200000, type LOC/PHB, sameChannels 1
ip-10-187-1-30:56:56 [0] NCCL INFO  0 : NET/0-0 GPU/0-1e0 NET/0-0
ip-10-187-1-30:56:56 [0] NCCL INFO Pattern 3, crossNic 0, nChannels 1, bw 2.400000/1.200000, type LOC/PHB, sameChannels 1
ip-10-187-1-30:56:56 [0] NCCL INFO  0 : NET/0-0 GPU/0-1e0 NET/0-0
ip-10-187-1-30:56:56 [0] NCCL INFO Could not get speed from /sys/class/net/ens5/speed. Defaulting to 10 Gbps.
ip-10-187-1-30:56:56 [0] NCCL INFO comm 0x5a1697a98a00 rank 1 nRanks 2 nNodes 2 localRanks 1 localRank 0 MNNVL 0
ip-10-187-1-30:56:56 [0] NCCL INFO Tree 0 : 0 -> 1 -> -1/-1/-1
ip-10-187-1-30:56:56 [0] NCCL INFO Tree 1 : -1 -> 1 -> 0/-1/-1
ip-10-187-1-30:56:56 [0] NCCL INFO Ring 00 : 0 -> 1 -> 0
ip-10-187-1-30:56:56 [0] NCCL INFO Ring 01 : 0 -> 1 -> 0
ip-10-187-1-30:56:56 [0] NCCL INFO Trees [0] -1/-1/-1->1->0 [1] 0/-1/-1->1->-1
ip-10-187-1-30:56:56 [0] NCCL INFO P2P Chunksize set to 131072
ip-10-187-1-30:56:56 [0] NCCL INFO Check P2P Type isAllDirectP2p 1 directMode 0 isAllCudaP2p 1
ip-10-187-1-30:56:152 [0] NCCL INFO [Proxy Service] Device 0 CPU core 3
ip-10-187-1-30:56:56 [0] NCCL INFO ncclP2pSchedule: group size used is 1
ip-10-187-1-30:56:153 [0] NCCL INFO [Proxy Service UDS] Device 0 CPU core 2
ip-10-187-1-30:56:56 [0] NCCL INFO threadThresholds 8/8/64 | 16/8/64 | 512 | 512
ip-10-187-1-30:56:56 [0] NCCL INFO 2 coll channels, 2 collnet channels, 0 nvls channels, 2 p2p channels, 1 p2p channels per peer
ip-10-187-1-30:56:56 [0] NCCL INFO Symmetric VA size=24GB
ip-10-187-1-30:56:56 [0] NCCL INFO Symmetric memory is not supported. cuMemEnable 1, globalGinSupport 0, globalNicFused 0 cuMemGdrSupport 1
ip-10-187-1-30:56:56 [0] NCCL INFO ncclCommInitRankConfig comm 0x5a1697a98a00 rank 1 nranks 2 cudaDev 0 nvmlDev 0 busId 1e0 commId 0xa1a2daf144bf2062 - Init COMPLETE
ip-10-187-1-30:56:56 [0] NCCL INFO Init timings - ncclCommInitRankConfig: rank 1 nranks 2 total 2.08 (kernels 0.00, alloc 0.00, bootstrap 1.48, allgathers 0.59, topo 0.00, graphs 0.00, connections 0.00, rest 0.00)
ip-10-187-1-30:56:152 [0] NCCL INFO New proxy recv connection 0 from local rank 0, transport 2
ip-10-187-1-30:56:154 [0] NCCL INFO [Proxy Progress] Device 0 CPU core 1
ip-10-187-1-30:56:56 [0] NCCL INFO Connected to proxy localRank 0 -> connection 0x7f7884009590
ip-10-187-1-30:56:152 [0] NCCL INFO Could not get speed from /sys/class/net/ens5/speed. Defaulting to 10 Gbps.
ip-10-187-1-30:56:152 [0] NCCL INFO NET/Socket: Using 2 threads and 8 sockets per thread
ip-10-187-1-30:56:56 [0] NCCL INFO Channel 01/1 : 0[0] -> 1[0] [receive] via NET/Socket/0/Shared
ip-10-187-1-30:56:152 [0] NCCL INFO New proxy send connection 1 from local rank 0, transport 2
ip-10-187-1-30:56:56 [0] NCCL INFO Connected to proxy localRank 0 -> connection 0x7f7884009618
ip-10-187-1-30:56:152 [0] NCCL INFO Could not get speed from /sys/class/net/ens5/speed. Defaulting to 10 Gbps.
ip-10-187-1-30:56:56 [0] NCCL INFO Channel 01/1 : 1[0] -> 0[0] [send] via NET/Socket/0/Shared
ip-10-187-1-30:56:56 [0] NCCL INFO Initialized NET plugin Socket
ip-10-187-1-30:56:56 [0] NCCL INFO Could not get speed from /sys/class/net/ens5/speed. Defaulting to 10 Gbps.
ip-10-187-1-30:56:56 [0] NCCL INFO Assigned NET plugin Socket to comm
ip-10-187-1-30:56:56 [0] NCCL INFO Failed to initialize any GIN plugin
ip-10-187-1-30:56:56 [0] NCCL INFO Using network Socket
ip-10-187-1-30:56:56 [0] NCCL INFO [Rank 1] ncclCommInitRankConfig comm 0x5a1697bbd7f0 rank 1 nranks 2 cudaDev 0 nvmlDev 0 busId 1e0 commId 0x3a24836e920c4d1f - Init START
ip-10-187-1-30:56:56 [0] NCCL INFO Topology detection : could not read /sys/devices/pci0000:00/0000:00:1e.0/../max_link_speed, ignoring
ip-10-187-1-30:56:56 [0] NCCL INFO Topology detection : could not read /sys/devices/pci0000:00/0000:00:1e.0/../max_link_width, ignoring
ip-10-187-1-30:56:56 [0] NCCL INFO Topology detection : could not read /sys/devices/system/node/node-1/cpumap, ignoring
ip-10-187-1-30:56:56 [0] NCCL INFO TOPO/NET : Importing network plugins to topology
ip-10-187-1-30:56:56 [0] NCCL INFO Could not get speed from /sys/class/net/ens5/speed. Defaulting to 10 Gbps.
ip-10-187-1-30:56:56 [0] NCCL INFO Topology detection : could not read /sys/devices/pci0000:00/0000:00:05.0/../max_link_speed, ignoring
ip-10-187-1-30:56:56 [0] NCCL INFO Topology detection : could not read /sys/devices/pci0000:00/0000:00:05.0/../max_link_width, ignoring
ip-10-187-1-30:56:56 [0] NCCL INFO Topology detection : could not read /sys/devices/system/node/node-1/cpumap, ignoring
ip-10-187-1-30:56:56 [0] NCCL INFO NET/Socket : GPU Direct RDMA Disabled for HCA 0 'ens5'
ip-10-187-1-30:56:56 [0] NCCL INFO ncclTopoPopulateNics : Filled ens5 in topo with pciPath=/sys/devices/pci0000:00/0000:00:05.0 net=1 gin=(null) keep=1 coll=(null)
ip-10-187-1-30:56:56 [0] NCCL INFO KV Convert to int : could not find value of 'Unknown' in dictionary, falling back to 60
ip-10-187-1-30:56:56 [0] NCCL INFO === System : maxBw 1.2 totalBw 24.0 ===
ip-10-187-1-30:56:56 [0] NCCL INFO CPU/0-ffffffffffffff (1/2/-1)
ip-10-187-1-30:56:56 [0] NCCL INFO + PCI[24.0] - GPU/0-1e0 (1)
ip-10-187-1-30:56:56 [0] NCCL INFO + PCI[12.0] - NIC/0-50
ip-10-187-1-30:56:56 [0] NCCL INFO               + NET[1.2] - NET/0-0 (0/0/0/1.250000)
ip-10-187-1-30:56:56 [0] NCCL INFO ==========================================
ip-10-187-1-30:56:56 [0] NCCL INFO GPU/0-1e0 :GPU/0-1e0 (0/5000.0/LOC) CPU/0-ffffffffffffff (1/24.0/PHB) NET/0-0 (3/1.2/PHB) 
ip-10-187-1-30:56:56 [0] NCCL INFO NET/0-0 :GPU/0-1e0 (3/1.2/PHB) CPU/0-ffffffffffffff (2/1.2/PHB) NET/0-0 (0/5000.0/LOC) 
ip-10-187-1-30:56:56 [0] NCCL INFO ncclTopoGetCpuAffinity: Affinity for GPU 0 is empty, ignoring. (GPU affinity =  ; CPU affinity = 0-3).
ip-10-187-1-30:56:56 [0] NCCL INFO Pattern 4, crossNic 0, nChannels 1, bw 1.200000/1.200000, type LOC/PHB, sameChannels 1
ip-10-187-1-30:56:56 [0] NCCL INFO  0 : NET/0-0 GPU/0-1e0 NET/0-0
ip-10-187-1-30:56:56 [0] NCCL INFO Pattern 3, crossNic 0, nChannels 1, bw 2.400000/1.200000, type LOC/PHB, sameChannels 1
ip-10-187-1-30:56:56 [0] NCCL INFO  0 : NET/0-0 GPU/0-1e0 NET/0-0
ip-10-187-1-30:56:56 [0] NCCL INFO Could not get speed from /sys/class/net/ens5/speed. Defaulting to 10 Gbps.
ip-10-187-1-30:56:56 [0] NCCL INFO comm 0x5a1697bbd7f0 rank 1 nRanks 2 nNodes 2 localRanks 1 localRank 0 MNNVL 0
ip-10-187-1-30:56:56 [0] NCCL INFO Tree 0 : 0 -> 1 -> -1/-1/-1
ip-10-187-1-30:56:56 [0] NCCL INFO Tree 1 : -1 -> 1 -> 0/-1/-1
ip-10-187-1-30:56:56 [0] NCCL INFO Ring 00 : 0 -> 1 -> 0
ip-10-187-1-30:56:56 [0] NCCL INFO Ring 01 : 0 -> 1 -> 0
ip-10-187-1-30:56:56 [0] NCCL INFO Trees [0] -1/-1/-1->1->0 [1] 0/-1/-1->1->-1
ip-10-187-1-30:56:56 [0] NCCL INFO P2P Chunksize set to 131072
ip-10-187-1-30:56:56 [0] NCCL INFO Check P2P Type isAllDirectP2p 1 directMode 0 isAllCudaP2p 1
ip-10-187-1-30:56:159 [0] NCCL INFO [Proxy Service] Device 0 CPU core 2
ip-10-187-1-30:56:56 [0] NCCL INFO ncclP2pSchedule: group size used is 1
ip-10-187-1-30:56:160 [0] NCCL INFO [Proxy Service UDS] Device 0 CPU core 1
ip-10-187-1-30:56:56 [0] NCCL INFO threadThresholds 8/8/64 | 16/8/64 | 512 | 512
ip-10-187-1-30:56:56 [0] NCCL INFO 2 coll channels, 2 collnet channels, 0 nvls channels, 2 p2p channels, 1 p2p channels per peer
ip-10-187-1-30:56:56 [0] NCCL INFO Symmetric VA size=24GB
ip-10-187-1-30:56:56 [0] NCCL INFO Symmetric memory is not supported. cuMemEnable 1, globalGinSupport 0, globalNicFused 0 cuMemGdrSupport 1
ip-10-187-1-30:56:56 [0] NCCL INFO ncclCommInitRankConfig comm 0x5a1697bbd7f0 rank 1 nranks 2 cudaDev 0 nvmlDev 0 busId 1e0 commId 0x3a24836e920c4d1f - Init COMPLETE
ip-10-187-1-30:56:56 [0] NCCL INFO Init timings - ncclCommInitRankConfig: rank 1 nranks 2 total 1.41 (kernels 0.00, alloc 0.00, bootstrap 1.00, allgathers 0.40, topo 0.00, graphs 0.00, connections 0.00, rest 0.00)
ip-10-187-1-30:56:159 [0] NCCL INFO New proxy recv connection 0 from local rank 0, transport 2
ip-10-187-1-30:56:161 [0] NCCL INFO [Proxy Progress] Device 0 CPU core 0
ip-10-187-1-30:56:56 [0] NCCL INFO Connected to proxy localRank 0 -> connection 0x7f791c132b50
ip-10-187-1-30:56:159 [0] NCCL INFO Could not get speed from /sys/class/net/ens5/speed. Defaulting to 10 Gbps.
ip-10-187-1-30:56:159 [0] NCCL INFO NET/Socket: Using 2 threads and 8 sockets per thread
ip-10-187-1-30:56:56 [0] NCCL INFO Channel 01/1 : 0[0] -> 1[0] [receive] via NET/Socket/0/Shared
ip-10-187-1-30:56:159 [0] NCCL INFO New proxy send connection 1 from local rank 0, transport 2
ip-10-187-1-30:56:56 [0] NCCL INFO Connected to proxy localRank 0 -> connection 0x7f791c132bd8
ip-10-187-1-30:56:159 [0] NCCL INFO Could not get speed from /sys/class/net/ens5/speed. Defaulting to 10 Gbps.
ip-10-187-1-30:56:56 [0] NCCL INFO Channel 01/1 : 1[0] -> 0[0] [send] via NET/Socket/0/Shared
ip-10-187-1-30:56:56 [0] NCCL INFO Initialized NET plugin Socket
ip-10-187-1-30:56:56 [0] NCCL INFO Could not get speed from /sys/class/net/ens5/speed. Defaulting to 10 Gbps.
ip-10-187-1-30:56:56 [0] NCCL INFO Assigned NET plugin Socket to comm
ip-10-187-1-30:56:56 [0] NCCL INFO Failed to initialize any GIN plugin
ip-10-187-1-30:56:56 [0] NCCL INFO Using network Socket
ip-10-187-1-30:56:56 [0] NCCL INFO [Rank 1] ncclCommInitRankConfig comm 0x5a1697ce25e0 rank 1 nranks 2 cudaDev 0 nvmlDev 0 busId 1e0 commId 0xcad60d26a352cd05 - Init START
ip-10-187-1-30:56:56 [0] NCCL INFO Topology detection : could not read /sys/devices/pci0000:00/0000:00:1e.0/../max_link_speed, ignoring
ip-10-187-1-30:56:56 [0] NCCL INFO Topology detection : could not read /sys/devices/pci0000:00/0000:00:1e.0/../max_link_width, ignoring
ip-10-187-1-30:56:56 [0] NCCL INFO Topology detection : could not read /sys/devices/system/node/node-1/cpumap, ignoring
ip-10-187-1-30:56:56 [0] NCCL INFO TOPO/NET : Importing network plugins to topology
ip-10-187-1-30:56:56 [0] NCCL INFO Could not get speed from /sys/class/net/ens5/speed. Defaulting to 10 Gbps.
ip-10-187-1-30:56:56 [0] NCCL INFO Topology detection : could not read /sys/devices/pci0000:00/0000:00:05.0/../max_link_speed, ignoring
ip-10-187-1-30:56:56 [0] NCCL INFO Topology detection : could not read /sys/devices/pci0000:00/0000:00:05.0/../max_link_width, ignoring
ip-10-187-1-30:56:56 [0] NCCL INFO Topology detection : could not read /sys/devices/system/node/node-1/cpumap, ignoring
ip-10-187-1-30:56:56 [0] NCCL INFO NET/Socket : GPU Direct RDMA Disabled for HCA 0 'ens5'
ip-10-187-1-30:56:56 [0] NCCL INFO ncclTopoPopulateNics : Filled ens5 in topo with pciPath=/sys/devices/pci0000:00/0000:00:05.0 net=1 gin=(null) keep=1 coll=(null)
ip-10-187-1-30:56:56 [0] NCCL INFO KV Convert to int : could not find value of 'Unknown' in dictionary, falling back to 60
ip-10-187-1-30:56:56 [0] NCCL INFO === System : maxBw 1.2 totalBw 24.0 ===
ip-10-187-1-30:56:56 [0] NCCL INFO CPU/0-ffffffffffffff (1/2/-1)
ip-10-187-1-30:56:56 [0] NCCL INFO + PCI[24.0] - GPU/0-1e0 (1)
ip-10-187-1-30:56:56 [0] NCCL INFO + PCI[12.0] - NIC/0-50
ip-10-187-1-30:56:56 [0] NCCL INFO               + NET[1.2] - NET/0-0 (0/0/0/1.250000)
ip-10-187-1-30:56:56 [0] NCCL INFO ==========================================
ip-10-187-1-30:56:56 [0] NCCL INFO GPU/0-1e0 :GPU/0-1e0 (0/5000.0/LOC) CPU/0-ffffffffffffff (1/24.0/PHB) NET/0-0 (3/1.2/PHB) 
ip-10-187-1-30:56:56 [0] NCCL INFO NET/0-0 :GPU/0-1e0 (3/1.2/PHB) CPU/0-ffffffffffffff (2/1.2/PHB) NET/0-0 (0/5000.0/LOC) 
ip-10-187-1-30:56:56 [0] NCCL INFO ncclTopoGetCpuAffinity: Affinity for GPU 0 is empty, ignoring. (GPU affinity =  ; CPU affinity = 0-3).
ip-10-187-1-30:56:56 [0] NCCL INFO Pattern 4, crossNic 0, nChannels 1, bw 1.200000/1.200000, type LOC/PHB, sameChannels 1
ip-10-187-1-30:56:56 [0] NCCL INFO  0 : NET/0-0 GPU/0-1e0 NET/0-0
ip-10-187-1-30:56:56 [0] NCCL INFO Pattern 3, crossNic 0, nChannels 1, bw 2.400000/1.200000, type LOC/PHB, sameChannels 1
ip-10-187-1-30:56:56 [0] NCCL INFO  0 : NET/0-0 GPU/0-1e0 NET/0-0
ip-10-187-1-30:56:56 [0] NCCL INFO Could not get speed from /sys/class/net/ens5/speed. Defaulting to 10 Gbps.
ip-10-187-1-30:56:56 [0] NCCL INFO comm 0x5a1697ce25e0 rank 1 nRanks 2 nNodes 2 localRanks 1 localRank 0 MNNVL 0
ip-10-187-1-30:56:56 [0] NCCL INFO Tree 0 : 0 -> 1 -> -1/-1/-1
ip-10-187-1-30:56:56 [0] NCCL INFO Tree 1 : -1 -> 1 -> 0/-1/-1
ip-10-187-1-30:56:56 [0] NCCL INFO Ring 00 : 0 -> 1 -> 0
ip-10-187-1-30:56:56 [0] NCCL INFO Ring 01 : 0 -> 1 -> 0
ip-10-187-1-30:56:56 [0] NCCL INFO Trees [0] -1/-1/-1->1->0 [1] 0/-1/-1->1->-1
ip-10-187-1-30:56:56 [0] NCCL INFO P2P Chunksize set to 131072
ip-10-187-1-30:56:56 [0] NCCL INFO Check P2P Type isAllDirectP2p 1 directMode 0 isAllCudaP2p 1
ip-10-187-1-30:56:56 [0] NCCL INFO ncclP2pSchedule: group size used is 1
ip-10-187-1-30:56:167 [0] NCCL INFO [Proxy Service UDS] Device 0 CPU core 2
ip-10-187-1-30:56:166 [0] NCCL INFO [Proxy Service] Device 0 CPU core 2
ip-10-187-1-30:56:56 [0] NCCL INFO threadThresholds 8/8/64 | 16/8/64 | 512 | 512
ip-10-187-1-30:56:56 [0] NCCL INFO 2 coll channels, 2 collnet channels, 0 nvls channels, 2 p2p channels, 1 p2p channels per peer
ip-10-187-1-30:56:56 [0] NCCL INFO Symmetric VA size=24GB
ip-10-187-1-30:56:56 [0] NCCL INFO Symmetric memory is not supported. cuMemEnable 1, globalGinSupport 0, globalNicFused 0 cuMemGdrSupport 1
ip-10-187-1-30:56:56 [0] NCCL INFO ncclCommInitRankConfig comm 0x5a1697ce25e0 rank 1 nranks 2 cudaDev 0 nvmlDev 0 busId 1e0 commId 0xcad60d26a352cd05 - Init COMPLETE
ip-10-187-1-30:56:56 [0] NCCL INFO Init timings - ncclCommInitRankConfig: rank 1 nranks 2 total 2.07 (kernels 0.00, alloc 0.00, bootstrap 1.47, allgathers 0.59, topo 0.00, graphs 0.00, connections 0.00, rest 0.00)
ip-10-187-1-30:56:166 [0] NCCL INFO New proxy recv connection 0 from local rank 0, transport 2
ip-10-187-1-30:56:168 [0] NCCL INFO [Proxy Progress] Device 0 CPU core 0
ip-10-187-1-30:56:56 [0] NCCL INFO Connected to proxy localRank 0 -> connection 0x7f792c020010
ip-10-187-1-30:56:166 [0] NCCL INFO Could not get speed from /sys/class/net/ens5/speed. Defaulting to 10 Gbps.
ip-10-187-1-30:56:166 [0] NCCL INFO NET/Socket: Using 2 threads and 8 sockets per thread
ip-10-187-1-30:56:56 [0] NCCL INFO Channel 01/1 : 0[0] -> 1[0] [receive] via NET/Socket/0/Shared
ip-10-187-1-30:56:166 [0] NCCL INFO New proxy send connection 1 from local rank 0, transport 2
ip-10-187-1-30:56:56 [0] NCCL INFO Connected to proxy localRank 0 -> connection 0x7f792c020098
ip-10-187-1-30:56:166 [0] NCCL INFO Could not get speed from /sys/class/net/ens5/speed. Defaulting to 10 Gbps.
ip-10-187-1-30:56:56 [0] NCCL INFO Channel 01/1 : 1[0] -> 0[0] [send] via NET/Socket/0/Shared
{"event": "outer_step_completed", "rank": 14, "completed_outer_steps": 25, "timestamp": "2026-09-14T14:52:16.293491+00:00"}
ip-10-187-1-30:56:56 [0] NCCL INFO Initialized NET plugin Socket
ip-10-187-1-30:56:56 [0] NCCL INFO Could not get speed from /sys/class/net/ens5/speed. Defaulting to 10 Gbps.
ip-10-187-1-30:56:56 [0] NCCL INFO Assigned NET plugin Socket to comm
ip-10-187-1-30:56:56 [0] NCCL INFO Failed to initialize any GIN plugin
ip-10-187-1-30:56:56 [0] NCCL INFO Using network Socket
ip-10-187-1-30:56:56 [0] NCCL INFO [Rank 1] ncclCommInitRankConfig comm 0x5a1698149c00 rank 1 nranks 2 cudaDev 0 nvmlDev 0 busId 1e0 commId 0x50cea8b3053a2bc9 - Init START
ip-10-187-1-30:56:56 [0] NCCL INFO Topology detection : could not read /sys/devices/pci0000:00/0000:00:1e.0/../max_link_speed, ignoring
ip-10-187-1-30:56:56 [0] NCCL INFO Topology detection : could not read /sys/devices/pci0000:00/0000:00:1e.0/../max_link_width, ignoring
ip-10-187-1-30:56:56 [0] NCCL INFO Topology detection : could not read /sys/devices/system/node/node-1/cpumap, ignoring
ip-10-187-1-30:56:56 [0] NCCL INFO TOPO/NET : Importing network plugins to topology
ip-10-187-1-30:56:56 [0] NCCL INFO Could not get speed from /sys/class/net/ens5/speed. Defaulting to 10 Gbps.
ip-10-187-1-30:56:56 [0] NCCL INFO Topology detection : could not read /sys/devices/pci0000:00/0000:00:05.0/../max_link_speed, ignoring
ip-10-187-1-30:56:56 [0] NCCL INFO Topology detection : could not read /sys/devices/pci0000:00/0000:00:05.0/../max_link_width, ignoring
ip-10-187-1-30:56:56 [0] NCCL INFO Topology detection : could not read /sys/devices/system/node/node-1/cpumap, ignoring
ip-10-187-1-30:56:56 [0] NCCL INFO NET/Socket : GPU Direct RDMA Disabled for HCA 0 'ens5'
ip-10-187-1-30:56:56 [0] NCCL INFO ncclTopoPopulateNics : Filled ens5 in topo with pciPath=/sys/devices/pci0000:00/0000:00:05.0 net=1 gin=(null) keep=1 coll=(null)
ip-10-187-1-30:56:56 [0] NCCL INFO KV Convert to int : could not find value of 'Unknown' in dictionary, falling back to 60
ip-10-187-1-30:56:56 [0] NCCL INFO === System : maxBw 1.2 totalBw 24.0 ===
ip-10-187-1-30:56:56 [0] NCCL INFO CPU/0-ffffffffffffff (1/2/-1)
ip-10-187-1-30:56:56 [0] NCCL INFO + PCI[24.0] - GPU/0-1e0 (1)
ip-10-187-1-30:56:56 [0] NCCL INFO + PCI[12.0] - NIC/0-50
ip-10-187-1-30:56:56 [0] NCCL INFO               + NET[1.2] - NET/0-0 (0/0/0/1.250000)
ip-10-187-1-30:56:56 [0] NCCL INFO ==========================================
ip-10-187-1-30:56:56 [0] NCCL INFO GPU/0-1e0 :GPU/0-1e0 (0/5000.0/LOC) CPU/0-ffffffffffffff (1/24.0/PHB) NET/0-0 (3/1.2/PHB) 
ip-10-187-1-30:56:56 [0] NCCL INFO NET/0-0 :GPU/0-1e0 (3/1.2/PHB) CPU/0-ffffffffffffff (2/1.2/PHB) NET/0-0 (0/5000.0/LOC) 
ip-10-187-1-30:56:56 [0] NCCL INFO ncclTopoGetCpuAffinity: Affinity for GPU 0 is empty, ignoring. (GPU affinity =  ; CPU affinity = 0-3).
ip-10-187-1-30:56:56 [0] NCCL INFO Pattern 4, crossNic 0, nChannels 1, bw 1.200000/1.200000, type LOC/PHB, sameChannels 1
ip-10-187-1-30:56:56 [0] NCCL INFO  0 : NET/0-0 GPU/0-1e0 NET/0-0
ip-10-187-1-30:56:56 [0] NCCL INFO Pattern 3, crossNic 0, nChannels 1, bw 2.400000/1.200000, type LOC/PHB, sameChannels 1
ip-10-187-1-30:56:56 [0] NCCL INFO  0 : NET/0-0 GPU/0-1e0 NET/0-0
ip-10-187-1-30:56:56 [0] NCCL INFO Could not get speed from /sys/class/net/ens5/speed. Defaulting to 10 Gbps.
ip-10-187-1-30:56:56 [0] NCCL INFO comm 0x5a1698149c00 rank 1 nRanks 2 nNodes 2 localRanks 1 localRank 0 MNNVL 0
ip-10-187-1-30:56:56 [0] NCCL INFO Tree 0 : 0 -> 1 -> -1/-1/-1
ip-10-187-1-30:56:56 [0] NCCL INFO Tree 1 : -1 -> 1 -> 0/-1/-1
ip-10-187-1-30:56:56 [0] NCCL INFO Ring 00 : 0 -> 1 -> 0
ip-10-187-1-30:56:56 [0] NCCL INFO Ring 01 : 0 -> 1 -> 0
ip-10-187-1-30:56:56 [0] NCCL INFO Trees [0] -1/-1/-1->1->0 [1] 0/-1/-1->1->-1
ip-10-187-1-30:56:56 [0] NCCL INFO P2P Chunksize set to 131072
ip-10-187-1-30:56:56 [0] NCCL INFO Check P2P Type isAllDirectP2p 1 directMode 0 isAllCudaP2p 1
ip-10-187-1-30:56:173 [0] NCCL INFO [Proxy Service] Device 0 CPU core 2
ip-10-187-1-30:56:56 [0] NCCL INFO ncclP2pSchedule: group size used is 1
ip-10-187-1-30:56:174 [0] NCCL INFO [Proxy Service UDS] Device 0 CPU core 3
ip-10-187-1-30:56:56 [0] NCCL INFO threadThresholds 8/8/64 | 16/8/64 | 512 | 512
ip-10-187-1-30:56:56 [0] NCCL INFO 2 coll channels, 2 collnet channels, 0 nvls channels, 2 p2p channels, 1 p2p channels per peer
ip-10-187-1-30:56:56 [0] NCCL INFO Symmetric VA size=24GB
ip-10-187-1-30:56:56 [0] NCCL INFO Symmetric memory is not supported. cuMemEnable 1, globalGinSupport 0, globalNicFused 0 cuMemGdrSupport 1
ip-10-187-1-30:56:56 [0] NCCL INFO ncclCommInitRankConfig comm 0x5a1698149c00 rank 1 nranks 2 cudaDev 0 nvmlDev 0 busId 1e0 commId 0x50cea8b3053a2bc9 - Init COMPLETE
ip-10-187-1-30:56:56 [0] NCCL INFO Init timings - ncclCommInitRankConfig: rank 1 nranks 2 total 0.79 (kernels 0.00, alloc 0.00, bootstrap 0.56, allgathers 0.23, topo 0.00, graphs 0.00, connections 0.00, rest 0.00)
ip-10-187-1-30:56:173 [0] NCCL INFO New proxy recv connection 0 from local rank 0, transport 2
ip-10-187-1-30:56:175 [0] NCCL INFO [Proxy Progress] Device 0 CPU core 3
ip-10-187-1-30:56:56 [0] NCCL INFO Connected to proxy localRank 0 -> connection 0x7f7940016c90
ip-10-187-1-30:56:173 [0] NCCL INFO Could not get speed from /sys/class/net/ens5/speed. Defaulting to 10 Gbps.
ip-10-187-1-30:56:173 [0] NCCL INFO NET/Socket: Using 2 threads and 8 sockets per thread
ip-10-187-1-30:56:56 [0] NCCL INFO Channel 01/1 : 0[0] -> 1[0] [receive] via NET/Socket/0/Shared
ip-10-187-1-30:56:173 [0] NCCL INFO New proxy send connection 1 from local rank 0, transport 2
ip-10-187-1-30:56:56 [0] NCCL INFO Connected to proxy localRank 0 -> connection 0x7f7940016d18
ip-10-187-1-30:56:173 [0] NCCL INFO Could not get speed from /sys/class/net/ens5/speed. Defaulting to 10 Gbps.
ip-10-187-1-30:56:56 [0] NCCL INFO Channel 01/1 : 1[0] -> 0[0] [send] via NET/Socket/0/Shared
ip-10-187-1-30:56:56 [0] NCCL INFO Initialized NET plugin Socket
ip-10-187-1-30:56:56 [0] NCCL INFO Could not get speed from /sys/class/net/ens5/speed. Defaulting to 10 Gbps.
ip-10-187-1-30:56:56 [0] NCCL INFO Assigned NET plugin Socket to comm
ip-10-187-1-30:56:56 [0] NCCL INFO Failed to initialize any GIN plugin
ip-10-187-1-30:56:56 [0] NCCL INFO Using network Socket
ip-10-187-1-30:56:56 [0] NCCL INFO [Rank 1] ncclCommInitRankConfig comm 0x5a1697eb19e0 rank 1 nranks 2 cudaDev 0 nvmlDev 0 busId 1e0 commId 0xf8c2b1e85ee3059 - Init START
ip-10-187-1-30:56:56 [0] NCCL INFO Topology detection : could not read /sys/devices/pci0000:00/0000:00:1e.0/../max_link_speed, ignoring
ip-10-187-1-30:56:56 [0] NCCL INFO Topology detection : could not read /sys/devices/pci0000:00/0000:00:1e.0/../max_link_width, ignoring
ip-10-187-1-30:56:56 [0] NCCL INFO Topology detection : could not read /sys/devices/system/node/node-1/cpumap, ignoring
ip-10-187-1-30:56:56 [0] NCCL INFO TOPO/NET : Importing network plugins to topology
ip-10-187-1-30:56:56 [0] NCCL INFO Could not get speed from /sys/class/net/ens5/speed. Defaulting to 10 Gbps.
ip-10-187-1-30:56:56 [0] NCCL INFO Topology detection : could not read /sys/devices/pci0000:00/0000:00:05.0/../max_link_speed, ignoring
ip-10-187-1-30:56:56 [0] NCCL INFO Topology detection : could not read /sys/devices/pci0000:00/0000:00:05.0/../max_link_width, ignoring
ip-10-187-1-30:56:56 [0] NCCL INFO Topology detection : could not read /sys/devices/system/node/node-1/cpumap, ignoring
ip-10-187-1-30:56:56 [0] NCCL INFO NET/Socket : GPU Direct RDMA Disabled for HCA 0 'ens5'
ip-10-187-1-30:56:56 [0] NCCL INFO ncclTopoPopulateNics : Filled ens5 in topo with pciPath=/sys/devices/pci0000:00/0000:00:05.0 net=1 gin=(null) keep=1 coll=(null)
ip-10-187-1-30:56:56 [0] NCCL INFO KV Convert to int : could not find value of 'Unknown' in dictionary, falling back to 60
ip-10-187-1-30:56:56 [0] NCCL INFO === System : maxBw 1.2 totalBw 24.0 ===
ip-10-187-1-30:56:56 [0] NCCL INFO CPU/0-ffffffffffffff (1/2/-1)
ip-10-187-1-30:56:56 [0] NCCL INFO + PCI[24.0] - GPU/0-1e0 (1)
ip-10-187-1-30:56:56 [0] NCCL INFO + PCI[12.0] - NIC/0-50
ip-10-187-1-30:56:56 [0] NCCL INFO               + NET[1.2] - NET/0-0 (0/0/0/1.250000)
ip-10-187-1-30:56:56 [0] NCCL INFO ==========================================
ip-10-187-1-30:56:56 [0] NCCL INFO GPU/0-1e0 :GPU/0-1e0 (0/5000.0/LOC) CPU/0-ffffffffffffff (1/24.0/PHB) NET/0-0 (3/1.2/PHB) 
ip-10-187-1-30:56:56 [0] NCCL INFO NET/0-0 :GPU/0-1e0 (3/1.2/PHB) CPU/0-ffffffffffffff (2/1.2/PHB) NET/0-0 (0/5000.0/LOC) 
ip-10-187-1-30:56:56 [0] NCCL INFO ncclTopoGetCpuAffinity: Affinity for GPU 0 is empty, ignoring. (GPU affinity =  ; CPU affinity = 0-3).
ip-10-187-1-30:56:56 [0] NCCL INFO Pattern 4, crossNic 0, nChannels 1, bw 1.200000/1.200000, type LOC/PHB, sameChannels 1
ip-10-187-1-30:56:56 [0] NCCL INFO  0 : NET/0-0 GPU/0-1e0 NET/0-0
ip-10-187-1-30:56:56 [0] NCCL INFO Pattern 3, crossNic 0, nChannels 1, bw 2.400000/1.200000, type LOC/PHB, sameChannels 1
ip-10-187-1-30:56:56 [0] NCCL INFO  0 : NET/0-0 GPU/0-1e0 NET/0-0
ip-10-187-1-30:56:56 [0] NCCL INFO Could not get speed from /sys/class/net/ens5/speed. Defaulting to 10 Gbps.
ip-10-187-1-30:56:56 [0] NCCL INFO comm 0x5a1697eb19e0 rank 1 nRanks 2 nNodes 2 localRanks 1 localRank 0 MNNVL 0
ip-10-187-1-30:56:56 [0] NCCL INFO Tree 0 : 0 -> 1 -> -1/-1/-1
ip-10-187-1-30:56:56 [0] NCCL INFO Tree 1 : -1 -> 1 -> 0/-1/-1
ip-10-187-1-30:56:56 [0] NCCL INFO Ring 00 : 0 -> 1 -> 0
ip-10-187-1-30:56:56 [0] NCCL INFO Ring 01 : 0 -> 1 -> 0
ip-10-187-1-30:56:56 [0] NCCL INFO Trees [0] -1/-1/-1->1->0 [1] 0/-1/-1->1->-1
ip-10-187-1-30:56:56 [0] NCCL INFO P2P Chunksize set to 131072
ip-10-187-1-30:56:56 [0] NCCL INFO Check P2P Type isAllDirectP2p 1 directMode 0 isAllCudaP2p 1
ip-10-187-1-30:56:56 [0] NCCL INFO ncclP2pSchedule: group size used is 1
ip-10-187-1-30:56:180 [0] NCCL INFO [Proxy Service] Device 0 CPU core 0
ip-10-187-1-30:56:181 [0] NCCL INFO [Proxy Service UDS] Device 0 CPU core 1
ip-10-187-1-30:56:56 [0] NCCL INFO threadThresholds 8/8/64 | 16/8/64 | 512 | 512
ip-10-187-1-30:56:56 [0] NCCL INFO 2 coll channels, 2 collnet channels, 0 nvls channels, 2 p2p channels, 1 p2p channels per peer
ip-10-187-1-30:56:56 [0] NCCL INFO Symmetric VA size=24GB
ip-10-187-1-30:56:56 [0] NCCL INFO Symmetric memory is not supported. cuMemEnable 1, globalGinSupport 0, globalNicFused 0 cuMemGdrSupport 1
ip-10-187-1-30:56:56 [0] NCCL INFO ncclCommInitRankConfig comm 0x5a1697eb19e0 rank 1 nranks 2 cudaDev 0 nvmlDev 0 busId 1e0 commId 0xf8c2b1e85ee3059 - Init COMPLETE
ip-10-187-1-30:56:56 [0] NCCL INFO Init timings - ncclCommInitRankConfig: rank 1 nranks 2 total 1.42 (kernels 0.00, alloc 0.00, bootstrap 1.01, allgathers 0.40, topo 0.00, graphs 0.00, connections 0.00, rest 0.00)
ip-10-187-1-30:56:180 [0] NCCL INFO New proxy recv connection 0 from local rank 0, transport 2
ip-10-187-1-30:56:182 [0] NCCL INFO [Proxy Progress] Device 0 CPU core 3
ip-10-187-1-30:56:56 [0] NCCL INFO Connected to proxy localRank 0 -> connection 0x7f794405f530
ip-10-187-1-30:56:180 [0] NCCL INFO Could not get speed from /sys/class/net/ens5/speed. Defaulting to 10 Gbps.
ip-10-187-1-30:56:180 [0] NCCL INFO NET/Socket: Using 2 threads and 8 sockets per thread
ip-10-187-1-30:56:56 [0] NCCL INFO Channel 01/1 : 0[0] -> 1[0] [receive] via NET/Socket/0/Shared
ip-10-187-1-30:56:180 [0] NCCL INFO New proxy send connection 1 from local rank 0, transport 2
ip-10-187-1-30:56:56 [0] NCCL INFO Connected to proxy localRank 0 -> connection 0x7f794405f5b8
ip-10-187-1-30:56:180 [0] NCCL INFO Could not get speed from /sys/class/net/ens5/speed. Defaulting to 10 Gbps.
ip-10-187-1-30:56:56 [0] NCCL INFO Channel 01/1 : 1[0] -> 0[0] [send] via NET/Socket/0/Shared
ip-10-187-1-30:56:56 [0] NCCL INFO Initialized NET plugin Socket
ip-10-187-1-30:56:56 [0] NCCL INFO Could not get speed from /sys/class/net/ens5/speed. Defaulting to 10 Gbps.
ip-10-187-1-30:56:56 [0] NCCL INFO Assigned NET plugin Socket to comm
ip-10-187-1-30:56:56 [0] NCCL INFO Failed to initialize any GIN plugin
ip-10-187-1-30:56:56 [0] NCCL INFO Using network Socket
ip-10-187-1-30:56:56 [0] NCCL INFO [Rank 0] ncclCommInitRankConfig comm 0x5a169d457a90 rank 0 nranks 2 cudaDev 0 nvmlDev 0 busId 1e0 commId 0xe6a211b187a38866 - Init START
ip-10-187-1-30:56:56 [0] NCCL INFO Topology detection : could not read /sys/devices/pci0000:00/0000:00:1e.0/../max_link_speed, ignoring
ip-10-187-1-30:56:56 [0] NCCL INFO Topology detection : could not read /sys/devices/pci0000:00/0000:00:1e.0/../max_link_width, ignoring
ip-10-187-1-30:56:56 [0] NCCL INFO Topology detection : could not read /sys/devices/system/node/node-1/cpumap, ignoring
ip-10-187-1-30:56:56 [0] NCCL INFO TOPO/NET : Importing network plugins to topology
ip-10-187-1-30:56:56 [0] NCCL INFO Could not get speed from /sys/class/net/ens5/speed. Defaulting to 10 Gbps.
ip-10-187-1-30:56:56 [0] NCCL INFO Topology detection : could not read /sys/devices/pci0000:00/0000:00:05.0/../max_link_speed, ignoring
ip-10-187-1-30:56:56 [0] NCCL INFO Topology detection : could not read /sys/devices/pci0000:00/0000:00:05.0/../max_link_width, ignoring
ip-10-187-1-30:56:56 [0] NCCL INFO Topology detection : could not read /sys/devices/system/node/node-1/cpumap, ignoring
ip-10-187-1-30:56:56 [0] NCCL INFO NET/Socket : GPU Direct RDMA Disabled for HCA 0 'ens5'
ip-10-187-1-30:56:56 [0] NCCL INFO ncclTopoPopulateNics : Filled ens5 in topo with pciPath=/sys/devices/pci0000:00/0000:00:05.0 net=1 gin=(null) keep=1 coll=(null)
ip-10-187-1-30:56:56 [0] NCCL INFO KV Convert to int : could not find value of 'Unknown' in dictionary, falling back to 60
ip-10-187-1-30:56:56 [0] NCCL INFO === System : maxBw 1.2 totalBw 24.0 ===
ip-10-187-1-30:56:56 [0] NCCL INFO CPU/0-ffffffffffffff (1/2/-1)
ip-10-187-1-30:56:56 [0] NCCL INFO + PCI[24.0] - GPU/0-1e0 (0)
ip-10-187-1-30:56:56 [0] NCCL INFO + PCI[12.0] - NIC/0-50
ip-10-187-1-30:56:56 [0] NCCL INFO               + NET[1.2] - NET/0-0 (0/0/0/1.250000)
ip-10-187-1-30:56:56 [0] NCCL INFO ==========================================
ip-10-187-1-30:56:56 [0] NCCL INFO GPU/0-1e0 :GPU/0-1e0 (0/5000.0/LOC) CPU/0-ffffffffffffff (1/24.0/PHB) NET/0-0 (3/1.2/PHB) 
ip-10-187-1-30:56:56 [0] NCCL INFO NET/0-0 :GPU/0-1e0 (3/1.2/PHB) CPU/0-ffffffffffffff (2/1.2/PHB) NET/0-0 (0/5000.0/LOC) 
ip-10-187-1-30:56:56 [0] NCCL INFO ncclTopoGetCpuAffinity: Affinity for GPU 0 is empty, ignoring. (GPU affinity =  ; CPU affinity = 0-3).
ip-10-187-1-30:56:56 [0] NCCL INFO Pattern 4, crossNic 0, nChannels 1, bw 1.200000/1.200000, type LOC/PHB, sameChannels 1
ip-10-187-1-30:56:56 [0] NCCL INFO  0 : NET/0-0 GPU/0-1e0 NET/0-0
ip-10-187-1-30:56:56 [0] NCCL INFO Pattern 3, crossNic 0, nChannels 1, bw 2.400000/1.200000, type LOC/PHB, sameChannels 1
ip-10-187-1-30:56:56 [0] NCCL INFO  0 : NET/0-0 GPU/0-1e0 NET/0-0
ip-10-187-1-30:56:56 [0] NCCL INFO Could not get speed from /sys/class/net/ens5/speed. Defaulting to 10 Gbps.
ip-10-187-1-30:56:56 [0] NCCL INFO comm 0x5a169d457a90 rank 0 nRanks 2 nNodes 2 localRanks 1 localRank 0 MNNVL 0
ip-10-187-1-30:56:56 [0] NCCL INFO Tree 0 : -1 -> 0 -> 1/-1/-1
ip-10-187-1-30:56:56 [0] NCCL INFO Tree 1 : 1 -> 0 -> -1/-1/-1
ip-10-187-1-30:56:56 [0] NCCL INFO Channel 00/02 : 0 1
ip-10-187-1-30:56:56 [0] NCCL INFO Channel 01/02 : 0 1
ip-10-187-1-30:56:56 [0] NCCL INFO Ring 00 : 1 -> 0 -> 1
ip-10-187-1-30:56:56 [0] NCCL INFO Ring 01 : 1 -> 0 -> 1
ip-10-187-1-30:56:56 [0] NCCL INFO Trees [0] 1/-1/-1->0->-1 [1] -1/-1/-1->0->1
ip-10-187-1-30:56:56 [0] NCCL INFO P2P Chunksize set to 131072
ip-10-187-1-30:56:56 [0] NCCL INFO Check P2P Type isAllDirectP2p 1 directMode 0 isAllCudaP2p 1
ip-10-187-1-30:56:188 [0] NCCL INFO [Proxy Service] Device 0 CPU core 3
ip-10-187-1-30:56:56 [0] NCCL INFO ncclP2pSchedule: group size used is 1
ip-10-187-1-30:56:189 [0] NCCL INFO [Proxy Service UDS] Device 0 CPU core 2
ip-10-187-1-30:56:56 [0] NCCL INFO threadThresholds 8/8/64 | 16/8/64 | 512 | 512
ip-10-187-1-30:56:56 [0] NCCL INFO 2 coll channels, 2 collnet channels, 0 nvls channels, 2 p2p channels, 1 p2p channels per peer
ip-10-187-1-30:56:56 [0] NCCL INFO Symmetric VA size=24GB
ip-10-187-1-30:56:56 [0] NCCL INFO Symmetric memory is not supported. cuMemEnable 1, globalGinSupport 0, globalNicFused 0 cuMemGdrSupport 1
ip-10-187-1-30:56:56 [0] NCCL INFO CC Off, workFifoBytes 1048576
ip-10-187-1-30:56:56 [0] NCCL INFO ncclCommInitRankConfig comm 0x5a169d457a90 rank 0 nranks 2 cudaDev 0 nvmlDev 0 busId 1e0 commId 0xe6a211b187a38866 - Init COMPLETE
ip-10-187-1-30:56:56 [0] NCCL INFO Init timings - ncclCommInitRankConfig: rank 0 nranks 2 total 0.31 (kernels 0.00, alloc 0.00, bootstrap 0.31, allgathers 0.00, topo 0.00, graphs 0.00, connections 0.00, rest 0.00)
ip-10-187-1-30:56:188 [0] NCCL INFO New proxy send connection 0 from local rank 0, transport 2
ip-10-187-1-30:56:190 [0] NCCL INFO [Proxy Progress] Device 0 CPU core 1
ip-10-187-1-30:56:56 [0] NCCL INFO Connected to proxy localRank 0 -> connection 0x7f795c005220
ip-10-187-1-30:56:188 [0] NCCL INFO Could not get speed from /sys/class/net/ens5/speed. Defaulting to 10 Gbps.
ip-10-187-1-30:56:56 [0] NCCL INFO Channel 01/1 : 0[0] -> 1[0] [send] via NET/Socket/0/Shared
ip-10-187-1-30:56:188 [0] NCCL INFO New proxy recv connection 1 from local rank 0, transport 2
ip-10-187-1-30:56:56 [0] NCCL INFO Connected to proxy localRank 0 -> connection 0x7f795c0052a8
ip-10-187-1-30:56:188 [0] NCCL INFO Could not get speed from /sys/class/net/ens5/speed. Defaulting to 10 Gbps.
ip-10-187-1-30:56:188 [0] NCCL INFO NET/Socket: Using 2 threads and 8 sockets per thread
ip-10-187-1-30:56:56 [0] NCCL INFO Channel 01/1 : 1[0] -> 0[0] [receive] via NET/Socket/0/Shared
ip-10-187-1-30:56:56 [0] NCCL INFO Initialized NET plugin Socket
ip-10-187-1-30:56:56 [0] NCCL INFO Could not get speed from /sys/class/net/ens5/speed. Defaulting to 10 Gbps.
ip-10-187-1-30:56:56 [0] NCCL INFO Assigned NET plugin Socket to comm
ip-10-187-1-30:56:56 [0] NCCL INFO Failed to initialize any GIN plugin
ip-10-187-1-30:56:56 [0] NCCL INFO Using network Socket
ip-10-187-1-30:56:56 [0] NCCL INFO [Rank 1] ncclCommInitRankConfig comm 0x5a169d655d10 rank 1 nranks 2 cudaDev 0 nvmlDev 0 busId 1e0 commId 0xfcd0941bf924818b - Init START
ip-10-187-1-30:56:56 [0] NCCL INFO Topology detection : could not read /sys/devices/pci0000:00/0000:00:1e.0/../max_link_speed, ignoring
ip-10-187-1-30:56:56 [0] NCCL INFO Topology detection : could not read /sys/devices/pci0000:00/0000:00:1e.0/../max_link_width, ignoring
ip-10-187-1-30:56:56 [0] NCCL INFO Topology detection : could not read /sys/devices/system/node/node-1/cpumap, ignoring
ip-10-187-1-30:56:56 [0] NCCL INFO TOPO/NET : Importing network plugins to topology
ip-10-187-1-30:56:56 [0] NCCL INFO Could not get speed from /sys/class/net/ens5/speed. Defaulting to 10 Gbps.
ip-10-187-1-30:56:56 [0] NCCL INFO Topology detection : could not read /sys/devices/pci0000:00/0000:00:05.0/../max_link_speed, ignoring
ip-10-187-1-30:56:56 [0] NCCL INFO Topology detection : could not read /sys/devices/pci0000:00/0000:00:05.0/../max_link_width, ignoring
ip-10-187-1-30:56:56 [0] NCCL INFO Topology detection : could not read /sys/devices/system/node/node-1/cpumap, ignoring
ip-10-187-1-30:56:56 [0] NCCL INFO NET/Socket : GPU Direct RDMA Disabled for HCA 0 'ens5'
ip-10-187-1-30:56:56 [0] NCCL INFO ncclTopoPopulateNics : Filled ens5 in topo with pciPath=/sys/devices/pci0000:00/0000:00:05.0 net=1 gin=(null) keep=1 coll=(null)
ip-10-187-1-30:56:56 [0] NCCL INFO KV Convert to int : could not find value of 'Unknown' in dictionary, falling back to 60
ip-10-187-1-30:56:56 [0] NCCL INFO === System : maxBw 1.2 totalBw 24.0 ===
ip-10-187-1-30:56:56 [0] NCCL INFO CPU/0-ffffffffffffff (1/2/-1)
ip-10-187-1-30:56:56 [0] NCCL INFO + PCI[24.0] - GPU/0-1e0 (1)
ip-10-187-1-30:56:56 [0] NCCL INFO + PCI[12.0] - NIC/0-50
ip-10-187-1-30:56:56 [0] NCCL INFO               + NET[1.2] - NET/0-0 (0/0/0/1.250000)
ip-10-187-1-30:56:56 [0] NCCL INFO ==========================================
ip-10-187-1-30:56:56 [0] NCCL INFO GPU/0-1e0 :GPU/0-1e0 (0/5000.0/LOC) CPU/0-ffffffffffffff (1/24.0/PHB) NET/0-0 (3/1.2/PHB) 
ip-10-187-1-30:56:56 [0] NCCL INFO NET/0-0 :GPU/0-1e0 (3/1.2/PHB) CPU/0-ffffffffffffff (2/1.2/PHB) NET/0-0 (0/5000.0/LOC) 
ip-10-187-1-30:56:56 [0] NCCL INFO ncclTopoGetCpuAffinity: Affinity for GPU 0 is empty, ignoring. (GPU affinity =  ; CPU affinity = 0-3).
ip-10-187-1-30:56:56 [0] NCCL INFO Pattern 4, crossNic 0, nChannels 1, bw 1.200000/1.200000, type LOC/PHB, sameChannels 1
ip-10-187-1-30:56:56 [0] NCCL INFO  0 : NET/0-0 GPU/0-1e0 NET/0-0
ip-10-187-1-30:56:56 [0] NCCL INFO Pattern 3, crossNic 0, nChannels 1, bw 2.400000/1.200000, type LOC/PHB, sameChannels 1
ip-10-187-1-30:56:56 [0] NCCL INFO  0 : NET/0-0 GPU/0-1e0 NET/0-0
ip-10-187-1-30:56:56 [0] NCCL INFO Could not get speed from /sys/class/net/ens5/speed. Defaulting to 10 Gbps.
ip-10-187-1-30:56:56 [0] NCCL INFO comm 0x5a169d655d10 rank 1 nRanks 2 nNodes 2 localRanks 1 localRank 0 MNNVL 0
ip-10-187-1-30:56:56 [0] NCCL INFO Tree 0 : 0 -> 1 -> -1/-1/-1
ip-10-187-1-30:56:56 [0] NCCL INFO Tree 1 : -1 -> 1 -> 0/-1/-1
ip-10-187-1-30:56:56 [0] NCCL INFO Ring 00 : 0 -> 1 -> 0
ip-10-187-1-30:56:56 [0] NCCL INFO Ring 01 : 0 -> 1 -> 0
ip-10-187-1-30:56:56 [0] NCCL INFO Trees [0] -1/-1/-1->1->0 [1] 0/-1/-1->1->-1
ip-10-187-1-30:56:56 [0] NCCL INFO P2P Chunksize set to 131072
ip-10-187-1-30:56:56 [0] NCCL INFO Check P2P Type isAllDirectP2p 1 directMode 0 isAllCudaP2p 1
ip-10-187-1-30:56:56 [0] NCCL INFO ncclP2pSchedule: group size used is 1
ip-10-187-1-30:56:196 [0] NCCL INFO [Proxy Service UDS] Device 0 CPU core 2
ip-10-187-1-30:56:195 [0] NCCL INFO [Proxy Service] Device 0 CPU core 1
ip-10-187-1-30:56:56 [0] NCCL INFO threadThresholds 8/8/64 | 16/8/64 | 512 | 512
ip-10-187-1-30:56:56 [0] NCCL INFO 2 coll channels, 2 collnet channels, 0 nvls channels, 2 p2p channels, 1 p2p channels per peer
ip-10-187-1-30:56:56 [0] NCCL INFO Symmetric VA size=24GB
ip-10-187-1-30:56:56 [0] NCCL INFO Symmetric memory is not supported. cuMemEnable 1, globalGinSupport 0, globalNicFused 0 cuMemGdrSupport 1
ip-10-187-1-30:56:56 [0] NCCL INFO ncclCommInitRankConfig comm 0x5a169d655d10 rank 1 nranks 2 cudaDev 0 nvmlDev 0 busId 1e0 commId 0xfcd0941bf924818b - Init COMPLETE
ip-10-187-1-30:56:56 [0] NCCL INFO Init timings - ncclCommInitRankConfig: rank 1 nranks 2 total 1.22 (kernels 0.00, alloc 0.00, bootstrap 0.86, allgathers 0.34, topo 0.00, graphs 0.00, connections 0.00, rest 0.00)
ip-10-187-1-30:56:195 [0] NCCL INFO New proxy recv connection 0 from local rank 0, transport 2
ip-10-187-1-30:56:197 [0] NCCL INFO [Proxy Progress] Device 0 CPU core 2
ip-10-187-1-30:56:56 [0] NCCL INFO Connected to proxy localRank 0 -> connection 0x7f7994007dc0
ip-10-187-1-30:56:195 [0] NCCL INFO Could not get speed from /sys/class/net/ens5/speed. Defaulting to 10 Gbps.
ip-10-187-1-30:56:195 [0] NCCL INFO NET/Socket: Using 2 threads and 8 sockets per thread
ip-10-187-1-30:56:56 [0] NCCL INFO Channel 01/1 : 0[0] -> 1[0] [receive] via NET/Socket/0/Shared
ip-10-187-1-30:56:195 [0] NCCL INFO New proxy send connection 1 from local rank 0, transport 2
ip-10-187-1-30:56:56 [0] NCCL INFO Connected to proxy localRank 0 -> connection 0x7f7994007e48
ip-10-187-1-30:56:195 [0] NCCL INFO Could not get speed from /sys/class/net/ens5/speed. Defaulting to 10 Gbps.
ip-10-187-1-30:56:56 [0] NCCL INFO Channel 01/1 : 1[0] -> 0[0] [send] via NET/Socket/0/Shared
ip-10-187-1-30:56:56 [0] NCCL INFO Initialized NET plugin Socket
ip-10-187-1-30:56:56 [0] NCCL INFO Could not get speed from /sys/class/net/ens5/speed. Defaulting to 10 Gbps.
ip-10-187-1-30:56:56 [0] NCCL INFO Assigned NET plugin Socket to comm
ip-10-187-1-30:56:56 [0] NCCL INFO Failed to initialize any GIN plugin
ip-10-187-1-30:56:56 [0] NCCL INFO Using network Socket
ip-10-187-1-30:56:56 [0] NCCL INFO [Rank 1] ncclCommInitRankConfig comm 0x5a1691b11fc0 rank 1 nranks 2 cudaDev 0 nvmlDev 0 busId 1e0 commId 0x1ffcf0cd6b9cfc3d - Init START
ip-10-187-1-30:56:56 [0] NCCL INFO Topology detection : could not read /sys/devices/pci0000:00/0000:00:1e.0/../max_link_speed, ignoring
ip-10-187-1-30:56:56 [0] NCCL INFO Topology detection : could not read /sys/devices/pci0000:00/0000:00:1e.0/../max_link_width, ignoring
ip-10-187-1-30:56:56 [0] NCCL INFO Topology detection : could not read /sys/devices/system/node/node-1/cpumap, ignoring
ip-10-187-1-30:56:56 [0] NCCL INFO TOPO/NET : Importing network plugins to topology
ip-10-187-1-30:56:56 [0] NCCL INFO Could not get speed from /sys/class/net/ens5/speed. Defaulting to 10 Gbps.
ip-10-187-1-30:56:56 [0] NCCL INFO Topology detection : could not read /sys/devices/pci0000:00/0000:00:05.0/../max_link_speed, ignoring
ip-10-187-1-30:56:56 [0] NCCL INFO Topology detection : could not read /sys/devices/pci0000:00/0000:00:05.0/../max_link_width, ignoring
ip-10-187-1-30:56:56 [0] NCCL INFO Topology detection : could not read /sys/devices/system/node/node-1/cpumap, ignoring
ip-10-187-1-30:56:56 [0] NCCL INFO NET/Socket : GPU Direct RDMA Disabled for HCA 0 'ens5'
ip-10-187-1-30:56:56 [0] NCCL INFO ncclTopoPopulateNics : Filled ens5 in topo with pciPath=/sys/devices/pci0000:00/0000:00:05.0 net=1 gin=(null) keep=1 coll=(null)
ip-10-187-1-30:56:56 [0] NCCL INFO KV Convert to int : could not find value of 'Unknown' in dictionary, falling back to 60
ip-10-187-1-30:56:56 [0] NCCL INFO === System : maxBw 1.2 totalBw 24.0 ===
ip-10-187-1-30:56:56 [0] NCCL INFO CPU/0-ffffffffffffff (1/2/-1)
ip-10-187-1-30:56:56 [0] NCCL INFO + PCI[24.0] - GPU/0-1e0 (1)
ip-10-187-1-30:56:56 [0] NCCL INFO + PCI[12.0] - NIC/0-50
ip-10-187-1-30:56:56 [0] NCCL INFO               + NET[1.2] - NET/0-0 (0/0/0/1.250000)
ip-10-187-1-30:56:56 [0] NCCL INFO ==========================================
ip-10-187-1-30:56:56 [0] NCCL INFO GPU/0-1e0 :GPU/0-1e0 (0/5000.0/LOC) CPU/0-ffffffffffffff (1/24.0/PHB) NET/0-0 (3/1.2/PHB) 
ip-10-187-1-30:56:56 [0] NCCL INFO NET/0-0 :GPU/0-1e0 (3/1.2/PHB) CPU/0-ffffffffffffff (2/1.2/PHB) NET/0-0 (0/5000.0/LOC) 
ip-10-187-1-30:56:56 [0] NCCL INFO ncclTopoGetCpuAffinity: Affinity for GPU 0 is empty, ignoring. (GPU affinity =  ; CPU affinity = 0-3).
ip-10-187-1-30:56:56 [0] NCCL INFO Pattern 4, crossNic 0, nChannels 1, bw 1.200000/1.200000, type LOC/PHB, sameChannels 1
ip-10-187-1-30:56:56 [0] NCCL INFO  0 : NET/0-0 GPU/0-1e0 NET/0-0
ip-10-187-1-30:56:56 [0] NCCL INFO Pattern 3, crossNic 0, nChannels 1, bw 2.400000/1.200000, type LOC/PHB, sameChannels 1
ip-10-187-1-30:56:56 [0] NCCL INFO  0 : NET/0-0 GPU/0-1e0 NET/0-0
ip-10-187-1-30:56:56 [0] NCCL INFO Could not get speed from /sys/class/net/ens5/speed. Defaulting to 10 Gbps.
ip-10-187-1-30:56:56 [0] NCCL INFO comm 0x5a1691b11fc0 rank 1 nRanks 2 nNodes 2 localRanks 1 localRank 0 MNNVL 0
ip-10-187-1-30:56:56 [0] NCCL INFO Tree 0 : 0 -> 1 -> -1/-1/-1
ip-10-187-1-30:56:56 [0] NCCL INFO Tree 1 : -1 -> 1 -> 0/-1/-1
ip-10-187-1-30:56:56 [0] NCCL INFO Ring 00 : 0 -> 1 -> 0
ip-10-187-1-30:56:56 [0] NCCL INFO Ring 01 : 0 -> 1 -> 0
ip-10-187-1-30:56:56 [0] NCCL INFO Trees [0] -1/-1/-1->1->0 [1] 0/-1/-1->1->-1
ip-10-187-1-30:56:56 [0] NCCL INFO P2P Chunksize set to 131072
ip-10-187-1-30:56:56 [0] NCCL INFO Check P2P Type isAllDirectP2p 1 directMode 0 isAllCudaP2p 1
ip-10-187-1-30:56:202 [0] NCCL INFO [Proxy Service] Device 0 CPU core 0
ip-10-187-1-30:56:56 [0] NCCL INFO ncclP2pSchedule: group size used is 1
ip-10-187-1-30:56:203 [0] NCCL INFO [Proxy Service UDS] Device 0 CPU core 0
ip-10-187-1-30:56:56 [0] NCCL INFO threadThresholds 8/8/64 | 16/8/64 | 512 | 512
ip-10-187-1-30:56:56 [0] NCCL INFO 2 coll channels, 2 collnet channels, 0 nvls channels, 2 p2p channels, 1 p2p channels per peer
ip-10-187-1-30:56:56 [0] NCCL INFO Symmetric VA size=24GB
ip-10-187-1-30:56:56 [0] NCCL INFO Symmetric memory is not supported. cuMemEnable 1, globalGinSupport 0, globalNicFused 0 cuMemGdrSupport 1
ip-10-187-1-30:56:56 [0] NCCL INFO ncclCommInitRankConfig comm 0x5a1691b11fc0 rank 1 nranks 2 cudaDev 0 nvmlDev 0 busId 1e0 commId 0x1ffcf0cd6b9cfc3d - Init COMPLETE
ip-10-187-1-30:56:56 [0] NCCL INFO Init timings - ncclCommInitRankConfig: rank 1 nranks 2 total 1.36 (kernels 0.00, alloc 0.00, bootstrap 0.96, allgathers 0.38, topo 0.00, graphs 0.00, connections 0.00, rest 0.00)
ip-10-187-1-30:56:202 [0] NCCL INFO New proxy recv connection 0 from local rank 0, transport 2
ip-10-187-1-30:56:204 [0] NCCL INFO [Proxy Progress] Device 0 CPU core 3
ip-10-187-1-30:56:56 [0] NCCL INFO Connected to proxy localRank 0 -> connection 0x7f781001aaa0
ip-10-187-1-30:56:202 [0] NCCL INFO Could not get speed from /sys/class/net/ens5/speed. Defaulting to 10 Gbps.
ip-10-187-1-30:56:202 [0] NCCL INFO NET/Socket: Using 2 threads and 8 sockets per thread
ip-10-187-1-30:56:56 [0] NCCL INFO Channel 01/1 : 0[0] -> 1[0] [receive] via NET/Socket/0/Shared
ip-10-187-1-30:56:202 [0] NCCL INFO New proxy send connection 1 from local rank 0, transport 2
ip-10-187-1-30:56:56 [0] NCCL INFO Connected to proxy localRank 0 -> connection 0x7f781001ab28
ip-10-187-1-30:56:202 [0] NCCL INFO Could not get speed from /sys/class/net/ens5/speed. Defaulting to 10 Gbps.
ip-10-187-1-30:56:56 [0] NCCL INFO Channel 01/1 : 1[0] -> 0[0] [send] via NET/Socket/0/Shared
{"event": "outer_step_completed", "rank": 14, "completed_outer_steps": 50, "timestamp": "2026-09-14T14:59:24.064032+00:00"}
{"event": "outer_step_completed", "rank": 14, "completed_outer_steps": 75, "timestamp": "2026-09-14T15:03:15.949810+00:00"}
{"event": "outer_step_completed", "rank": 14, "completed_outer_steps": 100, "timestamp": "2026-09-14T15:06:35.807437+00:00"}
{"event": "outer_step_completed", "rank": 14, "completed_outer_steps": 125, "timestamp": "2026-09-14T15:09:32.870277+00:00"}
{"event": "outer_step_completed", "rank": 14, "completed_outer_steps": 150, "timestamp": "2026-09-14T15:12:29.741235+00:00"}
{"event": "outer_step_completed", "rank": 14, "completed_outer_steps": 175, "timestamp": "2026-09-14T15:15:31.430384+00:00"}
{"event": "outer_step_completed", "rank": 14, "completed_outer_steps": 200, "timestamp": "2026-09-14T15:18:39.501587+00:00"}
{"event": "outer_step_completed", "rank": 14, "completed_outer_steps": 225, "timestamp": "2026-09-14T15:21:49.988404+00:00"}
{"event": "outer_step_completed", "rank": 14, "completed_outer_steps": 250, "timestamp": "2026-09-14T15:24:49.903469+00:00"}
{"event": "outer_step_completed", "rank": 14, "completed_outer_steps": 275, "timestamp": "2026-09-14T15:27:47.237591+00:00"}
{"event": "outer_step_completed", "rank": 14, "completed_outer_steps": 300, "timestamp": "2026-09-14T15:30:37.665789+00:00"}
{"event": "outer_step_completed", "rank": 14, "completed_outer_steps": 325, "timestamp": "2026-09-14T15:33:32.120897+00:00"}
{"event": "outer_step_completed", "rank": 14, "completed_outer_steps": 350, "timestamp": "2026-09-14T15:36:34.148065+00:00"}
{"event": "outer_step_completed", "rank": 14, "completed_outer_steps": 375, "timestamp": "2026-09-14T15:39:38.287591+00:00"}
{"event": "outer_step_completed", "rank": 14, "completed_outer_steps": 400, "timestamp": "2026-09-14T15:42:39.737035+00:00"}
{"event": "outer_step_completed", "rank": 14, "completed_outer_steps": 425, "timestamp": "2026-09-14T15:45:43.054605+00:00"}
{"event": "outer_step_completed", "rank": 14, "completed_outer_steps": 450, "timestamp": "2026-09-14T15:48:28.587741+00:00"}
{"event": "outer_step_completed", "rank": 14, "completed_outer_steps": 475, "timestamp": "2026-09-14T15:51:25.974772+00:00"}
{"event": "outer_step_completed", "rank": 14, "completed_outer_steps": 500, "timestamp": "2026-09-14T15:54:18.221433+00:00"}
ip-10-187-1-30:56:56 [0] NCCL INFO comm 0x5a168a0b6f70 rank 1 nranks 2 cudaDev 0 busId 1e0 - Destroy COMPLETE
ip-10-187-1-30:56:56 [0] NCCL INFO comm 0x5a168e22e8d0 rank 14 nranks 16 cudaDev 0 busId 1e0 - Destroy COMPLETE
ip-10-187-1-30:56:56 [0] NCCL INFO comm 0x5a1697a98a00 rank 1 nranks 2 cudaDev 0 busId 1e0 - Destroy COMPLETE
ip-10-187-1-30:56:56 [0] NCCL INFO comm 0x5a169d457a90 rank 0 nranks 2 cudaDev 0 busId 1e0 - Destroy COMPLETE
ip-10-187-1-30:56:56 [0] NCCL INFO comm 0x5a168e5bbd80 rank 1 nranks 2 cudaDev 0 busId 1e0 - Destroy COMPLETE
ip-10-187-1-30:56:56 [0] NCCL INFO comm 0x5a1691b11fc0 rank 1 nranks 2 cudaDev 0 busId 1e0 - Destroy COMPLETE
ip-10-187-1-30:56:56 [0] NCCL INFO comm 0x5a1697eb19e0 rank 1 nranks 2 cudaDev 0 busId 1e0 - Destroy COMPLETE
ip-10-187-1-30:56:56 [0] NCCL INFO comm 0x5a168ed8f770 rank 1 nranks 2 cudaDev 0 busId 1e0 - Destroy COMPLETE
ip-10-187-1-30:56:56 [0] NCCL INFO comm 0x5a169d655d10 rank 1 nranks 2 cudaDev 0 busId 1e0 - Destroy COMPLETE
ip-10-187-1-30:56:56 [0] NCCL INFO comm 0x5a168e8cda40 rank 1 nranks 2 cudaDev 0 busId 1e0 - Destroy COMPLETE
ip-10-187-1-30:56:56 [0] NCCL INFO comm 0x5a168e6e0b70 rank 1 nranks 2 cudaDev 0 busId 1e0 - Destroy COMPLETE
ip-10-187-1-30:56:56 [0] NCCL INFO comm 0x5a168eb52b90 rank 1 nranks 2 cudaDev 0 busId 1e0 - Destroy COMPLETE
ip-10-187-1-30:56:56 [0] NCCL INFO comm 0x5a16918dffd0 rank 1 nranks 2 cudaDev 0 busId 1e0 - Destroy COMPLETE
ip-10-187-1-30:56:56 [0] NCCL INFO comm 0x5a1697bbd7f0 rank 1 nranks 2 cudaDev 0 busId 1e0 - Destroy COMPLETE
ip-10-187-1-30:56:56 [0] NCCL INFO comm 0x5a1697ce25e0 rank 1 nranks 2 cudaDev 0 busId 1e0 - Destroy COMPLETE
ip-10-187-1-30:56:56 [0] NCCL INFO comm 0x5a1698149c00 rank 1 nranks 2 cudaDev 0 busId 1e0 - Destroy COMPLETE
ip-10-187-1-30:56:56 [0] NCCL INFO ENV/Plugin: Closing env plugin ncclEnvDefault
